ISO-10303-21;
HEADER;
FILE_DESCRIPTION (( 'STEP AP214' ),
    '1' );
FILE_NAME ('Zoom F6 NP-F Replacement.STEP',
    '2026-06-29T17:44:55',
    ( '' ),
    ( '' ),
    '',
    '',
    '' );
FILE_SCHEMA (( 'AUTOMOTIVE_DESIGN' ));
ENDSEC;

DATA;
#1 = DIRECTION ( 'NONE',  ( -0.000000000000000000, 1.000000000000000000, -0.000000000000000000 ) ) ;
#2 = VERTEX_POINT ( 'NONE', #2504 ) ;
#3 = LINE ( 'NONE', #752, #4063 ) ;
#4 = ORIENTED_EDGE ( 'NONE', *, *, #8122, .T. ) ;
#5 = EDGE_LOOP ( 'NONE', ( #9640, #3021, #480, #6531 ) ) ;
#6 = ORIENTED_EDGE ( 'NONE', *, *, #8885, .F. ) ;
#7 = DIRECTION ( 'NONE',  ( 1.000000000000000000, 0.000000000000000000, 0.000000000000000000 ) ) ;
#8 = AXIS2_PLACEMENT_3D ( 'NONE', #6276, #9687, #10288 ) ;
#9 = FACE_OUTER_BOUND ( 'NONE', #9538, .T. ) ;
#10 = CYLINDRICAL_SURFACE ( 'NONE', #5480, 1.000000000000000888 ) ;
#11 = EDGE_CURVE ( 'NONE', #258, #4291, #5753, .T. ) ;
#12 = DIRECTION ( 'NONE',  ( -0.000000000000000000, -0.000000000000000000, -1.000000000000000000 ) ) ;
#13 = LINE ( 'NONE', #1875, #1242 ) ;
#14 = ORIENTED_EDGE ( 'NONE', *, *, #8925, .F. ) ;
#15 = VERTEX_POINT ( 'NONE', #148 ) ;
#16 = DIRECTION ( 'NONE',  ( -0.000000000000000000, -0.000000000000000000, 1.000000000000000000 ) ) ;
#17 = VECTOR ( 'NONE', #3669, 1000.000000000000000 ) ;
#18 = ORIENTED_EDGE ( 'NONE', *, *, #8013, .F. ) ;
#19 = ORIENTED_EDGE ( 'NONE', *, *, #5056, .F. ) ;
#20 = AXIS2_PLACEMENT_3D ( 'NONE', #7265, #3111, #2249 ) ;
#21 = FACE_OUTER_BOUND ( 'NONE', #2604, .T. ) ;
#22 = VECTOR ( 'NONE', #2863, 1000.000000000000000 ) ;
#23 = EDGE_CURVE ( 'NONE', #9781, #7954, #3415, .T. ) ;
#24 = DIRECTION ( 'NONE',  ( 0.000000000000000000, 0.000000000000000000, 1.000000000000000000 ) ) ;
#25 = LINE ( 'NONE', #1790, #167 ) ;
#26 = LINE ( 'NONE', #940, #8280 ) ;
#27 = ORIENTED_EDGE ( 'NONE', *, *, #736, .T. ) ;
#28 = DIRECTION ( 'NONE',  ( 0.000000000000000000, 1.836970198721029688E-16, -1.000000000000000000 ) ) ;
#29 = ORIENTED_EDGE ( 'NONE', *, *, #9846, .T. ) ;
#30 = VECTOR ( 'NONE', #7585, 1000.000000000000000 ) ;
#31 = CARTESIAN_POINT ( 'NONE',  ( 35.75000000000000000, 9.100000000000006750, -14.24999999999999645 ) ) ;
#32 = ORIENTED_EDGE ( 'NONE', *, *, #9400, .T. ) ;
#33 = EDGE_CURVE ( 'NONE', #9087, #4985, #2210, .T. ) ;
#34 = VECTOR ( 'NONE', #5647, 1000.000000000000000 ) ;
#35 = CARTESIAN_POINT ( 'NONE',  ( -17.50000000000000000, -1.800000000000000044, -21.94999999999999574 ) ) ;
#36 = ORIENTED_EDGE ( 'NONE', *, *, #5229, .T. ) ;
#37 = EDGE_CURVE ( 'NONE', #1175, #982, #4662, .T. ) ;
#38 = DIRECTION ( 'NONE',  ( -0.000000000000000000, 1.000000000000000000, -0.000000000000000000 ) ) ;
#39 = DIRECTION ( 'NONE',  ( 0.000000000000000000, 0.000000000000000000, 1.000000000000000000 ) ) ;
#40 = DIRECTION ( 'NONE',  ( 0.000000000000000000, 0.000000000000000000, -1.000000000000000000 ) ) ;
#41 = LINE ( 'NONE', #9054, #8448 ) ;
#42 = CARTESIAN_POINT ( 'NONE',  ( 21.85000000000000142, 7.000000000000004441, 23.15100000000000691 ) ) ;
#43 = ORIENTED_EDGE ( 'NONE', *, *, #986, .T. ) ;
#44 = CARTESIAN_POINT ( 'NONE',  ( 35.75000000000000000, 9.100000000000004974, -3.460769515458665513 ) ) ;
#45 = AXIS2_PLACEMENT_3D ( 'NONE', #7012, #8619, #3126 ) ;
#46 = VERTEX_POINT ( 'NONE', #3660 ) ;
#47 = FACE_OUTER_BOUND ( 'NONE', #2793, .T. ) ;
#48 = VERTEX_POINT ( 'NONE', #610 ) ;
#49 = VECTOR ( 'NONE', #6028, 1000.000000000000000 ) ;
#50 = EDGE_CURVE ( 'NONE', #7509, #1384, #503, .T. ) ;
#51 = LINE ( 'NONE', #3319, #1267 ) ;
#52 = ADVANCED_FACE ( 'NONE', ( #8715 ), #396, .F. ) ;
#53 = VECTOR ( 'NONE', #4638, 1000.000000000000000 ) ;
#54 = DIRECTION ( 'NONE',  ( 0.000000000000000000, 1.000000000000000000, 0.000000000000000000 ) ) ;
#55 = CIRCLE ( 'NONE', #10448, 0.9999999999999991118 ) ;
#56 = DIRECTION ( 'NONE',  ( 0.000000000000000000, 0.000000000000000000, 1.000000000000000000 ) ) ;
#57 = CARTESIAN_POINT ( 'NONE',  ( -26.25000000000001066, -1.800000000000000044, -10.49999999999999112 ) ) ;
#58 = LINE ( 'NONE', #5932, #10312 ) ;
#59 = ORIENTED_EDGE ( 'NONE', *, *, #287, .F. ) ;
#60 = DIRECTION ( 'NONE',  ( 0.000000000000000000, -0.7071067811865475727, 0.7071067811865475727 ) ) ;
#61 = EDGE_LOOP ( 'NONE', ( #3296, #6368 ) ) ;
#62 = VERTEX_POINT ( 'NONE', #1351 ) ;
#63 = ADVANCED_FACE ( 'NONE', ( #7920 ), #6210, .F. ) ;
#64 = ADVANCED_FACE ( 'NONE', ( #1303 ), #2057, .T. ) ;
#65 = ORIENTED_EDGE ( 'NONE', *, *, #7150, .F. ) ;
#66 = CARTESIAN_POINT ( 'NONE',  ( 0.5500000000000001554, 5.049999999999998046, -5.049999999999995381 ) ) ;
#67 = EDGE_CURVE ( 'NONE', #4457, #7916, #2261, .T. ) ;
#68 = CARTESIAN_POINT ( 'NONE',  ( 14.15000000000000213, -0.2500000000000000000, -20.74999999999999645 ) ) ;
#69 = DIRECTION ( 'NONE',  ( -0.000000000000000000, -1.000000000000000000, -0.000000000000000000 ) ) ;
#70 = CARTESIAN_POINT ( 'NONE',  ( 27.64999999999999858, -3.399999999999999911, -20.24999999999999645 ) ) ;
#71 = CARTESIAN_POINT ( 'NONE',  ( -30.94999999999999929, 5.000000000000000888, 17.44999999999999929 ) ) ;
#72 = VECTOR ( 'NONE', #7032, 1000.000000000000000 ) ;
#73 = VERTEX_POINT ( 'NONE', #8560 ) ;
#74 = EDGE_LOOP ( 'NONE', ( #4933, #6997, #1725, #4240, #6810, #10233, #2795 ) ) ;
#75 = CARTESIAN_POINT ( 'NONE',  ( -30.35000000000000853, 1.100000000000003642, -1.049999999999998490 ) ) ;
#76 = VECTOR ( 'NONE', #8576, 1000.000000000000000 ) ;
#77 = ORIENTED_EDGE ( 'NONE', *, *, #7761, .T. ) ;
#78 = EDGE_CURVE ( 'NONE', #2379, #1600, #2970, .T. ) ;
#79 = ORIENTED_EDGE ( 'NONE', *, *, #8299, .T. ) ;
#80 = ADVANCED_FACE ( 'NONE', ( #3075 ), #9468, .F. ) ;
#81 = AXIS2_PLACEMENT_3D ( 'NONE', #4720, #5576, #6316 ) ;
#82 = DIRECTION ( 'NONE',  ( 0.000000000000000000, 0.000000000000000000, -1.000000000000000000 ) ) ;
#83 = DIRECTION ( 'NONE',  ( -0.000000000000000000, 1.000000000000000000, -0.000000000000000000 ) ) ;
#84 = VECTOR ( 'NONE', #2468, 1000.000000000000000 ) ;
#85 = DIRECTION ( 'NONE',  ( 1.000000000000000000, 0.000000000000000000, 0.000000000000000000 ) ) ;
#86 = CARTESIAN_POINT ( 'NONE',  ( -39.25000000000000000, 1.600000000000000089, -20.74999999999999645 ) ) ;
#87 = EDGE_LOOP ( 'NONE', ( #6584, #5971, #1849, #9827, #7537, #3589 ) ) ;
#88 = CARTESIAN_POINT ( 'NONE',  ( -11.75000000000000000, -9.002000000000000668, -10.34999999999999076 ) ) ;
#89 = AXIS2_PLACEMENT_3D ( 'NONE', #9657, #4108, #2354 ) ;
#90 = ORIENTED_EDGE ( 'NONE', *, *, #1474, .F. ) ;
#91 = CARTESIAN_POINT ( 'NONE',  ( 37.65000000000001279, 7.500000000000004441, -0.3499999999999987566 ) ) ;
#92 = ORIENTED_EDGE ( 'NONE', *, *, #11, .T. ) ;
#93 = EDGE_CURVE ( 'NONE', #5969, #8288, #1871, .T. ) ;
#94 = VECTOR ( 'NONE', #10290, 1000.000000000000000 ) ;
#95 = AXIS2_PLACEMENT_3D ( 'NONE', #9005, #8263, #7304 ) ;
#96 = CARTESIAN_POINT ( 'NONE',  ( -7.449999999999998401, -0.9000000000000066835, -6.049999999999992717 ) ) ;
#97 = ORIENTED_EDGE ( 'NONE', *, *, #7503, .T. ) ;
#98 = FACE_OUTER_BOUND ( 'NONE', #10392, .T. ) ;
#99 = CARTESIAN_POINT ( 'NONE',  ( 27.45000000000000639, 7.400000000000004796, 23.15100000000000691 ) ) ;
#100 = DIRECTION ( 'NONE',  ( 0.000000000000000000, 0.000000000000000000, 1.000000000000000000 ) ) ;
#101 = CARTESIAN_POINT ( 'NONE',  ( -37.05000000000000426, -9.000000000000001776, 6.049999999999999822 ) ) ;
#102 = LINE ( 'NONE', #3367, #4001 ) ;
#103 = ORIENTED_EDGE ( 'NONE', *, *, #8623, .F. ) ;
#104 = DIRECTION ( 'NONE',  ( -0.000000000000000000, -1.000000000000000000, 0.000000000000000000 ) ) ;
#105 = ORIENTED_EDGE ( 'NONE', *, *, #37, .T. ) ;
#106 = DIRECTION ( 'NONE',  ( 0.000000000000000000, 0.000000000000000000, -1.000000000000000000 ) ) ;
#107 = ORIENTED_EDGE ( 'NONE', *, *, #709, .F. ) ;
#108 = ADVANCED_FACE ( 'NONE', ( #6909 ), #2914, .T. ) ;
#109 = CARTESIAN_POINT ( 'NONE',  ( -38.85000000000000142, -0.3999999999999975797, -20.74999999999999645 ) ) ;
#110 = CARTESIAN_POINT ( 'NONE',  ( -10.09999999999999787, -1.799999999999982059, -5.049999999999993605 ) ) ;
#111 = DIRECTION ( 'NONE',  ( -1.000000000000000000, 0.000000000000000000, -0.000000000000000000 ) ) ;
#112 = CARTESIAN_POINT ( 'NONE',  ( 15.00000000000000355, -0.2500000000000000000, -16.64999999999999858 ) ) ;
#113 = EDGE_CURVE ( 'NONE', #2046, #549, #8767, .T. ) ;
#114 = DIRECTION ( 'NONE',  ( 1.000000000000000000, 0.000000000000000000, 0.000000000000000000 ) ) ;
#115 = ORIENTED_EDGE ( 'NONE', *, *, #1118, .F. ) ;
#116 = CARTESIAN_POINT ( 'NONE',  ( -39.25000000000000000, 1.600000000000000089, -20.74999999999999645 ) ) ;
#117 = VERTEX_POINT ( 'NONE', #8615 ) ;
#118 = EDGE_LOOP ( 'NONE', ( #8170, #7145, #4389, #5920 ) ) ;
#119 = ORIENTED_EDGE ( 'NONE', *, *, #5484, .T. ) ;
#120 = CARTESIAN_POINT ( 'NONE',  ( 16.35185058345957998, -0.9000000000000040190, -16.64999999999999858 ) ) ;
#121 = AXIS2_PLACEMENT_3D ( 'NONE', #2478, #6308, #7972 ) ;
#122 = CARTESIAN_POINT ( 'NONE',  ( 37.15000000000001279, 58.13995493237317191, -18.80000000000000071 ) ) ;
#123 = DIRECTION ( 'NONE',  ( 1.000000000000000000, 0.000000000000000000, 0.000000000000000000 ) ) ;
#124 = DIRECTION ( 'NONE',  ( 0.000000000000000000, 0.000000000000000000, 1.000000000000000000 ) ) ;
#125 = ORIENTED_EDGE ( 'NONE', *, *, #5033, .T. ) ;
#126 = ORIENTED_EDGE ( 'NONE', *, *, #4383, .F. ) ;
#127 = CARTESIAN_POINT ( 'NONE',  ( -0.5000000000000004441, -1.800000000000000044, -20.74999999999999645 ) ) ;
#128 = EDGE_CURVE ( 'NONE', #9663, #1544, #10162, .T. ) ;
#129 = ORIENTED_EDGE ( 'NONE', *, *, #1050, .T. ) ;
#130 = VERTEX_POINT ( 'NONE', #7715 ) ;
#131 = DIRECTION ( 'NONE',  ( -0.7071067811865512365, 0.7071067811865439090, -0.000000000000000000 ) ) ;
#132 = AXIS2_PLACEMENT_3D ( 'NONE', #1387, #6944, #6892 ) ;
#133 = CARTESIAN_POINT ( 'NONE',  ( -20.84999999999999787, 7.500000000000000000, 23.75000000000000355 ) ) ;
#134 = CARTESIAN_POINT ( 'NONE',  ( 27.64999999999999858, 0.000000000000000000, -16.44999999999999574 ) ) ;
#135 = DIRECTION ( 'NONE',  ( -0.000000000000000000, 0.000000000000000000, 1.000000000000000000 ) ) ;
#136 = EDGE_CURVE ( 'NONE', #5467, #10245, #552, .T. ) ;
#137 = LINE ( 'NONE', #6482, #2318 ) ;
#138 = EDGE_CURVE ( 'NONE', #8493, #473, #3818, .T. ) ;
#139 = ORIENTED_EDGE ( 'NONE', *, *, #224, .F. ) ;
#140 = CARTESIAN_POINT ( 'NONE',  ( -26.85000000000000497, -4.999999999999999112, 23.15000000000000568 ) ) ;
#141 = EDGE_CURVE ( 'NONE', #235, #6806, #6259, .T. ) ;
#142 = VERTEX_POINT ( 'NONE', #8816 ) ;
#143 = DIRECTION ( 'NONE',  ( 0.000000000000000000, 0.000000000000000000, -1.000000000000000000 ) ) ;
#144 = ADVANCED_FACE ( 'NONE', ( #5620 ), #8177, .F. ) ;
#145 = ORIENTED_EDGE ( 'NONE', *, *, #7469, .F. ) ;
#146 = AXIS2_PLACEMENT_3D ( 'NONE', #2254, #6151, #4554 ) ;
#147 = CARTESIAN_POINT ( 'NONE',  ( 35.75000000000000000, 7.500000000000003553, 3.460769515458663736 ) ) ;
#148 = CARTESIAN_POINT ( 'NONE',  ( 32.95000000000000995, 1.600000000000000089, -14.24999999999999822 ) ) ;
#149 = CARTESIAN_POINT ( 'NONE',  ( 17.50000000000000000, -1.800000000000000044, -21.94999999999999574 ) ) ;
#150 = CARTESIAN_POINT ( 'NONE',  ( 15.85000000000000320, -0.2499999999999998890, -0.1499999999999973577 ) ) ;
#151 = AXIS2_PLACEMENT_3D ( 'NONE', #8910, #4969, #9828 ) ;
#152 = FACE_OUTER_BOUND ( 'NONE', #7434, .T. ) ;
#153 = DIRECTION ( 'NONE',  ( 1.000000000000000000, -0.000000000000000000, -0.000000000000000000 ) ) ;
#154 = CARTESIAN_POINT ( 'NONE',  ( 15.00000000000000355, -0.2500000000000000000, -20.74999999999999645 ) ) ;
#155 = EDGE_CURVE ( 'NONE', #7711, #9323, #8211, .T. ) ;
#156 = VERTEX_POINT ( 'NONE', #760 ) ;
#157 = CARTESIAN_POINT ( 'NONE',  ( -27.64999999999999858, -1.800000000000000044, -19.14999999999999858 ) ) ;
#158 = ORIENTED_EDGE ( 'NONE', *, *, #9860, .F. ) ;
#159 = DIRECTION ( 'NONE',  ( 1.000000000000000000, 0.000000000000000000, 0.000000000000000000 ) ) ;
#160 = ORIENTED_EDGE ( 'NONE', *, *, #725, .T. ) ;
#161 = VECTOR ( 'NONE', #4710, 1000.000000000000000 ) ;
#162 = CARTESIAN_POINT ( 'NONE',  ( -30.95000000000000995, -0.3999999999999999667, -2.249999999999999112 ) ) ;
#163 = LINE ( 'NONE', #316, #2998 ) ;
#164 = DIRECTION ( 'NONE',  ( 1.000000000000000000, 0.000000000000000000, 0.000000000000000000 ) ) ;
#165 = LINE ( 'NONE', #8217, #6853 ) ;
#166 = EDGE_CURVE ( 'NONE', #9023, #6145, #6581, .T. ) ;
#167 = VECTOR ( 'NONE', #7449, 1000.000000000000000 ) ;
#168 = CARTESIAN_POINT ( 'NONE',  ( 32.95000000000001705, 58.13995493237317191, -19.80000000000000071 ) ) ;
#169 = ORIENTED_EDGE ( 'NONE', *, *, #5485, .T. ) ;
#170 = LINE ( 'NONE', #1822, #4578 ) ;
#171 = ORIENTED_EDGE ( 'NONE', *, *, #7619, .T. ) ;
#172 = EDGE_LOOP ( 'NONE', ( #5611, #7963, #3311, #672 ) ) ;
#173 = VERTEX_POINT ( 'NONE', #8864 ) ;
#174 = DIRECTION ( 'NONE',  ( -1.000000000000000000, 3.175912736999268382E-32, -1.802310104910968394E-16 ) ) ;
#175 = EDGE_CURVE ( 'NONE', #1530, #6206, #7970, .T. ) ;
#176 = CARTESIAN_POINT ( 'NONE',  ( 15.00000000000000355, -0.2500000000000000000, -20.74999999999999645 ) ) ;
#177 = CARTESIAN_POINT ( 'NONE',  ( 28.64999999999999858, -1.800000000000000044, 23.75100000000000833 ) ) ;
#178 = ADVANCED_FACE ( 'NONE', ( #9 ), #3335, .F. ) ;
#179 = FACE_OUTER_BOUND ( 'NONE', #2601, .T. ) ;
#180 = ORIENTED_EDGE ( 'NONE', *, *, #2918, .T. ) ;
#181 = ORIENTED_EDGE ( 'NONE', *, *, #3871, .F. ) ;
#182 = EDGE_LOOP ( 'NONE', ( #9711, #8961, #4018, #5664, #8786, #8708, #5058, #1999 ) ) ;
#183 = ORIENTED_EDGE ( 'NONE', *, *, #10246, .F. ) ;
#184 = DIRECTION ( 'NONE',  ( -1.000000000000000000, 0.000000000000000000, 0.000000000000000000 ) ) ;
#185 = EDGE_CURVE ( 'NONE', #6773, #7864, #2477, .T. ) ;
#186 = DIRECTION ( 'NONE',  ( -0.000000000000000000, -0.000000000000000000, 1.000000000000000000 ) ) ;
#187 = CARTESIAN_POINT ( 'NONE',  ( -29.55000000000000782, -9.000000000000001776, -3.750000000000000444 ) ) ;
#188 = AXIS2_PLACEMENT_3D ( 'NONE', #8356, #3406, #1736 ) ;
#189 = LINE ( 'NONE', #5050, #3686 ) ;
#190 = ORIENTED_EDGE ( 'NONE', *, *, #7655, .F. ) ;
#191 = CARTESIAN_POINT ( 'NONE',  ( 37.65000000000000568, 9.902000000000001023, 11.95000000000000462 ) ) ;
#192 =( LENGTH_UNIT ( ) NAMED_UNIT ( * ) SI_UNIT ( .MILLI., .METRE. ) );
#193 = ORIENTED_EDGE ( 'NONE', *, *, #2821, .F. ) ;
#194 = ORIENTED_EDGE ( 'NONE', *, *, #1197, .T. ) ;
#195 = EDGE_CURVE ( 'NONE', #5910, #900, #1503, .T. ) ;
#196 = CARTESIAN_POINT ( 'NONE',  ( -37.05000000000000426, 9.899999999999998579, -6.049999999999999822 ) ) ;
#197 = ORIENTED_EDGE ( 'NONE', *, *, #10236, .T. ) ;
#198 = CARTESIAN_POINT ( 'NONE',  ( -38.85000000000000142, 1.600000000000000089, -20.74999999999999645 ) ) ;
#199 = DIRECTION ( 'NONE',  ( -4.565061778886303475E-16, -1.762134456409849633E-16, 1.000000000000000000 ) ) ;
#200 = LINE ( 'NONE', #2611, #7743 ) ;
#201 = CARTESIAN_POINT ( 'NONE',  ( -31.55000000000000782, -9.000000000000001776, 5.450000000000000178 ) ) ;
#202 = DIRECTION ( 'NONE',  ( -0.000000000000000000, -0.000000000000000000, -1.000000000000000000 ) ) ;
#203 = AXIS2_PLACEMENT_3D ( 'NONE', #6897, #5349, #1340 ) ;
#204 = ORIENTED_EDGE ( 'NONE', *, *, #78, .F. ) ;
#205 = FACE_OUTER_BOUND ( 'NONE', #6575, .T. ) ;
#206 = ORIENTED_EDGE ( 'NONE', *, *, #6478, .F. ) ;
#207 = LINE ( 'NONE', #3474, #9470 ) ;
#208 = ORIENTED_EDGE ( 'NONE', *, *, #2129, .F. ) ;
#209 = ADVANCED_FACE ( 'NONE', ( #1453 ), #7274, .T. ) ;
#210 = CARTESIAN_POINT ( 'NONE',  ( -37.35000000000000142, -0.3999999999999975797, 23.75000000000000000 ) ) ;
#211 = DIRECTION ( 'NONE',  ( -0.4999999999999978906, 0.000000000000000000, 0.8660254037844399289 ) ) ;
#212 = CARTESIAN_POINT ( 'NONE',  ( 18.52464278959538291, 0.000000000000000000, 0.000000000000000000 ) ) ;
#213 = CIRCLE ( 'NONE', #5335, 2.500000000000002220 ) ;
#214 = CARTESIAN_POINT ( 'NONE',  ( -30.95000000000000995, 9.899999999999998579, 4.350000000000000533 ) ) ;
#215 = VECTOR ( 'NONE', #10206, 1000.000000000000000 ) ;
#216 = CARTESIAN_POINT ( 'NONE',  ( -33.25000000000000000, -0.3999999999999993006, -6.049999999999999822 ) ) ;
#217 = ORIENTED_EDGE ( 'NONE', *, *, #9643, .F. ) ;
#218 = CARTESIAN_POINT ( 'NONE',  ( -10.09999999999999787, 0.5000000000000000000, -7.699999999999992184 ) ) ;
#219 = VERTEX_POINT ( 'NONE', #3179 ) ;
#220 = ORIENTED_EDGE ( 'NONE', *, *, #8725, .F. ) ;
#221 = VECTOR ( 'NONE', #5333, 1000.000000000000000 ) ;
#222 = AXIS2_PLACEMENT_3D ( 'NONE', #1148, #4404, #7557 ) ;
#223 = ORIENTED_EDGE ( 'NONE', *, *, #10499, .F. ) ;
#224 = EDGE_CURVE ( 'NONE', #10438, #8267, #5732, .T. ) ;
#225 = AXIS2_PLACEMENT_3D ( 'NONE', #8535, #2999, #1375 ) ;
#226 = CARTESIAN_POINT ( 'NONE',  ( -19.64999999999999858, 1.600000000000000089, -16.84999999999999787 ) ) ;
#227 = CARTESIAN_POINT ( 'NONE',  ( 20.64999999999999858, -1.800000000000000044, -20.74999999999999645 ) ) ;
#228 = VERTEX_POINT ( 'NONE', #68 ) ;
#229 = CARTESIAN_POINT ( 'NONE',  ( -33.85000000000000853, 9.899999999999998579, -8.448227494413583116 ) ) ;
#230 = CARTESIAN_POINT ( 'NONE',  ( -26.64999999999999503, -1.899999999999992362, -19.24999999999999645 ) ) ;
#231 = VERTEX_POINT ( 'NONE', #9718 ) ;
#232 = VERTEX_POINT ( 'NONE', #8976 ) ;
#233 = VECTOR ( 'NONE', #4298, 1000.000000000000000 ) ;
#234 = CARTESIAN_POINT ( 'NONE',  ( 28.64999999999999858, -1.800000000000000044, -20.74999999999999645 ) ) ;
#235 = VERTEX_POINT ( 'NONE', #2530 ) ;
#236 = VERTEX_POINT ( 'NONE', #5781 ) ;
#237 = ADVANCED_FACE ( 'NONE', ( #10526 ), #7163, .F. ) ;
#238 = LINE ( 'NONE', #339, #4743 ) ;
#239 = VECTOR ( 'NONE', #9053, 1000.000000000000000 ) ;
#240 = AXIS2_PLACEMENT_3D ( 'NONE', #5588, #8838, #6388 ) ;
#241 = LINE ( 'NONE', #6754, #8412 ) ;
#242 = CARTESIAN_POINT ( 'NONE',  ( 22.04999999999999716, -4.999999999999992006, 23.15100000000000691 ) ) ;
#243 = CARTESIAN_POINT ( 'NONE',  ( -12.75000000000000178, -9.002000000000000668, -5.049999999999991829 ) ) ;
#244 = ORIENTED_EDGE ( 'NONE', *, *, #5411, .F. ) ;
#245 = DIRECTION ( 'NONE',  ( 0.000000000000000000, 0.000000000000000000, 1.000000000000000000 ) ) ;
#246 = ORIENTED_EDGE ( 'NONE', *, *, #4631, .F. ) ;
#247 = AXIS2_PLACEMENT_3D ( 'NONE', #8482, #7635, #5390 ) ;
#248 = VERTEX_POINT ( 'NONE', #3121 ) ;
#249 = CIRCLE ( 'NONE', #6894, 0.5999999999999998668 ) ;
#250 = LINE ( 'NONE', #7510, #10298 ) ;
#251 = LINE ( 'NONE', #3523, #10006 ) ;
#252 = LINE ( 'NONE', #3524, #2445 ) ;
#253 = DIRECTION ( 'NONE',  ( -0.000000000000000000, -0.7071067811865474617, -0.7071067811865474617 ) ) ;
#254 = CIRCLE ( 'NONE', #7073, 0.5999999999999998668 ) ;
#255 = AXIS2_PLACEMENT_3D ( 'NONE', #3619, #2066, #4521 ) ;
#256 = LINE ( 'NONE', #8419, #6915 ) ;
#257 = LINE ( 'NONE', #2723, #10432 ) ;
#258 = VERTEX_POINT ( 'NONE', #6360 ) ;
#259 = CARTESIAN_POINT ( 'NONE',  ( -37.35000000000000142, 3.700000000000001954, -19.25000000000000000 ) ) ;
#260 = VERTEX_POINT ( 'NONE', #9619 ) ;
#261 = DIRECTION ( 'NONE',  ( 0.000000000000000000, -1.000000000000000000, 0.000000000000000000 ) ) ;
#262 = CIRCLE ( 'NONE', #1102, 0.5999999999999998668 ) ;
#263 = EDGE_LOOP ( 'NONE', ( #3384, #3054, #6989, #8778 ) ) ;
#264 = ADVANCED_FACE ( 'NONE', ( #2320 ), #2420, .F. ) ;
#265 = AXIS2_PLACEMENT_3D ( 'NONE', #10120, #2069, #5163 ) ;
#266 = CONICAL_SURFACE ( 'NONE', #4862, 2.800000000000007372, 0.7853981633974482790 ) ;
#267 = DIRECTION ( 'NONE',  ( 0.000000000000000000, 1.000000000000000000, -0.000000000000000000 ) ) ;
#268 = CARTESIAN_POINT ( 'NONE',  ( 12.84999999999999964, -0.9000000000000032419, -5.049999999999995381 ) ) ;
#269 = VECTOR ( 'NONE', #2883, 1000.000000000000000 ) ;
#270 = FACE_OUTER_BOUND ( 'NONE', #9550, .T. ) ;
#271 = CARTESIAN_POINT ( 'NONE',  ( -26.85000000000000142, -0.7000000000000000666, 23.15000000000000568 ) ) ;
#272 = CIRCLE ( 'NONE', #950, 1.500000000000001332 ) ;
#273 = DIRECTION ( 'NONE',  ( 0.000000000000000000, 0.000000000000000000, 1.000000000000000000 ) ) ;
#274 = EDGE_CURVE ( 'NONE', #3654, #6154, #8016, .T. ) ;
#275 = ADVANCED_FACE ( 'NONE', ( #7220 ), #2369, .T. ) ;
#276 = DIRECTION ( 'NONE',  ( -0.000000000000000000, -0.000000000000000000, -1.000000000000000000 ) ) ;
#277 = ORIENTED_EDGE ( 'NONE', *, *, #6811, .F. ) ;
#278 = FACE_OUTER_BOUND ( 'NONE', #561, .T. ) ;
#279 = EDGE_CURVE ( 'NONE', #10110, #8638, #2250, .T. ) ;
#280 = ORIENTED_EDGE ( 'NONE', *, *, #7420, .F. ) ;
#281 = ORIENTED_EDGE ( 'NONE', *, *, #2579, .F. ) ;
#282 = EDGE_LOOP ( 'NONE', ( #2456, #9897, #6490, #3088 ) ) ;
#283 = FACE_BOUND ( 'NONE', #4175, .T. ) ;
#284 = DIRECTION ( 'NONE',  ( -0.000000000000000000, -0.000000000000000000, -1.000000000000000000 ) ) ;
#285 = CARTESIAN_POINT ( 'NONE',  ( -25.25000000000000711, -1.800000000000000044, 10.50000000000000355 ) ) ;
#286 = LINE ( 'NONE', #8601, #10273 ) ;
#287 = EDGE_CURVE ( 'NONE', #4716, #6991, #8450, .T. ) ;
#288 = ORIENTED_EDGE ( 'NONE', *, *, #1899, .F. ) ;
#289 = LINE ( 'NONE', #9242, #6617 ) ;
#290 = ORIENTED_EDGE ( 'NONE', *, *, #7380, .T. ) ;
#291 = ORIENTED_EDGE ( 'NONE', *, *, #5855, .F. ) ;
#292 = CARTESIAN_POINT ( 'NONE',  ( -11.75000000000000000, -5.000000000000000000, -15.94999999999999929 ) ) ;
#293 = PLANE ( 'NONE',  #910 ) ;
#294 = CARTESIAN_POINT ( 'NONE',  ( -30.04999999999999716, 7.762049935181331684, -21.54999999999999716 ) ) ;
#295 = LINE ( 'NONE', #6060, #6178 ) ;
#296 = EDGE_CURVE ( 'NONE', #5729, #228, #7712, .T. ) ;
#297 = ORIENTED_EDGE ( 'NONE', *, *, #3927, .T. ) ;
#298 = CARTESIAN_POINT ( 'NONE',  ( 15.00000000000000355, -0.2500000000000000000, -3.949999999999995293 ) ) ;
#299 = EDGE_LOOP ( 'NONE', ( #9933, #1673, #4851, #8821, #7884, #9755, #6354, #9057, #8850, #5458, #97, #4877 ) ) ;
#300 = ORIENTED_EDGE ( 'NONE', *, *, #8325, .F. ) ;
#301 = CYLINDRICAL_SURFACE ( 'NONE', #9965, 2.500000000000002220 ) ;
#302 = ADVANCED_FACE ( 'NONE', ( #1939 ), #4393, .F. ) ;
#303 = LINE ( 'NONE', #8069, #8305 ) ;
#304 = DIRECTION ( 'NONE',  ( -0.000000000000000000, -1.000000000000000000, -0.000000000000000000 ) ) ;
#305 = CARTESIAN_POINT ( 'NONE',  ( -39.25000000000000711, -1.800000000000000044, -11.49999999999999289 ) ) ;
#306 = DIRECTION ( 'NONE',  ( -4.028467922496720713E-31, -1.000000000000000000, -2.090028284309405749E-16 ) ) ;
#307 = DIRECTION ( 'NONE',  ( 0.000000000000000000, 0.000000000000000000, -1.000000000000000000 ) ) ;
#308 = ORIENTED_EDGE ( 'NONE', *, *, #1686, .T. ) ;
#309 = VECTOR ( 'NONE', #1141, 1000.000000000000000 ) ;
#310 = PLANE ( 'NONE',  #1541 ) ;
#311 = VERTEX_POINT ( 'NONE', #1832 ) ;
#312 = CARTESIAN_POINT ( 'NONE',  ( -29.65000000000001990, -0.3999999999999999667, -10.00000000000000000 ) ) ;
#313 = ORIENTED_EDGE ( 'NONE', *, *, #996, .T. ) ;
#314 = VECTOR ( 'NONE', #3171, 1000.000000000000000 ) ;
#315 = DIRECTION ( 'NONE',  ( -1.000000000000000000, 0.000000000000000000, 0.000000000000000000 ) ) ;
#316 = CARTESIAN_POINT ( 'NONE',  ( -36.45000000000000284, -1.799999999999999600, -5.450000000000000178 ) ) ;
#317 = DIRECTION ( 'NONE',  ( -0.000000000000000000, 1.000000000000000000, 1.387778780781447056E-15 ) ) ;
#318 = LINE ( 'NONE', #9280, #5890 ) ;
#319 = DIRECTION ( 'NONE',  ( 0.000000000000000000, 0.000000000000000000, -1.000000000000000000 ) ) ;
#320 = DIRECTION ( 'NONE',  ( 1.000000000000000000, 0.000000000000000000, 0.000000000000000000 ) ) ;
#321 = ORIENTED_EDGE ( 'NONE', *, *, #1271, .T. ) ;
#322 = AXIS2_PLACEMENT_3D ( 'NONE', #7598, #174, #6630 ) ;
#323 = VERTEX_POINT ( 'NONE', #2641 ) ;
#324 = VERTEX_POINT ( 'NONE', #5941 ) ;
#325 = VERTEX_POINT ( 'NONE', #4979 ) ;
#326 = CARTESIAN_POINT ( 'NONE',  ( 5.950000000000004619, 3.600000000000000977, -17.44999999999999929 ) ) ;
#327 = ADVANCED_FACE ( 'NONE', ( #9889 ), #6682, .F. ) ;
#328 = EDGE_CURVE ( 'NONE', #5984, #5421, #5891, .T. ) ;
#329 = DIRECTION ( 'NONE',  ( 0.000000000000000000, 0.000000000000000000, 1.000000000000000000 ) ) ;
#330 = DIRECTION ( 'NONE',  ( -1.000000000000000000, 0.000000000000000000, 0.000000000000000000 ) ) ;
#331 = EDGE_CURVE ( 'NONE', #8824, #6280, #7541, .T. ) ;
#332 = AXIS2_PLACEMENT_3D ( 'NONE', #3403, #4299, #4994 ) ;
#333 = CARTESIAN_POINT ( 'NONE',  ( 6.550000000000001599, -0.9000000000000014655, -6.049999999999994493 ) ) ;
#334 = LINE ( 'NONE', #7756, #2781 ) ;
#335 = EDGE_LOOP ( 'NONE', ( #3326, #10335, #7611, #1756 ) ) ;
#336 = CARTESIAN_POINT ( 'NONE',  ( -28.35000000000000497, -42.37740108089595026, 9.000000000000001776 ) ) ;
#337 = ORIENTED_EDGE ( 'NONE', *, *, #9537, .T. ) ;
#338 = VERTEX_POINT ( 'NONE', #227 ) ;
#339 = CARTESIAN_POINT ( 'NONE',  ( -19.64999999999999858, 0.5000000000000000000, -5.049999999999995381 ) ) ;
#340 = EDGE_CURVE ( 'NONE', #9616, #3888, #1082, .T. ) ;
#341 = FACE_OUTER_BOUND ( 'NONE', #7951, .T. ) ;
#342 = DIRECTION ( 'NONE',  ( 0.000000000000000000, 0.000000000000000000, -1.000000000000000000 ) ) ;
#343 = FACE_OUTER_BOUND ( 'NONE', #7759, .T. ) ;
#344 = ORIENTED_EDGE ( 'NONE', *, *, #9172, .T. ) ;
#345 = CARTESIAN_POINT ( 'NONE',  ( -38.85000000000000142, -0.3999999999999975797, 23.75000000000000000 ) ) ;
#346 = ORIENTED_EDGE ( 'NONE', *, *, #1318, .F. ) ;
#347 = ORIENTED_EDGE ( 'NONE', *, *, #6310, .T. ) ;
#348 = EDGE_CURVE ( 'NONE', #2237, #8119, #6840, .T. ) ;
#349 = CARTESIAN_POINT ( 'NONE',  ( -37.35000000000000142, -0.3999999999999975797, -10.00000000000000178 ) ) ;
#350 = VECTOR ( 'NONE', #1864, 1000.000000000000000 ) ;
#351 = LINE ( 'NONE', #1965, #6594 ) ;
#352 = DIRECTION ( 'NONE',  ( 0.000000000000000000, 0.000000000000000000, -1.000000000000000000 ) ) ;
#353 = CARTESIAN_POINT ( 'NONE',  ( 21.85000000000000142, 24.84296113818832197, 21.15000000000000568 ) ) ;
#354 = DIRECTION ( 'NONE',  ( -0.000000000000000000, -0.000000000000000000, 1.000000000000000000 ) ) ;
#355 = LINE ( 'NONE', #3624, #10304 ) ;
#356 = ORIENTED_EDGE ( 'NONE', *, *, #402, .T. ) ;
#357 = CARTESIAN_POINT ( 'NONE',  ( 21.85000000000000142, 8.500000000000007105, 24.45000000000000639 ) ) ;
#358 = ORIENTED_EDGE ( 'NONE', *, *, #8081, .F. ) ;
#359 = DIRECTION ( 'NONE',  ( 0.000000000000000000, -1.000000000000000000, 0.000000000000000000 ) ) ;
#360 = ORIENTED_EDGE ( 'NONE', *, *, #835, .T. ) ;
#361 = EDGE_CURVE ( 'NONE', #10412, #2375, #10091, .T. ) ;
#362 = ADVANCED_FACE ( 'NONE', ( #6741, #9993 ), #2696, .T. ) ;
#363 = CARTESIAN_POINT ( 'NONE',  ( 15.00000000000000355, -0.2500000000000000000, -3.949999999999995293 ) ) ;
#364 = VECTOR ( 'NONE', #1390, 1000.000000000000000 ) ;
#365 = DIRECTION ( 'NONE',  ( 0.000000000000000000, 1.000000000000000000, 0.000000000000000000 ) ) ;
#366 = DIRECTION ( 'NONE',  ( -1.000000000000000000, -0.000000000000000000, -0.000000000000000000 ) ) ;
#367 = AXIS2_PLACEMENT_3D ( 'NONE', #2106, #10266, #2160 ) ;
#368 = CARTESIAN_POINT ( 'NONE',  ( -26.64999999999999503, -3.399999999999999911, -17.64999999999999503 ) ) ;
#369 = DIRECTION ( 'NONE',  ( -0.000000000000000000, 1.000000000000000000, -0.000000000000000000 ) ) ;
#370 = VECTOR ( 'NONE', #9938, 1000.000000000000000 ) ;
#371 = LINE ( 'NONE', #2141, #4179 ) ;
#372 = VERTEX_POINT ( 'NONE', #1717 ) ;
#373 = CONICAL_SURFACE ( 'NONE', #8723, 0.2000000000000057288, 0.7853981633974458365 ) ;
#374 = VERTEX_POINT ( 'NONE', #8230 ) ;
#375 = EDGE_LOOP ( 'NONE', ( #6700, #5055 ) ) ;
#376 = EDGE_CURVE ( 'NONE', #4269, #7400, #4340, .T. ) ;
#377 = ORIENTED_EDGE ( 'NONE', *, *, #9086, .T. ) ;
#378 = LINE ( 'NONE', #4596, #6099 ) ;
#379 = CARTESIAN_POINT ( 'NONE',  ( 11.95000000000000639, 1.600000000000000089, -19.25000000000000000 ) ) ;
#380 = VECTOR ( 'NONE', #3064, 1000.000000000000000 ) ;
#381 = CARTESIAN_POINT ( 'NONE',  ( -10.09999999999999787, -1.799999999999982059, -10.34999999999999076 ) ) ;
#382 = CARTESIAN_POINT ( 'NONE',  ( 33.94999999999999574, 0.000000000000000000, -4.500000000000000000 ) ) ;
#383 = DIRECTION ( 'NONE',  ( 6.195440985631457289E-16, 1.000000000000000000, -0.000000000000000000 ) ) ;
#384 = DIRECTION ( 'NONE',  ( 1.000000000000000000, 0.000000000000000000, -0.000000000000000000 ) ) ;
#385 = ORIENTED_EDGE ( 'NONE', *, *, #9896, .T. ) ;
#386 = PLANE ( 'NONE',  #1494 ) ;
#387 = AXIS2_PLACEMENT_3D ( 'NONE', #3483, #3431, #56 ) ;
#388 = VECTOR ( 'NONE', #2917, 1000.000000000000000 ) ;
#389 = EDGE_CURVE ( 'NONE', #8011, #5242, #1884, .T. ) ;
#390 = ADVANCED_FACE ( 'NONE', ( #7436 ), #5134, .T. ) ;
#391 = ORIENTED_EDGE ( 'NONE', *, *, #8097, .T. ) ;
#392 = VECTOR ( 'NONE', #1423, 1000.000000000000000 ) ;
#393 = ORIENTED_EDGE ( 'NONE', *, *, #8287, .F. ) ;
#394 = EDGE_CURVE ( 'NONE', #4176, #8132, #3389, .T. ) ;
#395 = PLANE ( 'NONE',  #7654 ) ;
#396 = PLANE ( 'NONE',  #4974 ) ;
#397 = LINE ( 'NONE', #10104, #5002 ) ;
#398 = VECTOR ( 'NONE', #3764, 1000.000000000000000 ) ;
#399 = FACE_OUTER_BOUND ( 'NONE', #2074, .T. ) ;
#400 = ORIENTED_EDGE ( 'NONE', *, *, #4387, .F. ) ;
#401 = LINE ( 'NONE', #2112, #1723 ) ;
#402 = EDGE_CURVE ( 'NONE', #10197, #9024, #7487, .T. ) ;
#403 = EDGE_CURVE ( 'NONE', #1175, #7284, #5281, .T. ) ;
#404 = CARTESIAN_POINT ( 'NONE',  ( 0.000000000000000000, 0.000000000000000000, 0.000000000000000000 ) ) ;
#405 = VERTEX_POINT ( 'NONE', #8498 ) ;
#406 = EDGE_CURVE ( 'NONE', #7292, #10534, #6292, .T. ) ;
#407 = VERTEX_POINT ( 'NONE', #1339 ) ;
#408 = VECTOR ( 'NONE', #7193, 1000.000000000000000 ) ;
#409 = LINE ( 'NONE', #1260, #7757 ) ;
#410 = CARTESIAN_POINT ( 'NONE',  ( -11.75000000000000000, -0.9000000000000050182, -16.84999999999999787 ) ) ;
#411 = CARTESIAN_POINT ( 'NONE',  ( 34.75000000000000000, 0.000000000000000000, 0.000000000000000000 ) ) ;
#412 = CARTESIAN_POINT ( 'NONE',  ( -26.75000000000000000, 1.600000000000000977, -19.25000000000000000 ) ) ;
#413 = CARTESIAN_POINT ( 'NONE',  ( 34.45000000000000995, 4.049999999999999822, 0.000000000000000000 ) ) ;
#414 = VERTEX_POINT ( 'NONE', #381 ) ;
#415 = CARTESIAN_POINT ( 'NONE',  ( 34.35000000000000142, 8.500000000000000000, 19.80000000000000071 ) ) ;
#416 = VECTOR ( 'NONE', #6129, 1000.000000000000000 ) ;
#417 = ORIENTED_EDGE ( 'NONE', *, *, #3679, .T. ) ;
#418 = ADVANCED_FACE ( 'NONE', ( #10203 ), #7049, .T. ) ;
#419 = CARTESIAN_POINT ( 'NONE',  ( -18.24999999999997868, -0.9000000000000044631, -5.049999999999995381 ) ) ;
#420 = ORIENTED_EDGE ( 'NONE', *, *, #9860, .T. ) ;
#421 = VECTOR ( 'NONE', #6768, 1000.000000000000000 ) ;
#422 = DIRECTION ( 'NONE',  ( 1.000000000000000000, 0.000000000000000000, 0.000000000000000000 ) ) ;
#423 = VECTOR ( 'NONE', #2874, 1000.000000000000000 ) ;
#424 = CARTESIAN_POINT ( 'NONE',  ( 32.95000000000000995, 1.599999999999999867, 4.096965511460287424 ) ) ;
#425 = CARTESIAN_POINT ( 'NONE',  ( 22.25000000000000355, 7.400000000000004796, 23.35100000000000975 ) ) ;
#426 = LINE ( 'NONE', #1985, #1392 ) ;
#427 = EDGE_LOOP ( 'NONE', ( #206, #1784, #197, #7705 ) ) ;
#428 = VECTOR ( 'NONE', #8758, 1000.000000000000000 ) ;
#429 = DIRECTION ( 'NONE',  ( 0.000000000000000000, 0.000000000000000000, -1.000000000000000000 ) ) ;
#430 = ORIENTED_EDGE ( 'NONE', *, *, #1846, .T. ) ;
#431 = EDGE_CURVE ( 'NONE', #4935, #5423, #4492, .T. ) ;
#432 = AXIS2_PLACEMENT_3D ( 'NONE', #4417, #1211, #7568 ) ;
#433 = DIRECTION ( 'NONE',  ( -0.000000000000000000, -1.000000000000000000, -1.762134456409849633E-16 ) ) ;
#434 = ORIENTED_EDGE ( 'NONE', *, *, #9545, .T. ) ;
#435 = VECTOR ( 'NONE', #9789, 1000.000000000000000 ) ;
#436 = VERTEX_POINT ( 'NONE', #6996 ) ;
#437 = AXIS2_PLACEMENT_3D ( 'NONE', #7361, #6561, #159 ) ;
#438 = CARTESIAN_POINT ( 'NONE',  ( -30.95000000000000995, 9.899999999999998579, -4.350000000000000533 ) ) ;
#439 = VECTOR ( 'NONE', #8631, 1000.000000000000000 ) ;
#440 = DIRECTION ( 'NONE',  ( 1.032573497605242471E-16, 1.000000000000000000, 0.000000000000000000 ) ) ;
#441 = CARTESIAN_POINT ( 'NONE',  ( 37.65000000000000568, -9.000000000000007105, 19.24999999999999645 ) ) ;
#442 = DIRECTION ( 'NONE',  ( -0.000000000000000000, -0.000000000000000000, 1.000000000000000000 ) ) ;
#443 = DIRECTION ( 'NONE',  ( -1.000000000000000000, 0.000000000000000000, 0.000000000000000000 ) ) ;
#444 = DIRECTION ( 'NONE',  ( 0.000000000000000000, 1.000000000000000000, 0.000000000000000000 ) ) ;
#445 = ORIENTED_EDGE ( 'NONE', *, *, #9983, .T. ) ;
#446 = DIRECTION ( 'NONE',  ( -0.000000000000000000, 0.000000000000000000, -1.000000000000000000 ) ) ;
#447 = EDGE_LOOP ( 'NONE', ( #10535, #8516, #3528, #6845, #2136, #7173, #6616, #220, #2738, #6020, #1335 ) ) ;
#448 = ORIENTED_EDGE ( 'NONE', *, *, #8287, .T. ) ;
#449 = CARTESIAN_POINT ( 'NONE',  ( -26.65000000000000924, -9.000000000000000000, 23.15100000000000691 ) ) ;
#450 = DIRECTION ( 'NONE',  ( -1.000000000000000000, 4.028467922496720713E-31, 7.098702132773274832E-47 ) ) ;
#451 = CARTESIAN_POINT ( 'NONE',  ( -20.85000000000000142, 0.000000000000000000, 19.75000000000000355 ) ) ;
#452 = SURFACE_SIDE_STYLE ('',( #10165 ) ) ;
#453 = ADVANCED_FACE ( 'NONE', ( #7753 ), #4441, .T. ) ;
#454 = CARTESIAN_POINT ( 'NONE',  ( 33.15000000000000568, 9.899999999999998579, 3.750555349946511186 ) ) ;
#455 = EDGE_LOOP ( 'NONE', ( #5554, #7253, #4831, #9233 ) ) ;
#456 = FACE_OUTER_BOUND ( 'NONE', #5785, .T. ) ;
#457 = SHAPE_DEFINITION_REPRESENTATION ( #3033, #2297 ) ;
#458 = ORIENTED_EDGE ( 'NONE', *, *, #2246, .F. ) ;
#459 = VERTEX_POINT ( 'NONE', #3015 ) ;
#460 = LINE ( 'NONE', #3673, #3837 ) ;
#461 = ADVANCED_FACE ( 'NONE', ( #1292 ), #7806, .T. ) ;
#462 = AXIS2_PLACEMENT_3D ( 'NONE', #657, #7221, #3919 ) ;
#463 = EDGE_CURVE ( 'NONE', #6357, #2379, #5449, .T. ) ;
#464 = LINE ( 'NONE', #8629, #3129 ) ;
#465 = DIRECTION ( 'NONE',  ( -1.000000000000000000, 1.101142831430592166E-16, 1.281815376337542394E-16 ) ) ;
#466 = ADVANCED_FACE ( 'NONE', ( #8701 ), #7907, .T. ) ;
#467 = CARTESIAN_POINT ( 'NONE',  ( -12.75000000000000178, -5.000000000000000000, -15.94999999999999929 ) ) ;
#468 = FACE_OUTER_BOUND ( 'NONE', #3463, .T. ) ;
#469 = ORIENTED_EDGE ( 'NONE', *, *, #4250, .F. ) ;
#470 = DIRECTION ( 'NONE',  ( 0.000000000000000000, -1.000000000000000000, 0.000000000000000000 ) ) ;
#471 = VERTEX_POINT ( 'NONE', #9294 ) ;
#472 = DIRECTION ( 'NONE',  ( -0.000000000000000000, -1.000000000000000000, -0.000000000000000000 ) ) ;
#473 = VERTEX_POINT ( 'NONE', #10359 ) ;
#474 = LINE ( 'NONE', #3737, #1778 ) ;
#475 = EDGE_CURVE ( 'NONE', #10043, #2650, #7591, .T. ) ;
#476 = PLANE ( 'NONE',  #4686 ) ;
#477 = PRESENTATION_LAYER_ASSIGNMENT (  '', '', ( #2533 ) ) ;
#478 = LINE ( 'NONE', #2080, #221 ) ;
#479 = DIRECTION ( 'NONE',  ( -1.000000000000000000, -0.000000000000000000, -0.000000000000000000 ) ) ;
#480 = ORIENTED_EDGE ( 'NONE', *, *, #9061, .F. ) ;
#481 = DIRECTION ( 'NONE',  ( 1.000000000000000000, 0.000000000000000000, -0.000000000000000000 ) ) ;
#482 = ORIENTED_EDGE ( 'NONE', *, *, #2213, .F. ) ;
#483 = LINE ( 'NONE', #8541, #10477 ) ;
#484 = ORIENTED_EDGE ( 'NONE', *, *, #985, .F. ) ;
#485 = VERTEX_POINT ( 'NONE', #6044 ) ;
#486 = VECTOR ( 'NONE', #5903, 1000.000000000000000 ) ;
#487 = DIRECTION ( 'NONE',  ( 0.000000000000000000, 2.090028284309405749E-16, -1.000000000000000000 ) ) ;
#488 = ADVANCED_FACE ( 'NONE', ( #2150 ), #7856, .F. ) ;
#489 = CARTESIAN_POINT ( 'NONE',  ( 34.75000000000000000, -9.000000000000001776, -19.25000000000000355 ) ) ;
#490 = DIRECTION ( 'NONE',  ( 0.000000000000000000, -0.000000000000000000, -1.000000000000000000 ) ) ;
#491 = ORIENTED_EDGE ( 'NONE', *, *, #7112, .F. ) ;
#492 = DIRECTION ( 'NONE',  ( 0.000000000000000000, 1.000000000000000000, -0.000000000000000000 ) ) ;
#493 = LINE ( 'NONE', #5406, #5498 ) ;
#494 = AXIS2_PLACEMENT_3D ( 'NONE', #7866, #2969, #6208 ) ;
#495 = DIRECTION ( 'NONE',  ( 0.000000000000000000, 0.000000000000000000, -1.000000000000000000 ) ) ;
#496 = EDGE_LOOP ( 'NONE', ( #822, #9772, #4090, #2867, #7228 ) ) ;
#497 = CARTESIAN_POINT ( 'NONE',  ( -31.04999999999999716, 7.762049935181331684, -21.54999999999999716 ) ) ;
#498 = ORIENTED_EDGE ( 'NONE', *, *, #9148, .T. ) ;
#499 = EDGE_CURVE ( 'NONE', #9868, #9025, #6095, .T. ) ;
#500 = ORIENTED_EDGE ( 'NONE', *, *, #4597, .T. ) ;
#501 = CARTESIAN_POINT ( 'NONE',  ( -31.55000000000000782, -9.000000000000001776, 1.649999999999999023 ) ) ;
#502 = ADVANCED_FACE ( 'NONE', ( #5348 ), #10150, .T. ) ;
#503 = LINE ( 'NONE', #7008, #6329 ) ;
#504 = VECTOR ( 'NONE', #8665, 1000.000000000000000 ) ;
#505 = CARTESIAN_POINT ( 'NONE',  ( -20.64999999999999858, 0.000000000000000000, -4.949999999999995737 ) ) ;
#506 = CARTESIAN_POINT ( 'NONE',  ( -20.85000000000000142, -4.999999999999999112, 24.45000000000000639 ) ) ;
#507 = CARTESIAN_POINT ( 'NONE',  ( 21.45000000000000284, 0.9999999999999870104, 20.75000000000000355 ) ) ;
#508 = ORIENTED_EDGE ( 'NONE', *, *, #9970, .F. ) ;
#509 = FACE_OUTER_BOUND ( 'NONE', #2701, .T. ) ;
#510 = ORIENTED_EDGE ( 'NONE', *, *, #1329, .F. ) ;
#511 = ORIENTED_EDGE ( 'NONE', *, *, #9771, .T. ) ;
#512 = EDGE_CURVE ( 'NONE', #1434, #5628, #9345, .T. ) ;
#513 = LINE ( 'NONE', #9314, #8432 ) ;
#514 = CARTESIAN_POINT ( 'NONE',  ( 24.85000000000000853, -4.999999999999992006, 23.15100000000000691 ) ) ;
#515 = CARTESIAN_POINT ( 'NONE',  ( 21.64999999999999858, -2.600000000000004974, -20.24999999999999645 ) ) ;
#516 = CARTESIAN_POINT ( 'NONE',  ( 37.65000000000001279, -9.000000000000001776, -19.25000000000000355 ) ) ;
#517 = CARTESIAN_POINT ( 'NONE',  ( -31.04999999999999716, 5.400000000000004796, -21.54999999999999716 ) ) ;
#518 = ORIENTED_EDGE ( 'NONE', *, *, #1992, .F. ) ;
#519 = CARTESIAN_POINT ( 'NONE',  ( -23.85000000000000142, -4.999999999999999112, 23.15000000000000568 ) ) ;
#520 = ORIENTED_EDGE ( 'NONE', *, *, #3721, .T. ) ;
#521 = CARTESIAN_POINT ( 'NONE',  ( 37.65000000000000568, 7.500000000000006217, -11.95000000000000107 ) ) ;
#522 = ORIENTED_EDGE ( 'NONE', *, *, #9923, .F. ) ;
#523 = EDGE_CURVE ( 'NONE', #10549, #4232, #6197, .T. ) ;
#524 = EDGE_CURVE ( 'NONE', #7813, #10465, #254, .T. ) ;
#525 = LINE ( 'NONE', #3785, #72 ) ;
#526 = CARTESIAN_POINT ( 'NONE',  ( -35.25000000000000000, 0.000000000000000000, -8.448227494413584893 ) ) ;
#527 = DIRECTION ( 'NONE',  ( 0.000000000000000000, 1.000000000000000000, 0.000000000000000000 ) ) ;
#528 = PLANE ( 'NONE',  #2422 ) ;
#529 = ORIENTED_EDGE ( 'NONE', *, *, #10072, .F. ) ;
#530 = DIRECTION ( 'NONE',  ( -0.000000000000000000, -0.000000000000000000, -1.000000000000000000 ) ) ;
#531 = AXIS2_PLACEMENT_3D ( 'NONE', #8518, #1202, #245 ) ;
#532 = VERTEX_POINT ( 'NONE', #3165 ) ;
#533 = DIRECTION ( 'NONE',  ( 0.000000000000000000, 0.000000000000000000, -1.000000000000000000 ) ) ;
#534 = ORIENTED_EDGE ( 'NONE', *, *, #224, .T. ) ;
#535 = EDGE_CURVE ( 'NONE', #1698, #5902, #8804, .T. ) ;
#536 = ORIENTED_EDGE ( 'NONE', *, *, #4463, .F. ) ;
#537 = VECTOR ( 'NONE', #8807, 1000.000000000000000 ) ;
#538 = CARTESIAN_POINT ( 'NONE',  ( 35.75000000000000000, 0.000000000000000000, 0.000000000000000000 ) ) ;
#539 = CARTESIAN_POINT ( 'NONE',  ( 27.64999999999999858, -1.899999999999992362, -20.24999999999999645 ) ) ;
#540 = CARTESIAN_POINT ( 'NONE',  ( 22.25000000000000355, 7.000000000000004441, 12.92992172241327786 ) ) ;
#541 = DIRECTION ( 'NONE',  ( -0.000000000000000000, -0.000000000000000000, 1.000000000000000000 ) ) ;
#542 = DIRECTION ( 'NONE',  ( 1.000000000000000000, 0.000000000000000000, 0.000000000000000000 ) ) ;
#543 = VECTOR ( 'NONE', #3432, 1000.000000000000000 ) ;
#544 = DIRECTION ( 'NONE',  ( 0.000000000000000000, 1.000000000000000000, 0.000000000000000000 ) ) ;
#545 = VERTEX_POINT ( 'NONE', #9658 ) ;
#546 = DIRECTION ( 'NONE',  ( 0.000000000000000000, -1.000000000000000000, 0.000000000000000000 ) ) ;
#547 = EDGE_CURVE ( 'NONE', #3257, #5342, #1490, .T. ) ;
#548 = ORIENTED_EDGE ( 'NONE', *, *, #10161, .F. ) ;
#549 = VERTEX_POINT ( 'NONE', #10515 ) ;
#550 = CIRCLE ( 'NONE', #8219, 0.4000000000000010214 ) ;
#551 = CARTESIAN_POINT ( 'NONE',  ( -26.85000000000000142, 7.400000000000005684, 23.35100000000000264 ) ) ;
#552 = LINE ( 'NONE', #9358, #6974 ) ;
#553 = CARTESIAN_POINT ( 'NONE',  ( -28.35000000000000497, -1.800000000000000044, -1.049999999999998934 ) ) ;
#554 = DIRECTION ( 'NONE',  ( 1.000000000000000000, 0.000000000000000000, 0.000000000000000000 ) ) ;
#555 = CIRCLE ( 'NONE', #5502, 2.399999999999992362 ) ;
#556 = PLANE ( 'NONE',  #9752 ) ;
#557 = VERTEX_POINT ( 'NONE', #5606 ) ;
#558 = VECTOR ( 'NONE', #5377, 1000.000000000000000 ) ;
#559 = CARTESIAN_POINT ( 'NONE',  ( -19.64999999999999858, -1.799999999999993383, -3.949999999999995293 ) ) ;
#560 = ADVANCED_FACE ( 'NONE', ( #8965 ), #3216, .T. ) ;
#561 = EDGE_LOOP ( 'NONE', ( #2127, #7558, #10423, #6205, #2966, #1978, #2806 ) ) ;
#562 = VECTOR ( 'NONE', #9747, 1000.000000000000000 ) ;
#563 = VECTOR ( 'NONE', #3256, 1000.000000000000000 ) ;
#564 = VECTOR ( 'NONE', #1105, 1000.000000000000000 ) ;
#565 = LINE ( 'NONE', #5471, #3328 ) ;
#566 = CARTESIAN_POINT ( 'NONE',  ( 0.000000000000000000, 0.000000000000000000, -17.44999999999999929 ) ) ;
#567 = DIRECTION ( 'NONE',  ( -1.000000000000000000, 0.000000000000000000, -0.000000000000000000 ) ) ;
#568 = LINE ( 'NONE', #6376, #4020 ) ;
#569 = ORIENTED_EDGE ( 'NONE', *, *, #1826, .T. ) ;
#570 = LINE ( 'NONE', #7986, #3094 ) ;
#571 = ORIENTED_EDGE ( 'NONE', *, *, #7433, .T. ) ;
#572 = PLANE ( 'NONE',  #10146 ) ;
#573 = ORIENTED_EDGE ( 'NONE', *, *, #7052, .F. ) ;
#574 = VECTOR ( 'NONE', #1730, 1000.000000000000000 ) ;
#575 = FACE_OUTER_BOUND ( 'NONE', #10022, .T. ) ;
#576 = FACE_OUTER_BOUND ( 'NONE', #5586, .T. ) ;
#577 = DIRECTION ( 'NONE',  ( -0.000000000000000000, 1.734723475976807341E-16, -1.000000000000000000 ) ) ;
#578 = CIRCLE ( 'NONE', #8587, 0.2000000000000022593 ) ;
#579 = CIRCLE ( 'NONE', #2463, 1.650000000000000355 ) ;
#580 = CARTESIAN_POINT ( 'NONE',  ( -26.85000000000000142, 7.400000000000005684, 12.92992172241327786 ) ) ;
#581 = AXIS2_PLACEMENT_3D ( 'NONE', #4256, #9854, #2550 ) ;
#582 = VERTEX_POINT ( 'NONE', #8113 ) ;
#583 = CARTESIAN_POINT ( 'NONE',  ( -10.09999999999999787, -1.700000000000000178, -7.699999999999992184 ) ) ;
#584 = EDGE_CURVE ( 'NONE', #3368, #2500, #2355, .T. ) ;
#585 = VERTEX_POINT ( 'NONE', #5557 ) ;
#586 = LINE ( 'NONE', #686, #3011 ) ;
#587 = VECTOR ( 'NONE', #384, 1000.000000000000000 ) ;
#588 = EDGE_LOOP ( 'NONE', ( #4036, #9615, #8694, #10436, #1078, #2377 ) ) ;
#589 = ORIENTED_EDGE ( 'NONE', *, *, #10379, .F. ) ;
#590 = VECTOR ( 'NONE', #3772, 1000.000000000000000 ) ;
#591 = CARTESIAN_POINT ( 'NONE',  ( 32.95000000000001705, 9.899999999999998579, 19.80000000000000071 ) ) ;
#592 = CARTESIAN_POINT ( 'NONE',  ( 34.35000000000000142, 8.500000000000000000, 21.64999999999999858 ) ) ;
#593 = CARTESIAN_POINT ( 'NONE',  ( -30.95000000000000995, -0.3999999999999993006, 4.350000000000000533 ) ) ;
#594 = EDGE_CURVE ( 'NONE', #3373, #1165, #803, .T. ) ;
#595 = DIRECTION ( 'NONE',  ( -1.000000000000000000, -0.000000000000000000, -0.000000000000000000 ) ) ;
#596 = EDGE_CURVE ( 'NONE', #3300, #8078, #7367, .T. ) ;
#597 = DIRECTION ( 'NONE',  ( -1.000000000000000000, 0.000000000000000000, -0.000000000000000000 ) ) ;
#598 = VECTOR ( 'NONE', #4650, 1000.000000000000000 ) ;
#599 = EDGE_CURVE ( 'NONE', #8235, #6154, #4746, .T. ) ;
#600 = VECTOR ( 'NONE', #1017, 1000.000000000000000 ) ;
#601 = DIRECTION ( 'NONE',  ( -0.000000000000000000, -0.000000000000000000, 1.000000000000000000 ) ) ;
#602 = VERTEX_POINT ( 'NONE', #8756 ) ;
#603 = CARTESIAN_POINT ( 'NONE',  ( 13.85000000000000142, 9.902000000000001023, -11.14999999999999503 ) ) ;
#604 = VECTOR ( 'NONE', #5014, 1000.000000000000000 ) ;
#605 = ORIENTED_EDGE ( 'NONE', *, *, #3664, .F. ) ;
#606 = ORIENTED_EDGE ( 'NONE', *, *, #1500, .F. ) ;
#607 = AXIS2_PLACEMENT_3D ( 'NONE', #2344, #6285, #5543 ) ;
#608 = LINE ( 'NONE', #1400, #1674 ) ;
#609 = AXIS2_PLACEMENT_3D ( 'NONE', #9491, #6934, #8689 ) ;
#610 = CARTESIAN_POINT ( 'NONE',  ( -33.25000000000000000, -9.000000000000001776, 5.450000000000001066 ) ) ;
#611 = LINE ( 'NONE', #3874, #4290 ) ;
#612 = EDGE_CURVE ( 'NONE', #4144, #485, #1440, .T. ) ;
#613 = CARTESIAN_POINT ( 'NONE',  ( 32.95000000000001705, 6.200000000000000178, -19.80000000000000071 ) ) ;
#614 = AXIS2_PLACEMENT_3D ( 'NONE', #4091, #9801, #9045 ) ;
#615 = LINE ( 'NONE', #5419, #4992 ) ;
#616 = VERTEX_POINT ( 'NONE', #8854 ) ;
#617 = FACE_OUTER_BOUND ( 'NONE', #7121, .T. ) ;
#618 = ORIENTED_EDGE ( 'NONE', *, *, #9333, .T. ) ;
#619 = DIRECTION ( 'NONE',  ( -0.000000000000000000, -1.000000000000000000, -0.000000000000000000 ) ) ;
#620 = EDGE_CURVE ( 'NONE', #10008, #1679, #8056, .T. ) ;
#621 = LINE ( 'NONE', #3982, #8913 ) ;
#622 = CARTESIAN_POINT ( 'NONE',  ( 37.15000000000001279, 8.500000000000000000, 18.80000000000000071 ) ) ;
#623 = CARTESIAN_POINT ( 'NONE',  ( -31.55000000000000782, -9.000000000000001776, -4.350000000000000533 ) ) ;
#624 = EDGE_LOOP ( 'NONE', ( #8994, #974, #145, #4706 ) ) ;
#625 = CARTESIAN_POINT ( 'NONE',  ( -26.64999999999999858, -0.3999999999999999667, -6.999999999999980460 ) ) ;
#626 = ORIENTED_EDGE ( 'NONE', *, *, #7343, .T. ) ;
#627 = FACE_OUTER_BOUND ( 'NONE', #9032, .T. ) ;
#628 = ORIENTED_EDGE ( 'NONE', *, *, #6778, .F. ) ;
#629 = VECTOR ( 'NONE', #9621, 1000.000000000000000 ) ;
#630 = EDGE_CURVE ( 'NONE', #1918, #5689, #1595, .T. ) ;
#631 = DIRECTION ( 'NONE',  ( 0.000000000000000000, 1.000000000000000000, 0.000000000000000000 ) ) ;
#632 = DIRECTION ( 'NONE',  ( 0.000000000000000000, 0.000000000000000000, 1.000000000000000000 ) ) ;
#633 = DIRECTION ( 'NONE',  ( -0.000000000000000000, -0.000000000000000000, 1.000000000000000000 ) ) ;
#634 = CARTESIAN_POINT ( 'NONE',  ( -20.85000000000000142, 24.84296113818832197, 20.75000000000000355 ) ) ;
#635 = ORIENTED_EDGE ( 'NONE', *, *, #523, .T. ) ;
#636 = CARTESIAN_POINT ( 'NONE',  ( -20.85000000000000142, 6.200000000000000178, 21.64999999999999858 ) ) ;
#637 = ORIENTED_EDGE ( 'NONE', *, *, #10249, .F. ) ;
#638 = CARTESIAN_POINT ( 'NONE',  ( 34.35000000000000142, 8.500000000000000000, -20.74999999999999645 ) ) ;
#639 = VERTEX_POINT ( 'NONE', #7208 ) ;
#640 = ORIENTED_EDGE ( 'NONE', *, *, #8232, .F. ) ;
#641 = VECTOR ( 'NONE', #6837, 1000.000000000000000 ) ;
#642 = CARTESIAN_POINT ( 'NONE',  ( -30.04999999999999716, 7.762049935181331684, -20.74999999999999645 ) ) ;
#643 = EDGE_CURVE ( 'NONE', #7084, #6304, #645, .T. ) ;
#644 = DIRECTION ( 'NONE',  ( 0.000000000000000000, 1.000000000000000000, -0.000000000000000000 ) ) ;
#645 = LINE ( 'NONE', #692, #6218 ) ;
#646 = DIRECTION ( 'NONE',  ( 0.000000000000000000, -0.000000000000000000, 1.000000000000000000 ) ) ;
#647 = DIRECTION ( 'NONE',  ( 0.000000000000000000, -1.000000000000000000, -1.762134456409849633E-16 ) ) ;
#648 = ORIENTED_EDGE ( 'NONE', *, *, #3289, .T. ) ;
#649 = CARTESIAN_POINT ( 'NONE',  ( 5.950000000000004619, 3.600000000000000977, 19.25000000000000000 ) ) ;
#650 = ORIENTED_EDGE ( 'NONE', *, *, #2314, .T. ) ;
#651 = EDGE_CURVE ( 'NONE', #1430, #639, #7264, .T. ) ;
#652 = EDGE_CURVE ( 'NONE', #1089, #8638, #9706, .T. ) ;
#653 = ORIENTED_EDGE ( 'NONE', *, *, #8762, .F. ) ;
#654 = CARTESIAN_POINT ( 'NONE',  ( 35.75000000000000000, 7.500000000000000000, 20.25000000000000711 ) ) ;
#655 = VECTOR ( 'NONE', #1037, 1000.000000000000000 ) ;
#656 = CARTESIAN_POINT ( 'NONE',  ( 33.35000000000000142, 6.200000000000000178, 4.096965511460287424 ) ) ;
#657 = CARTESIAN_POINT ( 'NONE',  ( 15.00000000000000355, -0.2500000000000000000, -16.64999999999999858 ) ) ;
#658 = DIRECTION ( 'NONE',  ( 1.000000000000000000, 0.000000000000000000, 0.000000000000000000 ) ) ;
#659 = CARTESIAN_POINT ( 'NONE',  ( 35.75000000000000000, 4.049999999999999822, 0.000000000000000000 ) ) ;
#660 = ORIENTED_EDGE ( 'NONE', *, *, #7786, .T. ) ;
#661 = DIRECTION ( 'NONE',  ( 0.000000000000000000, -0.000000000000000000, -1.000000000000000000 ) ) ;
#662 = ORIENTED_EDGE ( 'NONE', *, *, #463, .F. ) ;
#663 = VECTOR ( 'NONE', #7955, 1000.000000000000000 ) ;
#664 = ADVANCED_FACE ( 'NONE', ( #7154, #10406 ), #10563, .F. ) ;
#665 = ORIENTED_EDGE ( 'NONE', *, *, #376, .T. ) ;
#666 = CARTESIAN_POINT ( 'NONE',  ( -20.64999999999999858, -3.399999999999999911, -17.64999999999999503 ) ) ;
#667 = CARTESIAN_POINT ( 'NONE',  ( -33.85000000000000853, -0.3999999999999993006, -8.448227494413583116 ) ) ;
#668 = PRODUCT_DEFINITION ( 'UNKNOWN', '', #928, #5355 ) ;
#669 = DIRECTION ( 'NONE',  ( -1.470104640658310508E-16, -0.000000000000000000, 1.000000000000000000 ) ) ;
#670 = VECTOR ( 'NONE', #3038, 1000.000000000000000 ) ;
#671 = PLANE ( 'NONE',  #7257 ) ;
#672 = ORIENTED_EDGE ( 'NONE', *, *, #6920, .F. ) ;
#673 = LINE ( 'NONE', #10435, #8361 ) ;
#674 = ORIENTED_EDGE ( 'NONE', *, *, #5974, .T. ) ;
#675 = FACE_OUTER_BOUND ( 'NONE', #5575, .T. ) ;
#676 = ORIENTED_EDGE ( 'NONE', *, *, #6824, .T. ) ;
#677 = EDGE_CURVE ( 'NONE', #3174, #1140, #855, .T. ) ;
#678 = DIRECTION ( 'NONE',  ( 0.000000000000000000, 0.000000000000000000, 1.000000000000000000 ) ) ;
#679 = CARTESIAN_POINT ( 'NONE',  ( 35.35000000000000142, 7.500000000000004441, -0.3499999999999987566 ) ) ;
#680 = CARTESIAN_POINT ( 'NONE',  ( -29.64999999999998792, -0.3999999999999999667, -8.448227494413579564 ) ) ;
#681 = DIRECTION ( 'NONE',  ( -1.000000000000000000, 0.000000000000000000, 0.000000000000000000 ) ) ;
#682 = ORIENTED_EDGE ( 'NONE', *, *, #6310, .F. ) ;
#683 = LINE ( 'NONE', #8045, #3646 ) ;
#684 = EDGE_CURVE ( 'NONE', #5423, #4462, #8906, .T. ) ;
#685 = VERTEX_POINT ( 'NONE', #6570 ) ;
#686 = CARTESIAN_POINT ( 'NONE',  ( 17.50000000000000355, 7.181024967590668773, -20.16897503240933531 ) ) ;
#687 = EDGE_LOOP ( 'NONE', ( #8520, #9872, #5356, #6434 ) ) ;
#688 = EDGE_CURVE ( 'NONE', #3542, #8092, #3970, .T. ) ;
#689 = ORIENTED_EDGE ( 'NONE', *, *, #8624, .F. ) ;
#690 = CARTESIAN_POINT ( 'NONE',  ( -31.55000000000000782, -9.000000000000001776, -2.249999999999998668 ) ) ;
#691 = CARTESIAN_POINT ( 'NONE',  ( 27.64999999999999858, -2.600000000000004974, -20.24999999999999645 ) ) ;
#692 = CARTESIAN_POINT ( 'NONE',  ( -26.85000000000000142, 7.400000000000005684, 24.45000000000000639 ) ) ;
#693 = AXIS2_PLACEMENT_3D ( 'NONE', #1214, #470, #9215 ) ;
#694 = CARTESIAN_POINT ( 'NONE',  ( -34.25000000000000000, 0.000000000000000000, 12.49999999999999289 ) ) ;
#695 = ADVANCED_FACE ( 'NONE', ( #1018 ), #2734, .T. ) ;
#696 = PLANE ( 'NONE',  #931 ) ;
#697 = ORIENTED_EDGE ( 'NONE', *, *, #8388, .T. ) ;
#698 = LINE ( 'NONE', #603, #3895 ) ;
#699 = ORIENTED_EDGE ( 'NONE', *, *, #972, .T. ) ;
#700 = EDGE_LOOP ( 'NONE', ( #9132, #8337, #7493, #10345 ) ) ;
#701 = ORIENTED_EDGE ( 'NONE', *, *, #3784, .F. ) ;
#702 = LINE ( 'NONE', #3916, #9686 ) ;
#703 = CARTESIAN_POINT ( 'NONE',  ( -18.24999999999997868, -0.9000000000000044631, -15.94999999999999929 ) ) ;
#704 = CARTESIAN_POINT ( 'NONE',  ( -26.75000000000000000, 3.600000000000004530, -17.44999999999999929 ) ) ;
#705 = AXIS2_PLACEMENT_3D ( 'NONE', #1454, #8017, #9994 ) ;
#706 = DIRECTION ( 'NONE',  ( -1.000000000000000000, -0.000000000000000000, -0.000000000000000000 ) ) ;
#707 = CARTESIAN_POINT ( 'NONE',  ( 35.75000000000000000, 17.01111066297655228, 12.80000000000000249 ) ) ;
#708 = ADVANCED_FACE ( 'NONE', ( #7425 ), #2682, .T. ) ;
#709 = EDGE_CURVE ( 'NONE', #715, #62, #1124, .T. ) ;
#710 = ORIENTED_EDGE ( 'NONE', *, *, #9970, .T. ) ;
#711 = ORIENTED_EDGE ( 'NONE', *, *, #2356, .F. ) ;
#712 = DIRECTION ( 'NONE',  ( 0.000000000000000000, 0.000000000000000000, -1.000000000000000000 ) ) ;
#713 = EDGE_CURVE ( 'NONE', #4591, #6357, #1873, .T. ) ;
#714 = ORIENTED_EDGE ( 'NONE', *, *, #10174, .F. ) ;
#715 = VERTEX_POINT ( 'NONE', #8434 ) ;
#716 = DIRECTION ( 'NONE',  ( 0.000000000000000000, 0.000000000000000000, -1.000000000000000000 ) ) ;
#717 = LINE ( 'NONE', #9681, #4148 ) ;
#718 = LINE ( 'NONE', #8679, #9188 ) ;
#719 = AXIS2_PLACEMENT_3D ( 'NONE', #9401, #9348, #1188 ) ;
#720 = EDGE_CURVE ( 'NONE', #4291, #9143, #7530, .T. ) ;
#721 = DIRECTION ( 'NONE',  ( 0.000000000000000000, -1.000000000000000000, 3.469446951953614189E-15 ) ) ;
#722 = EDGE_CURVE ( 'NONE', #4697, #1430, #3812, .T. ) ;
#723 = ORIENTED_EDGE ( 'NONE', *, *, #9534, .T. ) ;
#724 = DIRECTION ( 'NONE',  ( 1.000000000000000000, 0.000000000000000000, -0.000000000000000000 ) ) ;
#725 = EDGE_CURVE ( 'NONE', #616, #877, #2616, .T. ) ;
#726 = ORIENTED_EDGE ( 'NONE', *, *, #4574, .F. ) ;
#727 = CARTESIAN_POINT ( 'NONE',  ( 27.64999999999999858, -1.899999999999992362, -19.24999999999999645 ) ) ;
#728 = ORIENTED_EDGE ( 'NONE', *, *, #8481, .F. ) ;
#729 = VECTOR ( 'NONE', #1223, 1000.000000000000000 ) ;
#730 = VECTOR ( 'NONE', #9722, 1000.000000000000000 ) ;
#731 = CIRCLE ( 'NONE', #5504, 2.500000000000002220 ) ;
#732 = DIRECTION ( 'NONE',  ( -0.000000000000000000, -1.000000000000000000, -0.000000000000000000 ) ) ;
#733 = CARTESIAN_POINT ( 'NONE',  ( -27.64999999999999858, -1.800000000000000044, 23.75100000000000833 ) ) ;
#734 = LINE ( 'NONE', #8952, #1076 ) ;
#735 = PLANE ( 'NONE',  #2486 ) ;
#736 = EDGE_CURVE ( 'NONE', #6377, #4749, #1067, .T. ) ;
#737 = ORIENTED_EDGE ( 'NONE', *, *, #4451, .T. ) ;
#738 = VECTOR ( 'NONE', #2433, 1000.000000000000000 ) ;
#739 = DIRECTION ( 'NONE',  ( 0.000000000000000000, 0.000000000000000000, 1.000000000000000000 ) ) ;
#740 = ORIENTED_EDGE ( 'NONE', *, *, #5780, .F. ) ;
#741 = LINE ( 'NONE', #4000, #2665 ) ;
#742 = VERTEX_POINT ( 'NONE', #1818 ) ;
#743 = ORIENTED_EDGE ( 'NONE', *, *, #8762, .T. ) ;
#744 = AXIS2_PLACEMENT_3D ( 'NONE', #6334, #4635, #1476 ) ;
#745 = CYLINDRICAL_SURFACE ( 'NONE', #2794, 0.4000000000000010214 ) ;
#746 = DIRECTION ( 'NONE',  ( 0.000000000000000000, 0.000000000000000000, 1.000000000000000000 ) ) ;
#747 = CARTESIAN_POINT ( 'NONE',  ( -12.75000000000000178, 0.5000000000000000000, -16.84999999999999787 ) ) ;
#748 = DIRECTION ( 'NONE',  ( 1.000000000000000000, 0.000000000000000000, 0.000000000000000000 ) ) ;
#749 = ADVANCED_FACE ( 'NONE', ( #270 ), #8215, .F. ) ;
#750 = DIRECTION ( 'NONE',  ( 1.000000000000000000, 0.000000000000000000, -0.000000000000000000 ) ) ;
#751 = ORIENTED_EDGE ( 'NONE', *, *, #9825, .T. ) ;
#752 = CARTESIAN_POINT ( 'NONE',  ( 13.50000000000000178, -0.2500000000000000000, -16.64999999999999858 ) ) ;
#753 = VECTOR ( 'NONE', #3202, 1000.000000000000000 ) ;
#754 = ORIENTED_EDGE ( 'NONE', *, *, #5681, .F. ) ;
#755 = ORIENTED_EDGE ( 'NONE', *, *, #5162, .T. ) ;
#756 = ORIENTED_EDGE ( 'NONE', *, *, #8488, .F. ) ;
#757 = AXIS2_PLACEMENT_3D ( 'NONE', #1212, #1317, #6121 ) ;
#758 = DIRECTION ( 'NONE',  ( 0.000000000000000000, 0.000000000000000000, -1.000000000000000000 ) ) ;
#759 = ADVANCED_FACE ( 'NONE', ( #9926 ), #5074, .F. ) ;
#760 = CARTESIAN_POINT ( 'NONE',  ( -20.44999999999999929, 0.9999999999999870104, 20.75000000000000355 ) ) ;
#761 = VECTOR ( 'NONE', #9049, 1000.000000000000000 ) ;
#762 = LINE ( 'NONE', #4024, #978 ) ;
#763 = CARTESIAN_POINT ( 'NONE',  ( 27.95000000000000639, 24.84296113818832197, 23.75000000000000355 ) ) ;
#764 = CYLINDRICAL_SURFACE ( 'NONE', #7030, 0.4000000000000001887 ) ;
#765 = ORIENTED_EDGE ( 'NONE', *, *, #9075, .T. ) ;
#766 = VECTOR ( 'NONE', #3795, 1000.000000000000000 ) ;
#767 = EDGE_LOOP ( 'NONE', ( #2365, #3237 ) ) ;
#768 = CARTESIAN_POINT ( 'NONE',  ( 0.000000000000000000, -1.800000000000000044, -10.00000000000000000 ) ) ;
#769 = VECTOR ( 'NONE', #8691, 1000.000000000000000 ) ;
#770 = ORIENTED_EDGE ( 'NONE', *, *, #8431, .T. ) ;
#771 = CIRCLE ( 'NONE', #1622, 0.5999999999999998668 ) ;
#772 = ORIENTED_EDGE ( 'NONE', *, *, #5264, .T. ) ;
#773 = AXIS2_PLACEMENT_3D ( 'NONE', #1013, #9871, #2678 ) ;
#774 = CARTESIAN_POINT ( 'NONE',  ( 37.65000000000000568, 9.099999999999999645, 19.25000000000000000 ) ) ;
#775 = EDGE_CURVE ( 'NONE', #8193, #1137, #911, .T. ) ;
#776 = VECTOR ( 'NONE', #6541, 1000.000000000000000 ) ;
#777 = LINE ( 'NONE', #4673, #2973 ) ;
#778 = CARTESIAN_POINT ( 'NONE',  ( 21.85000000000000142, 1.399999999999982370, 21.15000000000000568 ) ) ;
#779 = PLANE ( 'NONE',  #8226 ) ;
#780 = VERTEX_POINT ( 'NONE', #5977 ) ;
#781 = CARTESIAN_POINT ( 'NONE',  ( 0.000000000000000000, -2.600000000000004530, -20.24999999999999645 ) ) ;
#782 = VERTEX_POINT ( 'NONE', #4168 ) ;
#783 = CARTESIAN_POINT ( 'NONE',  ( -18.24999999999997868, -0.9000000000000044631, -5.049999999999995381 ) ) ;
#784 = ORIENTED_EDGE ( 'NONE', *, *, #5914, .T. ) ;
#785 = EDGE_CURVE ( 'NONE', #5467, #5280, #10277, .T. ) ;
#786 = EDGE_CURVE ( 'NONE', #7269, #4363, #3377, .T. ) ;
#787 = FACE_OUTER_BOUND ( 'NONE', #1213, .T. ) ;
#788 = EDGE_CURVE ( 'NONE', #10066, #3938, #9125, .T. ) ;
#789 = FACE_OUTER_BOUND ( 'NONE', #3696, .T. ) ;
#790 = CARTESIAN_POINT ( 'NONE',  ( 24.85000000000000853, -4.999999999999992006, 23.15100000000000691 ) ) ;
#791 = DIRECTION ( 'NONE',  ( 0.000000000000000000, 0.000000000000000000, 1.000000000000000000 ) ) ;
#792 = DIRECTION ( 'NONE',  ( 0.000000000000000000, 0.000000000000000000, 1.000000000000000000 ) ) ;
#793 = LINE ( 'NONE', #7305, #6341 ) ;
#794 = ORIENTED_EDGE ( 'NONE', *, *, #3343, .F. ) ;
#795 = CARTESIAN_POINT ( 'NONE',  ( -30.95000000000000995, -9.000000000000001776, 2.249999999999999112 ) ) ;
#796 = VERTEX_POINT ( 'NONE', #5121 ) ;
#797 = CARTESIAN_POINT ( 'NONE',  ( -33.85000000000000853, 9.899999999999998579, 8.448227494413583116 ) ) ;
#798 = VERTEX_POINT ( 'NONE', #8377 ) ;
#799 = ORIENTED_EDGE ( 'NONE', *, *, #4137, .T. ) ;
#800 = EDGE_CURVE ( 'NONE', #4092, #8338, #8902, .T. ) ;
#801 = CARTESIAN_POINT ( 'NONE',  ( 13.64814941654042713, -0.9000000000000032419, -16.84999999999999787 ) ) ;
#802 = PLANE ( 'NONE',  #6908 ) ;
#803 = LINE ( 'NONE', #1540, #9797 ) ;
#804 = CIRCLE ( 'NONE', #121, 1.249999999999997558 ) ;
#805 = CARTESIAN_POINT ( 'NONE',  ( 35.75000000000000000, 17.01111066297655228, 3.460769515458663736 ) ) ;
#806 = DIRECTION ( 'NONE',  ( 1.000000000000000000, 0.000000000000000000, 0.000000000000000000 ) ) ;
#807 = VERTEX_POINT ( 'NONE', #4380 ) ;
#808 = DIRECTION ( 'NONE',  ( -0.000000000000000000, 1.000000000000000000, -0.000000000000000000 ) ) ;
#809 = ORIENTED_EDGE ( 'NONE', *, *, #2405, .F. ) ;
#810 = EDGE_LOOP ( 'NONE', ( #9501, #8873, #2101, #8763 ) ) ;
#811 = VERTEX_POINT ( 'NONE', #425 ) ;
#812 = EDGE_CURVE ( 'NONE', #2636, #10300, #6239, .T. ) ;
#813 = CARTESIAN_POINT ( 'NONE',  ( -26.25000000000001776, 0.000000000000000000, 11.50000000000000533 ) ) ;
#814 = DIRECTION ( 'NONE',  ( -1.000000000000000000, -1.176615829264044977E-15, 0.000000000000000000 ) ) ;
#815 = FACE_OUTER_BOUND ( 'NONE', #5382, .T. ) ;
#816 = LINE ( 'NONE', #10528, #8398 ) ;
#817 = DIRECTION ( 'NONE',  ( -1.000000000000000000, 0.000000000000000000, 0.000000000000000000 ) ) ;
#818 = ORIENTED_EDGE ( 'NONE', *, *, #8515, .F. ) ;
#819 = ORIENTED_EDGE ( 'NONE', *, *, #8999, .T. ) ;
#820 = LINE ( 'NONE', #6474, #8658 ) ;
#821 = EDGE_CURVE ( 'NONE', #8090, #2042, #8690, .T. ) ;
#822 = ORIENTED_EDGE ( 'NONE', *, *, #2741, .T. ) ;
#823 = EDGE_LOOP ( 'NONE', ( #9946, #1948, #5614, #2229 ) ) ;
#824 = EDGE_CURVE ( 'NONE', #582, #10087, #10296, .T. ) ;
#825 = AXIS2_PLACEMENT_3D ( 'NONE', #5098, #4296, #6800 ) ;
#826 = DIRECTION ( 'NONE',  ( 0.000000000000000000, 0.000000000000000000, 1.000000000000000000 ) ) ;
#827 = LINE ( 'NONE', #4084, #574 ) ;
#828 = DIRECTION ( 'NONE',  ( 1.000000000000000000, 0.000000000000000000, 0.000000000000000000 ) ) ;
#829 = APPLICATION_CONTEXT ( 'automotive_design' ) ;
#830 = CARTESIAN_POINT ( 'NONE',  ( 9.471191391827405483E-15, 8.500000000000000000, 23.75000000000001776 ) ) ;
#831 = ORIENTED_EDGE ( 'NONE', *, *, #3539, .T. ) ;
#832 = LINE ( 'NONE', #3297, #3102 ) ;
#833 = VECTOR ( 'NONE', #4490, 1000.000000000000000 ) ;
#834 = ORIENTED_EDGE ( 'NONE', *, *, #9139, .F. ) ;
#835 = EDGE_CURVE ( 'NONE', #9601, #685, #3000, .T. ) ;
#836 = PLANE ( 'NONE',  #614 ) ;
#837 = ORIENTED_EDGE ( 'NONE', *, *, #2605, .T. ) ;
#838 = AXIS2_PLACEMENT_3D ( 'NONE', #3650, #3752, #6895 ) ;
#839 = DIRECTION ( 'NONE',  ( 0.000000000000000000, 1.000000000000000000, 0.000000000000000000 ) ) ;
#840 = VECTOR ( 'NONE', #828, 1000.000000000000000 ) ;
#841 = ORIENTED_EDGE ( 'NONE', *, *, #9783, .F. ) ;
#842 = DIRECTION ( 'NONE',  ( 1.000000000000000000, -1.239028640609192497E-16, 0.000000000000000000 ) ) ;
#843 = LINE ( 'NONE', #9645, #8905 ) ;
#844 = DIRECTION ( 'NONE',  ( 1.000000000000000000, 0.000000000000000000, -3.771137991253934490E-16 ) ) ;
#845 = DIRECTION ( 'NONE',  ( -0.000000000000000000, -1.000000000000000000, -0.000000000000000000 ) ) ;
#846 = LINE ( 'NONE', #10315, #891 ) ;
#847 = ORIENTED_EDGE ( 'NONE', *, *, #3276, .T. ) ;
#848 = CARTESIAN_POINT ( 'NONE',  ( 21.85000000000000142, 24.84296113818832197, 20.75000000000000355 ) ) ;
#849 = EDGE_LOOP ( 'NONE', ( #7747, #7835, #7060, #2366 ) ) ;
#850 = EDGE_CURVE ( 'NONE', #1574, #3274, #6827, .T. ) ;
#851 = CARTESIAN_POINT ( 'NONE',  ( -38.64999999999999858, -1.800000000000000266, 6.049999999999999822 ) ) ;
#852 = ORIENTED_EDGE ( 'NONE', *, *, #2260, .F. ) ;
#853 = CARTESIAN_POINT ( 'NONE',  ( 35.35000000000000142, 9.100000000000003197, -0.3499999999999984790 ) ) ;
#854 = PLANE ( 'NONE',  #89 ) ;
#855 = LINE ( 'NONE', #5718, #1241 ) ;
#856 = CARTESIAN_POINT ( 'NONE',  ( -38.64999999999999858, 1.600000000000000089, 6.049999999999999822 ) ) ;
#857 = EDGE_CURVE ( 'NONE', #1419, #436, #6084, .T. ) ;
#858 = CARTESIAN_POINT ( 'NONE',  ( 35.75000000000000000, -1.800000000000000044, -19.25000000000000355 ) ) ;
#859 = VERTEX_POINT ( 'NONE', #7742 ) ;
#860 = FACE_OUTER_BOUND ( 'NONE', #2754, .T. ) ;
#861 = EDGE_CURVE ( 'NONE', #414, #7560, #7891, .T. ) ;
#862 = EDGE_LOOP ( 'NONE', ( #6450, #4002, #469, #5712 ) ) ;
#863 = ORIENTED_EDGE ( 'NONE', *, *, #4243, .T. ) ;
#864 = ORIENTED_EDGE ( 'NONE', *, *, #8354, .F. ) ;
#865 = CARTESIAN_POINT ( 'NONE',  ( 39.25000000000000000, 4.099999999999997868, 19.25000000000000355 ) ) ;
#866 = CIRCLE ( 'NONE', #2231, 1.249999999999997558 ) ;
#867 = DIRECTION ( 'NONE',  ( 0.000000000000000000, 0.000000000000000000, 1.000000000000000000 ) ) ;
#868 = LINE ( 'NONE', #6998, #1552 ) ;
#869 = DIRECTION ( 'NONE',  ( 0.000000000000000000, 0.000000000000000000, -1.000000000000000000 ) ) ;
#870 = DIRECTION ( 'NONE',  ( 1.000000000000000000, 0.000000000000000000, 0.000000000000000000 ) ) ;
#871 = EDGE_CURVE ( 'NONE', #3946, #10195, #1984, .T. ) ;
#872 = ORIENTED_EDGE ( 'NONE', *, *, #2061, .T. ) ;
#873 = ORIENTED_EDGE ( 'NONE', *, *, #8872, .T. ) ;
#874 = DIRECTION ( 'NONE',  ( 0.000000000000000000, 0.000000000000000000, 1.000000000000000000 ) ) ;
#875 = VECTOR ( 'NONE', #4717, 1000.000000000000114 ) ;
#876 = ORIENTED_EDGE ( 'NONE', *, *, #2921, .F. ) ;
#877 = VERTEX_POINT ( 'NONE', #2784 ) ;
#878 = AXIS2_PLACEMENT_3D ( 'NONE', #8341, #1030, #4341 ) ;
#879 = LINE ( 'NONE', #6477, #435 ) ;
#880 = DIRECTION ( 'NONE',  ( -0.000000000000000000, -0.000000000000000000, 1.000000000000000000 ) ) ;
#881 = CYLINDRICAL_SURFACE ( 'NONE', #5790, 1.500000000000001332 ) ;
#882 = CARTESIAN_POINT ( 'NONE',  ( -29.64999999999999858, -0.3999999999999999667, 7.000000000000000888 ) ) ;
#883 = EDGE_CURVE ( 'NONE', #545, #10019, #8536, .T. ) ;
#884 = ORIENTED_EDGE ( 'NONE', *, *, #4616, .T. ) ;
#885 = VECTOR ( 'NONE', #7381, 1000.000000000000000 ) ;
#886 = PLANE ( 'NONE',  #7689 ) ;
#887 = ORIENTED_EDGE ( 'NONE', *, *, #6593, .F. ) ;
#888 = CIRCLE ( 'NONE', #8882, 1.500000000000001332 ) ;
#889 = CARTESIAN_POINT ( 'NONE',  ( 37.65000000000000568, 9.099999999999999645, 19.25000000000000000 ) ) ;
#890 = ORIENTED_EDGE ( 'NONE', *, *, #1982, .T. ) ;
#891 = VECTOR ( 'NONE', #9506, 1000.000000000000000 ) ;
#892 = DIRECTION ( 'NONE',  ( -0.000000000000000000, 0.000000000000000000, 1.000000000000000000 ) ) ;
#893 = ORIENTED_EDGE ( 'NONE', *, *, #9771, .F. ) ;
#894 = ADVANCED_FACE ( 'NONE', ( #3689 ), #6935, .F. ) ;
#895 = DIRECTION ( 'NONE',  ( 0.000000000000000000, 1.000000000000000000, 0.000000000000000000 ) ) ;
#896 = DIRECTION ( 'NONE',  ( 0.000000000000000000, 0.000000000000000000, -1.000000000000000000 ) ) ;
#897 = CARTESIAN_POINT ( 'NONE',  ( 37.65000000000001279, 9.902000000000001023, 10.95000000000000284 ) ) ;
#898 = CARTESIAN_POINT ( 'NONE',  ( -30.95000000000000995, -9.000000000000001776, 4.350000000000000533 ) ) ;
#899 = CARTESIAN_POINT ( 'NONE',  ( 35.75000000000000000, 9.100000000000006750, -12.80000000000000249 ) ) ;
#900 = VERTEX_POINT ( 'NONE', #5392 ) ;
#901 = DIRECTION ( 'NONE',  ( -0.000000000000000000, 1.000000000000000000, -0.000000000000000000 ) ) ;
#902 = VECTOR ( 'NONE', #5931, 1000.000000000000000 ) ;
#903 = ORIENTED_EDGE ( 'NONE', *, *, #7722, .F. ) ;
#904 = CARTESIAN_POINT ( 'NONE',  ( -35.25000000000000000, 0.000000000000000000, -19.14999999999999858 ) ) ;
#905 = ORIENTED_EDGE ( 'NONE', *, *, #2169, .F. ) ;
#906 = AXIS2_PLACEMENT_3D ( 'NONE', #4414, #4367, #5219 ) ;
#907 = CARTESIAN_POINT ( 'NONE',  ( -39.25000000000000000, 1.600000000000000089, -20.74999999999999645 ) ) ;
#908 = VECTOR ( 'NONE', #2843, 1000.000000000000000 ) ;
#909 = DIRECTION ( 'NONE',  ( 0.000000000000000000, 1.000000000000000000, 0.000000000000000000 ) ) ;
#910 = AXIS2_PLACEMENT_3D ( 'NONE', #9306, #9250, #7820 ) ;
#911 = LINE ( 'NONE', #2628, #2264 ) ;
#912 = EDGE_CURVE ( 'NONE', #73, #3500, #4587, .T. ) ;
#913 = CARTESIAN_POINT ( 'NONE',  ( 39.25000000000000000, 1.600000000000000089, 22.14999999999999503 ) ) ;
#914 = LINE ( 'NONE', #7588, #3164 ) ;
#915 = ORIENTED_EDGE ( 'NONE', *, *, #328, .F. ) ;
#916 = CARTESIAN_POINT ( 'NONE',  ( 13.64814941654042535, -0.9000000000000033529, -16.64999999999999858 ) ) ;
#917 = EDGE_LOOP ( 'NONE', ( #2763, #6929, #4132, #7402 ) ) ;
#918 = VERTEX_POINT ( 'NONE', #2186 ) ;
#919 = ORIENTED_EDGE ( 'NONE', *, *, #785, .F. ) ;
#920 = CARTESIAN_POINT ( 'NONE',  ( 11.95000000000000639, 1.600000000000000089, -17.44999999999999929 ) ) ;
#921 = EDGE_CURVE ( 'NONE', #7200, #4029, #7794, .T. ) ;
#922 = EDGE_CURVE ( 'NONE', #1355, #7570, #3585, .T. ) ;
#923 = DIRECTION ( 'NONE',  ( 2.569960705150825398E-16, 1.000000000000000000, 0.000000000000000000 ) ) ;
#924 = EDGE_CURVE ( 'NONE', #9391, #6280, #6182, .T. ) ;
#925 = CARTESIAN_POINT ( 'NONE',  ( -35.25000000000000711, -1.800000000000000044, -20.74999999999999645 ) ) ;
#926 = CARTESIAN_POINT ( 'NONE',  ( 0.000000000000000000, 0.000000000000000000, -3.949999999999995293 ) ) ;
#927 = VECTOR ( 'NONE', #7298, 1000.000000000000000 ) ;
#928 = PRODUCT_DEFINITION_FORMATION_WITH_SPECIFIED_SOURCE ( 'ANY', '', #7191, .NOT_KNOWN. ) ;
#929 = ORIENTED_EDGE ( 'NONE', *, *, #4818, .F. ) ;
#930 = ORIENTED_EDGE ( 'NONE', *, *, #5618, .T. ) ;
#931 = AXIS2_PLACEMENT_3D ( 'NONE', #7211, #6512, #750 ) ;
#932 = VERTEX_POINT ( 'NONE', #4428 ) ;
#933 = ORIENTED_EDGE ( 'NONE', *, *, #5741, .F. ) ;
#934 = CARTESIAN_POINT ( 'NONE',  ( 34.05000000000001137, 9.899999999999998579, 2.769059892324147842 ) ) ;
#935 = EDGE_CURVE ( 'NONE', #5615, #9023, #9383, .T. ) ;
#936 = CYLINDRICAL_SURFACE ( 'NONE', #2828, 0.8500000000000000888 ) ;
#937 = DIRECTION ( 'NONE',  ( -0.7071067811865526798, -0.7071067811865423547, 0.000000000000000000 ) ) ;
#938 = VECTOR ( 'NONE', #114, 1000.000000000000000 ) ;
#939 = DIRECTION ( 'NONE',  ( 1.000000000000000000, 0.000000000000000000, 0.000000000000000000 ) ) ;
#940 = CARTESIAN_POINT ( 'NONE',  ( -37.05000000000000426, 9.899999999999998579, 5.450000000000000178 ) ) ;
#941 = VERTEX_POINT ( 'NONE', #3635 ) ;
#942 = VECTOR ( 'NONE', #5492, 1000.000000000000000 ) ;
#943 = PLANE ( 'NONE',  #9715 ) ;
#944 = CIRCLE ( 'NONE', #2662, 2.649999999999998579 ) ;
#945 = ORIENTED_EDGE ( 'NONE', *, *, #1992, .T. ) ;
#946 = DIRECTION ( 'NONE',  ( -0.000000000000000000, -0.000000000000000000, -1.000000000000000000 ) ) ;
#947 = ORIENTED_EDGE ( 'NONE', *, *, #7090, .F. ) ;
#948 = AXIS2_PLACEMENT_3D ( 'NONE', #1216, #9432, #7736 ) ;
#949 = EDGE_CURVE ( 'NONE', #4519, #3024, #478, .T. ) ;
#950 = AXIS2_PLACEMENT_3D ( 'NONE', #9902, #8989, #3241 ) ;
#951 = CARTESIAN_POINT ( 'NONE',  ( 32.95000000000000995, 4.099999999999997868, -19.25000000000000355 ) ) ;
#952 = DIRECTION ( 'NONE',  ( -1.000000000000000000, -0.000000000000000000, -0.000000000000000000 ) ) ;
#953 = CARTESIAN_POINT ( 'NONE',  ( -21.25000000000000000, 7.200000000000009948, 23.15100000000000691 ) ) ;
#954 = CARTESIAN_POINT ( 'NONE',  ( -36.45000000000000284, -9.000000000000001776, -8.448227494413584893 ) ) ;
#955 = CARTESIAN_POINT ( 'NONE',  ( -26.64999999999999503, -2.600000000000004530, -20.24999999999999645 ) ) ;
#956 = DIRECTION ( 'NONE',  ( 0.000000000000000000, 1.000000000000000000, 0.000000000000000000 ) ) ;
#957 = CARTESIAN_POINT ( 'NONE',  ( 15.00000000000000355, -0.2500000000000000000, -0.1499999999999973577 ) ) ;
#958 = ORIENTED_EDGE ( 'NONE', *, *, #2958, .F. ) ;
#959 = CARTESIAN_POINT ( 'NONE',  ( -30.94999999999999929, 3.600000000000004974, -17.44999999999999929 ) ) ;
#960 = EDGE_LOOP ( 'NONE', ( #1282, #5313, #7041, #2270 ) ) ;
#961 = DIRECTION ( 'NONE',  ( -1.000000000000000000, -0.000000000000000000, -0.000000000000000000 ) ) ;
#962 = ORIENTED_EDGE ( 'NONE', *, *, #8852, .T. ) ;
#963 = EDGE_CURVE ( 'NONE', #9231, #3654, #8586, .T. ) ;
#964 = EDGE_CURVE ( 'NONE', #6165, #3469, #4481, .T. ) ;
#965 = CARTESIAN_POINT ( 'NONE',  ( 0.5000000000000004441, 7.762049935181331684, -21.94999999999999574 ) ) ;
#966 = CARTESIAN_POINT ( 'NONE',  ( -26.25000000000001421, -1.800000000000000044, 11.50000000000000533 ) ) ;
#967 = CARTESIAN_POINT ( 'NONE',  ( -33.64999999999999858, 8.500000000000000000, 0.000000000000000000 ) ) ;
#968 = CYLINDRICAL_SURFACE ( 'NONE', #5656, 0.5999999999999998668 ) ;
#969 = DIRECTION ( 'NONE',  ( 0.000000000000000000, 0.000000000000000000, -1.000000000000000000 ) ) ;
#970 = ORIENTED_EDGE ( 'NONE', *, *, #857, .F. ) ;
#971 = DIRECTION ( 'NONE',  ( -0.000000000000000000, 1.000000000000000000, -0.000000000000000000 ) ) ;
#972 = EDGE_CURVE ( 'NONE', #9183, #3382, #7034, .T. ) ;
#973 = ORIENTED_EDGE ( 'NONE', *, *, #3539, .F. ) ;
#974 = ORIENTED_EDGE ( 'NONE', *, *, #1488, .F. ) ;
#975 = EDGE_CURVE ( 'NONE', #5258, #6746, #734, .T. ) ;
#976 = ORIENTED_EDGE ( 'NONE', *, *, #6403, .F. ) ;
#977 = CARTESIAN_POINT ( 'NONE',  ( -34.25000000000000000, -1.800000000000000044, -19.14999999999999858 ) ) ;
#978 = VECTOR ( 'NONE', #2262, 1000.000000000000000 ) ;
#979 = DIRECTION ( 'NONE',  ( 0.000000000000000000, 0.000000000000000000, -1.000000000000000000 ) ) ;
#980 = FACE_OUTER_BOUND ( 'NONE', #6748, .T. ) ;
#981 = LINE ( 'NONE', #4238, #2953 ) ;
#982 = VERTEX_POINT ( 'NONE', #2450 ) ;
#983 = ORIENTED_EDGE ( 'NONE', *, *, #113, .F. ) ;
#984 = DIRECTION ( 'NONE',  ( -2.044391222244499245E-15, 0.7071067811865474617, 0.7071067811865474617 ) ) ;
#985 = EDGE_CURVE ( 'NONE', #1384, #5584, #1528, .T. ) ;
#986 = EDGE_CURVE ( 'NONE', #6551, #4888, #8100, .T. ) ;
#987 = ORIENTED_EDGE ( 'NONE', *, *, #7168, .T. ) ;
#988 = EDGE_LOOP ( 'NONE', ( #8075, #6889, #1509, #9180 ) ) ;
#989 = CARTESIAN_POINT ( 'NONE',  ( 27.85000000000000497, -4.999999999999992006, 24.45000000000000639 ) ) ;
#990 = VECTOR ( 'NONE', #971, 1000.000000000000000 ) ;
#991 = CARTESIAN_POINT ( 'NONE',  ( 16.83234822018088295, -1.799999999999971623, -61.94928997712344199 ) ) ;
#992 = PLANE ( 'NONE',  #8849 ) ;
#993 = LINE ( 'NONE', #830, #10269 ) ;
#994 = ORIENTED_EDGE ( 'NONE', *, *, #5430, .F. ) ;
#995 = DIRECTION ( 'NONE',  ( 0.000000000000000000, 0.000000000000000000, 1.000000000000000000 ) ) ;
#996 = EDGE_CURVE ( 'NONE', #7386, #8137, #8889, .T. ) ;
#997 = LINE ( 'NONE', #9739, #8957 ) ;
#998 = ORIENTED_EDGE ( 'NONE', *, *, #3231, .F. ) ;
#999 = AXIS2_PLACEMENT_3D ( 'NONE', #6852, #10102, #1785 ) ;
#1000 = ORIENTED_EDGE ( 'NONE', *, *, #33, .T. ) ;
#1001 = FACE_OUTER_BOUND ( 'NONE', #496, .T. ) ;
#1002 = EDGE_LOOP ( 'NONE', ( #9415, #3667, #1427, #7764 ) ) ;
#1003 = CARTESIAN_POINT ( 'NONE',  ( -25.25000000000000711, 0.000000000000000000, -10.49999999999999112 ) ) ;
#1004 = DIRECTION ( 'NONE',  ( -0.000000000000000000, -0.000000000000000000, 1.000000000000000000 ) ) ;
#1005 = VECTOR ( 'NONE', #8713, 1000.000000000000000 ) ;
#1006 = LINE ( 'NONE', #6607, #8919 ) ;
#1007 = DIRECTION ( 'NONE',  ( 1.000000000000000000, 0.000000000000000000, 0.000000000000000000 ) ) ;
#1008 = LINE ( 'NONE', #3575, #3324 ) ;
#1009 = ORIENTED_EDGE ( 'NONE', *, *, #9605, .F. ) ;
#1010 = LINE ( 'NONE', #4268, #3260 ) ;
#1011 = VERTEX_POINT ( 'NONE', #8793 ) ;
#1012 = EDGE_CURVE ( 'NONE', #5139, #3654, #2283, .T. ) ;
#1013 = CARTESIAN_POINT ( 'NONE',  ( -39.25000000000000711, -42.37740108089595026, 10.00000000000000000 ) ) ;
#1014 = ORIENTED_EDGE ( 'NONE', *, *, #141, .T. ) ;
#1015 = VECTOR ( 'NONE', #7435, 1000.000000000000000 ) ;
#1016 = LINE ( 'NONE', #4272, #5875 ) ;
#1017 = DIRECTION ( 'NONE',  ( 0.000000000000000000, 0.000000000000000000, 1.000000000000000000 ) ) ;
#1018 = FACE_OUTER_BOUND ( 'NONE', #9460, .T. ) ;
#1019 = CARTESIAN_POINT ( 'NONE',  ( -20.84999999999999787, -4.999999999999999112, 24.45000000000000639 ) ) ;
#1020 = EDGE_CURVE ( 'NONE', #9855, #2345, #3994, .T. ) ;
#1021 = DIRECTION ( 'NONE',  ( 0.000000000000000000, 0.000000000000000000, 1.000000000000000000 ) ) ;
#1022 = EDGE_LOOP ( 'NONE', ( #8146, #3877, #3212, #8108, #7984, #6100 ) ) ;
#1023 = LINE ( 'NONE', #7482, #3730 ) ;
#1024 = ORIENTED_EDGE ( 'NONE', *, *, #912, .T. ) ;
#1025 = ORIENTED_EDGE ( 'NONE', *, *, #3594, .F. ) ;
#1026 = VERTEX_POINT ( 'NONE', #5592 ) ;
#1027 = LINE ( 'NONE', #9027, #9331 ) ;
#1028 = DIRECTION ( 'NONE',  ( 0.000000000000000000, 0.000000000000000000, -1.000000000000000000 ) ) ;
#1029 = EDGE_CURVE ( 'NONE', #6325, #6065, #9694, .T. ) ;
#1030 = DIRECTION ( 'NONE',  ( 0.000000000000000000, 1.000000000000000000, 0.000000000000000000 ) ) ;
#1031 = DIRECTION ( 'NONE',  ( 0.000000000000000000, 0.000000000000000000, 1.000000000000000000 ) ) ;
#1032 = VERTEX_POINT ( 'NONE', #3204 ) ;
#1033 = ORIENTED_EDGE ( 'NONE', *, *, #6183, .T. ) ;
#1034 = CARTESIAN_POINT ( 'NONE',  ( -30.94999999999999929, 5.000000000000000888, -19.25000000000000000 ) ) ;
#1035 = EDGE_LOOP ( 'NONE', ( #3985, #8811, #5653, #3330 ) ) ;
#1036 = ORIENTED_EDGE ( 'NONE', *, *, #1561, .T. ) ;
#1037 = DIRECTION ( 'NONE',  ( -0.000000000000000000, -0.000000000000000000, 1.000000000000000000 ) ) ;
#1038 = EDGE_CURVE ( 'NONE', #6648, #9478, #10445, .T. ) ;
#1039 = CARTESIAN_POINT ( 'NONE',  ( 13.16765177981913837, -1.799999999999992051, -3.949999999999995293 ) ) ;
#1040 = CARTESIAN_POINT ( 'NONE',  ( 10.15000000000000568, 1.600000000000000089, 19.25000000000000000 ) ) ;
#1041 = AXIS2_PLACEMENT_3D ( 'NONE', #2881, #6123, #9376 ) ;
#1042 = EDGE_CURVE ( 'NONE', #1841, #1332, #3846, .T. ) ;
#1043 = CARTESIAN_POINT ( 'NONE',  ( -20.85000000000000497, 8.499999999999998224, 23.75000000000000355 ) ) ;
#1044 = ORIENTED_EDGE ( 'NONE', *, *, #7938, .F. ) ;
#1045 = PLANE ( 'NONE',  #8023 ) ;
#1046 = ORIENTED_EDGE ( 'NONE', *, *, #975, .F. ) ;
#1047 = CIRCLE ( 'NONE', #7009, 1.000000000000000000 ) ;
#1048 = ORIENTED_EDGE ( 'NONE', *, *, #3135, .F. ) ;
#1049 = CARTESIAN_POINT ( 'NONE',  ( -28.35000000000000497, -42.37740108089595026, -9.000000000000003553 ) ) ;
#1050 = EDGE_CURVE ( 'NONE', #8322, #4003, #9595, .T. ) ;
#1051 = EDGE_CURVE ( 'NONE', #1658, #6597, #9543, .T. ) ;
#1052 = DIRECTION ( 'NONE',  ( 1.000000000000000000, -0.000000000000000000, -0.000000000000000000 ) ) ;
#1053 = DIRECTION ( 'NONE',  ( 1.000000000000000000, 0.000000000000000000, 4.565061778886303475E-16 ) ) ;
#1054 = CARTESIAN_POINT ( 'NONE',  ( -30.95000000000000995, 9.899999999999998579, -2.249999999999999112 ) ) ;
#1055 = EDGE_CURVE ( 'NONE', #6704, #807, #7251, .T. ) ;
#1056 = DIRECTION ( 'NONE',  ( 0.000000000000000000, 2.090028284309405749E-16, -1.000000000000000000 ) ) ;
#1057 = CARTESIAN_POINT ( 'NONE',  ( -25.25000000000000711, -1.800000000000000044, 11.50000000000000711 ) ) ;
#1058 = CIRCLE ( 'NONE', #10259, 1.000000000000000888 ) ;
#1059 = ORIENTED_EDGE ( 'NONE', *, *, #5894, .F. ) ;
#1060 = CARTESIAN_POINT ( 'NONE',  ( -20.64999999999999858, -1.799999999999994493, -17.54999999999999716 ) ) ;
#1061 = ORIENTED_EDGE ( 'NONE', *, *, #3478, .F. ) ;
#1062 = LINE ( 'NONE', #4162, #7424 ) ;
#1063 = ORIENTED_EDGE ( 'NONE', *, *, #3022, .T. ) ;
#1064 = DIRECTION ( 'NONE',  ( -1.000000000000000000, 0.000000000000000000, -1.826024711554528095E-15 ) ) ;
#1065 = EDGE_CURVE ( 'NONE', #3159, #9101, #4688, .T. ) ;
#1066 = DIRECTION ( 'NONE',  ( -1.000000000000000000, 0.000000000000000000, 0.000000000000000000 ) ) ;
#1067 = LINE ( 'NONE', #6671, #6527 ) ;
#1068 = CARTESIAN_POINT ( 'NONE',  ( -33.85000000000000853, -0.3999999999999999667, -6.049999999999999822 ) ) ;
#1069 = VECTOR ( 'NONE', #383, 1000.000000000000000 ) ;
#1070 = CARTESIAN_POINT ( 'NONE',  ( 33.94999999999998863, 9.100000000000001421, 10.95000000000000284 ) ) ;
#1071 = LINE ( 'NONE', #1820, #7586 ) ;
#1072 = VERTEX_POINT ( 'NONE', #7994 ) ;
#1073 = CARTESIAN_POINT ( 'NONE',  ( -5.449999999999997513, -0.9000000000000057954, -5.049999999999995381 ) ) ;
#1074 = VERTEX_POINT ( 'NONE', #1581 ) ;
#1075 = ORIENTED_EDGE ( 'NONE', *, *, #1686, .F. ) ;
#1076 = VECTOR ( 'NONE', #5645, 1000.000000000000000 ) ;
#1077 = VECTOR ( 'NONE', #2138, 1000.000000000000000 ) ;
#1078 = ORIENTED_EDGE ( 'NONE', *, *, #547, .T. ) ;
#1079 = VECTOR ( 'NONE', #2559, 1000.000000000000000 ) ;
#1080 = PLANE ( 'NONE',  #4730 ) ;
#1081 = ADVANCED_FACE ( 'NONE', ( #2343 ), #7890, .T. ) ;
#1082 = LINE ( 'NONE', #5086, #3915 ) ;
#1083 = LINE ( 'NONE', #1833, #3107 ) ;
#1084 = CARTESIAN_POINT ( 'NONE',  ( -35.25000000000000000, -0.7000000000000000666, 23.75000000000000711 ) ) ;
#1085 = ORIENTED_EDGE ( 'NONE', *, *, #6933, .F. ) ;
#1086 = VERTEX_POINT ( 'NONE', #3097 ) ;
#1087 = CARTESIAN_POINT ( 'NONE',  ( 34.75000000000000000, -1.800000000000000044, -19.14999999999999858 ) ) ;
#1088 = ORIENTED_EDGE ( 'NONE', *, *, #9098, .F. ) ;
#1089 = VERTEX_POINT ( 'NONE', #3150 ) ;
#1090 = LINE ( 'NONE', #6753, #3904 ) ;
#1091 = AXIS2_PLACEMENT_3D ( 'NONE', #4415, #2068, #6972 ) ;
#1092 = LINE ( 'NONE', #1952, #7738 ) ;
#1093 =( LENGTH_UNIT ( ) NAMED_UNIT ( * ) SI_UNIT ( .MILLI., .METRE. ) );
#1094 = CARTESIAN_POINT ( 'NONE',  ( 0.5000000000000001110, 6.200000000000000178, -21.15000000000000213 ) ) ;
#1095 = ORIENTED_EDGE ( 'NONE', *, *, #1246, .F. ) ;
#1096 = VECTOR ( 'NONE', #1749, 1000.000000000000000 ) ;
#1097 = DIRECTION ( 'NONE',  ( 1.000000000000000000, 0.000000000000000000, 0.000000000000000000 ) ) ;
#1098 = ORIENTED_EDGE ( 'NONE', *, *, #406, .F. ) ;
#1099 = AXIS2_PLACEMENT_3D ( 'NONE', #196, #2503, #9805 ) ;
#1100 = ORIENTED_EDGE ( 'NONE', *, *, #8244, .F. ) ;
#1101 = EDGE_CURVE ( 'NONE', #1230, #8206, #10552, .T. ) ;
#1102 = AXIS2_PLACEMENT_3D ( 'NONE', #216, #1128, #1877 ) ;
#1103 = CARTESIAN_POINT ( 'NONE',  ( 33.94999999999999574, 7.500000000000001776, 12.80000000000000071 ) ) ;
#1104 = DIRECTION ( 'NONE',  ( 0.000000000000000000, 0.000000000000000000, -1.000000000000000000 ) ) ;
#1105 = DIRECTION ( 'NONE',  ( 0.000000000000000000, 1.000000000000000000, -0.000000000000000000 ) ) ;
#1106 = CARTESIAN_POINT ( 'NONE',  ( 13.85000000000000142, -5.000000000000000000, -11.14999999999999503 ) ) ;
#1107 = VECTOR ( 'NONE', #9763, 1000.000000000000000 ) ;
#1108 = VECTOR ( 'NONE', #1122, 1000.000000000000000 ) ;
#1109 = DIRECTION ( 'NONE',  ( 0.000000000000000000, 1.000000000000000000, 0.000000000000000000 ) ) ;
#1110 = LINE ( 'NONE', #1862, #4674 ) ;
#1111 = ORIENTED_EDGE ( 'NONE', *, *, #8357, .T. ) ;
#1112 = DIRECTION ( 'NONE',  ( -0.000000000000000000, -0.000000000000000000, 1.000000000000000000 ) ) ;
#1113 = VERTEX_POINT ( 'NONE', #3049 ) ;
#1114 = DIRECTION ( 'NONE',  ( -0.7071067811865597852, -0.000000000000000000, -0.7071067811865352493 ) ) ;
#1115 = AXIS2_PLACEMENT_3D ( 'NONE', #6279, #3988, #8091 ) ;
#1116 = ORIENTED_EDGE ( 'NONE', *, *, #5070, .T. ) ;
#1117 = EDGE_CURVE ( 'NONE', #5448, #8119, #7093, .T. ) ;
#1118 = EDGE_CURVE ( 'NONE', #2416, #7789, #1424, .T. ) ;
#1119 = ADVANCED_FACE ( 'NONE', ( #6554 ), #4951, .F. ) ;
#1120 = VECTOR ( 'NONE', #4634, 1000.000000000000000 ) ;
#1121 = CARTESIAN_POINT ( 'NONE',  ( -20.64999999999999858, -1.899999999999992362, -20.24999999999999645 ) ) ;
#1122 = DIRECTION ( 'NONE',  ( -0.000000000000000000, -1.000000000000000000, -0.000000000000000000 ) ) ;
#1123 = CIRCLE ( 'NONE', #8455, 2.500000000000002220 ) ;
#1124 = LINE ( 'NONE', #2519, #9248 ) ;
#1125 = EDGE_CURVE ( 'NONE', #4218, #4696, #6710, .T. ) ;
#1126 = CARTESIAN_POINT ( 'NONE',  ( -31.55000000000000782, -9.000000000000001776, 3.750000000000000444 ) ) ;
#1127 = LINE ( 'NONE', #8644, #1077 ) ;
#1128 = DIRECTION ( 'NONE',  ( 0.000000000000000000, 1.000000000000000000, 0.000000000000000000 ) ) ;
#1129 = ORIENTED_EDGE ( 'NONE', *, *, #652, .T. ) ;
#1130 = EDGE_CURVE ( 'NONE', #9025, #582, #7410, .T. ) ;
#1131 = ORIENTED_EDGE ( 'NONE', *, *, #3197, .F. ) ;
#1132 = ORIENTED_EDGE ( 'NONE', *, *, #2314, .F. ) ;
#1133 = VERTEX_POINT ( 'NONE', #2672 ) ;
#1134 = CARTESIAN_POINT ( 'NONE',  ( 13.50000000000000178, -0.2499999999999998335, -5.049999999999995381 ) ) ;
#1135 = CARTESIAN_POINT ( 'NONE',  ( 21.64999999999999858, -3.399999999999999911, -16.44999999999999574 ) ) ;
#1136 = DIRECTION ( 'NONE',  ( 0.000000000000000000, 0.000000000000000000, -1.000000000000000000 ) ) ;
#1137 = VERTEX_POINT ( 'NONE', #1860 ) ;
#1138 = CARTESIAN_POINT ( 'NONE',  ( -26.75000000000000000, 1.600000000000000977, 17.44999999999999929 ) ) ;
#1139 = DIRECTION ( 'NONE',  ( 0.000000000000000000, 0.000000000000000000, -1.000000000000000000 ) ) ;
#1140 = VERTEX_POINT ( 'NONE', #9110 ) ;
#1141 = DIRECTION ( 'NONE',  ( 0.000000000000000000, -1.000000000000000000, 0.000000000000000000 ) ) ;
#1142 = ADVANCED_FACE ( 'NONE', ( #152 ), #5007, .T. ) ;
#1143 = ORIENTED_EDGE ( 'NONE', *, *, #8331, .F. ) ;
#1144 = EDGE_LOOP ( 'NONE', ( #8661, #9603, #529, #10493 ) ) ;
#1145 = CARTESIAN_POINT ( 'NONE',  ( -12.75000000000000178, -0.9000000000000050182, -5.049999999999991829 ) ) ;
#1146 = LINE ( 'NONE', #2007, #3133 ) ;
#1147 = CARTESIAN_POINT ( 'NONE',  ( -35.64999999999999858, -1.800000000000000044, 23.75000000000000000 ) ) ;
#1148 = CARTESIAN_POINT ( 'NONE',  ( 0.000000000000000000, -1.800000000000000044, 0.000000000000000000 ) ) ;
#1149 = EDGE_CURVE ( 'NONE', #4363, #10008, #8203, .T. ) ;
#1150 = ORIENTED_EDGE ( 'NONE', *, *, #6631, .T. ) ;
#1151 = DIRECTION ( 'NONE',  ( -1.000000000000000000, -0.000000000000000000, -0.000000000000000000 ) ) ;
#1152 = ADVANCED_FACE ( 'NONE', ( #5917 ), #9964, .T. ) ;
#1153 = ORIENTED_EDGE ( 'NONE', *, *, #8047, .T. ) ;
#1154 = ORIENTED_EDGE ( 'NONE', *, *, #824, .T. ) ;
#1155 = CARTESIAN_POINT ( 'NONE',  ( -33.25000000000000000, -9.000000000000001776, -5.450000000000000178 ) ) ;
#1156 = DIRECTION ( 'NONE',  ( 5.204170427930408030E-14, 0.000000000000000000, 1.000000000000000000 ) ) ;
#1157 = CYLINDRICAL_SURFACE ( 'NONE', #1926, 0.4000000000000010214 ) ;
#1158 = LINE ( 'NONE', #10228, #5282 ) ;
#1159 = CARTESIAN_POINT ( 'NONE',  ( -20.64999999999999858, -3.399999999999999911, -17.64999999999999503 ) ) ;
#1160 = CARTESIAN_POINT ( 'NONE',  ( 6.550000000000001599, -0.9000000000000014655, -15.94999999999999929 ) ) ;
#1161 = ORIENTED_EDGE ( 'NONE', *, *, #1537, .F. ) ;
#1162 = CARTESIAN_POINT ( 'NONE',  ( 6.913961030678926534, -1.799999999999990052, -11.14999999999999325 ) ) ;
#1163 = ORIENTED_EDGE ( 'NONE', *, *, #2129, .T. ) ;
#1164 = FACE_OUTER_BOUND ( 'NONE', #5908, .T. ) ;
#1165 = VERTEX_POINT ( 'NONE', #3365 ) ;
#1166 = VECTOR ( 'NONE', #808, 1000.000000000000000 ) ;
#1167 = LINE ( 'NONE', #10237, #5185 ) ;
#1168 = DIRECTION ( 'NONE',  ( 0.8660254037844370423, -0.000000000000000000, -0.5000000000000027756 ) ) ;
#1169 = CARTESIAN_POINT ( 'NONE',  ( -36.45000000000000284, -0.3999999999999993006, 5.450000000000000178 ) ) ;
#1170 = LINE ( 'NONE', #10078, #9738 ) ;
#1171 = EDGE_CURVE ( 'NONE', #4031, #6336, #9810, .T. ) ;
#1172 = EDGE_CURVE ( 'NONE', #1560, #6871, #4312, .T. ) ;
#1173 = DIRECTION ( 'NONE',  ( -2.569960705150825398E-16, -1.000000000000000000, 0.000000000000000000 ) ) ;
#1174 = CARTESIAN_POINT ( 'NONE',  ( 21.44999999999999929, 6.200000000000001066, 21.15000000000000568 ) ) ;
#1175 = VERTEX_POINT ( 'NONE', #4213 ) ;
#1176 = VECTOR ( 'NONE', #1652, 1000.000000000000000 ) ;
#1177 = ORIENTED_EDGE ( 'NONE', *, *, #9652, .F. ) ;
#1178 = EDGE_LOOP ( 'NONE', ( #9577, #8239 ) ) ;
#1179 = ORIENTED_EDGE ( 'NONE', *, *, #6172, .F. ) ;
#1180 = CARTESIAN_POINT ( 'NONE',  ( -34.85000000000000142, 6.200000000000001066, 23.75000000000000000 ) ) ;
#1181 = CARTESIAN_POINT ( 'NONE',  ( 33.15000000000000568, 9.899999999999998579, 3.750555349946511186 ) ) ;
#1182 = DIRECTION ( 'NONE',  ( -0.000000000000000000, -0.000000000000000000, -1.000000000000000000 ) ) ;
#1183 = AXIS2_PLACEMENT_3D ( 'NONE', #2902, #1182, #1234 ) ;
#1184 = EDGE_CURVE ( 'NONE', #1569, #1011, #1006, .T. ) ;
#1185 = AXIS2_PLACEMENT_3D ( 'NONE', #1630, #5744, #6592 ) ;
#1186 = DIRECTION ( 'NONE',  ( -1.000000000000000000, 4.028467922496720713E-31, 7.098702132773274832E-47 ) ) ;
#1187 = EDGE_CURVE ( 'NONE', #4762, #1838, #5110, .T. ) ;
#1188 = DIRECTION ( 'NONE',  ( -1.000000000000000000, 0.000000000000000000, 0.000000000000000000 ) ) ;
#1189 = EDGE_CURVE ( 'NONE', #7733, #10300, #5807, .T. ) ;
#1190 = PLANE ( 'NONE',  #3668 ) ;
#1191 = ORIENTED_EDGE ( 'NONE', *, *, #8805, .T. ) ;
#1192 = DIRECTION ( 'NONE',  ( 1.000000000000000000, 0.000000000000000000, -0.000000000000000000 ) ) ;
#1193 = ORIENTED_EDGE ( 'NONE', *, *, #6778, .T. ) ;
#1194 = ORIENTED_EDGE ( 'NONE', *, *, #3738, .F. ) ;
#1195 = LINE ( 'NONE', #10214, #7480 ) ;
#1196 = VERTEX_POINT ( 'NONE', #2507 ) ;
#1197 = EDGE_CURVE ( 'NONE', #323, #7351, #8316, .T. ) ;
#1198 = CARTESIAN_POINT ( 'NONE',  ( 21.85000000000000142, -4.999999999999992006, 23.35100000000000975 ) ) ;
#1199 = DIRECTION ( 'NONE',  ( 0.000000000000000000, 0.000000000000000000, -1.000000000000000000 ) ) ;
#1200 = DIRECTION ( 'NONE',  ( 8.673617379884027583E-16, -0.000000000000000000, 1.000000000000000000 ) ) ;
#1201 = ORIENTED_EDGE ( 'NONE', *, *, #2510, .F. ) ;
#1202 = DIRECTION ( 'NONE',  ( 0.000000000000000000, 1.000000000000000000, 0.000000000000000000 ) ) ;
#1203 = ORIENTED_EDGE ( 'NONE', *, *, #630, .T. ) ;
#1204 = VERTEX_POINT ( 'NONE', #7516 ) ;
#1205 = CARTESIAN_POINT ( 'NONE',  ( -37.35000000000000142, -0.3999999999999975797, 23.75000000000000000 ) ) ;
#1206 = VECTOR ( 'NONE', #8683, 1000.000000000000000 ) ;
#1207 = EDGE_CURVE ( 'NONE', #7214, #9183, #200, .T. ) ;
#1208 = CARTESIAN_POINT ( 'NONE',  ( 35.75000000000000000, 3.469446951953614189E-15, -14.24999999999999822 ) ) ;
#1209 = DIRECTION ( 'NONE',  ( 1.000000000000000000, 0.000000000000000000, 0.000000000000000000 ) ) ;
#1210 = DIRECTION ( 'NONE',  ( 0.000000000000000000, -1.000000000000000000, 0.000000000000000000 ) ) ;
#1211 = DIRECTION ( 'NONE',  ( 0.000000000000000000, -1.000000000000000000, -0.000000000000000000 ) ) ;
#1212 = CARTESIAN_POINT ( 'NONE',  ( -39.25000000000000000, -0.3999999999999999667, 10.00000000000000000 ) ) ;
#1213 = EDGE_LOOP ( 'NONE', ( #1075, #5397, #9727, #4038, #6560, #1059 ) ) ;
#1214 = CARTESIAN_POINT ( 'NONE',  ( -20.44999999999999929, 1.600000000000000089, 21.15000000000000568 ) ) ;
#1215 = ORIENTED_EDGE ( 'NONE', *, *, #8415, .F. ) ;
#1216 = CARTESIAN_POINT ( 'NONE',  ( 39.25001199999999812, 7.500000000000000000, 22.14999999999999858 ) ) ;
#1217 = ORIENTED_EDGE ( 'NONE', *, *, #4113, .T. ) ;
#1218 = AXIS2_PLACEMENT_3D ( 'NONE', #2376, #7171, #661 ) ;
#1219 = EDGE_CURVE ( 'NONE', #6113, #6674, #6766, .T. ) ;
#1220 = CARTESIAN_POINT ( 'NONE',  ( -21.04999999999999716, 7.000000000000006217, 23.15100000000000691 ) ) ;
#1221 = AXIS2_PLACEMENT_3D ( 'NONE', #2583, #7602, #123 ) ;
#1222 = LINE ( 'NONE', #4536, #7726 ) ;
#1223 = DIRECTION ( 'NONE',  ( 0.000000000000000000, 1.000000000000000000, 0.000000000000000000 ) ) ;
#1224 = FACE_OUTER_BOUND ( 'NONE', #4737, .T. ) ;
#1225 = LINE ( 'NONE', #4431, #2965 ) ;
#1226 = VECTOR ( 'NONE', #4925, 1000.000000000000000 ) ;
#1227 = DIRECTION ( 'NONE',  ( 0.000000000000000000, 0.000000000000000000, -1.000000000000000000 ) ) ;
#1228 = ORIENTED_EDGE ( 'NONE', *, *, #1038, .F. ) ;
#1229 = ORIENTED_EDGE ( 'NONE', *, *, #8258, .F. ) ;
#1230 = VERTEX_POINT ( 'NONE', #10016 ) ;
#1231 = DIRECTION ( 'NONE',  ( -1.176615829264044977E-15, 1.000000000000000000, 0.000000000000000000 ) ) ;
#1232 = EDGE_CURVE ( 'NONE', #324, #7200, #2720, .T. ) ;
#1233 = DIRECTION ( 'NONE',  ( 0.000000000000000000, 1.000000000000000000, 0.000000000000000000 ) ) ;
#1234 = DIRECTION ( 'NONE',  ( -1.000000000000000000, 0.000000000000000000, 0.000000000000000000 ) ) ;
#1235 = ORIENTED_EDGE ( 'NONE', *, *, #6548, .F. ) ;
#1236 = LINE ( 'NONE', #6146, #3617 ) ;
#1237 = CARTESIAN_POINT ( 'NONE',  ( -34.85000000000000142, 6.200000000000000178, -19.25000000000000000 ) ) ;
#1238 = DIRECTION ( 'NONE',  ( 0.000000000000000000, 0.000000000000000000, 1.000000000000000000 ) ) ;
#1239 = VERTEX_POINT ( 'NONE', #4900 ) ;
#1240 = DIRECTION ( 'NONE',  ( -0.000000000000000000, -1.000000000000000000, -0.000000000000000000 ) ) ;
#1241 = VECTOR ( 'NONE', #6509, 1000.000000000000000 ) ;
#1242 = VECTOR ( 'NONE', #3972, 1000.000000000000000 ) ;
#1243 = EDGE_LOOP ( 'NONE', ( #9369, #7870 ) ) ;
#1244 = CIRCLE ( 'NONE', #7207, 0.8500000000000000888 ) ;
#1245 = EDGE_CURVE ( 'NONE', #1684, #8235, #8150, .T. ) ;
#1246 = EDGE_CURVE ( 'NONE', #6206, #10453, #7223, .T. ) ;
#1247 = ORIENTED_EDGE ( 'NONE', *, *, #7938, .T. ) ;
#1248 = CARTESIAN_POINT ( 'NONE',  ( 37.65000000000000568, -9.000000000000007105, 19.24999999999999645 ) ) ;
#1249 = CARTESIAN_POINT ( 'NONE',  ( -26.94999999999999929, 7.500000000000000888, 12.92992172241327786 ) ) ;
#1250 = CARTESIAN_POINT ( 'NONE',  ( -24.94999999999999929, 1.600000000000000089, 17.44999999999999929 ) ) ;
#1251 = CARTESIAN_POINT ( 'NONE',  ( 12.84999999999999964, -9.000000000000001776, -13.14999999999999858 ) ) ;
#1252 = LINE ( 'NONE', #6805, #1923 ) ;
#1253 = ORIENTED_EDGE ( 'NONE', *, *, #4177, .T. ) ;
#1254 = CARTESIAN_POINT ( 'NONE',  ( 33.94999999999999574, 9.100000000000004974, -4.499999999999998224 ) ) ;
#1255 = DIRECTION ( 'NONE',  ( 0.000000000000000000, 0.000000000000000000, 1.000000000000000000 ) ) ;
#1256 = ORIENTED_EDGE ( 'NONE', *, *, #5200, .T. ) ;
#1257 = EDGE_CURVE ( 'NONE', #8132, #8724, #5321, .T. ) ;
#1258 = ORIENTED_EDGE ( 'NONE', *, *, #3231, .T. ) ;
#1259 = VECTOR ( 'NONE', #9646, 1000.000000000000000 ) ;
#1260 = CARTESIAN_POINT ( 'NONE',  ( -19.64999999999999858, -1.800000000000000044, -19.24999999999999645 ) ) ;
#1261 = CARTESIAN_POINT ( 'NONE',  ( -34.85000000000000142, 3.700000000000001954, -20.74999999999999645 ) ) ;
#1262 = DIRECTION ( 'NONE',  ( 1.000000000000000000, 0.000000000000000000, 0.000000000000000000 ) ) ;
#1263 = DIRECTION ( 'NONE',  ( -1.000000000000000000, 0.000000000000000000, -0.000000000000000000 ) ) ;
#1264 = CARTESIAN_POINT ( 'NONE',  ( -37.35000000000000142, -44.94054332852260814, 23.75000000000000000 ) ) ;
#1265 = ORIENTED_EDGE ( 'NONE', *, *, #3347, .F. ) ;
#1266 = CARTESIAN_POINT ( 'NONE',  ( 35.75000000000000000, 8.500000000000021316, -19.25000000000000000 ) ) ;
#1267 = VECTOR ( 'NONE', #6567, 1000.000000000000000 ) ;
#1268 = EDGE_LOOP ( 'NONE', ( #3531, #4892, #9288, #1783, #6652, #7371 ) ) ;
#1269 = PLANE ( 'NONE',  #3340 ) ;
#1270 = EDGE_LOOP ( 'NONE', ( #2418, #2430 ) ) ;
#1271 = EDGE_CURVE ( 'NONE', #8990, #5153, #2115, .T. ) ;
#1272 = CIRCLE ( 'NONE', #6207, 2.999999999999999112 ) ;
#1273 = PLANE ( 'NONE',  #4835 ) ;
#1274 = VECTOR ( 'NONE', #7019, 1000.000000000000000 ) ;
#1275 = CARTESIAN_POINT ( 'NONE',  ( -10.09999999999999787, -9.002000000000000668, -10.34999999999999076 ) ) ;
#1276 = CARTESIAN_POINT ( 'NONE',  ( -5.813961030678924224, -1.799999999999991607, -61.94928997712344199 ) ) ;
#1277 = LINE ( 'NONE', #1126, #8212 ) ;
#1278 = VERTEX_POINT ( 'NONE', #2119 ) ;
#1279 = CIRCLE ( 'NONE', #2994, 3.000000000000002665 ) ;
#1280 = DIRECTION ( 'NONE',  ( 0.000000000000000000, 1.000000000000000000, 1.762134456409849633E-16 ) ) ;
#1281 = EDGE_CURVE ( 'NONE', #4067, #6145, #2018, .T. ) ;
#1282 = ORIENTED_EDGE ( 'NONE', *, *, #4053, .F. ) ;
#1283 = AXIS2_PLACEMENT_3D ( 'NONE', #9597, #681, #6335 ) ;
#1284 = DIRECTION ( 'NONE',  ( -0.7071067811865514585, -0.7071067811865435759, 0.000000000000000000 ) ) ;
#1285 = ORIENTED_EDGE ( 'NONE', *, *, #9557, .F. ) ;
#1286 = ADVANCED_FACE ( 'NONE', ( #6071 ), #7571, .T. ) ;
#1287 = ORIENTED_EDGE ( 'NONE', *, *, #9684, .T. ) ;
#1288 = AXIS2_PLACEMENT_3D ( 'NONE', #3683, #4374, #9379 ) ;
#1289 = CARTESIAN_POINT ( 'NONE',  ( -26.64999999999999503, -3.399999999999999911, -19.45000000000000284 ) ) ;
#1290 = AXIS2_PLACEMENT_3D ( 'NONE', #9683, #7983, #3885 ) ;
#1291 = PLANE ( 'NONE',  #4012 ) ;
#1292 = FACE_OUTER_BOUND ( 'NONE', #10351, .T. ) ;
#1293 = CARTESIAN_POINT ( 'NONE',  ( -27.64999999999999858, -1.800000000000000044, -20.74999999999999645 ) ) ;
#1294 = DIRECTION ( 'NONE',  ( -1.000000000000000000, 1.101142831430592166E-16, -0.000000000000000000 ) ) ;
#1295 = EDGE_CURVE ( 'NONE', #9998, #3159, #578, .T. ) ;
#1296 = CARTESIAN_POINT ( 'NONE',  ( -29.64999999999999858, 1.600000000000000089, 7.000000000000000888 ) ) ;
#1297 = EDGE_LOOP ( 'NONE', ( #2856, #10511, #640, #660, #10452, #5860, #2335, #2291, #2639, #8649, #2726, #3243, #79, #2879, #4909, #6530, #7260, #4868, #3814, #5708 ) ) ;
#1298 = LINE ( 'NONE', #5562, #9671 ) ;
#1299 = EDGE_CURVE ( 'NONE', #3314, #5181, #3675, .T. ) ;
#1300 = ORIENTED_EDGE ( 'NONE', *, *, #7343, .F. ) ;
#1301 = ORIENTED_EDGE ( 'NONE', *, *, #5768, .T. ) ;
#1302 = DIRECTION ( 'NONE',  ( 1.176615829264045174E-15, -1.000000000000000000, -0.000000000000000000 ) ) ;
#1303 = FACE_OUTER_BOUND ( 'NONE', #9050, .T. ) ;
#1304 = DIRECTION ( 'NONE',  ( -0.000000000000000000, -0.000000000000000000, -1.000000000000000000 ) ) ;
#1305 = CARTESIAN_POINT ( 'NONE',  ( 15.00000000000000355, -0.2500000000000000000, -5.049999999999995381 ) ) ;
#1306 = CARTESIAN_POINT ( 'NONE',  ( 33.94999999999999574, 17.01111066297655228, -4.500000000000000000 ) ) ;
#1307 = EDGE_CURVE ( 'NONE', #4218, #10193, #10119, .T. ) ;
#1308 = EDGE_LOOP ( 'NONE', ( #7431, #27, #3139, #9654 ) ) ;
#1309 = LINE ( 'NONE', #10479, #1896 ) ;
#1310 = ORIENTED_EDGE ( 'NONE', *, *, #1187, .F. ) ;
#1311 = ORIENTED_EDGE ( 'NONE', *, *, #1398, .T. ) ;
#1312 = LINE ( 'NONE', #2820, #2817 ) ;
#1313 = AXIS2_PLACEMENT_3D ( 'NONE', #2670, #5915, #1104 ) ;
#1314 = CARTESIAN_POINT ( 'NONE',  ( 34.35000000000000142, 6.200000000000000178, 21.64999999999999858 ) ) ;
#1315 = CARTESIAN_POINT ( 'NONE',  ( 5.950000000000004619, 3.600000000000000977, -19.25000000000000000 ) ) ;
#1316 = CARTESIAN_POINT ( 'NONE',  ( -35.25000000000000000, -0.7000000000000000666, 21.14999999999999858 ) ) ;
#1317 = DIRECTION ( 'NONE',  ( -0.000000000000000000, 0.000000000000000000, 1.000000000000000000 ) ) ;
#1318 = EDGE_CURVE ( 'NONE', #5290, #1394, #5378, .T. ) ;
#1319 = VERTEX_POINT ( 'NONE', #5271 ) ;
#1320 = DIRECTION ( 'NONE',  ( 1.000000000000000000, 0.000000000000000000, 0.000000000000000000 ) ) ;
#1321 = ORIENTED_EDGE ( 'NONE', *, *, #9932, .T. ) ;
#1322 = FACE_OUTER_BOUND ( 'NONE', #10248, .T. ) ;
#1323 = ORIENTED_EDGE ( 'NONE', *, *, #8487, .T. ) ;
#1324 = CARTESIAN_POINT ( 'NONE',  ( -20.85000000000000142, 0.000000000000000000, 22.14999999999999858 ) ) ;
#1325 = CARTESIAN_POINT ( 'NONE',  ( 35.75000000000000000, 0.000000000000000000, 3.460769515458663736 ) ) ;
#1326 = VECTOR ( 'NONE', #10365, 1000.000000000000114 ) ;
#1327 = DIRECTION ( 'NONE',  ( 1.176615829264045174E-15, -1.000000000000000000, -0.000000000000000000 ) ) ;
#1328 = LINE ( 'NONE', #7141, #9975 ) ;
#1329 = EDGE_CURVE ( 'NONE', #6833, #6822, #3622, .T. ) ;
#1330 = ORIENTED_EDGE ( 'NONE', *, *, #9525, .T. ) ;
#1331 = DIRECTION ( 'NONE',  ( -1.000000000000000000, 1.101142831430592043E-16, -0.000000000000000000 ) ) ;
#1332 = VERTEX_POINT ( 'NONE', #1315 ) ;
#1333 = CARTESIAN_POINT ( 'NONE',  ( -30.35000000000000853, -1.800000000000000044, -1.049999999999998046 ) ) ;
#1334 = ORIENTED_EDGE ( 'NONE', *, *, #2706, .T. ) ;
#1335 = ORIENTED_EDGE ( 'NONE', *, *, #4609, .F. ) ;
#1336 = CIRCLE ( 'NONE', #5266, 0.4000000000000001887 ) ;
#1337 = LINE ( 'NONE', #2043, #6119 ) ;
#1338 = LINE ( 'NONE', #9503, #2310 ) ;
#1339 = CARTESIAN_POINT ( 'NONE',  ( 21.64999999999999858, 0.000000000000000000, -19.24999999999999645 ) ) ;
#1340 = DIRECTION ( 'NONE',  ( 1.000000000000000000, 0.000000000000000000, 0.000000000000000000 ) ) ;
#1341 = ADVANCED_FACE ( 'NONE', ( #2826 ), #4524, .T. ) ;
#1342 = LINE ( 'NONE', #8152, #34 ) ;
#1343 = VECTOR ( 'NONE', #8963, 1000.000000000000000 ) ;
#1344 = LINE ( 'NONE', #2855, #3157 ) ;
#1345 = ORIENTED_EDGE ( 'NONE', *, *, #2039, .F. ) ;
#1346 = DIRECTION ( 'NONE',  ( -1.000000000000000000, 0.000000000000000000, -0.000000000000000000 ) ) ;
#1347 = ORIENTED_EDGE ( 'NONE', *, *, #8899, .T. ) ;
#1348 = EDGE_LOOP ( 'NONE', ( #4852, #4593, #799, #2242 ) ) ;
#1349 = DIRECTION ( 'NONE',  ( -1.000000000000000000, 3.175912736999268382E-32, -1.802310104910968394E-16 ) ) ;
#1350 = VECTOR ( 'NONE', #9096, 1000.000000000000000 ) ;
#1351 = CARTESIAN_POINT ( 'NONE',  ( -20.85000000000000142, -0.6999999999999992895, 23.15000000000000568 ) ) ;
#1352 = DIRECTION ( 'NONE',  ( 0.000000000000000000, 1.000000000000000000, 0.000000000000000000 ) ) ;
#1353 = CARTESIAN_POINT ( 'NONE',  ( -18.50000000000000355, -1.800000000000000044, -20.74999999999999645 ) ) ;
#1354 = LINE ( 'NONE', #2214, #6517 ) ;
#1355 = VERTEX_POINT ( 'NONE', #3775 ) ;
#1356 = FACE_OUTER_BOUND ( 'NONE', #8120, .T. ) ;
#1357 = ORIENTED_EDGE ( 'NONE', *, *, #1435, .F. ) ;
#1358 = ORIENTED_EDGE ( 'NONE', *, *, #3440, .F. ) ;
#1359 = ADVANCED_FACE ( 'NONE', ( #8418 ), #8473, .T. ) ;
#1360 = CARTESIAN_POINT ( 'NONE',  ( -29.65000000000001990, -0.3999999999999999667, 10.00000000000000000 ) ) ;
#1361 = EDGE_CURVE ( 'NONE', #807, #532, #10283, .T. ) ;
#1362 = CYLINDRICAL_SURFACE ( 'NONE', #3979, 1.500000000000001332 ) ;
#1363 = DIRECTION ( 'NONE',  ( 0.000000000000000000, 0.000000000000000000, -1.000000000000000000 ) ) ;
#1364 = PLANE ( 'NONE',  #9474 ) ;
#1365 = ORIENTED_EDGE ( 'NONE', *, *, #10498, .F. ) ;
#1366 = FACE_OUTER_BOUND ( 'NONE', #6472, .T. ) ;
#1367 = ORIENTED_EDGE ( 'NONE', *, *, #5719, .F. ) ;
#1368 = CARTESIAN_POINT ( 'NONE',  ( -39.25000000000000711, -1.800000000000000044, -11.49999999999999289 ) ) ;
#1369 = ORIENTED_EDGE ( 'NONE', *, *, #5301, .F. ) ;
#1370 = AXIS2_PLACEMENT_3D ( 'NONE', #9917, #901, #4904 ) ;
#1371 = ADVANCED_FACE ( 'NONE', ( #7730 ), #6923, .F. ) ;
#1372 = EDGE_CURVE ( 'NONE', #3518, #2882, #1909, .T. ) ;
#1373 = CARTESIAN_POINT ( 'NONE',  ( 34.75000000000000000, 4.099999999999998757, 14.24999999999999822 ) ) ;
#1374 = EDGE_CURVE ( 'NONE', #2083, #8579, #1158, .T. ) ;
#1375 = DIRECTION ( 'NONE',  ( 0.000000000000000000, 0.000000000000000000, -1.000000000000000000 ) ) ;
#1376 = DIRECTION ( 'NONE',  ( 0.000000000000000000, 0.000000000000000000, 1.000000000000000000 ) ) ;
#1377 = DIRECTION ( 'NONE',  ( 0.000000000000000000, 1.000000000000000000, 0.000000000000000000 ) ) ;
#1378 = ORIENTED_EDGE ( 'NONE', *, *, #7332, .T. ) ;
#1379 = DIRECTION ( 'NONE',  ( 0.7071067811865512365, -0.7071067811865439090, 0.000000000000000000 ) ) ;
#1380 = AXIS2_PLACEMENT_3D ( 'NONE', #9574, #6367, #8823 ) ;
#1381 = ORIENTED_EDGE ( 'NONE', *, *, #4753, .T. ) ;
#1382 = CARTESIAN_POINT ( 'NONE',  ( 27.45000000000000639, 7.200000000000006395, 23.15100000000000691 ) ) ;
#1383 = ORIENTED_EDGE ( 'NONE', *, *, #2552, .T. ) ;
#1384 = VERTEX_POINT ( 'NONE', #515 ) ;
#1385 = ADVANCED_FACE ( 'NONE', ( #7021 ), #4368, .F. ) ;
#1386 = CIRCLE ( 'NONE', #9568, 9.349999999999990763 ) ;
#1387 = CARTESIAN_POINT ( 'NONE',  ( 22.25000000000000355, 7.000000000000004441, 23.35100000000000975 ) ) ;
#1388 = DIRECTION ( 'NONE',  ( 0.000000000000000000, 0.000000000000000000, -1.000000000000000000 ) ) ;
#1389 = DIRECTION ( 'NONE',  ( 1.000000000000000000, 0.000000000000000000, -0.000000000000000000 ) ) ;
#1390 = DIRECTION ( 'NONE',  ( 1.000000000000000000, 0.000000000000000000, 0.000000000000000000 ) ) ;
#1391 = CARTESIAN_POINT ( 'NONE',  ( 27.65000000000000924, -4.999999999999992006, 23.15100000000000691 ) ) ;
#1392 = VECTOR ( 'NONE', #2891, 1000.000000000000000 ) ;
#1393 = DIRECTION ( 'NONE',  ( 0.000000000000000000, 0.000000000000000000, 1.000000000000000000 ) ) ;
#1394 = VERTEX_POINT ( 'NONE', #778 ) ;
#1395 = DIRECTION ( 'NONE',  ( 0.000000000000000000, 0.000000000000000000, -1.000000000000000000 ) ) ;
#1396 = EDGE_LOOP ( 'NONE', ( #356, #8846, #3395, #3284, #699, #9655 ) ) ;
#1397 = ORIENTED_EDGE ( 'NONE', *, *, #4499, .F. ) ;
#1398 = EDGE_CURVE ( 'NONE', #7284, #811, #4770, .T. ) ;
#1399 = AXIS2_PLACEMENT_3D ( 'NONE', #8293, #3443, #8978 ) ;
#1400 = CARTESIAN_POINT ( 'NONE',  ( -12.75000000000000178, -5.000000000000000000, -15.94999999999999929 ) ) ;
#1401 = DIRECTION ( 'NONE',  ( 0.000000000000000000, 0.000000000000000000, -1.000000000000000000 ) ) ;
#1402 = PLANE ( 'NONE',  #1313 ) ;
#1403 = VECTOR ( 'NONE', #10270, 1000.000000000000000 ) ;
#1404 = DIRECTION ( 'NONE',  ( 0.000000000000000000, 0.000000000000000000, 1.000000000000000000 ) ) ;
#1405 = VERTEX_POINT ( 'NONE', #6375 ) ;
#1406 = VECTOR ( 'NONE', #3307, 1000.000000000000000 ) ;
#1407 = CARTESIAN_POINT ( 'NONE',  ( -30.95000000000000995, 9.899999999999998579, -1.649999999999999023 ) ) ;
#1408 = EDGE_CURVE ( 'NONE', #2402, #236, #1518, .T. ) ;
#1409 = ORIENTED_EDGE ( 'NONE', *, *, #2233, .F. ) ;
#1410 = AXIS2_PLACEMENT_3D ( 'NONE', #9869, #104, #8207 ) ;
#1411 = DIRECTION ( 'NONE',  ( 0.000000000000000000, 0.000000000000000000, 1.000000000000000000 ) ) ;
#1412 = DIRECTION ( 'NONE',  ( 0.000000000000000000, 0.000000000000000000, 1.000000000000000000 ) ) ;
#1413 = CARTESIAN_POINT ( 'NONE',  ( -29.35000000000000497, -1.800000000000002931, -9.000000000000003553 ) ) ;
#1414 = DIRECTION ( 'NONE',  ( -0.000000000000000000, 0.7071067811865439090, 0.7071067811865512365 ) ) ;
#1415 = ORIENTED_EDGE ( 'NONE', *, *, #9217, .T. ) ;
#1416 = DIRECTION ( 'NONE',  ( -0.000000000000000000, -1.000000000000000000, 0.000000000000000000 ) ) ;
#1417 = ORIENTED_EDGE ( 'NONE', *, *, #5020, .T. ) ;
#1418 = DIRECTION ( 'NONE',  ( 1.000000000000000000, -0.000000000000000000, 0.000000000000000000 ) ) ;
#1419 = VERTEX_POINT ( 'NONE', #9636 ) ;
#1420 = VECTOR ( 'NONE', #5623, 1000.000000000000000 ) ;
#1421 = EDGE_CURVE ( 'NONE', #2009, #3949, #3084, .T. ) ;
#1422 = LINE ( 'NONE', #7944, #6890 ) ;
#1423 = DIRECTION ( 'NONE',  ( 1.000000000000000000, -0.000000000000000000, 0.000000000000000000 ) ) ;
#1424 = LINE ( 'NONE', #7946, #4334 ) ;
#1425 = CIRCLE ( 'NONE', #9779, 2.500000000000002220 ) ;
#1426 = DIRECTION ( 'NONE',  ( 0.000000000000000000, -0.000000000000000000, 1.000000000000000000 ) ) ;
#1427 = ORIENTED_EDGE ( 'NONE', *, *, #612, .T. ) ;
#1428 = CARTESIAN_POINT ( 'NONE',  ( 0.5000000000000000000, 7.762049935181331684, -20.74999999999999645 ) ) ;
#1429 = EDGE_CURVE ( 'NONE', #1196, #2739, #2047, .T. ) ;
#1430 = VERTEX_POINT ( 'NONE', #9481 ) ;
#1431 = EDGE_CURVE ( 'NONE', #5902, #1239, #8783, .T. ) ;
#1432 = CARTESIAN_POINT ( 'NONE',  ( 12.84999999999999964, 0.5000000000000000000, -5.049999999999995381 ) ) ;
#1433 = AXIS2_PLACEMENT_3D ( 'NONE', #957, #202, #9164 ) ;
#1434 = VERTEX_POINT ( 'NONE', #4723 ) ;
#1435 = EDGE_CURVE ( 'NONE', #5629, #6065, #10489, .T. ) ;
#1436 = ORIENTED_EDGE ( 'NONE', *, *, #340, .T. ) ;
#1437 = VECTOR ( 'NONE', #5963, 1000.000000000000000 ) ;
#1438 = PLANE ( 'NONE',  #5439 ) ;
#1439 = DIRECTION ( 'NONE',  ( 0.000000000000000000, 1.000000000000000000, 0.000000000000000000 ) ) ;
#1440 = LINE ( 'NONE', #4794, #2131 ) ;
#1441 = CARTESIAN_POINT ( 'NONE',  ( -35.64999999999999858, -0.6999999999999992895, 23.75000000000000000 ) ) ;
#1442 = AXIS2_PLACEMENT_3D ( 'NONE', #10405, #3321, #5658 ) ;
#1443 = EDGE_CURVE ( 'NONE', #7225, #6833, #7982, .T. ) ;
#1444 = CARTESIAN_POINT ( 'NONE',  ( 37.65000000000000568, 9.100000000000004974, -11.95000000000000107 ) ) ;
#1445 = ORIENTED_EDGE ( 'NONE', *, *, #2958, .T. ) ;
#1446 = LINE ( 'NONE', #9613, #9856 ) ;
#1447 = AXIS2_PLACEMENT_3D ( 'NONE', #8883, #9586, #7942 ) ;
#1448 = ORIENTED_EDGE ( 'NONE', *, *, #3200, .T. ) ;
#1449 = ORIENTED_EDGE ( 'NONE', *, *, #7652, .F. ) ;
#1450 = CIRCLE ( 'NONE', #6740, 0.5999999999999998668 ) ;
#1451 = PRODUCT_RELATED_PRODUCT_CATEGORY ( 'part', '', ( #7191 ) ) ;
#1452 = CARTESIAN_POINT ( 'NONE',  ( 15.00000000000000355, -0.2500000000000000000, -16.64999999999999858 ) ) ;
#1453 = FACE_OUTER_BOUND ( 'NONE', #8480, .T. ) ;
#1454 = CARTESIAN_POINT ( 'NONE',  ( 15.00000000000000355, -0.2500000000000000000, -16.64999999999999858 ) ) ;
#1455 = CARTESIAN_POINT ( 'NONE',  ( 34.35000000000000142, 8.500000000000000000, -19.80000000000000071 ) ) ;
#1456 = DIRECTION ( 'NONE',  ( 1.000000000000000000, 0.000000000000000000, 9.637352644315578973E-16 ) ) ;
#1457 = ADVANCED_FACE ( 'NONE', ( #2174 ), #5475, .F. ) ;
#1458 = ORIENTED_EDGE ( 'NONE', *, *, #6885, .T. ) ;
#1459 = PLANE ( 'NONE',  #1380 ) ;
#1460 = ORIENTED_EDGE ( 'NONE', *, *, #5569, .F. ) ;
#1461 = DIRECTION ( 'NONE',  ( -1.000000000000000000, 0.000000000000000000, 0.000000000000000000 ) ) ;
#1462 = EDGE_CURVE ( 'NONE', #8235, #3044, #718, .T. ) ;
#1463 = DIRECTION ( 'NONE',  ( -0.000000000000000000, 0.000000000000000000, 1.000000000000000000 ) ) ;
#1464 = DIRECTION ( 'NONE',  ( -0.000000000000000000, -0.000000000000000000, 1.000000000000000000 ) ) ;
#1465 = FACE_OUTER_BOUND ( 'NONE', #1532, .T. ) ;
#1466 = EDGE_CURVE ( 'NONE', #4210, #545, #10383, .T. ) ;
#1467 = ORIENTED_EDGE ( 'NONE', *, *, #8610, .F. ) ;
#1468 = PLANE ( 'NONE',  #3773 ) ;
#1469 = VERTEX_POINT ( 'NONE', #6272 ) ;
#1470 = DIRECTION ( 'NONE',  ( 0.000000000000000000, 0.000000000000000000, 1.000000000000000000 ) ) ;
#1471 = VERTEX_POINT ( 'NONE', #2383 ) ;
#1472 = CIRCLE ( 'NONE', #4556, 0.4000000000000001887 ) ;
#1473 = CARTESIAN_POINT ( 'NONE',  ( 13.64814941654042535, -0.9000000000000033529, -5.049999999999995381 ) ) ;
#1474 = EDGE_CURVE ( 'NONE', #7284, #9998, #7235, .T. ) ;
#1475 = LINE ( 'NONE', #10394, #2967 ) ;
#1476 = DIRECTION ( 'NONE',  ( -1.000000000000000000, 0.000000000000000000, 0.000000000000000000 ) ) ;
#1477 = EDGE_CURVE ( 'NONE', #10087, #859, #9530, .T. ) ;
#1478 = FACE_OUTER_BOUND ( 'NONE', #9527, .T. ) ;
#1479 = VERTEX_POINT ( 'NONE', #3983 ) ;
#1480 = DIRECTION ( 'NONE',  ( -0.7071067811865439090, -0.7071067811865512365, 0.000000000000000000 ) ) ;
#1481 = ORIENTED_EDGE ( 'NONE', *, *, #786, .F. ) ;
#1482 = CARTESIAN_POINT ( 'NONE',  ( -30.94999999999999929, 5.000000000000000888, 19.25000000000000000 ) ) ;
#1483 = EDGE_LOOP ( 'NONE', ( #3127, #5564, #8026, #8825 ) ) ;
#1484 = VERTEX_POINT ( 'NONE', #8728 ) ;
#1485 = AXIS2_PLACEMENT_3D ( 'NONE', #10308, #9502, #487 ) ;
#1486 = CARTESIAN_POINT ( 'NONE',  ( 33.94999999999998863, 9.902000000000001023, 10.95000000000000284 ) ) ;
#1487 = EDGE_CURVE ( 'NONE', #4363, #3770, #10431, .T. ) ;
#1488 = EDGE_CURVE ( 'NONE', #7170, #9114, #1689, .T. ) ;
#1489 = LINE ( 'NONE', #8755, #3009 ) ;
#1490 = LINE ( 'NONE', #3062, #1107 ) ;
#1491 = EDGE_CURVE ( 'NONE', #9998, #2024, #8830, .T. ) ;
#1492 = CARTESIAN_POINT ( 'NONE',  ( 15.00000000000000355, -0.2500000000000000000, -19.14999999999999858 ) ) ;
#1493 = CARTESIAN_POINT ( 'NONE',  ( 10.15000000000000568, 1.600000000000000089, -17.44999999999999929 ) ) ;
#1494 = AXIS2_PLACEMENT_3D ( 'NONE', #9352, #7607, #1192 ) ;
#1495 = ORIENTED_EDGE ( 'NONE', *, *, #1443, .T. ) ;
#1496 = DIRECTION ( 'NONE',  ( -1.000000000000000000, 1.032573497605242594E-16, -0.000000000000000000 ) ) ;
#1497 = VERTEX_POINT ( 'NONE', #1517 ) ;
#1498 = ORIENTED_EDGE ( 'NONE', *, *, #6763, .F. ) ;
#1499 = DIRECTION ( 'NONE',  ( -1.000000000000000000, 0.000000000000000000, 0.000000000000000000 ) ) ;
#1500 = EDGE_CURVE ( 'NONE', #10464, #2398, #2209, .T. ) ;
#1501 = EDGE_CURVE ( 'NONE', #3770, #2009, #4824, .T. ) ;
#1502 = VECTOR ( 'NONE', #7713, 1000.000000000000000 ) ;
#1503 = LINE ( 'NONE', #4023, #2768 ) ;
#1504 = ADVANCED_FACE ( 'NONE', ( #3832 ), #992, .F. ) ;
#1505 = CARTESIAN_POINT ( 'NONE',  ( -33.25000000000000000, -9.000000000000001776, -6.049999999999999822 ) ) ;
#1506 = LINE ( 'NONE', #6309, #9069 ) ;
#1507 = CARTESIAN_POINT ( 'NONE',  ( -18.50000000000000355, 7.762049935181331684, -21.94999999999999574 ) ) ;
#1508 = ORIENTED_EDGE ( 'NONE', *, *, #5536, .T. ) ;
#1509 = ORIENTED_EDGE ( 'NONE', *, *, #1724, .T. ) ;
#1510 = CARTESIAN_POINT ( 'NONE',  ( 15.00000000000000355, -0.2500000000000000000, -3.949999999999995293 ) ) ;
#1511 = ORIENTED_EDGE ( 'NONE', *, *, #10174, .T. ) ;
#1512 = VECTOR ( 'NONE', #5119, 1000.000000000000000 ) ;
#1513 = ORIENTED_EDGE ( 'NONE', *, *, #5961, .F. ) ;
#1514 = ADVANCED_FACE ( 'NONE', ( #7340 ), #3454, .F. ) ;
#1515 = DIRECTION ( 'NONE',  ( 0.000000000000000000, 1.000000000000000000, 1.762134456409849633E-16 ) ) ;
#1516 = DIRECTION ( 'NONE',  ( -1.000000000000000000, 0.000000000000000000, -0.000000000000000000 ) ) ;
#1517 = CARTESIAN_POINT ( 'NONE',  ( -39.25000000000000711, -1.800000000000000044, -6.049999999999992717 ) ) ;
#1518 = CIRCLE ( 'NONE', #3414, 0.9999999999999991118 ) ;
#1519 = DIRECTION ( 'NONE',  ( -0.000000000000000000, -1.000000000000000000, -0.000000000000000000 ) ) ;
#1520 = ORIENTED_EDGE ( 'NONE', *, *, #2669, .T. ) ;
#1521 = DIRECTION ( 'NONE',  ( 0.000000000000000000, 1.000000000000000000, 0.000000000000000000 ) ) ;
#1522 = ORIENTED_EDGE ( 'NONE', *, *, #7167, .F. ) ;
#1523 = CARTESIAN_POINT ( 'NONE',  ( 38.84999999999999432, -0.7000000000000000666, 23.75000000000000711 ) ) ;
#1524 = EDGE_LOOP ( 'NONE', ( #3963, #8021, #5340, #6860 ) ) ;
#1525 = EDGE_CURVE ( 'NONE', #9192, #7632, #2730, .T. ) ;
#1526 = CARTESIAN_POINT ( 'NONE',  ( 32.95000000000000995, 1.600000000000000089, -4.096965511460286535 ) ) ;
#1527 = FACE_OUTER_BOUND ( 'NONE', #5873, .T. ) ;
#1528 = LINE ( 'NONE', #8042, #8402 ) ;
#1529 = PLANE ( 'NONE',  #1793 ) ;
#1530 = VERTEX_POINT ( 'NONE', #8351 ) ;
#1531 = CARTESIAN_POINT ( 'NONE',  ( -31.55000000000000782, -0.3999999999999999667, -1.649999999999998579 ) ) ;
#1532 = EDGE_LOOP ( 'NONE', ( #194, #6546 ) ) ;
#1533 = CARTESIAN_POINT ( 'NONE',  ( -35.25000000000000000, -1.800000000000000044, -19.14999999999999858 ) ) ;
#1534 = ORIENTED_EDGE ( 'NONE', *, *, #985, .T. ) ;
#1535 = EDGE_CURVE ( 'NONE', #2977, #3657, #1847, .T. ) ;
#1536 = EDGE_LOOP ( 'NONE', ( #9232, #7621, #5384, #994 ) ) ;
#1537 = EDGE_CURVE ( 'NONE', #173, #932, #6480, .T. ) ;
#1538 = LINE ( 'NONE', #8004, #10033 ) ;
#1539 = DIRECTION ( 'NONE',  ( 0.000000000000000000, 1.000000000000000000, 0.000000000000000000 ) ) ;
#1540 = CARTESIAN_POINT ( 'NONE',  ( 0.000000000000000000, 6.200000000000000178, -20.74999999999999645 ) ) ;
#1541 = AXIS2_PLACEMENT_3D ( 'NONE', #9322, #6819, #2776 ) ;
#1542 = LINE ( 'NONE', #5506, #5137 ) ;
#1543 = DIRECTION ( 'NONE',  ( 1.000000000000000000, -1.445602896647339656E-16, -0.000000000000000000 ) ) ;
#1544 = VERTEX_POINT ( 'NONE', #8988 ) ;
#1545 = CARTESIAN_POINT ( 'NONE',  ( 34.35000000000000142, 6.200000000000000178, -0.000000000000000000 ) ) ;
#1546 = ORIENTED_EDGE ( 'NONE', *, *, #5709, .F. ) ;
#1547 = ORIENTED_EDGE ( 'NONE', *, *, #6792, .T. ) ;
#1548 = ORIENTED_EDGE ( 'NONE', *, *, #3784, .T. ) ;
#1549 = CARTESIAN_POINT ( 'NONE',  ( 6.550000000000001599, -0.9000000000000014655, -13.14999999999999858 ) ) ;
#1550 = DIRECTION ( 'NONE',  ( 0.000000000000000000, 0.000000000000000000, -1.000000000000000000 ) ) ;
#1551 = DIRECTION ( 'NONE',  ( -1.421904488505579654E-16, 1.000000000000000000, 0.000000000000000000 ) ) ;
#1552 = VECTOR ( 'NONE', #7755, 1000.000000000000000 ) ;
#1553 = SURFACE_STYLE_USAGE ( .BOTH. , #6418 ) ;
#1554 = LINE ( 'NONE', #8380, #2265 ) ;
#1555 = ORIENTED_EDGE ( 'NONE', *, *, #5253, .T. ) ;
#1556 = VERTEX_POINT ( 'NONE', #1040 ) ;
#1557 = CARTESIAN_POINT ( 'NONE',  ( 28.64999999999999858, -1.800000000000000044, 23.75100000000000833 ) ) ;
#1558 = EDGE_CURVE ( 'NONE', #8731, #4210, #6697, .T. ) ;
#1559 = EDGE_CURVE ( 'NONE', #8131, #4410, #4939, .T. ) ;
#1560 = VERTEX_POINT ( 'NONE', #5795 ) ;
#1561 = EDGE_CURVE ( 'NONE', #459, #3487, #1677, .T. ) ;
#1562 = ORIENTED_EDGE ( 'NONE', *, *, #7780, .T. ) ;
#1563 = DIRECTION ( 'NONE',  ( 1.000000000000000000, -0.000000000000000000, 0.000000000000000000 ) ) ;
#1564 = VECTOR ( 'NONE', #319, 1000.000000000000000 ) ;
#1565 = CARTESIAN_POINT ( 'NONE',  ( 15.85000000000000320, -0.2499999999999998890, -16.64999999999999858 ) ) ;
#1566 = DIRECTION ( 'NONE',  ( 0.000000000000000000, 0.000000000000000000, 1.000000000000000000 ) ) ;
#1567 =( GEOMETRIC_REPRESENTATION_CONTEXT ( 3 ) GLOBAL_UNCERTAINTY_ASSIGNED_CONTEXT ( ( #10157 ) ) GLOBAL_UNIT_ASSIGNED_CONTEXT ( ( #4808, #2372, #3875 ) ) REPRESENTATION_CONTEXT ( 'NONE', 'WORKASPACE' ) );
#1568 = CARTESIAN_POINT ( 'NONE',  ( -24.94999999999999929, 5.000000000000000000, -17.44999999999999929 ) ) ;
#1569 = VERTEX_POINT ( 'NONE', #7396 ) ;
#1570 = CARTESIAN_POINT ( 'NONE',  ( 38.85000000000000142, 1.600000000000000089, -20.34999999999999787 ) ) ;
#1571 = ORIENTED_EDGE ( 'NONE', *, *, #8072, .F. ) ;
#1572 = EDGE_CURVE ( 'NONE', #5584, #2453, #7555, .T. ) ;
#1573 = CARTESIAN_POINT ( 'NONE',  ( -33.85000000000000853, -0.3999999999999993006, 8.448227494413583116 ) ) ;
#1574 = VERTEX_POINT ( 'NONE', #4085 ) ;
#1575 = AXIS2_PLACEMENT_3D ( 'NONE', #6985, #1327, #8641 ) ;
#1576 = AXIS2_PLACEMENT_3D ( 'NONE', #848, #10021, #4955 ) ;
#1577 = VECTOR ( 'NONE', #1004, 1000.000000000000000 ) ;
#1578 = CARTESIAN_POINT ( 'NONE',  ( 35.75000000000000000, 9.100000000000006750, -14.24999999999999645 ) ) ;
#1579 = LINE ( 'NONE', #953, #2028 ) ;
#1580 = DIRECTION ( 'NONE',  ( -0.000000000000000000, -1.000000000000000000, -0.000000000000000000 ) ) ;
#1581 = CARTESIAN_POINT ( 'NONE',  ( 33.94999999999998863, 7.500000000000002665, 10.95000000000000284 ) ) ;
#1582 = FACE_OUTER_BOUND ( 'NONE', #9080, .T. ) ;
#1583 = CARTESIAN_POINT ( 'NONE',  ( -12.75000000000000178, 9.902000000000001023, -11.14999999999999503 ) ) ;
#1584 = VERTEX_POINT ( 'NONE', #5848 ) ;
#1585 = VECTOR ( 'NONE', #5905, 1000.000000000000000 ) ;
#1586 = PLANE ( 'NONE',  #7892 ) ;
#1587 = VERTEX_POINT ( 'NONE', #6646 ) ;
#1588 = EDGE_CURVE ( 'NONE', #5574, #228, #25, .T. ) ;
#1589 = DIRECTION ( 'NONE',  ( 1.000000000000000000, -0.000000000000000000, -1.355252715606880296E-16 ) ) ;
#1590 = ORIENTED_EDGE ( 'NONE', *, *, #9579, .F. ) ;
#1591 = ORIENTED_EDGE ( 'NONE', *, *, #5547, .F. ) ;
#1592 = LINE ( 'NONE', #3060, #1343 ) ;
#1593 = CIRCLE ( 'NONE', #3995, 0.8500000000000000888 ) ;
#1594 = CARTESIAN_POINT ( 'NONE',  ( 13.64814941654042535, -0.9000000000000033529, -5.049999999999995381 ) ) ;
#1595 = LINE ( 'NONE', #7959, #6732 ) ;
#1596 = DIRECTION ( 'NONE',  ( 0.000000000000000000, 1.000000000000000000, 0.000000000000000000 ) ) ;
#1597 = VECTOR ( 'NONE', #4114, 1000.000000000000000 ) ;
#1598 = ADVANCED_FACE ( 'NONE', ( #8189 ), #881, .T. ) ;
#1599 = DIRECTION ( 'NONE',  ( -1.000000000000000000, 0.000000000000000000, 0.000000000000000000 ) ) ;
#1600 = VERTEX_POINT ( 'NONE', #5687 ) ;
#1601 = DIRECTION ( 'NONE',  ( -0.000000000000000000, -0.000000000000000000, -1.000000000000000000 ) ) ;
#1602 = CIRCLE ( 'NONE', #7581, 1.500000000000001332 ) ;
#1603 = ORIENTED_EDGE ( 'NONE', *, *, #2157, .F. ) ;
#1604 = ORIENTED_EDGE ( 'NONE', *, *, #7563, .T. ) ;
#1605 = EDGE_LOOP ( 'NONE', ( #1323, #5651, #5799, #6719 ) ) ;
#1606 = AXIS2_PLACEMENT_3D ( 'NONE', #8381, #7370, #5180 ) ;
#1607 = PLANE ( 'NONE',  #5609 ) ;
#1608 = DIRECTION ( 'NONE',  ( -1.000000000000000000, 0.000000000000000000, -0.000000000000000000 ) ) ;
#1609 = AXIS2_PLACEMENT_3D ( 'NONE', #4548, #1389, #2852 ) ;
#1610 = AXIS2_PLACEMENT_3D ( 'NONE', #8780, #3349, #1728 ) ;
#1611 = EDGE_CURVE ( 'NONE', #1584, #6377, #4594, .T. ) ;
#1612 = DIRECTION ( 'NONE',  ( 1.000000000000000000, -0.000000000000000000, 0.000000000000000000 ) ) ;
#1613 = DIRECTION ( 'NONE',  ( 0.000000000000000000, 0.000000000000000000, 1.000000000000000000 ) ) ;
#1614 = EDGE_CURVE ( 'NONE', #3518, #3615, #9848, .T. ) ;
#1615 = CARTESIAN_POINT ( 'NONE',  ( -5.813961030678928665, -1.799999999999989164, -15.94999999999999929 ) ) ;
#1616 = VERTEX_POINT ( 'NONE', #5100 ) ;
#1617 = AXIS2_PLACEMENT_3D ( 'NONE', #5237, #7690, #7801 ) ;
#1618 = EDGE_LOOP ( 'NONE', ( #4708, #9457, #9440, #1301 ) ) ;
#1619 =( NAMED_UNIT ( * ) SI_UNIT ( $, .STERADIAN. ) SOLID_ANGLE_UNIT ( ) );
#1620 = VECTOR ( 'NONE', #10017, 1000.000000000000000 ) ;
#1621 = ORIENTED_EDGE ( 'NONE', *, *, #4477, .T. ) ;
#1622 = AXIS2_PLACEMENT_3D ( 'NONE', #10253, #10202, #2901 ) ;
#1623 = VERTEX_POINT ( 'NONE', #8135 ) ;
#1624 = VECTOR ( 'NONE', #5117, 1000.000000000000000 ) ;
#1625 = DIRECTION ( 'NONE',  ( -1.000000000000000000, 0.000000000000000000, 0.000000000000000000 ) ) ;
#1626 = ADVANCED_FACE ( 'NONE', ( #2544 ), #9039, .F. ) ;
#1627 = ADVANCED_FACE ( 'NONE', ( #4885 ), #4200, .T. ) ;
#1628 = VECTOR ( 'NONE', #721, 1000.000000000000000 ) ;
#1629 = DIRECTION ( 'NONE',  ( -1.000000000000000000, 0.000000000000000000, 0.000000000000000000 ) ) ;
#1630 = CARTESIAN_POINT ( 'NONE',  ( 35.75000000000000000, 4.049999999999999822, 0.000000000000000000 ) ) ;
#1631 = CARTESIAN_POINT ( 'NONE',  ( -20.64999999999999858, -1.899999999999992362, -20.24999999999999645 ) ) ;
#1632 = ORIENTED_EDGE ( 'NONE', *, *, #9896, .F. ) ;
#1633 = CARTESIAN_POINT ( 'NONE',  ( -33.85000000000000853, -9.000000000000001776, 6.049999999999999822 ) ) ;
#1634 = VERTEX_POINT ( 'NONE', #6804 ) ;
#1635 = ORIENTED_EDGE ( 'NONE', *, *, #9327, .T. ) ;
#1636 = MANIFOLD_SOLID_BREP ( 'Main', #6847 ) ;
#1637 = LINE ( 'NONE', #96, #4854 ) ;
#1638 = ORIENTED_EDGE ( 'NONE', *, *, #2729, .T. ) ;
#1639 = EDGE_CURVE ( 'NONE', #5973, #5615, #3374, .T. ) ;
#1640 = LINE ( 'NONE', #9692, #10025 ) ;
#1641 = FACE_OUTER_BOUND ( 'NONE', #5713, .T. ) ;
#1642 = DIRECTION ( 'NONE',  ( -0.000000000000000000, 1.000000000000000000, -0.000000000000000000 ) ) ;
#1643 = EDGE_CURVE ( 'NONE', #9601, #4244, #4454, .T. ) ;
#1644 = LINE ( 'NONE', #4901, #8781 ) ;
#1645 = LINE ( 'NONE', #6199, #8729 ) ;
#1646 = ORIENTED_EDGE ( 'NONE', *, *, #6823, .F. ) ;
#1647 = FACE_OUTER_BOUND ( 'NONE', #3793, .T. ) ;
#1648 = ORIENTED_EDGE ( 'NONE', *, *, #1172, .T. ) ;
#1649 = LINE ( 'NONE', #7470, #3003 ) ;
#1650 = ORIENTED_EDGE ( 'NONE', *, *, #1487, .F. ) ;
#1651 = VERTEX_POINT ( 'NONE', #9251 ) ;
#1652 = DIRECTION ( 'NONE',  ( 0.000000000000000000, -1.000000000000000000, -1.762134456409849633E-16 ) ) ;
#1653 = EDGE_CURVE ( 'NONE', #8386, #1892, #10052, .T. ) ;
#1654 = CARTESIAN_POINT ( 'NONE',  ( -29.64999999999999858, -0.3999999999999999667, 7.000000000000000888 ) ) ;
#1655 = CARTESIAN_POINT ( 'NONE',  ( 39.25001199999999812, 7.500000000000000000, 20.25000000000000711 ) ) ;
#1656 = CARTESIAN_POINT ( 'NONE',  ( 18.50000000000000355, 5.400000000000004796, -21.94999999999999574 ) ) ;
#1657 = PLANE ( 'NONE',  #8436 ) ;
#1658 = VERTEX_POINT ( 'NONE', #5147 ) ;
#1659 = CARTESIAN_POINT ( 'NONE',  ( 10.15000000000000568, 1.600000000000000089, -17.44999999999999929 ) ) ;
#1660 = VERTEX_POINT ( 'NONE', #1147 ) ;
#1661 = ORIENTED_EDGE ( 'NONE', *, *, #972, .F. ) ;
#1662 = VERTEX_POINT ( 'NONE', #6109 ) ;
#1663 = LINE ( 'NONE', #654, #161 ) ;
#1664 = EDGE_CURVE ( 'NONE', #4436, #4220, #1953, .T. ) ;
#1665 = DIRECTION ( 'NONE',  ( -0.000000000000000000, 0.000000000000000000, 1.000000000000000000 ) ) ;
#1666 = LINE ( 'NONE', #7329, #629 ) ;
#1667 = DIRECTION ( 'NONE',  ( 1.176615829264045174E-15, -1.000000000000000000, -0.000000000000000000 ) ) ;
#1668 = VECTOR ( 'NONE', #8345, 1000.000000000000000 ) ;
#1669 = CARTESIAN_POINT ( 'NONE',  ( -29.55000000000000782, -9.000000000000001776, -3.750000000000000444 ) ) ;
#1670 = ORIENTED_EDGE ( 'NONE', *, *, #3947, .F. ) ;
#1671 = VERTEX_POINT ( 'NONE', #10219 ) ;
#1672 = ORIENTED_EDGE ( 'NONE', *, *, #8258, .T. ) ;
#1673 = ORIENTED_EDGE ( 'NONE', *, *, #9652, .T. ) ;
#1674 = VECTOR ( 'NONE', #3817, 1000.000000000000000 ) ;
#1675 = CARTESIAN_POINT ( 'NONE',  ( -27.64999999999999858, -1.800000000000000044, -19.14999999999999858 ) ) ;
#1676 = LINE ( 'NONE', #7501, #3482 ) ;
#1677 = LINE ( 'NONE', #3352, #1869 ) ;
#1678 = DIRECTION ( 'NONE',  ( 1.000000000000000000, 0.000000000000000000, -3.987870059716798780E-16 ) ) ;
#1679 = VERTEX_POINT ( 'NONE', #2757 ) ;
#1680 = CARTESIAN_POINT ( 'NONE',  ( 27.85000000000000497, 7.000000000000004441, 23.35100000000000975 ) ) ;
#1681 = AXIS2_PLACEMENT_3D ( 'NONE', #10525, #3226, #2419 ) ;
#1682 = ORIENTED_EDGE ( 'NONE', *, *, #7616, .F. ) ;
#1683 = CARTESIAN_POINT ( 'NONE',  ( 35.35000000000000142, 9.100000000000003197, 0.3500000000000007550 ) ) ;
#1684 = VERTEX_POINT ( 'NONE', #9361 ) ;
#1685 = EDGE_CURVE ( 'NONE', #5982, #6677, #3201, .T. ) ;
#1686 = EDGE_CURVE ( 'NONE', #10193, #8077, #10105, .T. ) ;
#1687 = VECTOR ( 'NONE', #10040, 1000.000000000000000 ) ;
#1688 = DIRECTION ( 'NONE',  ( -0.8660254037844370423, 0.000000000000000000, 0.5000000000000027756 ) ) ;
#1689 = CIRCLE ( 'NONE', #8519, 1.500000000000001332 ) ;
#1690 = ORIENTED_EDGE ( 'NONE', *, *, #5630, .T. ) ;
#1691 = CARTESIAN_POINT ( 'NONE',  ( 34.75000000000000000, 0.000000000000000000, 19.24999999999999645 ) ) ;
#1692 = CARTESIAN_POINT ( 'NONE',  ( 33.35000000000000142, 9.900000000000000355, 4.096965511460287424 ) ) ;
#1693 = DIRECTION ( 'NONE',  ( -1.885568995626964287E-16, 0.000000000000000000, 1.000000000000000000 ) ) ;
#1694 = DIRECTION ( 'NONE',  ( 0.000000000000000000, 0.000000000000000000, 1.000000000000000000 ) ) ;
#1695 = PLANE ( 'NONE',  #7405 ) ;
#1696 = ORIENTED_EDGE ( 'NONE', *, *, #5239, .T. ) ;
#1697 = FACE_OUTER_BOUND ( 'NONE', #9073, .T. ) ;
#1698 = VERTEX_POINT ( 'NONE', #2059 ) ;
#1699 = CARTESIAN_POINT ( 'NONE',  ( -31.55000000000000782, 9.899999999999998579, 2.249999999999998668 ) ) ;
#1700 = ORIENTED_EDGE ( 'NONE', *, *, #9071, .T. ) ;
#1701 = ADVANCED_FACE ( 'NONE', ( #7770 ), #3714, .F. ) ;
#1702 = EDGE_CURVE ( 'NONE', #1836, #2402, #5365, .T. ) ;
#1703 = EDGE_CURVE ( 'NONE', #6366, #142, #6774, .T. ) ;
#1704 = CARTESIAN_POINT ( 'NONE',  ( -21.25000000000000000, 7.400000000000005684, 24.45000000000000639 ) ) ;
#1705 = LINE ( 'NONE', #8214, #3676 ) ;
#1706 = DIRECTION ( 'NONE',  ( 0.000000000000000000, -0.000000000000000000, 1.000000000000000000 ) ) ;
#1707 = DIRECTION ( 'NONE',  ( 0.000000000000000000, -1.000000000000000000, 0.000000000000000000 ) ) ;
#1708 = DIRECTION ( 'NONE',  ( -0.000000000000000000, 0.000000000000000000, 1.000000000000000000 ) ) ;
#1709 = VERTEX_POINT ( 'NONE', #242 ) ;
#1710 = DIRECTION ( 'NONE',  ( 0.000000000000000000, 0.000000000000000000, -1.000000000000000000 ) ) ;
#1711 = EDGE_CURVE ( 'NONE', #405, #5902, #3511, .T. ) ;
#1712 = ORIENTED_EDGE ( 'NONE', *, *, #2822, .T. ) ;
#1713 = ORIENTED_EDGE ( 'NONE', *, *, #8192, .F. ) ;
#1714 = ORIENTED_EDGE ( 'NONE', *, *, #3090, .F. ) ;
#1715 = CARTESIAN_POINT ( 'NONE',  ( 16.50000000000000355, -0.2499999999999998335, -16.84999999999999787 ) ) ;
#1716 = CIRCLE ( 'NONE', #188, 8.450000000000001066 ) ;
#1717 = CARTESIAN_POINT ( 'NONE',  ( 34.45000000000000995, 9.899999999999998579, 2.769059892324147842 ) ) ;
#1718 = CARTESIAN_POINT ( 'NONE',  ( 21.85000000000000142, 0.000000000000000000, 19.75000000000000355 ) ) ;
#1719 = CARTESIAN_POINT ( 'NONE',  ( -26.64999999999999503, -3.399999999999999911, -19.24999999999999645 ) ) ;
#1720 = ORIENTED_EDGE ( 'NONE', *, *, #6066, .T. ) ;
#1721 = ORIENTED_EDGE ( 'NONE', *, *, #6958, .F. ) ;
#1722 = SURFACE_SIDE_STYLE ('',( #2427 ) ) ;
#1723 = VECTOR ( 'NONE', #5369, 1000.000000000000000 ) ;
#1724 = EDGE_CURVE ( 'NONE', #1772, #8697, #7614, .T. ) ;
#1725 = ORIENTED_EDGE ( 'NONE', *, *, #10509, .F. ) ;
#1726 = ORIENTED_EDGE ( 'NONE', *, *, #2873, .F. ) ;
#1727 = VECTOR ( 'NONE', #4287, 1000.000000000000000 ) ;
#1728 = DIRECTION ( 'NONE',  ( 0.000000000000000000, 0.000000000000000000, 1.000000000000000000 ) ) ;
#1729 = VECTOR ( 'NONE', #952, 1000.000000000000000 ) ;
#1730 = DIRECTION ( 'NONE',  ( -1.000000000000000000, 2.596653838999757010E-16, -0.000000000000000000 ) ) ;
#1731 = DIRECTION ( 'NONE',  ( -1.000000000000000000, 0.000000000000000000, 0.000000000000000000 ) ) ;
#1732 = LINE ( 'NONE', #7289, #8621 ) ;
#1733 = EDGE_CURVE ( 'NONE', #7432, #2006, #5418, .T. ) ;
#1734 = ORIENTED_EDGE ( 'NONE', *, *, #7492, .F. ) ;
#1735 = VECTOR ( 'NONE', #3027, 1000.000000000000000 ) ;
#1736 = DIRECTION ( 'NONE',  ( 1.000000000000000000, 0.000000000000000000, 0.000000000000000000 ) ) ;
#1737 = ORIENTED_EDGE ( 'NONE', *, *, #2223, .T. ) ;
#1738 = VECTOR ( 'NONE', #3166, 1000.000000000000000 ) ;
#1739 = CARTESIAN_POINT ( 'NONE',  ( -34.85000000000000142, 3.700000000000001954, -19.24999999999999645 ) ) ;
#1740 = VERTEX_POINT ( 'NONE', #1353 ) ;
#1741 = CIRCLE ( 'NONE', #7719, 2.649999999999998579 ) ;
#1742 = CARTESIAN_POINT ( 'NONE',  ( -33.25000000000000000, 8.500000000000000000, 21.64999999999999858 ) ) ;
#1743 = ORIENTED_EDGE ( 'NONE', *, *, #3034, .T. ) ;
#1744 = CARTESIAN_POINT ( 'NONE',  ( 34.45000000000000995, 9.899999999999998579, 3.000000000000000000 ) ) ;
#1745 = FACE_OUTER_BOUND ( 'NONE', #4742, .T. ) ;
#1746 = DIRECTION ( 'NONE',  ( 1.000000000000000000, -0.000000000000000000, -0.000000000000000000 ) ) ;
#1747 = CARTESIAN_POINT ( 'NONE',  ( -39.25000000000000711, -9.000000000000001776, 10.00000000000000000 ) ) ;
#1748 = EDGE_CURVE ( 'NONE', #2428, #6061, #6212, .T. ) ;
#1749 = DIRECTION ( 'NONE',  ( -0.000000000000000000, 1.000000000000000000, -0.000000000000000000 ) ) ;
#1750 = ORIENTED_EDGE ( 'NONE', *, *, #4066, .T. ) ;
#1751 = DIRECTION ( 'NONE',  ( -0.000000000000000000, -0.000000000000000000, 1.000000000000000000 ) ) ;
#1752 = AXIS2_PLACEMENT_3D ( 'NONE', #9224, #111, #9981 ) ;
#1753 = VECTOR ( 'NONE', #2373, 1000.000000000000000 ) ;
#1754 = ORIENTED_EDGE ( 'NONE', *, *, #8752, .F. ) ;
#1755 = LINE ( 'NONE', #2727, #4533 ) ;
#1756 = ORIENTED_EDGE ( 'NONE', *, *, #4883, .T. ) ;
#1757 = CIRCLE ( 'NONE', #9081, 0.4000000000000001887 ) ;
#1758 = PLANE ( 'NONE',  #6371 ) ;
#1759 = LINE ( 'NONE', #966, #9798 ) ;
#1760 = VECTOR ( 'NONE', #186, 1000.000000000000000 ) ;
#1761 = DIRECTION ( 'NONE',  ( -1.000000000000000000, -0.000000000000000000, -0.000000000000000000 ) ) ;
#1762 = EDGE_CURVE ( 'NONE', #2590, #10068, #7011, .T. ) ;
#1763 = DIRECTION ( 'NONE',  ( 0.000000000000000000, 0.000000000000000000, -1.000000000000000000 ) ) ;
#1764 = EDGE_CURVE ( 'NONE', #1662, #7733, #1472, .T. ) ;
#1765 = ADVANCED_FACE ( 'NONE', ( #7728 ), #6764, .T. ) ;
#1766 = DIRECTION ( 'NONE',  ( 0.000000000000000000, 1.000000000000000000, 0.000000000000000000 ) ) ;
#1767 = EDGE_LOOP ( 'NONE', ( #8662, #2474, #987, #9408 ) ) ;
#1768 = CARTESIAN_POINT ( 'NONE',  ( 16.35185058345957998, -0.9000000000000029088, -5.049999999999995381 ) ) ;
#1769 = ORIENTED_EDGE ( 'NONE', *, *, #7500, .T. ) ;
#1770 = ORIENTED_EDGE ( 'NONE', *, *, #1840, .F. ) ;
#1771 = AXIS2_PLACEMENT_3D ( 'NONE', #3466, #1693, #9004 ) ;
#1772 = VERTEX_POINT ( 'NONE', #10014 ) ;
#1773 = PLANE ( 'NONE',  #3386 ) ;
#1774 = CARTESIAN_POINT ( 'NONE',  ( 35.75000000000000000, 9.100000000000001421, 12.80000000000000249 ) ) ;
#1775 = CARTESIAN_POINT ( 'NONE',  ( 35.75000000000000000, 17.01111066297655228, -12.80000000000000249 ) ) ;
#1776 = EDGE_CURVE ( 'NONE', #1394, #3553, #9571, .T. ) ;
#1777 = LINE ( 'NONE', #3391, #8898 ) ;
#1778 = VECTOR ( 'NONE', #3991, 1000.000000000000000 ) ;
#1779 = ORIENTED_EDGE ( 'NONE', *, *, #3749, .F. ) ;
#1780 = ORIENTED_EDGE ( 'NONE', *, *, #975, .T. ) ;
#1781 = DIRECTION ( 'NONE',  ( 0.000000000000000000, 0.000000000000000000, 1.000000000000000000 ) ) ;
#1782 = VECTOR ( 'NONE', #10230, 1000.000000000000114 ) ;
#1783 = ORIENTED_EDGE ( 'NONE', *, *, #3552, .T. ) ;
#1784 = ORIENTED_EDGE ( 'NONE', *, *, #6912, .T. ) ;
#1785 = DIRECTION ( 'NONE',  ( -0.000000000000000000, 0.000000000000000000, 1.000000000000000000 ) ) ;
#1786 = VECTOR ( 'NONE', #839, 1000.000000000000000 ) ;
#1787 = EDGE_CURVE ( 'NONE', #3565, #5852, #2718, .T. ) ;
#1788 = CARTESIAN_POINT ( 'NONE',  ( 21.64999999999999858, -3.399999999999999911, -16.44999999999999574 ) ) ;
#1789 = CIRCLE ( 'NONE', #5374, 1.249999999999997558 ) ;
#1790 = CARTESIAN_POINT ( 'NONE',  ( 14.15000000000000213, -0.2500000000000000000, -0.1499999999999973577 ) ) ;
#1791 = DIRECTION ( 'NONE',  ( 1.000000000000000000, 0.000000000000000000, 0.000000000000000000 ) ) ;
#1792 = ORIENTED_EDGE ( 'NONE', *, *, #986, .F. ) ;
#1793 = AXIS2_PLACEMENT_3D ( 'NONE', #580, #3848, #4782 ) ;
#1794 = CARTESIAN_POINT ( 'NONE',  ( 32.95000000000000995, 1.600000000000000089, 14.24999999999999822 ) ) ;
#1795 = CIRCLE ( 'NONE', #10482, 0.4000000000000010214 ) ;
#1796 = EDGE_LOOP ( 'NONE', ( #6751, #9968, #4880, #7086 ) ) ;
#1797 = LINE ( 'NONE', #7456, #3858 ) ;
#1798 = ORIENTED_EDGE ( 'NONE', *, *, #10172, .T. ) ;
#1799 = AXIS2_PLACEMENT_3D ( 'NONE', #1533, #10451, #3156 ) ;
#1800 = EDGE_CURVE ( 'NONE', #258, #1405, #351, .T. ) ;
#1801 = VECTOR ( 'NONE', #7879, 1000.000000000000000 ) ;
#1802 = DIRECTION ( 'NONE',  ( -0.000000000000000000, -0.000000000000000000, 1.000000000000000000 ) ) ;
#1803 = EDGE_LOOP ( 'NONE', ( #522, #8591, #7823, #1958 ) ) ;
#1804 = EDGE_CURVE ( 'NONE', #3835, #10412, #5069, .T. ) ;
#1805 = FACE_OUTER_BOUND ( 'NONE', #87, .T. ) ;
#1806 = CARTESIAN_POINT ( 'NONE',  ( 37.65000000000001279, 9.902000000000002800, 0.3500000000000018097 ) ) ;
#1807 = CARTESIAN_POINT ( 'NONE',  ( -33.85000000000000853, 9.899999999999998579, 5.450000000000001066 ) ) ;
#1808 = DIRECTION ( 'NONE',  ( 0.000000000000000000, 0.000000000000000000, 1.000000000000000000 ) ) ;
#1809 = CARTESIAN_POINT ( 'NONE',  ( -29.35000000000000497, -9.000000000000001776, 10.00000000000000000 ) ) ;
#1810 = ORIENTED_EDGE ( 'NONE', *, *, #2081, .F. ) ;
#1811 = DIRECTION ( 'NONE',  ( 0.000000000000000000, -1.000000000000000000, 0.000000000000000000 ) ) ;
#1812 = EDGE_LOOP ( 'NONE', ( #1132, #3771, #2846, #92, #905 ) ) ;
#1813 = CARTESIAN_POINT ( 'NONE',  ( 37.65000000000001279, 8.500000000000021316, -19.25000000000000000 ) ) ;
#1814 = ORIENTED_EDGE ( 'NONE', *, *, #4753, .F. ) ;
#1815 = DIRECTION ( 'NONE',  ( 0.000000000000000000, 0.000000000000000000, 1.000000000000000000 ) ) ;
#1816 = EDGE_CURVE ( 'NONE', #1772, #260, #10117, .T. ) ;
#1817 = DIRECTION ( 'NONE',  ( -0.000000000000000000, -1.000000000000000000, -0.000000000000000000 ) ) ;
#1818 = CARTESIAN_POINT ( 'NONE',  ( 37.15000000000001279, 9.899999999999998579, -19.80000000000000071 ) ) ;
#1819 = LINE ( 'NONE', #6571, #7017 ) ;
#1820 = CARTESIAN_POINT ( 'NONE',  ( -27.64999999999999858, -1.800000000000000044, -20.74999999999999645 ) ) ;
#1821 = VERTEX_POINT ( 'NONE', #3570 ) ;
#1822 = CARTESIAN_POINT ( 'NONE',  ( 13.50000000000000178, -0.2499999999999998335, -5.249999999999995559 ) ) ;
#1823 = ORIENTED_EDGE ( 'NONE', *, *, #6400, .T. ) ;
#1824 = ORIENTED_EDGE ( 'NONE', *, *, #1899, .T. ) ;
#1825 = EDGE_CURVE ( 'NONE', #2375, #10113, #9315, .T. ) ;
#1826 = EDGE_CURVE ( 'NONE', #10085, #5984, #5159, .T. ) ;
#1827 = ORIENTED_EDGE ( 'NONE', *, *, #4337, .F. ) ;
#1828 = CARTESIAN_POINT ( 'NONE',  ( -34.85000000000000142, 6.200000000000000178, 19.25000000000000000 ) ) ;
#1829 = EDGE_CURVE ( 'NONE', #6245, #10043, #6813, .T. ) ;
#1830 = VECTOR ( 'NONE', #4356, 1000.000000000000000 ) ;
#1831 = ADVANCED_FACE ( 'NONE', ( #2016 ), #5269, .F. ) ;
#1832 = CARTESIAN_POINT ( 'NONE',  ( -33.64999999999999858, 8.500000000000000000, 22.05000000000000071 ) ) ;
#1833 = CARTESIAN_POINT ( 'NONE',  ( -37.35000000000000142, 3.700000000000001954, 19.25000000000000000 ) ) ;
#1834 = DIRECTION ( 'NONE',  ( 0.000000000000000000, 0.000000000000000000, -1.000000000000000000 ) ) ;
#1835 = VERTEX_POINT ( 'NONE', #4465 ) ;
#1836 = VERTEX_POINT ( 'NONE', #553 ) ;
#1837 = DIRECTION ( 'NONE',  ( -1.000000000000000000, 0.000000000000000000, -0.000000000000000000 ) ) ;
#1838 = VERTEX_POINT ( 'NONE', #1208 ) ;
#1839 = EDGE_CURVE ( 'NONE', #338, #2622, #2211, .T. ) ;
#1840 = EDGE_CURVE ( 'NONE', #6444, #3221, #8362, .T. ) ;
#1841 = VERTEX_POINT ( 'NONE', #5464 ) ;
#1842 = PLANE ( 'NONE',  #825 ) ;
#1843 = ADVANCED_FACE ( 'NONE', ( #8716 ), #1402, .F. ) ;
#1844 = CIRCLE ( 'NONE', #10190, 1.100000000000000089 ) ;
#1845 = DIRECTION ( 'NONE',  ( 0.000000000000000000, 0.000000000000000000, -1.000000000000000000 ) ) ;
#1846 = EDGE_CURVE ( 'NONE', #10019, #1740, #9160, .T. ) ;
#1847 = LINE ( 'NONE', #187, #7669 ) ;
#1848 = FACE_OUTER_BOUND ( 'NONE', #1536, .T. ) ;
#1849 = ORIENTED_EDGE ( 'NONE', *, *, #5840, .F. ) ;
#1850 = FACE_OUTER_BOUND ( 'NONE', #6420, .T. ) ;
#1851 = FACE_OUTER_BOUND ( 'NONE', #9768, .T. ) ;
#1852 = EDGE_LOOP ( 'NONE', ( #9842, #10114, #4984, #4253 ) ) ;
#1853 = VECTOR ( 'NONE', #1893, 1000.000000000000000 ) ;
#1854 = EDGE_CURVE ( 'NONE', #10478, #1671, #4366, .T. ) ;
#1855 = ORIENTED_EDGE ( 'NONE', *, *, #376, .F. ) ;
#1856 = LINE ( 'NONE', #4150, #9614 ) ;
#1857 = CARTESIAN_POINT ( 'NONE',  ( 20.64999999999999858, -1.800000000000000044, -20.74999999999999645 ) ) ;
#1858 = FACE_OUTER_BOUND ( 'NONE', #10180, .T. ) ;
#1859 = VECTOR ( 'NONE', #5256, 1000.000000000000000 ) ;
#1860 = CARTESIAN_POINT ( 'NONE',  ( 11.95000000000000639, 5.000000000000000000, -19.25000000000000000 ) ) ;
#1861 = CARTESIAN_POINT ( 'NONE',  ( 37.65000000000001279, 7.500000000000002665, 10.95000000000000284 ) ) ;
#1862 = CARTESIAN_POINT ( 'NONE',  ( -35.25000000000000000, -0.7000000000000000666, 23.75000000000000711 ) ) ;
#1863 = ORIENTED_EDGE ( 'NONE', *, *, #5229, .F. ) ;
#1864 = DIRECTION ( 'NONE',  ( -0.000000000000000000, -0.000000000000000000, -1.000000000000000000 ) ) ;
#1865 = EDGE_LOOP ( 'NONE', ( #3748, #6796, #2922, #391 ) ) ;
#1866 = CARTESIAN_POINT ( 'NONE',  ( -29.64999999999999858, -0.3999999999999999667, 8.448227494413579564 ) ) ;
#1867 = ORIENTED_EDGE ( 'NONE', *, *, #3792, .F. ) ;
#1868 = EDGE_CURVE ( 'NONE', #6304, #10291, #251, .T. ) ;
#1869 = VECTOR ( 'NONE', #2434, 1000.000000000000000 ) ;
#1870 = CARTESIAN_POINT ( 'NONE',  ( -20.64999999999999858, -1.799999999999994493, -3.949999999999995293 ) ) ;
#1871 = CIRCLE ( 'NONE', #9191, 1.000000000000000888 ) ;
#1872 = CARTESIAN_POINT ( 'NONE',  ( -31.55000000000000782, 9.899999999999998579, 4.350000000000000533 ) ) ;
#1873 = LINE ( 'NONE', #8278, #7204 ) ;
#1874 = CARTESIAN_POINT ( 'NONE',  ( 16.50000000000000355, -0.2499999999999998335, -16.64999999999999858 ) ) ;
#1875 = CARTESIAN_POINT ( 'NONE',  ( 34.75000000000000000, -9.000000000000001776, -19.25000000000000355 ) ) ;
#1876 = EDGE_CURVE ( 'NONE', #1671, #4566, #303, .T. ) ;
#1877 = DIRECTION ( 'NONE',  ( 0.000000000000000000, 0.000000000000000000, 1.000000000000000000 ) ) ;
#1878 = ORIENTED_EDGE ( 'NONE', *, *, #5607, .F. ) ;
#1879 = DIRECTION ( 'NONE',  ( -1.000000000000000000, 0.000000000000000000, -0.000000000000000000 ) ) ;
#1880 = ORIENTED_EDGE ( 'NONE', *, *, #3594, .T. ) ;
#1881 = ORIENTED_EDGE ( 'NONE', *, *, #7968, .T. ) ;
#1882 = ORIENTED_EDGE ( 'NONE', *, *, #394, .F. ) ;
#1883 = LINE ( 'NONE', #120, #2038 ) ;
#1884 = LINE ( 'NONE', #4183, #5789 ) ;
#1885 = CARTESIAN_POINT ( 'NONE',  ( 18.50000000000000355, 7.181024967590668773, -20.16897503240933531 ) ) ;
#1886 = LINE ( 'NONE', #6097, #4476 ) ;
#1887 = ORIENTED_EDGE ( 'NONE', *, *, #8254, .F. ) ;
#1888 = ORIENTED_EDGE ( 'NONE', *, *, #7517, .T. ) ;
#1889 = CARTESIAN_POINT ( 'NONE',  ( -30.95000000000000995, -0.3999999999999993006, -4.350000000000000533 ) ) ;
#1890 = EDGE_CURVE ( 'NONE', #4503, #5241, #4718, .T. ) ;
#1891 = ORIENTED_EDGE ( 'NONE', *, *, #9592, .T. ) ;
#1892 = VERTEX_POINT ( 'NONE', #7164 ) ;
#1893 = DIRECTION ( 'NONE',  ( -1.470104640658310508E-16, 1.618795186513745348E-32, 1.000000000000000000 ) ) ;
#1894 = CARTESIAN_POINT ( 'NONE',  ( 11.95000000000000639, 5.000000000000000000, -17.44999999999999929 ) ) ;
#1895 = CARTESIAN_POINT ( 'NONE',  ( -12.75000000000000178, -9.002000000000000668, -16.84999999999999787 ) ) ;
#1896 = VECTOR ( 'NONE', #6422, 1000.000000000000000 ) ;
#1897 = EDGE_CURVE ( 'NONE', #6366, #6023, #6361, .T. ) ;
#1898 = DIRECTION ( 'NONE',  ( 0.000000000000000000, 0.000000000000000000, 1.000000000000000000 ) ) ;
#1899 = EDGE_CURVE ( 'NONE', #8638, #10110, #804, .T. ) ;
#1900 = ORIENTED_EDGE ( 'NONE', *, *, #9137, .T. ) ;
#1901 = CYLINDRICAL_SURFACE ( 'NONE', #7696, 1.100000000000000089 ) ;
#1902 = EDGE_CURVE ( 'NONE', #3946, #2257, #762, .T. ) ;
#1903 = ORIENTED_EDGE ( 'NONE', *, *, #883, .T. ) ;
#1904 = CIRCLE ( 'NONE', #5993, 2.399999999999990585 ) ;
#1905 = ORIENTED_EDGE ( 'NONE', *, *, #5485, .F. ) ;
#1906 = CARTESIAN_POINT ( 'NONE',  ( -37.85000000000000853, -9.000000000000001776, 5.450000000000000178 ) ) ;
#1907 = DIRECTION ( 'NONE',  ( -1.000000000000000000, 1.032573497605241978E-16, 0.000000000000000000 ) ) ;
#1908 = CARTESIAN_POINT ( 'NONE',  ( -31.55000000000000782, 9.899999999999998579, -4.350000000000000533 ) ) ;
#1909 = LINE ( 'NONE', #9372, #6293 ) ;
#1910 = CARTESIAN_POINT ( 'NONE',  ( -10.09999999999999787, 0.5000000000000000000, -7.699999999999992184 ) ) ;
#1911 = DIRECTION ( 'NONE',  ( 1.000000000000000000, 0.000000000000000000, 0.000000000000000000 ) ) ;
#1912 = EDGE_CURVE ( 'NONE', #8338, #1133, #10417, .T. ) ;
#1913 = AXIS2_PLACEMENT_3D ( 'NONE', #368, #10135, #10192 ) ;
#1914 = ORIENTED_EDGE ( 'NONE', *, *, #5032, .F. ) ;
#1915 = LINE ( 'NONE', #2023, #4960 ) ;
#1916 = VERTEX_POINT ( 'NONE', #9775 ) ;
#1917 = LINE ( 'NONE', #521, #10485 ) ;
#1918 = VERTEX_POINT ( 'NONE', #8865 ) ;
#1919 = VECTOR ( 'NONE', #1613, 1000.000000000000000 ) ;
#1920 = FACE_OUTER_BOUND ( 'NONE', #5470, .T. ) ;
#1921 = DIRECTION ( 'NONE',  ( -0.7071067811865512365, 0.7071067811865439090, -0.000000000000000000 ) ) ;
#1922 = DIRECTION ( 'NONE',  ( 1.000000000000000000, 0.000000000000000000, 0.000000000000000000 ) ) ;
#1923 = VECTOR ( 'NONE', #9254, 1000.000000000000000 ) ;
#1924 = DIRECTION ( 'NONE',  ( 0.000000000000000000, 0.000000000000000000, -1.000000000000000000 ) ) ;
#1925 = EDGE_CURVE ( 'NONE', #6191, #3576, #3180, .T. ) ;
#1926 = AXIS2_PLACEMENT_3D ( 'NONE', #3621, #3571, #2173 ) ;
#1927 = LINE ( 'NONE', #6529, #4482 ) ;
#1928 = CARTESIAN_POINT ( 'NONE',  ( -20.64999999999999858, -3.399999999999999911, -17.64999999999999503 ) ) ;
#1929 = ORIENTED_EDGE ( 'NONE', *, *, #2035, .F. ) ;
#1930 = VERTEX_POINT ( 'NONE', #9670 ) ;
#1931 = ORIENTED_EDGE ( 'NONE', *, *, #6267, .F. ) ;
#1932 = AXIS2_PLACEMENT_3D ( 'NONE', #967, #164, #6777 ) ;
#1933 = AXIS2_PLACEMENT_3D ( 'NONE', #2893, #5235, #1173 ) ;
#1934 = VERTEX_POINT ( 'NONE', #10527 ) ;
#1935 = VECTOR ( 'NONE', #3402, 1000.000000000000000 ) ;
#1936 = DIRECTION ( 'NONE',  ( 0.000000000000000000, 0.000000000000000000, -1.000000000000000000 ) ) ;
#1937 = ADVANCED_FACE ( 'NONE', ( #9567 ), #2370, .T. ) ;
#1938 = LINE ( 'NONE', #9235, #2302 ) ;
#1939 = FACE_OUTER_BOUND ( 'NONE', #9744, .T. ) ;
#1940 = CARTESIAN_POINT ( 'NONE',  ( 16.35185058345957998, -0.9000000000000029088, -16.64999999999999858 ) ) ;
#1941 = EDGE_CURVE ( 'NONE', #10068, #557, #1666, .T. ) ;
#1942 = CARTESIAN_POINT ( 'NONE',  ( 21.85000000000000142, 7.000000000000004441, 24.45000000000000639 ) ) ;
#1943 = ORIENTED_EDGE ( 'NONE', *, *, #3724, .T. ) ;
#1944 = VECTOR ( 'NONE', #7287, 1000.000000000000000 ) ;
#1945 = CARTESIAN_POINT ( 'NONE',  ( 12.84999999999999964, -1.799999999999992495, -15.94999999999999929 ) ) ;
#1946 = UNCERTAINTY_MEASURE_WITH_UNIT (LENGTH_MEASURE( 1.000000000000000082E-05 ), #192, 'distance_accuracy_value', 'NONE');
#1947 = ORIENTED_EDGE ( 'NONE', *, *, #9823, .F. ) ;
#1948 = ORIENTED_EDGE ( 'NONE', *, *, #10172, .F. ) ;
#1949 = DIRECTION ( 'NONE',  ( -0.000000000000000000, -0.000000000000000000, -1.000000000000000000 ) ) ;
#1950 = VECTOR ( 'NONE', #791, 1000.000000000000000 ) ;
#1951 = CIRCLE ( 'NONE', #6547, 0.8500000000000000888 ) ;
#1952 = CARTESIAN_POINT ( 'NONE',  ( -37.35000000000000142, 6.200000000000000178, 19.25000000000000000 ) ) ;
#1953 = LINE ( 'NONE', #8405, #2002 ) ;
#1954 = CARTESIAN_POINT ( 'NONE',  ( 34.35000000000000142, 6.200000000000000178, -20.74999999999999645 ) ) ;
#1955 = ORIENTED_EDGE ( 'NONE', *, *, #7639, .F. ) ;
#1956 = VECTOR ( 'NONE', #7024, 1000.000000000000000 ) ;
#1957 = DIRECTION ( 'NONE',  ( 1.000000000000000000, 0.000000000000000000, 0.000000000000000000 ) ) ;
#1958 = ORIENTED_EDGE ( 'NONE', *, *, #9313, .F. ) ;
#1959 = VECTOR ( 'NONE', #5156, 1000.000000000000000 ) ;
#1960 = ORIENTED_EDGE ( 'NONE', *, *, #1764, .F. ) ;
#1961 = ADVANCED_FACE ( 'NONE', ( #4874 ), #4073, .F. ) ;
#1962 = EDGE_CURVE ( 'NONE', #9024, #1230, #3122, .T. ) ;
#1963 = AXIS2_PLACEMENT_3D ( 'NONE', #4432, #4543, #6087 ) ;
#1964 = CARTESIAN_POINT ( 'NONE',  ( -34.85000000000000142, 3.700000000000001954, 23.75000000000000000 ) ) ;
#1965 = CARTESIAN_POINT ( 'NONE',  ( 20.64999999999999858, -1.800000000000000044, -19.14999999999999858 ) ) ;
#1966 = CARTESIAN_POINT ( 'NONE',  ( 34.05000000000001137, 9.900000000000000355, 2.769059892324147842 ) ) ;
#1967 = EDGE_CURVE ( 'NONE', #5637, #3274, #4807, .T. ) ;
#1968 = DIRECTION ( 'NONE',  ( 1.000000000000000000, 0.000000000000000000, 0.000000000000000000 ) ) ;
#1969 = VECTOR ( 'NONE', #8006, 1000.000000000000000 ) ;
#1970 = VECTOR ( 'NONE', #6670, 1000.000000000000000 ) ;
#1971 = LINE ( 'NONE', #6816, #4359 ) ;
#1972 = DIRECTION ( 'NONE',  ( 0.000000000000000000, 0.000000000000000000, 1.000000000000000000 ) ) ;
#1973 = ORIENTED_EDGE ( 'NONE', *, *, #10185, .T. ) ;
#1974 = CYLINDRICAL_SURFACE ( 'NONE', #693, 0.4000000000000010214 ) ;
#1975 = ORIENTED_EDGE ( 'NONE', *, *, #8286, .T. ) ;
#1976 = CARTESIAN_POINT ( 'NONE',  ( 37.65000000000001279, 7.500000000000004441, -0.3499999999999961475 ) ) ;
#1977 = AXIS2_PLACEMENT_3D ( 'NONE', #1699, #9117, #106 ) ;
#1978 = ORIENTED_EDGE ( 'NONE', *, *, #8445, .T. ) ;
#1979 = AXIS2_PLACEMENT_3D ( 'NONE', #3001, #1377, #1426 ) ;
#1980 = ADVANCED_FACE ( 'NONE', ( #815 ), #10, .T. ) ;
#1981 = CARTESIAN_POINT ( 'NONE',  ( -33.25000000000000000, 8.500000000000000000, 22.05000000000000071 ) ) ;
#1982 = EDGE_CURVE ( 'NONE', #6977, #6342, #7703, .T. ) ;
#1983 = DIRECTION ( 'NONE',  ( 0.000000000000000000, -1.000000000000000000, 0.000000000000000000 ) ) ;
#1984 = LINE ( 'NONE', #9437, #729 ) ;
#1985 = CARTESIAN_POINT ( 'NONE',  ( -30.94999999999999929, 3.600000000000004974, 17.44999999999999929 ) ) ;
#1986 = CARTESIAN_POINT ( 'NONE',  ( -30.95000000000000995, 9.899999999999998579, 1.649999999999999023 ) ) ;
#1987 = PLANE ( 'NONE',  #1963 ) ;
#1988 = ORIENTED_EDGE ( 'NONE', *, *, #5996, .T. ) ;
#1989 = ORIENTED_EDGE ( 'NONE', *, *, #6356, .T. ) ;
#1990 = ORIENTED_EDGE ( 'NONE', *, *, #9158, .F. ) ;
#1991 = EDGE_LOOP ( 'NONE', ( #7439, #4358, #2740, #9806 ) ) ;
#1992 = EDGE_CURVE ( 'NONE', #6191, #232, #611, .T. ) ;
#1993 = DIRECTION ( 'NONE',  ( 0.000000000000000000, 0.7071067811865524577, -0.7071067811865425767 ) ) ;
#1994 = DIRECTION ( 'NONE',  ( -0.000000000000000000, 0.000000000000000000, -1.000000000000000000 ) ) ;
#1995 = DIRECTION ( 'NONE',  ( 0.000000000000000000, 0.000000000000000000, -1.000000000000000000 ) ) ;
#1996 = DIRECTION ( 'NONE',  ( -1.000000000000000000, 0.000000000000000000, 2.168404344971003198E-16 ) ) ;
#1997 = DIRECTION ( 'NONE',  ( -0.000000000000000000, 1.000000000000000000, -0.000000000000000000 ) ) ;
#1998 = LINE ( 'NONE', #3705, #5880 ) ;
#1999 = ORIENTED_EDGE ( 'NONE', *, *, #5443, .F. ) ;
#2000 = PLANE ( 'NONE',  #9509 ) ;
#2001 = EDGE_LOOP ( 'NONE', ( #3898, #765, #9787, #945, #1548, #4729 ) ) ;
#2002 = VECTOR ( 'NONE', #3663, 1000.000000000000000 ) ;
#2003 = ORIENTED_EDGE ( 'NONE', *, *, #1962, .T. ) ;
#2004 = ADVANCED_FACE ( 'NONE', ( #7118 ), #10473, .T. ) ;
#2005 = PLANE ( 'NONE',  #999 ) ;
#2006 = VERTEX_POINT ( 'NONE', #3967 ) ;
#2007 = CARTESIAN_POINT ( 'NONE',  ( -31.04999999999999716, 6.981024967590667707, -19.96897503240933247 ) ) ;
#2008 = DIRECTION ( 'NONE',  ( 1.000000000000000000, -0.000000000000000000, -0.000000000000000000 ) ) ;
#2009 = VERTEX_POINT ( 'NONE', #8769 ) ;
#2010 = CARTESIAN_POINT ( 'NONE',  ( 0.5000000000000000000, 6.200000000000000178, -20.74999999999999645 ) ) ;
#2011 = EDGE_CURVE ( 'NONE', #5241, #2042, #10251, .T. ) ;
#2012 = ORIENTED_EDGE ( 'NONE', *, *, #9098, .T. ) ;
#2013 = ORIENTED_EDGE ( 'NONE', *, *, #5361, .T. ) ;
#2014 = AXIS2_PLACEMENT_3D ( 'NONE', #3965, #758, #7 ) ;
#2015 = LINE ( 'NONE', #10012, #8089 ) ;
#2016 = FACE_OUTER_BOUND ( 'NONE', #7825, .T. ) ;
#2017 = CARTESIAN_POINT ( 'NONE',  ( 15.00000000000000355, -0.2500000000000000000, -0.1499999999999973577 ) ) ;
#2018 = LINE ( 'NONE', #6118, #9606 ) ;
#2019 = FACE_OUTER_BOUND ( 'NONE', #4142, .T. ) ;
#2020 = CARTESIAN_POINT ( 'NONE',  ( -20.64999999999999858, -2.600000000000004530, -20.24999999999999645 ) ) ;
#2021 = ORIENTED_EDGE ( 'NONE', *, *, #3461, .F. ) ;
#2022 = VECTOR ( 'NONE', #9999, 1000.000000000000000 ) ;
#2023 = CARTESIAN_POINT ( 'NONE',  ( -39.25000000000000711, -1.800000000000000044, 11.49999999999998224 ) ) ;
#2024 = VERTEX_POINT ( 'NONE', #5783 ) ;
#2025 = DIRECTION ( 'NONE',  ( 1.000000000000000000, -1.101142831430592166E-16, 0.000000000000000000 ) ) ;
#2026 = VERTEX_POINT ( 'NONE', #2642 ) ;
#2027 = ADVANCED_FACE ( 'NONE', ( #4124 ), #9140, .T. ) ;
#2028 = VECTOR ( 'NONE', #4838, 1000.000000000000114 ) ;
#2029 = FACE_OUTER_BOUND ( 'NONE', #2591, .T. ) ;
#2030 = DIRECTION ( 'NONE',  ( 0.000000000000000000, 0.000000000000000000, -1.000000000000000000 ) ) ;
#2031 = CARTESIAN_POINT ( 'NONE',  ( -26.64999999999999503, -3.399999999999999911, -17.64999999999999503 ) ) ;
#2032 = FACE_OUTER_BOUND ( 'NONE', #6542, .T. ) ;
#2033 = PLANE ( 'NONE',  #6022 ) ;
#2034 = EDGE_CURVE ( 'NONE', #918, #4985, #6793, .T. ) ;
#2035 = EDGE_CURVE ( 'NONE', #9206, #9157, #2698, .T. ) ;
#2036 = LINE ( 'NONE', #7043, #3510 ) ;
#2037 = ORIENTED_EDGE ( 'NONE', *, *, #6945, .F. ) ;
#2038 = VECTOR ( 'NONE', #3546, 1000.000000000000000 ) ;
#2039 = EDGE_CURVE ( 'NONE', #9405, #8064, #3496, .T. ) ;
#2040 = ORIENTED_EDGE ( 'NONE', *, *, #2995, .T. ) ;
#2041 = ORIENTED_EDGE ( 'NONE', *, *, #1925, .T. ) ;
#2042 = VERTEX_POINT ( 'NONE', #1940 ) ;
#2043 = CARTESIAN_POINT ( 'NONE',  ( -24.94999999999999929, 5.000000000000000000, 17.44999999999999929 ) ) ;
#2044 = FACE_OUTER_BOUND ( 'NONE', #5668, .T. ) ;
#2045 = DIRECTION ( 'NONE',  ( 0.000000000000000000, 1.000000000000000000, 1.762134456409849633E-16 ) ) ;
#2046 = VERTEX_POINT ( 'NONE', #5942 ) ;
#2047 = CIRCLE ( 'NONE', #9880, 1.000000000000000888 ) ;
#2048 = CARTESIAN_POINT ( 'NONE',  ( 21.85000000000000142, 7.500000000000000000, 23.75000000000000711 ) ) ;
#2049 = DIRECTION ( 'NONE',  ( 0.000000000000000000, 0.000000000000000000, -1.000000000000000000 ) ) ;
#2050 = ADVANCED_FACE ( 'NONE', ( #9084 ), #7383, .F. ) ;
#2051 = DIRECTION ( 'NONE',  ( 0.000000000000000000, 0.000000000000000000, -1.000000000000000000 ) ) ;
#2052 = ORIENTED_EDGE ( 'NONE', *, *, #7990, .T. ) ;
#2053 = CARTESIAN_POINT ( 'NONE',  ( 34.75000000000000000, 0.000000000000000000, 14.24999999999999822 ) ) ;
#2054 = VERTEX_POINT ( 'NONE', #4185 ) ;
#2055 = VERTEX_POINT ( 'NONE', #5835 ) ;
#2056 = LINE ( 'NONE', #10324, #1502 ) ;
#2057 = PLANE ( 'NONE',  #367 ) ;
#2058 = DIRECTION ( 'NONE',  ( 2.891205793294679411E-15, 0.000000000000000000, -1.000000000000000000 ) ) ;
#2059 = CARTESIAN_POINT ( 'NONE',  ( -11.75000000000000000, 0.4999999999999995559, -16.84999999999999787 ) ) ;
#2060 = DIRECTION ( 'NONE',  ( 1.000000000000000000, 0.000000000000000000, -8.673617379884027583E-16 ) ) ;
#2061 = EDGE_CURVE ( 'NONE', #2437, #4068, #8178, .T. ) ;
#2062 = ORIENTED_EDGE ( 'NONE', *, *, #5070, .F. ) ;
#2063 = CARTESIAN_POINT ( 'NONE',  ( -26.94999999999999929, -0.7000000000000000666, 12.92992172241327786 ) ) ;
#2064 = EDGE_LOOP ( 'NONE', ( #10182, #5513, #2713, #3103 ) ) ;
#2065 = ORIENTED_EDGE ( 'NONE', *, *, #2405, .T. ) ;
#2066 = DIRECTION ( 'NONE',  ( 0.000000000000000000, 0.000000000000000000, 1.000000000000000000 ) ) ;
#2067 = DIRECTION ( 'NONE',  ( -0.000000000000000000, -1.000000000000000000, -0.000000000000000000 ) ) ;
#2068 = DIRECTION ( 'NONE',  ( 0.000000000000000000, 0.000000000000000000, 1.000000000000000000 ) ) ;
#2069 = DIRECTION ( 'NONE',  ( 0.000000000000000000, 0.000000000000000000, 1.000000000000000000 ) ) ;
#2070 = LINE ( 'NONE', #2020, #1782 ) ;
#2071 = ADVANCED_FACE ( 'NONE', ( #980 ), #9835, .F. ) ;
#2072 = ORIENTED_EDGE ( 'NONE', *, *, #7840, .T. ) ;
#2073 = DIRECTION ( 'NONE',  ( 1.000000000000000000, 0.000000000000000000, 0.000000000000000000 ) ) ;
#2074 = EDGE_LOOP ( 'NONE', ( #1033, #8270, #1635, #6600 ) ) ;
#2075 = PLANE ( 'NONE',  #4355 ) ;
#2076 = ORIENTED_EDGE ( 'NONE', *, *, #3559, .F. ) ;
#2077 = DIRECTION ( 'NONE',  ( 1.000000000000000000, 0.000000000000000000, 0.000000000000000000 ) ) ;
#2078 = VECTOR ( 'NONE', #7651, 1000.000000000000000 ) ;
#2079 = LINE ( 'NONE', #1325, #9807 ) ;
#2080 = CARTESIAN_POINT ( 'NONE',  ( -30.94999999999999929, 3.600000000000004974, 17.44999999999999929 ) ) ;
#2081 = EDGE_CURVE ( 'NONE', #6656, #5305, #5038, .T. ) ;
#2082 = CARTESIAN_POINT ( 'NONE',  ( 20.64999999999999858, 7.589415207398531038E-15, -20.74999999999999645 ) ) ;
#2083 = VERTEX_POINT ( 'NONE', #1718 ) ;
#2084 = CARTESIAN_POINT ( 'NONE',  ( -18.24999999999997868, -0.9000000000000044631, -16.84999999999999787 ) ) ;
#2085 = ORIENTED_EDGE ( 'NONE', *, *, #3249, .F. ) ;
#2086 = CARTESIAN_POINT ( 'NONE',  ( -28.35000000000000497, -1.800000000000000044, 1.049999999999998934 ) ) ;
#2087 = ORIENTED_EDGE ( 'NONE', *, *, #1733, .F. ) ;
#2088 = ORIENTED_EDGE ( 'NONE', *, *, #1466, .T. ) ;
#2089 = CARTESIAN_POINT ( 'NONE',  ( 13.64814941654042535, -0.9000000000000033529, -5.049999999999995381 ) ) ;
#2090 = EDGE_CURVE ( 'NONE', #5254, #5570, #1083, .T. ) ;
#2091 = DIRECTION ( 'NONE',  ( 1.000000000000000000, 0.000000000000000000, 0.000000000000000000 ) ) ;
#2092 = VECTOR ( 'NONE', #4843, 1000.000000000000000 ) ;
#2093 = DIRECTION ( 'NONE',  ( -1.802310104910968394E-16, 0.000000000000000000, 1.000000000000000000 ) ) ;
#2094 = DIRECTION ( 'NONE',  ( -1.000000000000000000, 0.000000000000000000, 3.987870059716798287E-16 ) ) ;
#2095 = CARTESIAN_POINT ( 'NONE',  ( -37.05000000000000426, 9.899999999999998579, -5.450000000000000178 ) ) ;
#2096 = FACE_OUTER_BOUND ( 'NONE', #9193, .T. ) ;
#2097 = ORIENTED_EDGE ( 'NONE', *, *, #3242, .T. ) ;
#2098 = CARTESIAN_POINT ( 'NONE',  ( 38.15000000000001279, 9.899999999999998579, 18.80000000000000071 ) ) ;
#2099 = VECTOR ( 'NONE', #366, 1000.000000000000000 ) ;
#2100 = VECTOR ( 'NONE', #6988, 1000.000000000000000 ) ;
#2101 = ORIENTED_EDGE ( 'NONE', *, *, #2620, .F. ) ;
#2102 = AXIS2_PLACEMENT_3D ( 'NONE', #5490, #8148, #4044 ) ;
#2103 = ORIENTED_EDGE ( 'NONE', *, *, #6745, .T. ) ;
#2104 = CARTESIAN_POINT ( 'NONE',  ( -22.60000000000000142, -4.999999999999999112, 24.45000000000000639 ) ) ;
#2105 = EDGE_CURVE ( 'NONE', #8322, #9197, #3442, .T. ) ;
#2106 = CARTESIAN_POINT ( 'NONE',  ( 0.000000000000000000, 8.500000000000000000, 0.000000000000000000 ) ) ;
#2107 = CARTESIAN_POINT ( 'NONE',  ( 32.95000000000001705, 6.200000000000000178, -19.80000000000000071 ) ) ;
#2108 = CARTESIAN_POINT ( 'NONE',  ( 35.75000000000000000, 7.500000000000000000, 22.14999999999999858 ) ) ;
#2109 = AXIS2_PLACEMENT_3D ( 'NONE', #566, #3831, #10338 ) ;
#2110 = DIRECTION ( 'NONE',  ( 0.000000000000000000, 0.000000000000000000, -1.000000000000000000 ) ) ;
#2111 = ORIENTED_EDGE ( 'NONE', *, *, #8861, .T. ) ;
#2112 = CARTESIAN_POINT ( 'NONE',  ( -29.65000000000001990, -0.3999999999999999667, -10.00000000000000000 ) ) ;
#2113 = ORIENTED_EDGE ( 'NONE', *, *, #10564, .T. ) ;
#2114 = ORIENTED_EDGE ( 'NONE', *, *, #1816, .T. ) ;
#2115 = CIRCLE ( 'NONE', #5354, 1.000000000000000888 ) ;
#2116 = EDGE_CURVE ( 'NONE', #5852, #5213, #6743, .T. ) ;
#2117 = CARTESIAN_POINT ( 'NONE',  ( -35.25000000000000000, 0.000000000000000000, -12.49999999999999289 ) ) ;
#2118 = CARTESIAN_POINT ( 'NONE',  ( 17.08361574849013564, -1.441027041105224393, -19.14999999999999858 ) ) ;
#2119 = CARTESIAN_POINT ( 'NONE',  ( -24.94999999999999929, 1.600000000000000089, -19.25000000000000000 ) ) ;
#2120 = LINE ( 'NONE', #3623, #9464 ) ;
#2121 = FACE_OUTER_BOUND ( 'NONE', #5597, .T. ) ;
#2122 = EDGE_LOOP ( 'NONE', ( #4719, #6054, #10143, #8844 ) ) ;
#2123 = CARTESIAN_POINT ( 'NONE',  ( -10.09999999999999787, -0.9000000000000066835, -7.699999999999992184 ) ) ;
#2124 = VECTOR ( 'NONE', #7888, 1000.000000000000000 ) ;
#2125 = ORIENTED_EDGE ( 'NONE', *, *, #2199, .T. ) ;
#2126 = PLANE ( 'NONE',  #948 ) ;
#2127 = ORIENTED_EDGE ( 'NONE', *, *, #5754, .F. ) ;
#2128 = VECTOR ( 'NONE', #7055, 1000.000000000000000 ) ;
#2129 = EDGE_CURVE ( 'NONE', #3221, #4269, #9915, .T. ) ;
#2130 = FACE_OUTER_BOUND ( 'NONE', #2204, .T. ) ;
#2131 = VECTOR ( 'NONE', #4700, 1000.000000000000000 ) ;
#2132 = VECTOR ( 'NONE', #7126, 1000.000000000000000 ) ;
#2133 = DIRECTION ( 'NONE',  ( -0.000000000000000000, -1.000000000000000000, -0.000000000000000000 ) ) ;
#2134 = DIRECTION ( 'NONE',  ( 0.000000000000000000, 0.000000000000000000, -1.000000000000000000 ) ) ;
#2135 = LINE ( 'NONE', #3586, #10139 ) ;
#2136 = ORIENTED_EDGE ( 'NONE', *, *, #1912, .F. ) ;
#2137 = CIRCLE ( 'NONE', #7762, 0.4000000000000010214 ) ;
#2138 = DIRECTION ( 'NONE',  ( 0.000000000000000000, -1.000000000000000000, 0.000000000000000000 ) ) ;
#2139 = ORIENTED_EDGE ( 'NONE', *, *, #113, .T. ) ;
#2140 = AXIS2_PLACEMENT_3D ( 'NONE', #4430, #1924, #4538 ) ;
#2141 = CARTESIAN_POINT ( 'NONE',  ( 35.75000000000000000, 7.500000000000000000, 22.14999999999999858 ) ) ;
#2142 = ORIENTED_EDGE ( 'NONE', *, *, #1361, .T. ) ;
#2143 = VECTOR ( 'NONE', #6995, 1000.000000000000000 ) ;
#2144 = EDGE_CURVE ( 'NONE', #9165, #7292, #9189, .T. ) ;
#2145 = ORIENTED_EDGE ( 'NONE', *, *, #2233, .T. ) ;
#2146 = CIRCLE ( 'NONE', #4867, 1.650000000000000355 ) ;
#2147 = CARTESIAN_POINT ( 'NONE',  ( -39.25000000000000000, 1.600000000000000089, -20.74999999999999645 ) ) ;
#2148 = AXIS2_PLACEMENT_3D ( 'NONE', #882, #9849, #4141 ) ;
#2149 = FACE_OUTER_BOUND ( 'NONE', #5399, .T. ) ;
#2150 = FACE_OUTER_BOUND ( 'NONE', #6412, .T. ) ;
#2151 = DIRECTION ( 'NONE',  ( -0.000000000000000000, 1.000000000000000000, -0.000000000000000000 ) ) ;
#2152 = LINE ( 'NONE', #3807, #2092 ) ;
#2153 = DIRECTION ( 'NONE',  ( -0.000000000000000000, 0.000000000000000000, 1.000000000000000000 ) ) ;
#2154 = ORIENTED_EDGE ( 'NONE', *, *, #788, .T. ) ;
#2155 = LINE ( 'NONE', #6254, #5766 ) ;
#2156 = ORIENTED_EDGE ( 'NONE', *, *, #3538, .F. ) ;
#2157 = EDGE_CURVE ( 'NONE', #15, #6558, #6683, .T. ) ;
#2158 = VERTEX_POINT ( 'NONE', #3549 ) ;
#2159 = FACE_OUTER_BOUND ( 'NONE', #3423, .T. ) ;
#2160 = DIRECTION ( 'NONE',  ( 0.000000000000000000, 0.000000000000000000, 1.000000000000000000 ) ) ;
#2161 = CARTESIAN_POINT ( 'NONE',  ( 10.15000000000000568, 3.600000000000000533, 19.25000000000000000 ) ) ;
#2162 = DIRECTION ( 'NONE',  ( -0.000000000000000000, -1.000000000000000000, -0.000000000000000000 ) ) ;
#2163 = CARTESIAN_POINT ( 'NONE',  ( -35.25000000000000000, -1.800000000000000044, 23.34999999999999787 ) ) ;
#2164 = ORIENTED_EDGE ( 'NONE', *, *, #8809, .T. ) ;
#2165 = LINE ( 'NONE', #9627, #8710 ) ;
#2166 = EDGE_CURVE ( 'NONE', #5730, #338, #9939, .T. ) ;
#2167 = EDGE_CURVE ( 'NONE', #8288, #9000, #9890, .T. ) ;
#2168 = ORIENTED_EDGE ( 'NONE', *, *, #2619, .F. ) ;
#2169 = EDGE_CURVE ( 'NONE', #8127, #4291, #868, .T. ) ;
#2170 = VERTEX_POINT ( 'NONE', #1293 ) ;
#2171 = CARTESIAN_POINT ( 'NONE',  ( 35.75000000000000000, 7.500000000000007105, -20.25000000000000711 ) ) ;
#2172 = VECTOR ( 'NONE', #7821, 1000.000000000000000 ) ;
#2173 = DIRECTION ( 'NONE',  ( 0.000000000000000000, 0.000000000000000000, -1.000000000000000000 ) ) ;
#2174 = FACE_OUTER_BOUND ( 'NONE', #5255, .T. ) ;
#2175 = DIRECTION ( 'NONE',  ( 1.000000000000000000, 0.000000000000000000, 0.000000000000000000 ) ) ;
#2176 = DIRECTION ( 'NONE',  ( -1.000000000000000000, 0.000000000000000000, 1.026463595252548457E-16 ) ) ;
#2177 = ORIENTED_EDGE ( 'NONE', *, *, #9865, .F. ) ;
#2178 = DIRECTION ( 'NONE',  ( 0.000000000000000000, -0.7071067811865475727, -0.7071067811865475727 ) ) ;
#2179 = VERTEX_POINT ( 'NONE', #7701 ) ;
#2180 = EDGE_CURVE ( 'NONE', #9197, #6342, #8500, .T. ) ;
#2181 = CARTESIAN_POINT ( 'NONE',  ( 0.000000000000000000, 6.200000000000000178, 20.75000000000000355 ) ) ;
#2182 = VERTEX_POINT ( 'NONE', #4442 ) ;
#2183 = CARTESIAN_POINT ( 'NONE',  ( -34.85000000000000142, 3.700000000000001954, 23.75000000000000000 ) ) ;
#2184 = DIRECTION ( 'NONE',  ( 1.000000000000000000, 0.000000000000000000, -0.000000000000000000 ) ) ;
#2185 = AXIS2_PLACEMENT_3D ( 'NONE', #10334, #3032, #7122 ) ;
#2186 = CARTESIAN_POINT ( 'NONE',  ( 28.64999999999999503, -1.800000000000000044, -19.14999999999999858 ) ) ;
#2187 = DIRECTION ( 'NONE',  ( 0.000000000000000000, 0.000000000000000000, 1.000000000000000000 ) ) ;
#2188 = VERTEX_POINT ( 'NONE', #6948 ) ;
#2189 = DIRECTION ( 'NONE',  ( 0.000000000000000000, -0.000000000000000000, 1.000000000000000000 ) ) ;
#2190 = ORIENTED_EDGE ( 'NONE', *, *, #5174, .F. ) ;
#2191 = EDGE_CURVE ( 'NONE', #2803, #5629, #7808, .T. ) ;
#2192 = CARTESIAN_POINT ( 'NONE',  ( 0.000000000000000000, 6.200000000000000178, 19.25000000000000000 ) ) ;
#2193 = ORIENTED_EDGE ( 'NONE', *, *, #9790, .T. ) ;
#2194 = VERTEX_POINT ( 'NONE', #9296 ) ;
#2195 = VECTOR ( 'NONE', #7551, 1000.000000000000000 ) ;
#2196 = DIRECTION ( 'NONE',  ( -1.000000000000000000, 6.934798767493038670E-17, 0.000000000000000000 ) ) ;
#2197 = LINE ( 'NONE', #592, #9977 ) ;
#2198 = CARTESIAN_POINT ( 'NONE',  ( 13.85000000000000142, -1.799999999999992495, -11.14999999999999503 ) ) ;
#2199 = EDGE_CURVE ( 'NONE', #10447, #6402, #1236, .T. ) ;
#2200 = PLANE ( 'NONE',  #6326 ) ;
#2201 = CARTESIAN_POINT ( 'NONE',  ( -37.05000000000000426, -9.000000000000001776, 5.450000000000000178 ) ) ;
#2202 = VECTOR ( 'NONE', #9234, 1000.000000000000000 ) ;
#2203 = DIRECTION ( 'NONE',  ( 0.000000000000000000, 0.000000000000000000, 1.000000000000000000 ) ) ;
#2204 = EDGE_LOOP ( 'NONE', ( #2647, #1721, #8035, #5994, #2869, #5600 ) ) ;
#2205 = LINE ( 'NONE', #4750, #3048 ) ;
#2206 = EDGE_LOOP ( 'NONE', ( #8788, #6769, #4998, #7966 ) ) ;
#2207 = EDGE_LOOP ( 'NONE', ( #6088, #3051, #6365, #1780 ) ) ;
#2208 = CARTESIAN_POINT ( 'NONE',  ( 0.000000000000000000, 6.200000000000000178, -21.15000000000000213 ) ) ;
#2209 = CIRCLE ( 'NONE', #4757, 0.5999999999999998668 ) ;
#2210 = LINE ( 'NONE', #5463, #10077 ) ;
#2211 = LINE ( 'NONE', #1857, #2340 ) ;
#2212 = CARTESIAN_POINT ( 'NONE',  ( -29.35000000000000497, -42.37740108089595026, 9.000000000000001776 ) ) ;
#2213 = EDGE_CURVE ( 'NONE', #1836, #9855, #8600, .T. ) ;
#2214 = CARTESIAN_POINT ( 'NONE',  ( 35.75000000000000000, 7.500000000000003553, -3.460769515458667289 ) ) ;
#2215 = ORIENTED_EDGE ( 'NONE', *, *, #8623, .T. ) ;
#2216 = CARTESIAN_POINT ( 'NONE',  ( -26.45000000000000284, 7.200000000000009948, 23.15100000000000691 ) ) ;
#2217 = ORIENTED_EDGE ( 'NONE', *, *, #93, .F. ) ;
#2218 = CARTESIAN_POINT ( 'NONE',  ( -19.64999999999999858, 1.600000000000000089, -16.84999999999999787 ) ) ;
#2219 = EDGE_CURVE ( 'NONE', #1133, #4973, #1386, .T. ) ;
#2220 = ADVANCED_FACE ( 'NONE', ( #6250 ), #7051, .T. ) ;
#2221 = LINE ( 'NONE', #3037, #738 ) ;
#2222 = DIRECTION ( 'NONE',  ( 0.000000000000000000, 0.7071067811865414665, 0.7071067811865536790 ) ) ;
#2223 = EDGE_CURVE ( 'NONE', #311, #3232, #5247, .T. ) ;
#2224 = CARTESIAN_POINT ( 'NONE',  ( 34.45000000000000995, 9.899999999999998579, 3.000000000000000000 ) ) ;
#2225 = ORIENTED_EDGE ( 'NONE', *, *, #5434, .F. ) ;
#2226 = CARTESIAN_POINT ( 'NONE',  ( 13.85000000000000142, -2.356537443294078216, -15.94999999999999929 ) ) ;
#2227 = ORIENTED_EDGE ( 'NONE', *, *, #4777, .F. ) ;
#2228 = CARTESIAN_POINT ( 'NONE',  ( 0.000000000000000000, 1.600000000000000089, 19.25000000000000000 ) ) ;
#2229 = ORIENTED_EDGE ( 'NONE', *, *, #6469, .F. ) ;
#2230 = ADVANCED_FACE ( 'NONE', ( #10256 ), #5193, .F. ) ;
#2231 = AXIS2_PLACEMENT_3D ( 'NONE', #7506, #4089, #5853 ) ;
#2232 = DIRECTION ( 'NONE',  ( 1.000000000000000000, -0.000000000000000000, -0.000000000000000000 ) ) ;
#2233 = EDGE_CURVE ( 'NONE', #1918, #4029, #8453, .T. ) ;
#2234 = DIRECTION ( 'NONE',  ( 0.000000000000000000, -1.000000000000000000, 0.000000000000000000 ) ) ;
#2235 = CARTESIAN_POINT ( 'NONE',  ( 13.85000000000000142, -5.000000000000000000, -15.94999999999999929 ) ) ;
#2236 = LINE ( 'NONE', #4636, #769 ) ;
#2237 = VERTEX_POINT ( 'NONE', #10205 ) ;
#2238 = LINE ( 'NONE', #1428, #6873 ) ;
#2239 = VECTOR ( 'NONE', #8622, 1000.000000000000000 ) ;
#2240 = EDGE_LOOP ( 'NONE', ( #8566, #5199, #8627, #6231 ) ) ;
#2241 = CARTESIAN_POINT ( 'NONE',  ( 5.950000000000004619, 3.600000000000000977, -17.44999999999999929 ) ) ;
#2242 = ORIENTED_EDGE ( 'NONE', *, *, #9565, .F. ) ;
#2243 = VERTEX_POINT ( 'NONE', #2905 ) ;
#2244 = VECTOR ( 'NONE', #2531, 1000.000000000000000 ) ;
#2245 = DIRECTION ( 'NONE',  ( 1.000000000000000000, 0.000000000000000000, -0.000000000000000000 ) ) ;
#2246 = EDGE_CURVE ( 'NONE', #5293, #4055, #2938, .T. ) ;
#2247 = LINE ( 'NONE', #1181, #2143 ) ;
#2248 = DIRECTION ( 'NONE',  ( -0.000000000000000000, -0.000000000000000000, -1.000000000000000000 ) ) ;
#2249 = DIRECTION ( 'NONE',  ( 1.000000000000000000, -1.445602896647339656E-16, 0.000000000000000000 ) ) ;
#2250 = CIRCLE ( 'NONE', #9575, 1.249999999999997558 ) ;
#2251 = CIRCLE ( 'NONE', #7364, 1.000000000000000888 ) ;
#2252 = LINE ( 'NONE', #5661, #428 ) ;
#2253 = ORIENTED_EDGE ( 'NONE', *, *, #3289, .F. ) ;
#2254 = CARTESIAN_POINT ( 'NONE',  ( 39.25000000000000000, 4.099999999999998757, -16.75000000000000000 ) ) ;
#2255 = VERTEX_POINT ( 'NONE', #382 ) ;
#2256 = EDGE_CURVE ( 'NONE', #10092, #2329, #9347, .T. ) ;
#2257 = VERTEX_POINT ( 'NONE', #333 ) ;
#2258 = VECTOR ( 'NONE', #124, 1000.000000000000000 ) ;
#2259 = CARTESIAN_POINT ( 'NONE',  ( -37.35000000000000142, -44.94054332852260814, 23.75000000000000000 ) ) ;
#2260 = EDGE_CURVE ( 'NONE', #941, #6053, #4394, .T. ) ;
#2261 = LINE ( 'NONE', #9566, #504 ) ;
#2262 = DIRECTION ( 'NONE',  ( -1.000000000000000000, 2.596653838999757503E-16, 1.281815376337542394E-16 ) ) ;
#2263 = DIRECTION ( 'NONE',  ( -0.000000000000000000, 1.000000000000000000, -0.000000000000000000 ) ) ;
#2264 = VECTOR ( 'NONE', #9067, 1000.000000000000000 ) ;
#2265 = VECTOR ( 'NONE', #5979, 1000.000000000000000 ) ;
#2266 = LINE ( 'NONE', #5366, #388 ) ;
#2267 = ORIENTED_EDGE ( 'NONE', *, *, #8714, .F. ) ;
#2268 = VECTOR ( 'NONE', #3203, 1000.000000000000000 ) ;
#2269 = CARTESIAN_POINT ( 'NONE',  ( -29.55000000000000782, 9.899999999999998579, -3.750000000000000444 ) ) ;
#2270 = ORIENTED_EDGE ( 'NONE', *, *, #1055, .F. ) ;
#2271 = EDGE_CURVE ( 'NONE', #9231, #6678, #9403, .T. ) ;
#2272 = AXIS2_PLACEMENT_3D ( 'NONE', #3101, #6287, #6337 ) ;
#2273 = AXIS2_PLACEMENT_3D ( 'NONE', #9791, #9038, #24 ) ;
#2274 = PLANE ( 'NONE',  #9620 ) ;
#2275 = LINE ( 'NONE', #4033, #4821 ) ;
#2276 = CARTESIAN_POINT ( 'NONE',  ( -26.85000000000000142, 7.200000000000006395, 23.15100000000000691 ) ) ;
#2277 = DIRECTION ( 'NONE',  ( 1.802310104910968640E-16, 1.762134456409849633E-16, -1.000000000000000000 ) ) ;
#2278 = ORIENTED_EDGE ( 'NONE', *, *, #10057, .F. ) ;
#2279 = LINE ( 'NONE', #7881, #9389 ) ;
#2280 = ORIENTED_EDGE ( 'NONE', *, *, #7840, .F. ) ;
#2281 = CARTESIAN_POINT ( 'NONE',  ( 27.95000000000000639, -0.7000000000000000666, 23.75000000000000711 ) ) ;
#2282 = ORIENTED_EDGE ( 'NONE', *, *, #1561, .F. ) ;
#2283 = CIRCLE ( 'NONE', #744, 9.349999999999990763 ) ;
#2284 = ADVANCED_FACE ( 'NONE', ( #10151 ), #4600, .F. ) ;
#2285 = EDGE_CURVE ( 'NONE', #8983, #9431, #2800, .T. ) ;
#2286 = CARTESIAN_POINT ( 'NONE',  ( 35.35000000000000142, 7.500000000000004441, -0.3499999999999987566 ) ) ;
#2287 = DIRECTION ( 'NONE',  ( -0.5000000000000015543, 0.000000000000000000, 0.8660254037844378194 ) ) ;
#2288 = DIRECTION ( 'NONE',  ( 0.000000000000000000, 1.000000000000000000, 0.000000000000000000 ) ) ;
#2289 = CIRCLE ( 'NONE', #7403, 0.4000000000000010214 ) ;
#2290 = CARTESIAN_POINT ( 'NONE',  ( 22.04999999999999716, 7.000000000000002665, 23.15100000000000691 ) ) ;
#2291 = ORIENTED_EDGE ( 'NONE', *, *, #8996, .T. ) ;
#2292 = CARTESIAN_POINT ( 'NONE',  ( 33.94999999999999574, 0.000000000000000000, 4.500000000000000000 ) ) ;
#2293 = VERTEX_POINT ( 'NONE', #8550 ) ;
#2294 = DIRECTION ( 'NONE',  ( -0.000000000000000000, -1.000000000000000000, -0.000000000000000000 ) ) ;
#2295 = CIRCLE ( 'NONE', #5198, 1.500000000000001332 ) ;
#2296 = ORIENTED_EDGE ( 'NONE', *, *, #5309, .F. ) ;
#2297 = ADVANCED_BREP_SHAPE_REPRESENTATION ( 'Zoom F6 NP-F Replacement', ( #4886, #8709, #1636, #4844 ), #9447 ) ;
#2298 = EDGE_CURVE ( 'NONE', #5448, #2437, #4493, .T. ) ;
#2299 = ADVANCED_FACE ( 'NONE', ( #8757 ), #8907, .F. ) ;
#2300 = ORIENTED_EDGE ( 'NONE', *, *, #1664, .F. ) ;
#2301 = EDGE_CURVE ( 'NONE', #1032, #3753, #1542, .T. ) ;
#2302 = VECTOR ( 'NONE', #6042, 1000.000000000000000 ) ;
#2303 = DIRECTION ( 'NONE',  ( 0.000000000000000000, 0.000000000000000000, -1.000000000000000000 ) ) ;
#2304 = DIRECTION ( 'NONE',  ( 0.000000000000000000, -1.000000000000000000, -1.762134456409849633E-16 ) ) ;
#2305 = ADVANCED_FACE ( 'NONE', ( #9556 ), #10517, .T. ) ;
#2306 = VECTOR ( 'NONE', #9929, 1000.000000000000000 ) ;
#2307 = DIRECTION ( 'NONE',  ( -1.000000000000000000, 0.000000000000000000, -1.131341397376180298E-15 ) ) ;
#2308 = CARTESIAN_POINT ( 'NONE',  ( -19.64999999999999858, 0.000000000000000000, -4.949999999999995737 ) ) ;
#2309 = VECTOR ( 'NONE', #9427, 1000.000000000000000 ) ;
#2310 = VECTOR ( 'NONE', #4598, 1000.000000000000000 ) ;
#2311 = LINE ( 'NONE', #8908, #2984 ) ;
#2312 = ORIENTED_EDGE ( 'NONE', *, *, #1245, .F. ) ;
#2313 = LINE ( 'NONE', #6303, #7472 ) ;
#2314 = EDGE_CURVE ( 'NONE', #6735, #8127, #1904, .T. ) ;
#2315 = VECTOR ( 'NONE', #3426, 1000.000000000000000 ) ;
#2316 = ORIENTED_EDGE ( 'NONE', *, *, #3034, .F. ) ;
#2317 = ORIENTED_EDGE ( 'NONE', *, *, #3735, .F. ) ;
#2318 = VECTOR ( 'NONE', #5850, 1000.000000000000000 ) ;
#2319 = FACE_OUTER_BOUND ( 'NONE', #9678, .T. ) ;
#2320 = FACE_OUTER_BOUND ( 'NONE', #8735, .T. ) ;
#2321 = CARTESIAN_POINT ( 'NONE',  ( 37.15000000000001279, 58.13995493237317191, 18.80000000000000071 ) ) ;
#2322 = PRESENTATION_STYLE_ASSIGNMENT (( #1553 ) ) ;
#2323 = DIRECTION ( 'NONE',  ( -9.637352644315578973E-16, 0.000000000000000000, 1.000000000000000000 ) ) ;
#2324 = EDGE_LOOP ( 'NONE', ( #6782, #5209, #4301, #6513 ) ) ;
#2325 = ORIENTED_EDGE ( 'NONE', *, *, #1474, .T. ) ;
#2326 = DIRECTION ( 'NONE',  ( 0.000000000000000000, 0.000000000000000000, 1.000000000000000000 ) ) ;
#2327 = EDGE_CURVE ( 'NONE', #1660, #2179, #4795, .T. ) ;
#2328 = ORIENTED_EDGE ( 'NONE', *, *, #2568, .F. ) ;
#2329 = VERTEX_POINT ( 'NONE', #4702 ) ;
#2330 = LINE ( 'NONE', #10381, #4343 ) ;
#2331 = CARTESIAN_POINT ( 'NONE',  ( 12.84999999999999964, -1.799999999999992495, -15.94999999999999929 ) ) ;
#2332 = CARTESIAN_POINT ( 'NONE',  ( -19.64999999999999858, 7.589415207398531038E-15, -20.74999999999999645 ) ) ;
#2333 = LINE ( 'NONE', #3193, #10148 ) ;
#2334 = EDGE_CURVE ( 'NONE', #5691, #3008, #5648, .T. ) ;
#2335 = ORIENTED_EDGE ( 'NONE', *, *, #2741, .F. ) ;
#2336 = DIRECTION ( 'NONE',  ( 0.000000000000000000, -0.000000000000000000, 1.000000000000000000 ) ) ;
#2337 = ORIENTED_EDGE ( 'NONE', *, *, #10072, .T. ) ;
#2338 = CARTESIAN_POINT ( 'NONE',  ( 6.550000000000001599, -0.9000000000000014655, -15.94999999999999929 ) ) ;
#2339 = EDGE_LOOP ( 'NONE', ( #3394, #7484, #1129, #1824 ) ) ;
#2340 = VECTOR ( 'NONE', #5964, 1000.000000000000000 ) ;
#2341 = CARTESIAN_POINT ( 'NONE',  ( -30.94999999999999929, 5.000000000000000888, -19.25000000000000000 ) ) ;
#2342 = DIRECTION ( 'NONE',  ( -0.7071067811865414665, 0.000000000000000000, -0.7071067811865536790 ) ) ;
#2343 = FACE_OUTER_BOUND ( 'NONE', #4755, .T. ) ;
#2344 = CARTESIAN_POINT ( 'NONE',  ( 34.75000000000000000, -9.000000000000001776, -14.25000000000000000 ) ) ;
#2345 = VERTEX_POINT ( 'NONE', #4651 ) ;
#2346 = DIRECTION ( 'NONE',  ( 0.000000000000000000, 0.000000000000000000, 1.000000000000000000 ) ) ;
#2347 = ADVANCED_FACE ( 'NONE', ( #10360 ), #2200, .F. ) ;
#2348 = ORIENTED_EDGE ( 'NONE', *, *, #10466, .F. ) ;
#2349 = FACE_OUTER_BOUND ( 'NONE', #5196, .T. ) ;
#2350 = ORIENTED_EDGE ( 'NONE', *, *, #5230, .F. ) ;
#2351 = ORIENTED_EDGE ( 'NONE', *, *, #6523, .T. ) ;
#2352 = AXIS2_PLACEMENT_3D ( 'NONE', #10520, #3222, #9664 ) ;
#2353 = LINE ( 'NONE', #1486, #1176 ) ;
#2354 = DIRECTION ( 'NONE',  ( -0.000000000000000000, 0.000000000000000000, -1.000000000000000000 ) ) ;
#2355 = LINE ( 'NONE', #1655, #3843 ) ;
#2356 = EDGE_CURVE ( 'NONE', #6577, #9587, #1047, .T. ) ;
#2357 = LINE ( 'NONE', #4859, #3786 ) ;
#2358 = EDGE_CURVE ( 'NONE', #232, #900, #2414, .T. ) ;
#2359 = EDGE_CURVE ( 'NONE', #117, #918, #2410, .T. ) ;
#2360 = LINE ( 'NONE', #5610, #6215 ) ;
#2361 = CIRCLE ( 'NONE', #7985, 0.8500000000000000888 ) ;
#2362 = ORIENTED_EDGE ( 'NONE', *, *, #1299, .T. ) ;
#2363 = CARTESIAN_POINT ( 'NONE',  ( 34.75000000000000000, 4.099999999999999645, -19.25000000000000000 ) ) ;
#2364 = ORIENTED_EDGE ( 'NONE', *, *, #7379, .T. ) ;
#2365 = ORIENTED_EDGE ( 'NONE', *, *, #9367, .F. ) ;
#2366 = ORIENTED_EDGE ( 'NONE', *, *, #3429, .F. ) ;
#2367 = CARTESIAN_POINT ( 'NONE',  ( 35.75000000000000000, 7.500000000000004441, 4.499999999999999112 ) ) ;
#2368 = VECTOR ( 'NONE', #7919, 1000.000000000000000 ) ;
#2369 = PLANE ( 'NONE',  #10081 ) ;
#2370 = PLANE ( 'NONE',  #10175 ) ;
#2371 = ADVANCED_FACE ( 'NONE', ( #3267 ), #373, .T. ) ;
#2372 =( NAMED_UNIT ( * ) PLANE_ANGLE_UNIT ( ) SI_UNIT ( $, .RADIAN. ) );
#2373 = DIRECTION ( 'NONE',  ( 1.000000000000000000, -0.000000000000000000, -0.000000000000000000 ) ) ;
#2374 = ORIENTED_EDGE ( 'NONE', *, *, #2191, .F. ) ;
#2375 = VERTEX_POINT ( 'NONE', #8007 ) ;
#2376 = CARTESIAN_POINT ( 'NONE',  ( 0.000000000000000000, -3.399999999999999911, 0.000000000000000000 ) ) ;
#2377 = ORIENTED_EDGE ( 'NONE', *, *, #8097, .F. ) ;
#2378 = VECTOR ( 'NONE', #9992, 1000.000000000000000 ) ;
#2379 = VERTEX_POINT ( 'NONE', #3863 ) ;
#2380 = DIRECTION ( 'NONE',  ( -1.000000000000000000, 0.000000000000000000, -0.000000000000000000 ) ) ;
#2381 = EDGE_CURVE ( 'NONE', #3565, #4975, #5454, .T. ) ;
#2382 = PLANE ( 'NONE',  #6705 ) ;
#2383 = CARTESIAN_POINT ( 'NONE',  ( -31.04999999999999716, -1.800000000000000044, -21.54999999999999716 ) ) ;
#2384 = FACE_OUTER_BOUND ( 'NONE', #4921, .T. ) ;
#2385 = ORIENTED_EDGE ( 'NONE', *, *, #3317, .F. ) ;
#2386 = PLANE ( 'NONE',  #7005 ) ;
#2387 = ORIENTED_EDGE ( 'NONE', *, *, #924, .T. ) ;
#2388 = DIRECTION ( 'NONE',  ( 1.000000000000000000, -0.000000000000000000, 0.000000000000000000 ) ) ;
#2389 = ORIENTED_EDGE ( 'NONE', *, *, #5239, .F. ) ;
#2390 = EDGE_CURVE ( 'NONE', #8790, #2194, #3956, .T. ) ;
#2391 = CARTESIAN_POINT ( 'NONE',  ( 28.64999999999999858, 7.589415207398531038E-15, 23.75100000000000833 ) ) ;
#2392 = EDGE_CURVE ( 'NONE', #3519, #10333, #7209, .T. ) ;
#2393 = CARTESIAN_POINT ( 'NONE',  ( -24.94999999999999929, 1.600000000000000089, 17.44999999999999929 ) ) ;
#2394 = CARTESIAN_POINT ( 'NONE',  ( 0.000000000000000000, 0.000000000000000000, 17.44999999999999929 ) ) ;
#2395 = DIRECTION ( 'NONE',  ( -2.569960705150825398E-16, -1.000000000000000000, 0.000000000000000000 ) ) ;
#2396 = DIRECTION ( 'NONE',  ( 0.000000000000000000, -1.000000000000000000, 0.000000000000000000 ) ) ;
#2397 = LINE ( 'NONE', #9006, #9742 ) ;
#2398 = VERTEX_POINT ( 'NONE', #6407 ) ;
#2399 = DIRECTION ( 'NONE',  ( 0.000000000000000000, -1.000000000000000000, 0.000000000000000000 ) ) ;
#2400 = ORIENTED_EDGE ( 'NONE', *, *, #10171, .F. ) ;
#2401 = CARTESIAN_POINT ( 'NONE',  ( -26.75000000000000000, 1.600000000000000977, -17.44999999999999929 ) ) ;
#2402 = VERTEX_POINT ( 'NONE', #9660 ) ;
#2403 = ORIENTED_EDGE ( 'NONE', *, *, #3808, .F. ) ;
#2404 = DIRECTION ( 'NONE',  ( 0.000000000000000000, -1.000000000000000000, 0.000000000000000000 ) ) ;
#2405 = EDGE_CURVE ( 'NONE', #4260, #4762, #2357, .T. ) ;
#2406 = DIRECTION ( 'NONE',  ( 1.040834085586126666E-13, 1.000000000000000000, -0.000000000000000000 ) ) ;
#2407 = CARTESIAN_POINT ( 'NONE',  ( 0.000000000000000000, 0.000000000000000000, 0.000000000000000000 ) ) ;
#2408 = APPLICATION_CONTEXT ( 'automotive_design' ) ;
#2409 = AXIS2_PLACEMENT_3D ( 'NONE', #9852, #9100, #995 ) ;
#2410 = LINE ( 'NONE', #5660, #9730 ) ;
#2411 = LINE ( 'NONE', #9765, #4520 ) ;
#2412 = ORIENTED_EDGE ( 'NONE', *, *, #652, .F. ) ;
#2413 = PLANE ( 'NONE',  #5082 ) ;
#2414 = CIRCLE ( 'NONE', #8375, 0.9999999999999991118 ) ;
#2415 = ORIENTED_EDGE ( 'NONE', *, *, #3722, .F. ) ;
#2416 = VERTEX_POINT ( 'NONE', #8855 ) ;
#2417 = ADVANCED_FACE ( 'NONE', ( #8114 ), #4010, .F. ) ;
#2418 = ORIENTED_EDGE ( 'NONE', *, *, #7042, .T. ) ;
#2419 = DIRECTION ( 'NONE',  ( 0.000000000000000000, 0.000000000000000000, 1.000000000000000000 ) ) ;
#2420 = PLANE ( 'NONE',  #7189 ) ;
#2421 = DIRECTION ( 'NONE',  ( 0.000000000000000000, 0.000000000000000000, 1.000000000000000000 ) ) ;
#2422 = AXIS2_PLACEMENT_3D ( 'NONE', #6031, #8588, #6828 ) ;
#2423 = LINE ( 'NONE', #5836, #1919 ) ;
#2424 = LINE ( 'NONE', #4540, #2100 ) ;
#2425 = EDGE_LOOP ( 'NONE', ( #4681, #1770, #8871, #1449 ) ) ;
#2426 = EDGE_LOOP ( 'NONE', ( #2253, #9769, #9892, #7538 ) ) ;
#2427 = SURFACE_STYLE_FILL_AREA ( #8237 ) ;
#2428 = VERTEX_POINT ( 'NONE', #1019 ) ;
#2429 = EDGE_CURVE ( 'NONE', #1471, #8697, #5122, .T. ) ;
#2430 = ORIENTED_EDGE ( 'NONE', *, *, #788, .F. ) ;
#2431 = DIRECTION ( 'NONE',  ( -1.000000000000000000, 0.000000000000000000, -1.885568995626964287E-16 ) ) ;
#2432 = AXIS2_PLACEMENT_3D ( 'NONE', #9520, #3822, #3766 ) ;
#2433 = DIRECTION ( 'NONE',  ( 0.000000000000000000, 0.000000000000000000, -1.000000000000000000 ) ) ;
#2434 = DIRECTION ( 'NONE',  ( 0.000000000000000000, 1.000000000000000000, -3.469446951953614189E-15 ) ) ;
#2435 = AXIS2_PLACEMENT_3D ( 'NONE', #6557, #10257, #542 ) ;
#2436 = DIRECTION ( 'NONE',  ( 1.000000000000000000, -0.000000000000000000, -0.000000000000000000 ) ) ;
#2437 = VERTEX_POINT ( 'NONE', #1656 ) ;
#2438 = LINE ( 'NONE', #8991, #4964 ) ;
#2439 = EDGE_LOOP ( 'NONE', ( #5635, #5951, #1571, #5431 ) ) ;
#2440 = CARTESIAN_POINT ( 'NONE',  ( -26.25000000000001776, -1.800000000000000044, 11.50000000000000533 ) ) ;
#2441 = ORIENTED_EDGE ( 'NONE', *, *, #8244, .T. ) ;
#2442 = VECTOR ( 'NONE', #10502, 1000.000000000000000 ) ;
#2443 = VECTOR ( 'NONE', #6499, 1000.000000000000000 ) ;
#2444 = EDGE_CURVE ( 'NONE', #2042, #2511, #888, .T. ) ;
#2445 = VECTOR ( 'NONE', #8202, 1000.000000000000000 ) ;
#2446 = LINE ( 'NONE', #5752, #7239 ) ;
#2447 = ORIENTED_EDGE ( 'NONE', *, *, #8388, .F. ) ;
#2448 = DIRECTION ( 'NONE',  ( -0.000000000000000000, -1.000000000000000000, -0.000000000000000000 ) ) ;
#2449 = DIRECTION ( 'NONE',  ( 1.000000000000000000, 0.000000000000000000, -0.000000000000000000 ) ) ;
#2450 = CARTESIAN_POINT ( 'NONE',  ( 21.85000000000000142, 7.000000000000004441, 23.35100000000000975 ) ) ;
#2451 = LINE ( 'NONE', #1861, #4522 ) ;
#2452 = DIRECTION ( 'NONE',  ( -0.000000000000000000, 1.000000000000000000, -0.000000000000000000 ) ) ;
#2453 = VERTEX_POINT ( 'NONE', #3323 ) ;
#2454 = AXIS2_PLACEMENT_3D ( 'NONE', #5743, #83, #9899 ) ;
#2455 = FACE_OUTER_BOUND ( 'NONE', #8643, .T. ) ;
#2456 = ORIENTED_EDGE ( 'NONE', *, *, #1435, .T. ) ;
#2457 = CARTESIAN_POINT ( 'NONE',  ( 39.25001199999999812, 7.500000000000007105, -20.25000000000000711 ) ) ;
#2458 = ORIENTED_EDGE ( 'NONE', *, *, #10509, .T. ) ;
#2459 = EDGE_CURVE ( 'NONE', #10355, #932, #9878, .T. ) ;
#2460 = ORIENTED_EDGE ( 'NONE', *, *, #1421, .F. ) ;
#2461 = VECTOR ( 'NONE', #6016, 1000.000000000000000 ) ;
#2462 = DIRECTION ( 'NONE',  ( -1.000000000000000000, -0.000000000000000000, 8.673617379884027583E-16 ) ) ;
#2463 = AXIS2_PLACEMENT_3D ( 'NONE', #2838, #9435, #7684 ) ;
#2464 = CARTESIAN_POINT ( 'NONE',  ( -26.85000000000000497, -4.999999999999999112, 23.35100000000000264 ) ) ;
#2465 = CARTESIAN_POINT ( 'NONE',  ( 26.10000000000000497, -4.999999999999992006, 23.15000000000000568 ) ) ;
#2466 = LINE ( 'NONE', #9127, #5489 ) ;
#2467 = AXIS2_PLACEMENT_3D ( 'NONE', #7678, #2930, #4418 ) ;
#2468 = DIRECTION ( 'NONE',  ( -0.7071067811865414665, 0.000000000000000000, -0.7071067811865536790 ) ) ;
#2469 = ORIENTED_EDGE ( 'NONE', *, *, #9204, .F. ) ;
#2470 = CARTESIAN_POINT ( 'NONE',  ( -35.25000000000000000, -1.800000000000000044, -12.49999999999999289 ) ) ;
#2471 = VECTOR ( 'NONE', #4464, 1000.000000000000000 ) ;
#2472 = ORIENTED_EDGE ( 'NONE', *, *, #4645, .F. ) ;
#2473 = EDGE_LOOP ( 'NONE', ( #10275, #5227, #4510, #3305 ) ) ;
#2474 = ORIENTED_EDGE ( 'NONE', *, *, #2540, .T. ) ;
#2475 = AXIS2_PLACEMENT_3D ( 'NONE', #9558, #8169, #6459 ) ;
#2476 = DIRECTION ( 'NONE',  ( 1.000000000000000000, 0.000000000000000000, 0.000000000000000000 ) ) ;
#2477 = LINE ( 'NONE', #8068, #5486 ) ;
#2478 = CARTESIAN_POINT ( 'NONE',  ( 24.85000000000000853, -4.999999999999992006, 24.45000000000000639 ) ) ;
#2479 = DIRECTION ( 'NONE',  ( -0.000000000000000000, -1.000000000000000000, -0.000000000000000000 ) ) ;
#2480 = LINE ( 'NONE', #7385, #1753 ) ;
#2481 = ORIENTED_EDGE ( 'NONE', *, *, #10297, .T. ) ;
#2482 = AXIS2_PLACEMENT_3D ( 'NONE', #7098, #5551, #8799 ) ;
#2483 = ORIENTED_EDGE ( 'NONE', *, *, #394, .T. ) ;
#2484 = LINE ( 'NONE', #768, #6269 ) ;
#2485 = EDGE_CURVE ( 'NONE', #62, #4390, #2520, .T. ) ;
#2486 = AXIS2_PLACEMENT_3D ( 'NONE', #634, #10503, #3897 ) ;
#2487 = ORIENTED_EDGE ( 'NONE', *, *, #5330, .F. ) ;
#2488 = VECTOR ( 'NONE', #9436, 1000.000000000000000 ) ;
#2489 = ORIENTED_EDGE ( 'NONE', *, *, #3830, .F. ) ;
#2490 = VECTOR ( 'NONE', #946, 1000.000000000000000 ) ;
#2491 = CARTESIAN_POINT ( 'NONE',  ( 34.75000000000000000, 4.099999999999997868, 19.25000000000000000 ) ) ;
#2492 = CARTESIAN_POINT ( 'NONE',  ( 20.12464278959540565, 1.600000000000000089, -61.94928997712344199 ) ) ;
#2493 = CARTESIAN_POINT ( 'NONE',  ( 0.000000000000000000, 6.200000000000000178, 21.64999999999999858 ) ) ;
#2494 = EDGE_CURVE ( 'NONE', #1651, #6822, #6621, .T. ) ;
#2495 = LINE ( 'NONE', #1631, #6750 ) ;
#2496 = EDGE_CURVE ( 'NONE', #7789, #2255, #2466, .T. ) ;
#2497 = ORIENTED_EDGE ( 'NONE', *, *, #5396, .T. ) ;
#2498 = LINE ( 'NONE', #1680, #4620 ) ;
#2499 = ADVANCED_FACE ( 'NONE', ( #5823 ), #6724, .T. ) ;
#2500 = VERTEX_POINT ( 'NONE', #8378 ) ;
#2501 = DIRECTION ( 'NONE',  ( -1.000000000000000000, 0.000000000000000000, 0.000000000000000000 ) ) ;
#2502 = ORIENTED_EDGE ( 'NONE', *, *, #1130, .F. ) ;
#2503 = DIRECTION ( 'NONE',  ( 0.000000000000000000, -1.000000000000000000, 0.000000000000000000 ) ) ;
#2504 = CARTESIAN_POINT ( 'NONE',  ( 34.35000000000000142, 6.200000000000000178, -19.80000000000000071 ) ) ;
#2505 = LINE ( 'NONE', #198, #6441 ) ;
#2506 = FACE_OUTER_BOUND ( 'NONE', #7237, .T. ) ;
#2507 = CARTESIAN_POINT ( 'NONE',  ( 38.15000000000001279, 8.500000000000000000, 18.80000000000000071 ) ) ;
#2508 = CARTESIAN_POINT ( 'NONE',  ( -10.09999999999999787, 0.5000000000000000000, -10.34999999999999076 ) ) ;
#2509 = CARTESIAN_POINT ( 'NONE',  ( -20.85000000000000497, 1.165685424949223670, 20.91568542494923477 ) ) ;
#2510 = EDGE_CURVE ( 'NONE', #9587, #4797, #8166, .T. ) ;
#2511 = VERTEX_POINT ( 'NONE', #1874 ) ;
#2512 = DIRECTION ( 'NONE',  ( 1.000000000000000000, 0.000000000000000000, 0.000000000000000000 ) ) ;
#2513 = ORIENTED_EDGE ( 'NONE', *, *, #9944, .T. ) ;
#2514 = LINE ( 'NONE', #9062, #7597 ) ;
#2515 = ORIENTED_EDGE ( 'NONE', *, *, #8818, .T. ) ;
#2516 = AXIS2_PLACEMENT_3D ( 'NONE', #2916, #5955, #9413 ) ;
#2517 = CARTESIAN_POINT ( 'NONE',  ( 35.75000000000000000, 17.01111066297655228, -12.80000000000000249 ) ) ;
#2518 = CARTESIAN_POINT ( 'NONE',  ( 37.65000000000001279, 9.902000000000004576, -10.94999999999999929 ) ) ;
#2519 = CARTESIAN_POINT ( 'NONE',  ( -20.85000000000000142, -0.6999999999999992895, 20.75000000000000355 ) ) ;
#2520 = LINE ( 'NONE', #271, #3625 ) ;
#2521 = ADVANCED_FACE ( 'NONE', ( #9068 ), #968, .T. ) ;
#2522 = CARTESIAN_POINT ( 'NONE',  ( -29.64999999999999858, -0.3999999999999999667, 7.000000000000000888 ) ) ;
#2523 = ORIENTED_EDGE ( 'NONE', *, *, #1897, .F. ) ;
#2524 = DIRECTION ( 'NONE',  ( 0.000000000000000000, 0.000000000000000000, 1.000000000000000000 ) ) ;
#2525 = VERTEX_POINT ( 'NONE', #1068 ) ;
#2526 = ORIENTED_EDGE ( 'NONE', *, *, #3798, .F. ) ;
#2527 = ORIENTED_EDGE ( 'NONE', *, *, #3186, .T. ) ;
#2528 = DIRECTION ( 'NONE',  ( -1.000000000000000000, -0.000000000000000000, -0.000000000000000000 ) ) ;
#2529 = EDGE_CURVE ( 'NONE', #2936, #3855, #4112, .T. ) ;
#2530 = CARTESIAN_POINT ( 'NONE',  ( -17.50000000000000000, 5.400000000000004796, -21.94999999999999574 ) ) ;
#2531 = DIRECTION ( 'NONE',  ( -0.000000000000000000, -1.000000000000000000, -0.000000000000000000 ) ) ;
#2532 = LINE ( 'NONE', #1719, #4307 ) ;
#2533 = STYLED_ITEM ( 'NONE', ( #5839 ), #4886 ) ;
#2534 = ORIENTED_EDGE ( 'NONE', *, *, #3413, .T. ) ;
#2535 = ORIENTED_EDGE ( 'NONE', *, *, #4350, .T. ) ;
#2536 = CARTESIAN_POINT ( 'NONE',  ( 34.35000000000000142, 8.500000000000000000, 0.000000000000000000 ) ) ;
#2537 = ORIENTED_EDGE ( 'NONE', *, *, #6789, .T. ) ;
#2538 = EDGE_LOOP ( 'NONE', ( #3744, #1201, #711, #2549 ) ) ;
#2539 = VECTOR ( 'NONE', #3250, 1000.000000000000000 ) ;
#2540 = EDGE_CURVE ( 'NONE', #7874, #4027, #9824, .T. ) ;
#2541 = DIRECTION ( 'NONE',  ( 0.000000000000000000, 0.000000000000000000, 1.000000000000000000 ) ) ;
#2542 = EDGE_CURVE ( 'NONE', #3469, #10464, #8330, .T. ) ;
#2543 = FACE_OUTER_BOUND ( 'NONE', #118, .T. ) ;
#2544 = FACE_OUTER_BOUND ( 'NONE', #282, .T. ) ;
#2545 = CARTESIAN_POINT ( 'NONE',  ( 22.25000000000000355, 7.000000000000004441, 23.15100000000000691 ) ) ;
#2546 = ORIENTED_EDGE ( 'NONE', *, *, #10497, .T. ) ;
#2547 = CARTESIAN_POINT ( 'NONE',  ( 39.25000000000000000, 7.500000000000007105, -20.34999999999999787 ) ) ;
#2548 = VECTOR ( 'NONE', #5294, 1000.000000000000000 ) ;
#2549 = ORIENTED_EDGE ( 'NONE', *, *, #8570, .F. ) ;
#2550 = DIRECTION ( 'NONE',  ( 1.000000000000000000, 0.000000000000000000, -0.000000000000000000 ) ) ;
#2551 = ORIENTED_EDGE ( 'NONE', *, *, #6692, .F. ) ;
#2552 = EDGE_CURVE ( 'NONE', #549, #7267, #1058, .T. ) ;
#2553 = EDGE_CURVE ( 'NONE', #2847, #4362, #1819, .T. ) ;
#2554 = VECTOR ( 'NONE', #2045, 1000.000000000000000 ) ;
#2555 = CYLINDRICAL_SURFACE ( 'NONE', #1099, 0.5999999999999998668 ) ;
#2556 = AXIS2_PLACEMENT_3D ( 'NONE', #305, #10063, #1968 ) ;
#2557 = ORIENTED_EDGE ( 'NONE', *, *, #9522, .F. ) ;
#2558 = DIRECTION ( 'NONE',  ( -1.000000000000000000, 0.000000000000000000, 0.000000000000000000 ) ) ;
#2559 = DIRECTION ( 'NONE',  ( -0.000000000000000000, -0.000000000000000000, -1.000000000000000000 ) ) ;
#2560 = CARTESIAN_POINT ( 'NONE',  ( 35.75000000000000000, 0.000000000000000000, 22.14999999999999858 ) ) ;
#2561 = CARTESIAN_POINT ( 'NONE',  ( -7.449999999999998401, -0.9000000000000066835, -6.049999999999992717 ) ) ;
#2562 = CYLINDRICAL_SURFACE ( 'NONE', #1433, 0.8500000000000000888 ) ;
#2563 = ORIENTED_EDGE ( 'NONE', *, *, #5514, .T. ) ;
#2564 = CARTESIAN_POINT ( 'NONE',  ( -33.64999999999999858, 8.500000000000000000, 0.000000000000000000 ) ) ;
#2565 = ORIENTED_EDGE ( 'NONE', *, *, #922, .F. ) ;
#2566 = LINE ( 'NONE', #1813, #6911 ) ;
#2567 = ORIENTED_EDGE ( 'NONE', *, *, #964, .F. ) ;
#2568 = EDGE_CURVE ( 'NONE', #6342, #2525, #165, .T. ) ;
#2569 = CARTESIAN_POINT ( 'NONE',  ( -26.75000000000000000, 3.600000000000004530, 17.44999999999999929 ) ) ;
#2570 = DIRECTION ( 'NONE',  ( 1.000000000000000000, 1.421904488505579654E-16, -0.000000000000000000 ) ) ;
#2571 = CARTESIAN_POINT ( 'NONE',  ( 15.00000000000000355, -0.2500000000000000000, -3.949999999999995293 ) ) ;
#2572 = DIRECTION ( 'NONE',  ( 0.000000000000000000, -1.000000000000000000, 0.000000000000000000 ) ) ;
#2573 = DIRECTION ( 'NONE',  ( -1.000000000000000000, 0.000000000000000000, 1.281815376337542394E-16 ) ) ;
#2574 = ORIENTED_EDGE ( 'NONE', *, *, #1065, .F. ) ;
#2575 = DIRECTION ( 'NONE',  ( -1.000000000000000000, -0.000000000000000000, 0.000000000000000000 ) ) ;
#2576 = VERTEX_POINT ( 'NONE', #5075 ) ;
#2577 = ORIENTED_EDGE ( 'NONE', *, *, #9327, .F. ) ;
#2578 = EDGE_LOOP ( 'NONE', ( #3259, #3287, #2154, #5843, #393, #3199, #5561, #4930, #8336, #5747, #8049, #2312, #794, #9740, #1989, #10048, #2690, #8252, #4094, #3493, #430, #5182, #8531, #10491, #43, #8257, #2664, #7671, #7647, #3172, #9116, #1458, #4048, #8948 ) ) ;
#2579 = EDGE_CURVE ( 'NONE', #9885, #3300, #5878, .T. ) ;
#2580 = CARTESIAN_POINT ( 'NONE',  ( -29.65000000000001990, 1.600000000000000089, 10.00000000000000000 ) ) ;
#2581 = VECTOR ( 'NONE', #5869, 1000.000000000000000 ) ;
#2582 = CARTESIAN_POINT ( 'NONE',  ( 34.45000000000000995, 9.899999999999998579, -3.000000000000000000 ) ) ;
#2583 = CARTESIAN_POINT ( 'NONE',  ( -23.85000000000000142, -4.999999999999999112, 23.15100000000000691 ) ) ;
#2584 = DIRECTION ( 'NONE',  ( -0.000000000000000000, 1.000000000000000000, -0.000000000000000000 ) ) ;
#2585 = VERTEX_POINT ( 'NONE', #6672 ) ;
#2586 = ORIENTED_EDGE ( 'NONE', *, *, #5593, .T. ) ;
#2587 = DIRECTION ( 'NONE',  ( -0.000000000000000000, 0.000000000000000000, 1.000000000000000000 ) ) ;
#2588 = VECTOR ( 'NONE', #4458, 1000.000000000000000 ) ;
#2589 = ADVANCED_FACE ( 'NONE', ( #9927 ), #2629, .F. ) ;
#2590 = VERTEX_POINT ( 'NONE', #7687 ) ;
#2591 = EDGE_LOOP ( 'NONE', ( #7606, #6964, #9488, #8014, #772, #1287, #5867, #1878, #8295, #3093, #7912, #6752, #3019, #10356, #7691, #7965, #1265, #7095, #5831, #2374, #7196, #9107, #8155, #7111, #8962, #676, #8020, #3592, #6340, #4972, #10305, #3188, #1520, #9494, #8160, #1638, #5582, #1603 ) ) ;
#2592 = EDGE_CURVE ( 'NONE', #5479, #2046, #2251, .T. ) ;
#2593 = FACE_OUTER_BOUND ( 'NONE', #1002, .T. ) ;
#2594 = VECTOR ( 'NONE', #9239, 1000.000000000000000 ) ;
#2595 = LINE ( 'NONE', #991, #1760 ) ;
#2596 = CARTESIAN_POINT ( 'NONE',  ( -35.25000000000000000, -0.7000000000000000666, 22.14999999999999858 ) ) ;
#2597 = DIRECTION ( 'NONE',  ( -0.000000000000000000, -0.000000000000000000, -1.000000000000000000 ) ) ;
#2598 = ORIENTED_EDGE ( 'NONE', *, *, #5926, .F. ) ;
#2599 = VECTOR ( 'NONE', #9834, 1000.000000000000000 ) ;
#2600 = DIRECTION ( 'NONE',  ( 0.000000000000000000, 0.000000000000000000, 1.000000000000000000 ) ) ;
#2601 = EDGE_LOOP ( 'NONE', ( #3499, #8465, #3710, #4639 ) ) ;
#2602 = ADVANCED_FACE ( 'NONE', ( #1224 ), #528, .F. ) ;
#2603 = CARTESIAN_POINT ( 'NONE',  ( -36.45000000000000284, 9.899999999999998579, 5.450000000000000178 ) ) ;
#2604 = EDGE_LOOP ( 'NONE', ( #6888, #2225, #4204, #2527 ) ) ;
#2605 = EDGE_CURVE ( 'NONE', #4908, #4449, #1170, .T. ) ;
#2606 = AXIS2_PLACEMENT_3D ( 'NONE', #8918, #2643, #1834 ) ;
#2607 = CARTESIAN_POINT ( 'NONE',  ( 34.35000000000000142, 8.500000000000000000, 21.64999999999999858 ) ) ;
#2608 = EDGE_LOOP ( 'NONE', ( #5774, #2021, #4077, #346 ) ) ;
#2609 = CARTESIAN_POINT ( 'NONE',  ( 21.64999999999999858, -3.399999999999999911, -16.44999999999999574 ) ) ;
#2610 = CARTESIAN_POINT ( 'NONE',  ( -23.85000000000000142, -4.999999999999999112, 24.45000000000000639 ) ) ;
#2611 = CARTESIAN_POINT ( 'NONE',  ( 34.75000000000000000, -9.000000000000007105, 19.24999999999999645 ) ) ;
#2612 = DIRECTION ( 'NONE',  ( 1.131341397376180298E-15, 0.000000000000000000, -1.000000000000000000 ) ) ;
#2613 = LINE ( 'NONE', #6712, #2814 ) ;
#2614 = ORIENTED_EDGE ( 'NONE', *, *, #4606, .T. ) ;
#2615 = CARTESIAN_POINT ( 'NONE',  ( -35.25000000000000000, 0.000000000000000000, 22.14999999999999858 ) ) ;
#2616 = CIRCLE ( 'NONE', #3471, 0.9999999999999991118 ) ;
#2617 = VECTOR ( 'NONE', #3512, 1000.000000000000000 ) ;
#2618 = ORIENTED_EDGE ( 'NONE', *, *, #547, .F. ) ;
#2619 = EDGE_CURVE ( 'NONE', #1651, #7225, #2786, .T. ) ;
#2620 = EDGE_CURVE ( 'NONE', #6325, #4519, #426, .T. ) ;
#2621 = CARTESIAN_POINT ( 'NONE',  ( -31.55000000000000782, -9.000000000000001776, -5.449999999999998401 ) ) ;
#2622 = VERTEX_POINT ( 'NONE', #2082 ) ;
#2623 = VECTOR ( 'NONE', #2234, 1000.000000000000000 ) ;
#2624 = ADVANCED_FACE ( 'NONE', ( #6132 ), #6779, .F. ) ;
#2625 = DIRECTION ( 'NONE',  ( 0.000000000000000000, -1.000000000000000000, 0.000000000000000000 ) ) ;
#2626 = PLANE ( 'NONE',  #5715 ) ;
#2627 = VECTOR ( 'NONE', #1352, 1000.000000000000000 ) ;
#2628 = CARTESIAN_POINT ( 'NONE',  ( 11.95000000000000639, 5.000000000000000000, -19.25000000000000000 ) ) ;
#2629 = PLANE ( 'NONE',  #1913 ) ;
#2630 = ADVANCED_FACE ( 'NONE', ( #2941 ), #9334, .F. ) ;
#2631 = ADVANCED_FACE ( 'NONE', ( #3741 ), #4381, .F. ) ;
#2632 = LINE ( 'NONE', #9129, #6738 ) ;
#2633 = ORIENTED_EDGE ( 'NONE', *, *, #4311, .F. ) ;
#2634 = LINE ( 'NONE', #5883, #2887 ) ;
#2635 = EDGE_CURVE ( 'NONE', #10155, #780, #1277, .T. ) ;
#2636 = VERTEX_POINT ( 'NONE', #5978 ) ;
#2637 = ORIENTED_EDGE ( 'NONE', *, *, #5559, .F. ) ;
#2638 = VECTOR ( 'NONE', #7676, 1000.000000000000000 ) ;
#2639 = ORIENTED_EDGE ( 'NONE', *, *, #4830, .F. ) ;
#2640 = PLANE ( 'NONE',  #10378 ) ;
#2641 = CARTESIAN_POINT ( 'NONE',  ( 15.81240384046359715, 0.000000000000000000, -0.1499999999999973577 ) ) ;
#2642 = CARTESIAN_POINT ( 'NONE',  ( -29.55000000000000782, -9.000000000000001776, 2.250000000000000444 ) ) ;
#2643 = DIRECTION ( 'NONE',  ( 0.000000000000000000, -1.000000000000000000, -0.000000000000000000 ) ) ;
#2644 = AXIS2_PLACEMENT_3D ( 'NONE', #6438, #732, #678 ) ;
#2645 = EDGE_CURVE ( 'NONE', #5242, #3999, #7599, .T. ) ;
#2646 = ORIENTED_EDGE ( 'NONE', *, *, #2529, .F. ) ;
#2647 = ORIENTED_EDGE ( 'NONE', *, *, #1187, .T. ) ;
#2648 = LINE ( 'NONE', #2536, #10363 ) ;
#2649 = VECTOR ( 'NONE', #6817, 1000.000000000000000 ) ;
#2650 = VERTEX_POINT ( 'NONE', #6883 ) ;
#2651 = ORIENTED_EDGE ( 'NONE', *, *, #7709, .T. ) ;
#2652 = CARTESIAN_POINT ( 'NONE',  ( 15.81240384046359715, 0.000000000000000000, -0.1499999999999973577 ) ) ;
#2653 = VECTOR ( 'NONE', #7875, 1000.000000000000000 ) ;
#2654 = DIRECTION ( 'NONE',  ( 0.000000000000000000, 1.000000000000000000, -0.000000000000000000 ) ) ;
#2655 = VECTOR ( 'NONE', #647, 1000.000000000000000 ) ;
#2656 = DIRECTION ( 'NONE',  ( 0.000000000000000000, 0.000000000000000000, -1.000000000000000000 ) ) ;
#2657 = DIRECTION ( 'NONE',  ( -0.000000000000000000, -0.000000000000000000, -1.000000000000000000 ) ) ;
#2658 = EDGE_CURVE ( 'NONE', #1544, #7444, #318, .T. ) ;
#2659 = ORIENTED_EDGE ( 'NONE', *, *, #3087, .T. ) ;
#2660 = AXIS2_PLACEMENT_3D ( 'NONE', #3366, #6556, #7463 ) ;
#2661 = DIRECTION ( 'NONE',  ( -0.000000000000000000, -0.000000000000000000, -1.000000000000000000 ) ) ;
#2662 = AXIS2_PLACEMENT_3D ( 'NONE', #3215, #54, #7958 ) ;
#2663 = VERTEX_POINT ( 'NONE', #6936 ) ;
#2664 = ORIENTED_EDGE ( 'NONE', *, *, #8688, .T. ) ;
#2665 = VECTOR ( 'NONE', #7258, 1000.000000000000000 ) ;
#2666 = CIRCLE ( 'NONE', #9634, 0.5999999999999998668 ) ;
#2667 = CARTESIAN_POINT ( 'NONE',  ( 13.85000000000000142, -5.000000000000000000, -15.94999999999999929 ) ) ;
#2668 = ORIENTED_EDGE ( 'NONE', *, *, #5654, .F. ) ;
#2669 = EDGE_CURVE ( 'NONE', #10300, #4637, #6572, .T. ) ;
#2670 = CARTESIAN_POINT ( 'NONE',  ( -20.64999999999999858, -1.799999999999994493, -61.94928997712344199 ) ) ;
#2671 = DIRECTION ( 'NONE',  ( 8.673617379884027583E-16, 0.000000000000000000, -1.000000000000000000 ) ) ;
#2672 = CARTESIAN_POINT ( 'NONE',  ( 6.913961030678926534, -1.799999999999991607, -3.949999999999995293 ) ) ;
#2673 = CARTESIAN_POINT ( 'NONE',  ( -24.94999999999999929, 5.000000000000000000, 19.25000000000000000 ) ) ;
#2674 = FACE_OUTER_BOUND ( 'NONE', #8174, .T. ) ;
#2675 = ORIENTED_EDGE ( 'NONE', *, *, #7420, .T. ) ;
#2676 = CARTESIAN_POINT ( 'NONE',  ( 17.08361574849013564, -1.441027041105224171, -3.949999999999995293 ) ) ;
#2677 = ORIENTED_EDGE ( 'NONE', *, *, #7319, .T. ) ;
#2678 = DIRECTION ( 'NONE',  ( -1.000000000000000000, 0.000000000000000000, -0.000000000000000000 ) ) ;
#2679 = ORIENTED_EDGE ( 'NONE', *, *, #1050, .F. ) ;
#2680 = DIRECTION ( 'NONE',  ( 0.000000000000000000, -1.000000000000000000, 0.000000000000000000 ) ) ;
#2681 = LINE ( 'NONE', #7529, #7421 ) ;
#2682 = PLANE ( 'NONE',  #6344 ) ;
#2683 = ADVANCED_FACE ( 'NONE', ( #2032 ), #8435, .T. ) ;
#2684 = CARTESIAN_POINT ( 'NONE',  ( -19.64999999999999858, -1.799999999999994493, -3.949999999999995293 ) ) ;
#2685 = CARTESIAN_POINT ( 'NONE',  ( 34.05000000000001137, 9.899999999999998579, -2.769059892324147842 ) ) ;
#2686 = DIRECTION ( 'NONE',  ( -1.000000000000000000, 0.000000000000000000, -0.000000000000000000 ) ) ;
#2687 = ORIENTED_EDGE ( 'NONE', *, *, #3013, .F. ) ;
#2688 = DIRECTION ( 'NONE',  ( 0.000000000000000000, -0.000000000000000000, 1.000000000000000000 ) ) ;
#2689 = ORIENTED_EDGE ( 'NONE', *, *, #5411, .T. ) ;
#2690 = ORIENTED_EDGE ( 'NONE', *, *, #9172, .F. ) ;
#2691 = EDGE_LOOP ( 'NONE', ( #7778, #7468, #4577, #9375 ) ) ;
#2692 = CARTESIAN_POINT ( 'NONE',  ( 21.85000000000000142, 0.000000000000000000, 20.75000000000000355 ) ) ;
#2693 = EDGE_CURVE ( 'NONE', #9157, #8609, #2135, .T. ) ;
#2694 = VECTOR ( 'NONE', #7565, 1000.000000000000000 ) ;
#2695 = EDGE_CURVE ( 'NONE', #1600, #1355, #8538, .T. ) ;
#2696 = PLANE ( 'NONE',  #3581 ) ;
#2697 = EDGE_CURVE ( 'NONE', #8556, #9987, #1328, .T. ) ;
#2698 = LINE ( 'NONE', #4237, #10074 ) ;
#2699 = CARTESIAN_POINT ( 'NONE',  ( 23.60000000000000853, -4.999999999999992006, 23.15100000000000691 ) ) ;
#2700 = ORIENTED_EDGE ( 'NONE', *, *, #10429, .T. ) ;
#2701 = EDGE_LOOP ( 'NONE', ( #1887, #6737, #4, #9303, #9387, #5829, #573, #1215, #7659, #1720, #2389, #5563 ) ) ;
#2702 = DIRECTION ( 'NONE',  ( -0.000000000000000000, -0.000000000000000000, 1.000000000000000000 ) ) ;
#2703 = ORIENTED_EDGE ( 'NONE', *, *, #857, .T. ) ;
#2704 = ORIENTED_EDGE ( 'NONE', *, *, #2011, .F. ) ;
#2705 = LINE ( 'NONE', #10002, #10207 ) ;
#2706 = EDGE_CURVE ( 'NONE', #1709, #1175, #8743, .T. ) ;
#2707 = AXIS2_PLACEMENT_3D ( 'NONE', #1407, #4565, #7824 ) ;
#2708 = CARTESIAN_POINT ( 'NONE',  ( 21.85000000000000142, -1.800000000000000044, 22.14999999999999858 ) ) ;
#2709 = PRESENTATION_STYLE_ASSIGNMENT (( #9200 ) ) ;
#2710 = DIRECTION ( 'NONE',  ( 1.000000000000000000, 0.000000000000000000, 0.000000000000000000 ) ) ;
#2711 = VERTEX_POINT ( 'NONE', #10350 ) ;
#2712 = CARTESIAN_POINT ( 'NONE',  ( -18.24999999999997868, -0.9000000000000044631, -5.049999999999995381 ) ) ;
#2713 = ORIENTED_EDGE ( 'NONE', *, *, #8445, .F. ) ;
#2714 = VECTOR ( 'NONE', #5861, 1000.000000000000000 ) ;
#2715 = ORIENTED_EDGE ( 'NONE', *, *, #8159, .T. ) ;
#2716 = ADVANCED_FACE ( 'NONE', ( #3050 ), #9493, .T. ) ;
#2717 = DIRECTION ( 'NONE',  ( 0.000000000000000000, -1.000000000000000000, 0.000000000000000000 ) ) ;
#2718 = LINE ( 'NONE', #10329, #7450 ) ;
#2719 = DIRECTION ( 'NONE',  ( 0.000000000000000000, 1.000000000000000000, 0.000000000000000000 ) ) ;
#2720 = LINE ( 'NONE', #5966, #9094 ) ;
#2721 = VECTOR ( 'NONE', #10469, 1000.000000000000000 ) ;
#2722 = LINE ( 'NONE', #5967, #5550 ) ;
#2723 = CARTESIAN_POINT ( 'NONE',  ( -20.64999999999999858, -1.799999999999994493, -61.94928997712344199 ) ) ;
#2724 = ORIENTED_EDGE ( 'NONE', *, *, #4766, .T. ) ;
#2725 = CARTESIAN_POINT ( 'NONE',  ( -39.25000000000000000, -0.3999999999999975797, 23.75000000000000000 ) ) ;
#2726 = ORIENTED_EDGE ( 'NONE', *, *, #5162, .F. ) ;
#2727 = CARTESIAN_POINT ( 'NONE',  ( -26.64999999999999503, -2.600000000000004530, -20.24999999999999645 ) ) ;
#2728 = ORIENTED_EDGE ( 'NONE', *, *, #6523, .F. ) ;
#2729 = EDGE_CURVE ( 'NONE', #5511, #2329, #2236, .T. ) ;
#2730 = CIRCLE ( 'NONE', #332, 0.4000000000000001887 ) ;
#2731 = EDGE_CURVE ( 'NONE', #5479, #9165, #3996, .T. ) ;
#2732 = DIRECTION ( 'NONE',  ( 0.000000000000000000, -1.000000000000000000, -1.762134456409849633E-16 ) ) ;
#2733 = CARTESIAN_POINT ( 'NONE',  ( 32.95000000000000995, 9.899999999999998579, -3.866025403784434822 ) ) ;
#2734 = CYLINDRICAL_SURFACE ( 'NONE', #4991, 0.5999999999999998668 ) ;
#2735 = DIRECTION ( 'NONE',  ( 1.000000000000000000, -3.048570319727250545E-31, -4.688441826964323590E-16 ) ) ;
#2736 = CARTESIAN_POINT ( 'NONE',  ( 32.95000000000000995, 4.099999999999998757, 16.75000000000000000 ) ) ;
#2737 = CARTESIAN_POINT ( 'NONE',  ( 0.000000000000000000, 6.200000000000000178, -19.25000000000000000 ) ) ;
#2738 = ORIENTED_EDGE ( 'NONE', *, *, #4731, .F. ) ;
#2739 = VERTEX_POINT ( 'NONE', #10299 ) ;
#2740 = ORIENTED_EDGE ( 'NONE', *, *, #9851, .T. ) ;
#2741 = EDGE_CURVE ( 'NONE', #1469, #3543, #8794, .T. ) ;
#2742 = EDGE_LOOP ( 'NONE', ( #3223, #2296, #1345, #6707 ) ) ;
#2743 = DIRECTION ( 'NONE',  ( 0.000000000000000000, -1.000000000000000000, 0.000000000000000000 ) ) ;
#2744 = LINE ( 'NONE', #6790, #5532 ) ;
#2745 = CARTESIAN_POINT ( 'NONE',  ( -39.25000000000000000, -0.3999999999999993006, 5.450000000000000178 ) ) ;
#2746 = DIRECTION ( 'NONE',  ( 1.000000000000000000, -0.000000000000000000, -0.000000000000000000 ) ) ;
#2747 = CARTESIAN_POINT ( 'NONE',  ( 35.75000000000000000, 9.099999999999999645, 11.95000000000000107 ) ) ;
#2748 = ORIENTED_EDGE ( 'NONE', *, *, #2789, .F. ) ;
#2749 = LINE ( 'NONE', #5995, #8142 ) ;
#2750 = ADVANCED_FACE ( 'NONE', ( #1478 ), #3789, .F. ) ;
#2751 = ORIENTED_EDGE ( 'NONE', *, *, #8714, .T. ) ;
#2752 = VECTOR ( 'NONE', #1811, 1000.000000000000000 ) ;
#2753 = EDGE_CURVE ( 'NONE', #7432, #5477, #7893, .T. ) ;
#2754 = EDGE_LOOP ( 'NONE', ( #1381, #9419, #244, #5024 ) ) ;
#2755 = DIRECTION ( 'NONE',  ( 0.000000000000000000, 0.000000000000000000, 1.000000000000000000 ) ) ;
#2756 = FACE_OUTER_BOUND ( 'NONE', #2538, .T. ) ;
#2757 = CARTESIAN_POINT ( 'NONE',  ( 37.65000000000001279, 7.500000000000004441, 0.3500000000000013656 ) ) ;
#2758 = VECTOR ( 'NONE', #10375, 1000.000000000000000 ) ;
#2759 = PLANE ( 'NONE',  #9589 ) ;
#2760 = ORIENTED_EDGE ( 'NONE', *, *, #7272, .F. ) ;
#2761 = DIRECTION ( 'NONE',  ( -1.000000000000000000, -0.000000000000000000, -0.000000000000000000 ) ) ;
#2762 = EDGE_CURVE ( 'NONE', #2576, #3184, #5594, .T. ) ;
#2763 = ORIENTED_EDGE ( 'NONE', *, *, #1703, .F. ) ;
#2764 = ADVANCED_FACE ( 'NONE', ( #8843 ), #4736, .F. ) ;
#2765 = VECTOR ( 'NONE', #3337, 1000.000000000000000 ) ;
#2766 = ORIENTED_EDGE ( 'NONE', *, *, #1466, .F. ) ;
#2767 = DIRECTION ( 'NONE',  ( -0.000000000000000000, -0.000000000000000000, 1.000000000000000000 ) ) ;
#2768 = VECTOR ( 'NONE', #6467, 1000.000000000000000 ) ;
#2769 = CARTESIAN_POINT ( 'NONE',  ( 21.68431457505075954, 0.9999999999999935607, 20.75000000000000000 ) ) ;
#2770 = DIRECTION ( 'NONE',  ( -0.000000000000000000, -1.000000000000000000, -0.000000000000000000 ) ) ;
#2771 = CARTESIAN_POINT ( 'NONE',  ( -11.75000000000000000, -5.000000000000000000, -13.14999999999999858 ) ) ;
#2772 = CARTESIAN_POINT ( 'NONE',  ( 27.64999999999999858, -2.600000000000004530, -20.24999999999999645 ) ) ;
#2773 = FACE_OUTER_BOUND ( 'NONE', #3732, .T. ) ;
#2774 = VECTOR ( 'NONE', #10408, 1000.000000000000000 ) ;
#2775 = VERTEX_POINT ( 'NONE', #7948 ) ;
#2776 = DIRECTION ( 'NONE',  ( 0.000000000000000000, 0.000000000000000000, -1.000000000000000000 ) ) ;
#2777 = ORIENTED_EDGE ( 'NONE', *, *, #709, .T. ) ;
#2778 = ADVANCED_FACE ( 'NONE', ( #7995 ), #735, .T. ) ;
#2779 = LINE ( 'NONE', #6024, #5206 ) ;
#2780 = ORIENTED_EDGE ( 'NONE', *, *, #4905, .T. ) ;
#2781 = VECTOR ( 'NONE', #6794, 1000.000000000000000 ) ;
#2782 = CARTESIAN_POINT ( 'NONE',  ( 18.85185058345960840, 1.599999999999995204, -5.049999999999995381 ) ) ;
#2783 = LINE ( 'NONE', #6130, #10325 ) ;
#2784 = CARTESIAN_POINT ( 'NONE',  ( -28.35000000000000497, -9.000000000000001776, -9.000000000000003553 ) ) ;
#2785 = VECTOR ( 'NONE', #8180, 1000.000000000000000 ) ;
#2786 = LINE ( 'NONE', #2842, #7873 ) ;
#2787 = VECTOR ( 'NONE', #3634, 1000.000000000000000 ) ;
#2788 = CARTESIAN_POINT ( 'NONE',  ( -25.25000000000000711, -1.800000000000000044, -10.49999999999999112 ) ) ;
#2789 = EDGE_CURVE ( 'NONE', #8579, #324, #5646, .T. ) ;
#2790 = CARTESIAN_POINT ( 'NONE',  ( 32.95000000000001705, 9.899999999999998579, -4.096965511460288312 ) ) ;
#2791 = ORIENTED_EDGE ( 'NONE', *, *, #3749, .T. ) ;
#2792 = ORIENTED_EDGE ( 'NONE', *, *, #6458, .F. ) ;
#2793 = EDGE_LOOP ( 'NONE', ( #10032, #6473, #9893, #6089 ) ) ;
#2794 = AXIS2_PLACEMENT_3D ( 'NONE', #4005, #7262, #6452 ) ;
#2795 = ORIENTED_EDGE ( 'NONE', *, *, #499, .F. ) ;
#2796 = VECTOR ( 'NONE', #4354, 1000.000000000000000 ) ;
#2797 = FACE_OUTER_BOUND ( 'NONE', #9905, .T. ) ;
#2798 = LINE ( 'NONE', #3400, #10307 ) ;
#2799 = CARTESIAN_POINT ( 'NONE',  ( 38.85000000000000142, 8.500000000000000000, 23.75000000000000000 ) ) ;
#2800 = LINE ( 'NONE', #6045, #3271 ) ;
#2801 = DIRECTION ( 'NONE',  ( 4.688441826964323590E-16, -1.762134456409849633E-16, 1.000000000000000000 ) ) ;
#2802 = CARTESIAN_POINT ( 'NONE',  ( 33.35000000000000142, 9.900000000000000355, -4.096965511460286535 ) ) ;
#2803 = VERTEX_POINT ( 'NONE', #10446 ) ;
#2804 = PRESENTATION_LAYER_ASSIGNMENT (  '', '', ( #3312 ) ) ;
#2805 = FACE_OUTER_BOUND ( 'NONE', #2001, .T. ) ;
#2806 = ORIENTED_EDGE ( 'NONE', *, *, #3186, .F. ) ;
#2807 = VERTEX_POINT ( 'NONE', #8890 ) ;
#2808 = CARTESIAN_POINT ( 'NONE',  ( 14.15000000000000213, -0.2500000000000000000, -16.64999999999999858 ) ) ;
#2809 = VECTOR ( 'NONE', #3247, 1000.000000000000000 ) ;
#2810 = LINE ( 'NONE', #5310, #5512 ) ;
#2811 = DIRECTION ( 'NONE',  ( 0.000000000000000000, 0.000000000000000000, -1.000000000000000000 ) ) ;
#2812 = CARTESIAN_POINT ( 'NONE',  ( -26.85000000000000142, -9.000000000000000000, 23.15100000000000691 ) ) ;
#2813 = ORIENTED_EDGE ( 'NONE', *, *, #9449, .T. ) ;
#2814 = VECTOR ( 'NONE', #5866, 1000.000000000000000 ) ;
#2815 = CARTESIAN_POINT ( 'NONE',  ( -18.50000000000000355, -1.800000000000000044, -21.94999999999999574 ) ) ;
#2816 = ORIENTED_EDGE ( 'NONE', *, *, #3013, .T. ) ;
#2817 = VECTOR ( 'NONE', #2767, 1000.000000000000000 ) ;
#2818 = ORIENTED_EDGE ( 'NONE', *, *, #7489, .T. ) ;
#2819 = AXIS2_PLACEMENT_3D ( 'NONE', #9392, #10247, #10196 ) ;
#2820 = CARTESIAN_POINT ( 'NONE',  ( 11.95000000000000639, 1.600000000000000089, 17.44999999999999929 ) ) ;
#2821 = EDGE_CURVE ( 'NONE', #6243, #10291, #5376, .T. ) ;
#2822 = EDGE_CURVE ( 'NONE', #2500, #8824, #3152, .T. ) ;
#2824 = DIRECTION ( 'NONE',  ( -0.000000000000000000, 0.7071067811865474617, 0.7071067811865474617 ) ) ;
#2823 = VECTOR ( 'NONE', #5864, 1000.000000000000000 ) ;
#2825 = CARTESIAN_POINT ( 'NONE',  ( -30.94999999999999929, 3.600000000000004974, -17.44999999999999929 ) ) ;
#2826 = FACE_OUTER_BOUND ( 'NONE', #6328, .T. ) ;
#2827 = ADVANCED_FACE ( 'NONE', ( #3098 ), #3943, .T. ) ;
#2828 = AXIS2_PLACEMENT_3D ( 'NONE', #5685, #8930, #1625 ) ;
#2829 = DIRECTION ( 'NONE',  ( -0.000000000000000000, -1.000000000000000000, -0.000000000000000000 ) ) ;
#2830 = DIRECTION ( 'NONE',  ( -3.614007241618349264E-16, 0.000000000000000000, 1.000000000000000000 ) ) ;
#2831 = ORIENTED_EDGE ( 'NONE', *, *, #9466, .F. ) ;
#2832 = DIRECTION ( 'NONE',  ( 0.000000000000000000, 0.000000000000000000, -1.000000000000000000 ) ) ;
#2833 = ORIENTED_EDGE ( 'NONE', *, *, #4860, .F. ) ;
#2834 = LINE ( 'NONE', #6125, #94 ) ;
#2835 = AXIS2_PLACEMENT_3D ( 'NONE', #6448, #3104, #4849 ) ;
#2836 = ORIENTED_EDGE ( 'NONE', *, *, #6861, .T. ) ;
#2837 = CONICAL_SURFACE ( 'NONE', #6062, 2.800000000000000266, 0.7853981633974396193 ) ;
#2838 = CARTESIAN_POINT ( 'NONE',  ( -10.09999999999999787, -1.700000000000000178, -7.699999999999992184 ) ) ;
#2839 = ADVANCED_FACE ( 'NONE', ( #1582 ), #1529, .F. ) ;
#2840 = CARTESIAN_POINT ( 'NONE',  ( -28.35000000000000497, -9.000000000000001776, 9.000000000000001776 ) ) ;
#2841 = CARTESIAN_POINT ( 'NONE',  ( 16.35185058345957998, -0.9000000000000029088, -5.049999999999995381 ) ) ;
#2842 = CARTESIAN_POINT ( 'NONE',  ( -37.85000000000000853, 18.24894012161241363, 10.00000000000000000 ) ) ;
#2843 = DIRECTION ( 'NONE',  ( 0.000000000000000000, -1.000000000000000000, 0.000000000000000000 ) ) ;
#2844 = FACE_OUTER_BOUND ( 'NONE', #7485, .T. ) ;
#2845 = ORIENTED_EDGE ( 'NONE', *, *, #6057, .F. ) ;
#2846 = ORIENTED_EDGE ( 'NONE', *, *, #1800, .F. ) ;
#2847 = VERTEX_POINT ( 'NONE', #2673 ) ;
#2848 = EDGE_LOOP ( 'NONE', ( #8959, #2114, #3644, #2687 ) ) ;
#2849 = DIRECTION ( 'NONE',  ( -0.000000000000000000, -0.000000000000000000, 1.000000000000000000 ) ) ;
#2850 = ADVANCED_FACE ( 'NONE', ( #6495 ), #6608, .F. ) ;
#2851 = CARTESIAN_POINT ( 'NONE',  ( -25.25000000000000711, -1.800000000000000044, -10.49999999999999112 ) ) ;
#2852 = DIRECTION ( 'NONE',  ( -0.000000000000000000, 0.000000000000000000, -1.000000000000000000 ) ) ;
#2853 = DIRECTION ( 'NONE',  ( -0.000000000000000000, -0.000000000000000000, -1.000000000000000000 ) ) ;
#2854 = CARTESIAN_POINT ( 'NONE',  ( 37.65000000000001279, 9.902000000000004576, -10.94999999999999929 ) ) ;
#2855 = CARTESIAN_POINT ( 'NONE',  ( -35.25000000000000000, -1.800000000000000044, -19.14999999999999858 ) ) ;
#2856 = ORIENTED_EDGE ( 'NONE', *, *, #8275, .F. ) ;
#2857 = FACE_OUTER_BOUND ( 'NONE', #7708, .T. ) ;
#2858 = ORIENTED_EDGE ( 'NONE', *, *, #6802, .F. ) ;
#2859 = VECTOR ( 'NONE', #7066, 1000.000000000000000 ) ;
#2860 = ADVANCED_FACE ( 'NONE', ( #5918 ), #5704, .F. ) ;
#2861 = ORIENTED_EDGE ( 'NONE', *, *, #6757, .T. ) ;
#2862 = DIRECTION ( 'NONE',  ( -0.000000000000000000, 1.000000000000000000, -0.000000000000000000 ) ) ;
#2863 = DIRECTION ( 'NONE',  ( 1.000000000000000000, -0.000000000000000000, -0.000000000000000000 ) ) ;
#2864 = CARTESIAN_POINT ( 'NONE',  ( -26.94999999999999929, 7.500000000000000888, 23.15000000000000568 ) ) ;
#2865 = CARTESIAN_POINT ( 'NONE',  ( -29.64999999999999858, 1.600000000000000089, -7.000000000000000888 ) ) ;
#2866 = FACE_BOUND ( 'NONE', #1243, .T. ) ;
#2867 = ORIENTED_EDGE ( 'NONE', *, *, #9617, .F. ) ;
#2868 = CARTESIAN_POINT ( 'NONE',  ( 34.45000000000000995, 1.600000000000000089, 2.769059892324147842 ) ) ;
#2869 = ORIENTED_EDGE ( 'NONE', *, *, #8218, .F. ) ;
#2870 = EDGE_CURVE ( 'NONE', #8609, #173, #7355, .T. ) ;
#2871 = ORIENTED_EDGE ( 'NONE', *, *, #7113, .T. ) ;
#2872 = COLOUR_RGB ( '',0.7921568627450980005, 0.8196078431372548767, 0.9333333333333333481 ) ;
#2873 = EDGE_CURVE ( 'NONE', #1074, #10008, #2451, .T. ) ;
#2874 = DIRECTION ( 'NONE',  ( -0.000000000000000000, -1.000000000000000000, -0.000000000000000000 ) ) ;
#2875 = DIRECTION ( 'NONE',  ( -0.000000000000000000, -0.000000000000000000, -1.000000000000000000 ) ) ;
#2876 = DIRECTION ( 'NONE',  ( -1.000000000000000000, 0.000000000000000000, 0.000000000000000000 ) ) ;
#2877 = DIRECTION ( 'NONE',  ( -0.000000000000000000, 1.000000000000000000, -0.000000000000000000 ) ) ;
#2878 = CARTESIAN_POINT ( 'NONE',  ( 28.64999999999999858, 7.589415207398531038E-15, -20.74999999999999645 ) ) ;
#2879 = ORIENTED_EDGE ( 'NONE', *, *, #9557, .T. ) ;
#2880 = AXIS2_PLACEMENT_3D ( 'NONE', #3768, #10274, #9475 ) ;
#2881 = CARTESIAN_POINT ( 'NONE',  ( -33.25000000000000000, 6.200000000000000178, 22.05000000000000071 ) ) ;
#2882 = VERTEX_POINT ( 'NONE', #2561 ) ;
#2883 = DIRECTION ( 'NONE',  ( 0.000000000000000000, 0.000000000000000000, -1.000000000000000000 ) ) ;
#2884 = ORIENTED_EDGE ( 'NONE', *, *, #8036, .F. ) ;
#2885 = ADVANCED_FACE ( 'NONE', ( #5759 ), #5111, .T. ) ;
#2886 = EDGE_CURVE ( 'NONE', #6597, #6402, #41, .T. ) ;
#2887 = VECTOR ( 'NONE', #2448, 1000.000000000000000 ) ;
#2888 = CARTESIAN_POINT ( 'NONE',  ( -36.45000000000000284, 9.899999999999998579, 6.049999999999999822 ) ) ;
#2889 = CARTESIAN_POINT ( 'NONE',  ( 27.85000000000000497, -4.999999999999992006, 23.35100000000000975 ) ) ;
#2890 = CARTESIAN_POINT ( 'NONE',  ( 35.75000000000000000, -2.671474153004285134E-14, 19.24999999999999645 ) ) ;
#2891 = DIRECTION ( 'NONE',  ( -1.000000000000000000, 1.032573497605242594E-16, -0.000000000000000000 ) ) ;
#2892 = EDGE_LOOP ( 'NONE', ( #2282, #9712, #2113, #107, #5138, #1931, #10099, #9766, #6685, #1409, #2833 ) ) ;
#2893 = CARTESIAN_POINT ( 'NONE',  ( -26.85000000000000142, 8.500000000000000000, 23.15000000000000568 ) ) ;
#2894 = ORIENTED_EDGE ( 'NONE', *, *, #5855, .T. ) ;
#2895 = CARTESIAN_POINT ( 'NONE',  ( -37.35000000000000142, 1.600000000000000089, 19.25000000000000000 ) ) ;
#2896 = ORIENTED_EDGE ( 'NONE', *, *, #7116, .T. ) ;
#2897 = AXIS2_PLACEMENT_3D ( 'NONE', #538, #9395, #5345 ) ;
#2898 = EDGE_CURVE ( 'NONE', #9044, #6691, #4011, .T. ) ;
#2899 = ORIENTED_EDGE ( 'NONE', *, *, #5768, .F. ) ;
#2900 = LINE ( 'NONE', #8698, #2548 ) ;
#2901 = DIRECTION ( 'NONE',  ( 0.000000000000000000, 0.000000000000000000, 1.000000000000000000 ) ) ;
#2902 = CARTESIAN_POINT ( 'NONE',  ( 15.00000000000000355, -0.2500000000000000000, -16.64999999999999858 ) ) ;
#2903 = VERTEX_POINT ( 'NONE', #201 ) ;
#2904 = AXIS2_PLACEMENT_3D ( 'NONE', #8304, #939, #2656 ) ;
#2905 = CARTESIAN_POINT ( 'NONE',  ( -34.85000000000000142, 6.200000000000000178, -20.74999999999999645 ) ) ;
#2906 = DIRECTION ( 'NONE',  ( 1.000000000000000000, -0.000000000000000000, -0.000000000000000000 ) ) ;
#2907 = CARTESIAN_POINT ( 'NONE',  ( 6.550000000000001599, -0.9000000000000014655, -13.14999999999999858 ) ) ;
#2908 = ORIENTED_EDGE ( 'NONE', *, *, #1643, .F. ) ;
#2909 = CARTESIAN_POINT ( 'NONE',  ( 21.85000000000000142, 24.84296113818832197, 23.75000000000000711 ) ) ;
#2910 = EDGE_CURVE ( 'NONE', #7225, #9323, #4046, .T. ) ;
#2911 = ORIENTED_EDGE ( 'NONE', *, *, #2359, .F. ) ;
#2912 = EDGE_LOOP ( 'NONE', ( #9287, #7445, #484, #7847 ) ) ;
#2913 = CARTESIAN_POINT ( 'NONE',  ( 27.64999999999999858, -3.399999999999999911, -16.44999999999999574 ) ) ;
#2914 = PLANE ( 'NONE',  #9359 ) ;
#2915 = DIRECTION ( 'NONE',  ( 0.000000000000000000, 0.000000000000000000, 1.000000000000000000 ) ) ;
#2916 = CARTESIAN_POINT ( 'NONE',  ( 12.84999999999999964, -9.000000000000001776, -15.94999999999999929 ) ) ;
#2917 = DIRECTION ( 'NONE',  ( -0.000000000000000000, 0.000000000000000000, -1.000000000000000000 ) ) ;
#2918 = EDGE_CURVE ( 'NONE', #2977, #3115, #7765, .T. ) ;
#2919 = ORIENTED_EDGE ( 'NONE', *, *, #9466, .T. ) ;
#2920 = CARTESIAN_POINT ( 'NONE',  ( -35.25000000000000000, -0.7000000000000000666, 21.14999999999999858 ) ) ;
#2921 = EDGE_CURVE ( 'NONE', #7400, #325, #5062, .T. ) ;
#2922 = ORIENTED_EDGE ( 'NONE', *, *, #4896, .F. ) ;
#2923 = EDGE_LOOP ( 'NONE', ( #7459, #2447, #5066, #3694, #1882, #171, #8370, #103, #1194, #7344, #5727, #9989 ) ) ;
#2924 = DIRECTION ( 'NONE',  ( 0.000000000000000000, -1.000000000000000000, 0.000000000000000000 ) ) ;
#2925 = VECTOR ( 'NONE', #8321, 1000.000000000000000 ) ;
#2926 = CARTESIAN_POINT ( 'NONE',  ( 34.35000000000000142, 8.500000000000000000, 19.80000000000000071 ) ) ;
#2927 = DIRECTION ( 'NONE',  ( -0.000000000000000000, -0.000000000000000000, 1.000000000000000000 ) ) ;
#2928 = DIRECTION ( 'NONE',  ( -4.028467922496720713E-31, -1.000000000000000000, -2.090028284309405749E-16 ) ) ;
#2929 = ADVANCED_FACE ( 'NONE', ( #7518, #6660 ), #8953, .F. ) ;
#2930 = DIRECTION ( 'NONE',  ( -0.000000000000000000, -0.000000000000000000, 1.000000000000000000 ) ) ;
#2931 = ORIENTED_EDGE ( 'NONE', *, *, #5104, .F. ) ;
#2932 = DIRECTION ( 'NONE',  ( -0.000000000000000000, -0.000000000000000000, 1.000000000000000000 ) ) ;
#2933 = ORIENTED_EDGE ( 'NONE', *, *, #6504, .T. ) ;
#2934 = AXIS2_PLACEMENT_3D ( 'NONE', #6350, #6456, #9610 ) ;
#2935 = DIRECTION ( 'NONE',  ( 0.000000000000000000, -1.000000000000000000, 0.000000000000000000 ) ) ;
#2936 = VERTEX_POINT ( 'NONE', #2508 ) ;
#2937 = DIRECTION ( 'NONE',  ( 0.000000000000000000, 0.000000000000000000, 1.000000000000000000 ) ) ;
#2938 = CIRCLE ( 'NONE', #5316, 1.000000000000000888 ) ;
#2939 = CARTESIAN_POINT ( 'NONE',  ( 11.95000000000000639, 5.000000000000000000, -17.44999999999999929 ) ) ;
#2940 = CARTESIAN_POINT ( 'NONE',  ( -39.25000000000000000, 1.600000000000000089, 6.049999999999999822 ) ) ;
#2941 = FACE_OUTER_BOUND ( 'NONE', #8764, .T. ) ;
#2942 = ADVANCED_FACE ( 'NONE', ( #9913 ), #2837, .T. ) ;
#2943 = ORIENTED_EDGE ( 'NONE', *, *, #1429, .F. ) ;
#2944 = CARTESIAN_POINT ( 'NONE',  ( 33.94999999999999574, 0.000000000000000000, -4.500000000000000000 ) ) ;
#2945 = EDGE_CURVE ( 'NONE', #4055, #4595, #1644, .T. ) ;
#2946 = ORIENTED_EDGE ( 'NONE', *, *, #4276, .T. ) ;
#2947 = LINE ( 'NONE', #8648, #7418 ) ;
#2948 = EDGE_LOOP ( 'NONE', ( #9882, #6305, #4129, #3626, #4315, #6637, #4399, #6291 ) ) ;
#2949 = VERTEX_POINT ( 'NONE', #8151 ) ;
#2950 = CARTESIAN_POINT ( 'NONE',  ( -21.25000000000000000, 7.000000000000006217, 23.15100000000000691 ) ) ;
#2951 = CIRCLE ( 'NONE', #7886, 2.500000000000002220 ) ;
#2952 = LINE ( 'NONE', #7103, #6742 ) ;
#2953 = VECTOR ( 'NONE', #9141, 1000.000000000000000 ) ;
#2954 = DIRECTION ( 'NONE',  ( -0.000000000000000000, -0.000000000000000000, 1.000000000000000000 ) ) ;
#2955 = ORIENTED_EDGE ( 'NONE', *, *, #9932, .F. ) ;
#2956 = EDGE_CURVE ( 'NONE', #10087, #7133, #3467, .T. ) ;
#2957 = DIRECTION ( 'NONE',  ( 1.000000000000000000, 0.000000000000000000, 0.000000000000000000 ) ) ;
#2958 = EDGE_CURVE ( 'NONE', #1835, #780, #1450, .T. ) ;
#2959 = LINE ( 'NONE', #42, #6007 ) ;
#2960 = EDGE_CURVE ( 'NONE', #1600, #4591, #8094, .T. ) ;
#2961 = LINE ( 'NONE', #6098, #2128 ) ;
#2962 = EDGE_LOOP ( 'NONE', ( #3436, #5013, #10272, #7373 ) ) ;
#2963 = DIRECTION ( 'NONE',  ( -0.000000000000000000, -1.000000000000000000, -0.000000000000000000 ) ) ;
#2964 = AXIS2_PLACEMENT_3D ( 'NONE', #4326, #4225, #5019 ) ;
#2965 = VECTOR ( 'NONE', #530, 1000.000000000000000 ) ;
#2966 = ORIENTED_EDGE ( 'NONE', *, *, #677, .T. ) ;
#2967 = VECTOR ( 'NONE', #7301, 1000.000000000000000 ) ;
#2968 = ORIENTED_EDGE ( 'NONE', *, *, #964, .T. ) ;
#2969 = DIRECTION ( 'NONE',  ( 1.000000000000000000, 0.000000000000000000, 0.000000000000000000 ) ) ;
#2970 = LINE ( 'NONE', #7767, #5613 ) ;
#2971 = EDGE_CURVE ( 'NONE', #2453, #7509, #7412, .T. ) ;
#2972 = CARTESIAN_POINT ( 'NONE',  ( -26.75000000000000000, 1.600000000000000977, -17.44999999999999929 ) ) ;
#2973 = VECTOR ( 'NONE', #5578, 1000.000000000000000 ) ;
#2974 = DIRECTION ( 'NONE',  ( 1.000000000000000000, 0.000000000000000000, 0.000000000000000000 ) ) ;
#2975 = ORIENTED_EDGE ( 'NONE', *, *, #6849, .T. ) ;
#2976 = LINE ( 'NONE', #2216, #875 ) ;
#2977 = VERTEX_POINT ( 'NONE', #4313 ) ;
#2978 = EDGE_LOOP ( 'NONE', ( #10389, #2861, #7620, #7987 ) ) ;
#2979 = AXIS2_PLACEMENT_3D ( 'NONE', #4155, #4263, #100 ) ;
#2980 = VECTOR ( 'NONE', #3095, 1000.000000000000000 ) ;
#2981 = CARTESIAN_POINT ( 'NONE',  ( 15.00000000000000355, -0.2500000000000000000, -16.94999999999999218 ) ) ;
#2982 = EDGE_CURVE ( 'NONE', #602, #859, #4369, .T. ) ;
#2983 = DIRECTION ( 'NONE',  ( 0.000000000000000000, -0.000000000000000000, -1.000000000000000000 ) ) ;
#2984 = VECTOR ( 'NONE', #5724, 1000.000000000000000 ) ;
#2985 = DIRECTION ( 'NONE',  ( 0.000000000000000000, 0.000000000000000000, -1.000000000000000000 ) ) ;
#2986 = CARTESIAN_POINT ( 'NONE',  ( 37.65000000000001279, 9.902000000000002800, -0.3499999999999983125 ) ) ;
#2987 = CYLINDRICAL_SURFACE ( 'NONE', #7062, 2.500000000000002220 ) ;
#2988 = VERTEX_POINT ( 'NONE', #5273 ) ;
#2989 = FACE_OUTER_BOUND ( 'NONE', #8884, .T. ) ;
#2990 = VECTOR ( 'NONE', #3290, 1000.000000000000000 ) ;
#2991 = ORIENTED_EDGE ( 'NONE', *, *, #10236, .F. ) ;
#2992 = CARTESIAN_POINT ( 'NONE',  ( -26.94999999999999929, -0.7000000000000000666, 23.75000000000000711 ) ) ;
#2993 = ORIENTED_EDGE ( 'NONE', *, *, #5741, .T. ) ;
#2994 = AXIS2_PLACEMENT_3D ( 'NONE', #8968, #3909, #806 ) ;
#2995 = EDGE_CURVE ( 'NONE', #4462, #9478, #7731, .T. ) ;
#2996 = DIRECTION ( 'NONE',  ( 0.000000000000000000, 2.090028284309405749E-16, -1.000000000000000000 ) ) ;
#2997 = AXIS2_PLACEMENT_3D ( 'NONE', #5453, #1995, #5245 ) ;
#2998 = VECTOR ( 'NONE', #1066, 1000.000000000000000 ) ;
#2999 = DIRECTION ( 'NONE',  ( 0.000000000000000000, -1.000000000000000000, 0.000000000000000000 ) ) ;
#3000 = LINE ( 'NONE', #6030, #8053 ) ;
#3001 = CARTESIAN_POINT ( 'NONE',  ( 0.000000000000000000, -9.000000000000000000, 0.000000000000000000 ) ) ;
#3002 = EDGE_LOOP ( 'NONE', ( #19, #8250, #9393, #2911 ) ) ;
#3003 = VECTOR ( 'NONE', #7575, 1000.000000000000000 ) ;
#3004 = DIRECTION ( 'NONE',  ( 1.000000000000000000, 0.000000000000000000, 0.000000000000000000 ) ) ;
#3005 = VERTEX_POINT ( 'NONE', #412 ) ;
#3006 = VECTOR ( 'NONE', #4468, 1000.000000000000114 ) ;
#3007 = DIRECTION ( 'NONE',  ( -1.000000000000000000, -0.000000000000000000, -0.000000000000000000 ) ) ;
#3008 = VERTEX_POINT ( 'NONE', #8527 ) ;
#3009 = VECTOR ( 'NONE', #1439, 1000.000000000000000 ) ;
#3010 = ORIENTED_EDGE ( 'NONE', *, *, #7323, .F. ) ;
#3011 = VECTOR ( 'NONE', #8107, 1000.000000000000114 ) ;
#3012 = DIRECTION ( 'NONE',  ( -1.000000000000000000, -1.176615829264044977E-15, 0.000000000000000000 ) ) ;
#3013 = EDGE_CURVE ( 'NONE', #8697, #1484, #2120, .T. ) ;
#3014 = LINE ( 'NONE', #539, #8777 ) ;
#3015 = CARTESIAN_POINT ( 'NONE',  ( -20.84999999999999076, 7.499999999999999112, 23.75000000000000711 ) ) ;
#3016 = CARTESIAN_POINT ( 'NONE',  ( -33.25000000000000000, 24.84296113818832197, 23.34999999999999787 ) ) ;
#3017 = DIRECTION ( 'NONE',  ( -0.000000000000000000, 0.000000000000000000, -1.000000000000000000 ) ) ;
#3018 = DIRECTION ( 'NONE',  ( 0.000000000000000000, 0.000000000000000000, -1.000000000000000000 ) ) ;
#3019 = ORIENTED_EDGE ( 'NONE', *, *, #935, .F. ) ;
#3020 = DIRECTION ( 'NONE',  ( 1.000000000000000000, 0.000000000000000000, -3.987870059716798287E-16 ) ) ;
#3021 = ORIENTED_EDGE ( 'NONE', *, *, #6046, .T. ) ;
#3022 = EDGE_CURVE ( 'NONE', #616, #5857, #1971, .T. ) ;
#3023 = EDGE_CURVE ( 'NONE', #2511, #5962, #6170, .T. ) ;
#3024 = VERTEX_POINT ( 'NONE', #3574 ) ;
#3025 = DIRECTION ( 'NONE',  ( -1.000000000000000000, -0.000000000000000000, -0.000000000000000000 ) ) ;
#3026 = ADVANCED_FACE ( 'NONE', ( #2019 ), #5221, .T. ) ;
#3027 = DIRECTION ( 'NONE',  ( -0.000000000000000000, -0.000000000000000000, 1.000000000000000000 ) ) ;
#3028 = DIRECTION ( 'NONE',  ( 0.000000000000000000, -1.000000000000000000, 0.000000000000000000 ) ) ;
#3029 = FACE_OUTER_BOUND ( 'NONE', #7312, .T. ) ;
#3030 = CARTESIAN_POINT ( 'NONE',  ( -37.85000000000000853, -1.799999999999999600, -5.450000000000000178 ) ) ;
#3031 = ORIENTED_EDGE ( 'NONE', *, *, #2731, .T. ) ;
#3032 = DIRECTION ( 'NONE',  ( 0.000000000000000000, 0.000000000000000000, -1.000000000000000000 ) ) ;
#3033 = PRODUCT_DEFINITION_SHAPE ( 'NONE', 'NONE',  #668 ) ;
#3034 = EDGE_CURVE ( 'NONE', #5131, #10426, #7677, .T. ) ;
#3035 = ORIENTED_EDGE ( 'NONE', *, *, #4669, .T. ) ;
#3036 = DIRECTION ( 'NONE',  ( 0.000000000000000000, 0.000000000000000000, -1.000000000000000000 ) ) ;
#3037 = CARTESIAN_POINT ( 'NONE',  ( -39.25000000000000711, -1.800000000000000044, 11.49999999999998224 ) ) ;
#3038 = DIRECTION ( 'NONE',  ( -0.000000000000000000, 1.000000000000000000, -0.000000000000000000 ) ) ;
#3039 = FACE_OUTER_BOUND ( 'NONE', #4348, .T. ) ;
#3040 = ORIENTED_EDGE ( 'NONE', *, *, #10521, .T. ) ;
#3041 = CARTESIAN_POINT ( 'NONE',  ( 33.94999999999999574, 9.902000000000004576, -10.94999999999999751 ) ) ;
#3042 = ORIENTED_EDGE ( 'NONE', *, *, #5953, .T. ) ;
#3043 = LINE ( 'NONE', #5436, #9803 ) ;
#3044 = VERTEX_POINT ( 'NONE', #467 ) ;
#3045 = ADVANCED_FACE ( 'NONE', ( #3526 ), #5034, .T. ) ;
#3046 = DIRECTION ( 'NONE',  ( 0.000000000000000000, 0.000000000000000000, -1.000000000000000000 ) ) ;
#3047 = DIRECTION ( 'NONE',  ( 0.000000000000000000, 0.000000000000000000, 1.000000000000000000 ) ) ;
#3048 = VECTOR ( 'NONE', #1346, 1000.000000000000000 ) ;
#3049 = CARTESIAN_POINT ( 'NONE',  ( 37.65000000000001279, 7.500000000000007105, -20.25000000000000711 ) ) ;
#3050 = FACE_OUTER_BOUND ( 'NONE', #6286, .T. ) ;
#3051 = ORIENTED_EDGE ( 'NONE', *, *, #7285, .F. ) ;
#3052 = FACE_OUTER_BOUND ( 'NONE', #1297, .T. ) ;
#3053 = ADVANCED_FACE ( 'NONE', ( #5322 ), #6072, .T. ) ;
#3054 = ORIENTED_EDGE ( 'NONE', *, *, #1876, .T. ) ;
#3055 = DIRECTION ( 'NONE',  ( 0.000000000000000000, 0.000000000000000000, 1.000000000000000000 ) ) ;
#3056 = VERTEX_POINT ( 'NONE', #6017 ) ;
#3057 = ADVANCED_FACE ( 'NONE', ( #6120, #9319 ), #10064, .T. ) ;
#3058 = VERTEX_POINT ( 'NONE', #9266 ) ;
#3059 = VECTOR ( 'NONE', #2524, 1000.000000000000000 ) ;
#3060 = CARTESIAN_POINT ( 'NONE',  ( -7.449999999999998401, -9.002000000000000668, -6.049999999999992717 ) ) ;
#3061 = DIRECTION ( 'NONE',  ( 0.000000000000000000, 0.000000000000000000, 1.000000000000000000 ) ) ;
#3062 = CARTESIAN_POINT ( 'NONE',  ( 32.95000000000001705, 6.200000000000000178, 19.80000000000000071 ) ) ;
#3063 = DIRECTION ( 'NONE',  ( -0.000000000000000000, -1.000000000000000000, -0.000000000000000000 ) ) ;
#3064 = DIRECTION ( 'NONE',  ( 1.802310104910968640E-16, 1.762134456409849633E-16, -1.000000000000000000 ) ) ;
#3065 = AXIS2_PLACEMENT_3D ( 'NONE', #642, #4912, #6295 ) ;
#3066 = CARTESIAN_POINT ( 'NONE',  ( -20.85000000000000142, -1.800000000000000044, 22.14999999999999858 ) ) ;
#3067 = ORIENTED_EDGE ( 'NONE', *, *, #1748, .T. ) ;
#3068 = DIRECTION ( 'NONE',  ( -0.000000000000000000, -0.000000000000000000, 1.000000000000000000 ) ) ;
#3069 = EDGE_CURVE ( 'NONE', #1835, #2903, #8474, .T. ) ;
#3070 = ORIENTED_EDGE ( 'NONE', *, *, #5780, .T. ) ;
#3071 = ORIENTED_EDGE ( 'NONE', *, *, #5032, .T. ) ;
#3072 = VECTOR ( 'NONE', #4286, 1000.000000000000000 ) ;
#3073 = DIRECTION ( 'NONE',  ( -2.569960705150825398E-16, -1.000000000000000000, 0.000000000000000000 ) ) ;
#3074 = AXIS2_PLACEMENT_3D ( 'NONE', #5906, #9150, #2811 ) ;
#3075 = FACE_OUTER_BOUND ( 'NONE', #7949, .T. ) ;
#3076 = DIRECTION ( 'NONE',  ( -0.000000000000000000, -1.000000000000000000, 0.000000000000000000 ) ) ;
#3077 = DIRECTION ( 'NONE',  ( 1.000000000000000000, -0.000000000000000000, 0.000000000000000000 ) ) ;
#3078 = ADVANCED_FACE ( 'NONE', ( #7784 ), #3727, .T. ) ;
#3079 = ORIENTED_EDGE ( 'NONE', *, *, #5569, .T. ) ;
#3080 = FACE_BOUND ( 'NONE', #5655, .T. ) ;
#3081 = ORIENTED_EDGE ( 'NONE', *, *, #7673, .F. ) ;
#3082 = LINE ( 'NONE', #1360, #3160 ) ;
#3083 = CARTESIAN_POINT ( 'NONE',  ( 12.84999999999999964, -9.000000000000001776, -15.94999999999999929 ) ) ;
#3084 = LINE ( 'NONE', #8031, #9019 ) ;
#3085 = EDGE_CURVE ( 'NONE', #8319, #2416, #256, .T. ) ;
#3086 = DIRECTION ( 'NONE',  ( -0.000000000000000000, 1.000000000000000000, -0.000000000000000000 ) ) ;
#3087 = EDGE_CURVE ( 'NONE', #473, #10414, #2722, .T. ) ;
#3088 = ORIENTED_EDGE ( 'NONE', *, *, #2191, .T. ) ;
#3089 = DIRECTION ( 'NONE',  ( 0.000000000000000000, -1.000000000000000000, 0.000000000000000000 ) ) ;
#3090 = EDGE_CURVE ( 'NONE', #2188, #9244, #9128, .T. ) ;
#3091 = ORIENTED_EDGE ( 'NONE', *, *, #10163, .T. ) ;
#3092 = PLANE ( 'NONE',  #9289 ) ;
#3093 = ORIENTED_EDGE ( 'NONE', *, *, #3440, .T. ) ;
#3094 = VECTOR ( 'NONE', #8787, 1000.000000000000000 ) ;
#3095 = DIRECTION ( 'NONE',  ( -0.000000000000000000, -0.000000000000000000, -1.000000000000000000 ) ) ;
#3096 = LINE ( 'NONE', #6283, #8228 ) ;
#3097 = CARTESIAN_POINT ( 'NONE',  ( 11.95000000000000639, 5.000000000000000000, -17.44999999999999929 ) ) ;
#3098 = FACE_OUTER_BOUND ( 'NONE', #1483, .T. ) ;
#3099 = EDGE_CURVE ( 'NONE', #7075, #3437, #7129, .T. ) ;
#3100 = ORIENTED_EDGE ( 'NONE', *, *, #10188, .F. ) ;
#3101 = CARTESIAN_POINT ( 'NONE',  ( 32.95000000000000995, 6.200000000000000178, 0.000000000000000000 ) ) ;
#3102 = VECTOR ( 'NONE', #6543, 1000.000000000000227 ) ;
#3103 = ORIENTED_EDGE ( 'NONE', *, *, #9338, .F. ) ;
#3104 = DIRECTION ( 'NONE',  ( 1.000000000000000000, -0.000000000000000000, 0.000000000000000000 ) ) ;
#3105 = ORIENTED_EDGE ( 'NONE', *, *, #7979, .F. ) ;
#3106 = ORIENTED_EDGE ( 'NONE', *, *, #1588, .F. ) ;
#3107 = VECTOR ( 'NONE', #7542, 1000.000000000000000 ) ;
#3108 = CARTESIAN_POINT ( 'NONE',  ( 11.95000000000000639, 5.000000000000000000, -17.44999999999999929 ) ) ;
#3109 = DIRECTION ( 'NONE',  ( 0.000000000000000000, -1.000000000000000000, 0.000000000000000000 ) ) ;
#3110 = CARTESIAN_POINT ( 'NONE',  ( 39.25000000000000000, 1.600000000000000089, 14.24999999999999822 ) ) ;
#3111 = DIRECTION ( 'NONE',  ( -1.445602896647339656E-16, -1.000000000000000000, 0.000000000000000000 ) ) ;
#3112 = EDGE_CURVE ( 'NONE', #10212, #1113, #8784, .T. ) ;
#3113 = AXIS2_PLACEMENT_3D ( 'NONE', #7650, #3441, #979 ) ;
#3114 = CARTESIAN_POINT ( 'NONE',  ( 37.65000000000000568, 9.100000000000001421, 11.95000000000000462 ) ) ;
#3115 = VERTEX_POINT ( 'NONE', #623 ) ;
#3116 = DIRECTION ( 'NONE',  ( 0.000000000000000000, 1.000000000000000000, -0.000000000000000000 ) ) ;
#3117 = EDGE_LOOP ( 'NONE', ( #6465, #6234, #818, #9510 ) ) ;
#3118 = ORIENTED_EDGE ( 'NONE', *, *, #8647, .T. ) ;
#3119 = VECTOR ( 'NONE', #5895, 1000.000000000000000 ) ;
#3120 = FACE_OUTER_BOUND ( 'NONE', #10167, .T. ) ;
#3121 = CARTESIAN_POINT ( 'NONE',  ( -39.25000000000000711, -1.800000000000000044, -20.34999999999998010 ) ) ;
#3122 = LINE ( 'NONE', #4927, #4791 ) ;
#3123 = CARTESIAN_POINT ( 'NONE',  ( 26.10000000000000497, -4.999999999999992006, 24.45000000000000639 ) ) ;
#3124 = VECTOR ( 'NONE', #5285, 1000.000000000000000 ) ;
#3125 = VECTOR ( 'NONE', #4025, 1000.000000000000000 ) ;
#3126 = DIRECTION ( 'NONE',  ( -1.000000000000000000, 3.541727096785978127E-15, 0.000000000000000000 ) ) ;
#3127 = ORIENTED_EDGE ( 'NONE', *, *, #10294, .F. ) ;
#3128 = ORIENTED_EDGE ( 'NONE', *, *, #6411, .F. ) ;
#3129 = VECTOR ( 'NONE', #304, 1000.000000000000000 ) ;
#3130 = PLANE ( 'NONE',  #5133 ) ;
#3131 = ORIENTED_EDGE ( 'NONE', *, *, #7015, .T. ) ;
#3132 = ORIENTED_EDGE ( 'NONE', *, *, #3218, .T. ) ;
#3133 = VECTOR ( 'NONE', #7663, 1000.000000000000114 ) ;
#3134 = CARTESIAN_POINT ( 'NONE',  ( 32.95000000000001705, 58.13995493237317191, 19.80000000000000071 ) ) ;
#3135 = EDGE_CURVE ( 'NONE', #1434, #4031, #4870, .T. ) ;
#3136 = LINE ( 'NONE', #3930, #10292 ) ;
#3137 = CARTESIAN_POINT ( 'NONE',  ( -20.64999999999999858, -1.799999999999994493, -58.51417117032266191 ) ) ;
#3138 = DIRECTION ( 'NONE',  ( -0.000000000000000000, -1.000000000000000000, -0.000000000000000000 ) ) ;
#3139 = ORIENTED_EDGE ( 'NONE', *, *, #4910, .T. ) ;
#3140 = DIRECTION ( 'NONE',  ( -1.000000000000000000, 0.000000000000000000, -4.565061778886304462E-16 ) ) ;
#3141 = ORIENTED_EDGE ( 'NONE', *, *, #8654, .T. ) ;
#3142 = FACE_OUTER_BOUND ( 'NONE', #1308, .T. ) ;
#3143 = ORIENTED_EDGE ( 'NONE', *, *, #9512, .T. ) ;
#3144 = VECTOR ( 'NONE', #4467, 1000.000000000000000 ) ;
#3145 = EDGE_CURVE ( 'NONE', #46, #4697, #5529, .T. ) ;
#3146 = ADVANCED_FACE ( 'NONE', ( #4575 ), #1364, .F. ) ;
#3147 = LINE ( 'NONE', #9743, #9270 ) ;
#3148 = ADVANCED_FACE ( 'NONE', ( #1465 ), #4724, .T. ) ;
#3149 = DIRECTION ( 'NONE',  ( 1.000000000000000000, 0.000000000000000000, 0.000000000000000000 ) ) ;
#3150 = CARTESIAN_POINT ( 'NONE',  ( 26.10000000000000497, -4.999999999999992006, 23.15100000000000691 ) ) ;
#3151 = AXIS2_PLACEMENT_3D ( 'NONE', #907, #8374, #7422 ) ;
#3152 = LINE ( 'NONE', #3205, #8612 ) ;
#3153 = ORIENTED_EDGE ( 'NONE', *, *, #5095, .F. ) ;
#3154 = PLANE ( 'NONE',  #5168 ) ;
#3155 = ORIENTED_EDGE ( 'NONE', *, *, #10367, .T. ) ;
#3156 = DIRECTION ( 'NONE',  ( -1.000000000000000000, 0.000000000000000000, -0.000000000000000000 ) ) ;
#3157 = VECTOR ( 'NONE', #9456, 1000.000000000000000 ) ;
#3158 = ORIENTED_EDGE ( 'NONE', *, *, #2381, .T. ) ;
#3159 = VERTEX_POINT ( 'NONE', #3932 ) ;
#3160 = VECTOR ( 'NONE', #7077, 1000.000000000000000 ) ;
#3161 = ADVANCED_FACE ( 'NONE', ( #3039 ), #671, .T. ) ;
#3162 = DIRECTION ( 'NONE',  ( 0.000000000000000000, 0.000000000000000000, 1.000000000000000000 ) ) ;
#3163 = CARTESIAN_POINT ( 'NONE',  ( 21.85000000000000497, 7.500000000000000888, 23.15000000000000568 ) ) ;
#3164 = VECTOR ( 'NONE', #3325, 1000.000000000000000 ) ;
#3165 = CARTESIAN_POINT ( 'NONE',  ( -12.75000000000000178, -5.000000000000000000, -11.14999999999999503 ) ) ;
#3166 = DIRECTION ( 'NONE',  ( 0.000000000000000000, 0.000000000000000000, -1.000000000000000000 ) ) ;
#3167 = AXIS2_PLACEMENT_3D ( 'NONE', #8204, #5008, #3421 ) ;
#3168 = VECTOR ( 'NONE', #9821, 1000.000000000000000 ) ;
#3169 = CARTESIAN_POINT ( 'NONE',  ( 0.000000000000000000, 0.000000000000000000, -20.24999999999999645 ) ) ;
#3170 = ORIENTED_EDGE ( 'NONE', *, *, #9333, .F. ) ;
#3171 = DIRECTION ( 'NONE',  ( -0.000000000000000000, -0.000000000000000000, 1.000000000000000000 ) ) ;
#3172 = ORIENTED_EDGE ( 'NONE', *, *, #348, .T. ) ;
#3173 = VECTOR ( 'NONE', #7187, 1000.000000000000000 ) ;
#3174 = VERTEX_POINT ( 'NONE', #5380 ) ;
#3175 = ORIENTED_EDGE ( 'NONE', *, *, #6859, .T. ) ;
#3176 = EDGE_CURVE ( 'NONE', #2054, #6053, #4623, .T. ) ;
#3177 = VECTOR ( 'NONE', #9582, 1000.000000000000000 ) ;
#3178 = LINE ( 'NONE', #8863, #9012 ) ;
#3179 = CARTESIAN_POINT ( 'NONE',  ( 32.95000000000001705, 9.899999999999998579, -19.80000000000000071 ) ) ;
#3180 = LINE ( 'NONE', #6417, #4221 ) ;
#3181 = FILL_AREA_STYLE ('',( #7222 ) ) ;
#3182 = CARTESIAN_POINT ( 'NONE',  ( 0.5500000000000001554, 5.049999999999998046, -5.049999999999995381 ) ) ;
#3183 = ORIENTED_EDGE ( 'NONE', *, *, #8024, .F. ) ;
#3184 = VERTEX_POINT ( 'NONE', #5476 ) ;
#3185 = PLANE ( 'NONE',  #1218 ) ;
#3186 = EDGE_CURVE ( 'NONE', #8175, #7130, #568, .T. ) ;
#3187 = VERTEX_POINT ( 'NONE', #3984 ) ;
#3188 = ORIENTED_EDGE ( 'NONE', *, *, #1189, .T. ) ;
#3189 = EDGE_CURVE ( 'NONE', #7133, #10019, #10490, .T. ) ;
#3190 = DIRECTION ( 'NONE',  ( 1.000000000000000000, 0.000000000000000000, 0.000000000000000000 ) ) ;
#3191 = CARTESIAN_POINT ( 'NONE',  ( -26.25000000000001066, 0.000000000000000000, 10.50000000000000355 ) ) ;
#3192 = CARTESIAN_POINT ( 'NONE',  ( 15.00000000000000355, -0.2500000000000000000, -5.249999999999995559 ) ) ;
#3193 = CARTESIAN_POINT ( 'NONE',  ( 0.000000000000000000, 8.500000000000000000, -19.80000000000000071 ) ) ;
#3194 = ORIENTED_EDGE ( 'NONE', *, *, #128, .F. ) ;
#3195 = CARTESIAN_POINT ( 'NONE',  ( -31.55000000000000782, 9.899999999999998579, -1.649999999999999023 ) ) ;
#3196 = ORIENTED_EDGE ( 'NONE', *, *, #6172, .T. ) ;
#3197 = EDGE_CURVE ( 'NONE', #6502, #7874, #2666, .T. ) ;
#3198 = DIRECTION ( 'NONE',  ( 0.000000000000000000, 0.000000000000000000, -1.000000000000000000 ) ) ;
#3199 = ORIENTED_EDGE ( 'NONE', *, *, #10566, .T. ) ;
#3200 = EDGE_CURVE ( 'NONE', #4828, #7880, #10340, .T. ) ;
#3201 = CIRCLE ( 'NONE', #6939, 1.500000000000001332 ) ;
#3202 = DIRECTION ( 'NONE',  ( 1.000000000000000000, -0.000000000000000000, -0.000000000000000000 ) ) ;
#3203 = DIRECTION ( 'NONE',  ( 1.000000000000000000, -0.000000000000000000, -0.000000000000000000 ) ) ;
#3204 = CARTESIAN_POINT ( 'NONE',  ( 35.35000000000000142, 9.100000000000003197, 3.691709623134514562 ) ) ;
#3205 = CARTESIAN_POINT ( 'NONE',  ( 37.65000000000000568, 7.500000000000000000, 20.25000000000000711 ) ) ;
#3206 = EDGE_LOOP ( 'NONE', ( #105, #3245, #3697, #4815 ) ) ;
#3207 = CARTESIAN_POINT ( 'NONE',  ( 12.84999999999999964, -0.9000000000000032419, -6.049999999999995381 ) ) ;
#3208 = ORIENTED_EDGE ( 'NONE', *, *, #4905, .F. ) ;
#3209 = EDGE_CURVE ( 'NONE', #8724, #9870, #2333, .T. ) ;
#3210 = LINE ( 'NONE', #638, #6384 ) ;
#3211 = ORIENTED_EDGE ( 'NONE', *, *, #8934, .F. ) ;
#3212 = ORIENTED_EDGE ( 'NONE', *, *, #821, .F. ) ;
#3213 = VECTOR ( 'NONE', #5787, 1000.000000000000000 ) ;
#3214 = CARTESIAN_POINT ( 'NONE',  ( 21.44999999999999929, 6.200000000000000178, 20.75000000000000355 ) ) ;
#3215 = CARTESIAN_POINT ( 'NONE',  ( -10.09999999999999787, 0.5000000000000000000, -7.699999999999992184 ) ) ;
#3216 = CYLINDRICAL_SURFACE ( 'NONE', #8440, 1.500000000000001332 ) ;
#3217 = CARTESIAN_POINT ( 'NONE',  ( -23.85000000000000142, -4.999999999999999112, 24.45000000000000639 ) ) ;
#3218 = EDGE_CURVE ( 'NONE', #2903, #48, #9533, .T. ) ;
#3219 = CARTESIAN_POINT ( 'NONE',  ( 27.85000000000000497, -4.999999999999992006, 23.35100000000000975 ) ) ;
#3220 = AXIS2_PLACEMENT_3D ( 'NONE', #5005, #3363, #5700 ) ;
#3221 = VERTEX_POINT ( 'NONE', #4676 ) ;
#3222 = DIRECTION ( 'NONE',  ( -0.000000000000000000, -0.000000000000000000, 1.000000000000000000 ) ) ;
#3223 = ORIENTED_EDGE ( 'NONE', *, *, #3478, .T. ) ;
#3224 = VERTEX_POINT ( 'NONE', #7833 ) ;
#3225 = ORIENTED_EDGE ( 'NONE', *, *, #3538, .T. ) ;
#3226 = DIRECTION ( 'NONE',  ( 0.000000000000000000, 1.000000000000000000, 0.000000000000000000 ) ) ;
#3227 = DIRECTION ( 'NONE',  ( 0.000000000000000000, 0.000000000000000000, -1.000000000000000000 ) ) ;
#3228 = DIRECTION ( 'NONE',  ( -1.000000000000000000, -1.421904488505579654E-16, 0.000000000000000000 ) ) ;
#3229 = CARTESIAN_POINT ( 'NONE',  ( -31.55000000000000782, -0.3999999999999999667, 7.000000000000000888 ) ) ;
#3230 = CARTESIAN_POINT ( 'NONE',  ( 37.65000000000000568, 9.099999999999999645, 19.25000000000000000 ) ) ;
#3231 = EDGE_CURVE ( 'NONE', #2055, #7939, #6322, .T. ) ;
#3232 = VERTEX_POINT ( 'NONE', #3776 ) ;
#3233 = ORIENTED_EDGE ( 'NONE', *, *, #6921, .F. ) ;
#3234 = CARTESIAN_POINT ( 'NONE',  ( 35.75000000000000000, 7.500000000000007105, -20.74999999999999289 ) ) ;
#3235 = ORIENTED_EDGE ( 'NONE', *, *, #3420, .F. ) ;
#3236 = VECTOR ( 'NONE', #669, 1000.000000000000000 ) ;
#3237 = ORIENTED_EDGE ( 'NONE', *, *, #4910, .F. ) ;
#3238 = DIRECTION ( 'NONE',  ( 0.000000000000000000, -1.000000000000000000, 0.000000000000000000 ) ) ;
#3239 = LINE ( 'NONE', #2331, #1944 ) ;
#3240 = DIRECTION ( 'NONE',  ( 1.000000000000000000, 0.000000000000000000, -0.000000000000000000 ) ) ;
#3241 = DIRECTION ( 'NONE',  ( -1.000000000000000000, 0.000000000000000000, 0.000000000000000000 ) ) ;
#3242 = EDGE_CURVE ( 'NONE', #10447, #10255, #10284, .T. ) ;
#3243 = ORIENTED_EDGE ( 'NONE', *, *, #3860, .T. ) ;
#3244 = CARTESIAN_POINT ( 'NONE',  ( 12.84999999999999964, 9.902000000000001023, -15.94999999999999929 ) ) ;
#3245 = ORIENTED_EDGE ( 'NONE', *, *, #6046, .F. ) ;
#3246 = ORIENTED_EDGE ( 'NONE', *, *, #4405, .T. ) ;
#3247 = DIRECTION ( 'NONE',  ( 1.000000000000000000, 0.000000000000000000, 0.000000000000000000 ) ) ;
#3248 = ORIENTED_EDGE ( 'NONE', *, *, #1051, .F. ) ;
#3249 = EDGE_CURVE ( 'NONE', #6806, #6551, #9482, .T. ) ;
#3250 = DIRECTION ( 'NONE',  ( 1.000000000000000000, 0.000000000000000000, 0.000000000000000000 ) ) ;
#3251 = CARTESIAN_POINT ( 'NONE',  ( -35.25000000000000000, -1.800000000000000044, -19.14999999999999858 ) ) ;
#3252 = CARTESIAN_POINT ( 'NONE',  ( 35.35000000000000142, 17.01111066297655228, -3.691709623134517226 ) ) ;
#3253 = CARTESIAN_POINT ( 'NONE',  ( -26.65000000000000568, 7.000000000000005329, 23.15100000000000691 ) ) ;
#3254 = CARTESIAN_POINT ( 'NONE',  ( -25.25000000000000711, 0.000000000000000000, 10.50000000000000355 ) ) ;
#3255 = ORIENTED_EDGE ( 'NONE', *, *, #6885, .F. ) ;
#3256 = DIRECTION ( 'NONE',  ( 0.000000000000000000, -1.000000000000000000, 0.000000000000000000 ) ) ;
#3257 = VERTEX_POINT ( 'NONE', #9097 ) ;
#3258 = CARTESIAN_POINT ( 'NONE',  ( -28.35000000000000497, -1.800000000000000044, 1.049999999999998934 ) ) ;
#3259 = ORIENTED_EDGE ( 'NONE', *, *, #7853, .T. ) ;
#3260 = VECTOR ( 'NONE', #7521, 1000.000000000000000 ) ;
#3261 = ORIENTED_EDGE ( 'NONE', *, *, #8159, .F. ) ;
#3262 = DIRECTION ( 'NONE',  ( -1.000000000000000000, 0.000000000000000000, -0.000000000000000000 ) ) ;
#3263 = LINE ( 'NONE', #3953, #6389 ) ;
#3264 = DIRECTION ( 'NONE',  ( 0.000000000000000000, 1.000000000000000000, -0.000000000000000000 ) ) ;
#3265 = VECTOR ( 'NONE', #7618, 1000.000000000000000 ) ;
#3266 = ADVANCED_FACE ( 'NONE', ( #4826 ), #9984, .T. ) ;
#3267 = FACE_OUTER_BOUND ( 'NONE', #8066, .T. ) ;
#3268 = CARTESIAN_POINT ( 'NONE',  ( 37.65000000000000568, 9.902000000000004576, -11.95000000000000107 ) ) ;
#3269 = ORIENTED_EDGE ( 'NONE', *, *, #7910, .F. ) ;
#3270 = PLANE ( 'NONE',  #151 ) ;
#3271 = VECTOR ( 'NONE', #5298, 1000.000000000000000 ) ;
#3272 = EDGE_LOOP ( 'NONE', ( #10481, #8372, #3316, #3997 ) ) ;
#3273 = EDGE_LOOP ( 'NONE', ( #755, #7348, #7283, #190, #1590 ) ) ;
#3274 = VERTEX_POINT ( 'NONE', #9794 ) ;
#3275 = PLANE ( 'NONE',  #2014 ) ;
#3276 = EDGE_CURVE ( 'NONE', #3058, #5691, #1732, .T. ) ;
#3277 = ADVANCED_FACE ( 'NONE', ( #4996 ), #7397, .F. ) ;
#3278 = DIRECTION ( 'NONE',  ( -0.000000000000000000, -1.000000000000000000, -0.000000000000000000 ) ) ;
#3279 = EDGE_CURVE ( 'NONE', #2988, #1196, #3295, .T. ) ;
#3280 = DIRECTION ( 'NONE',  ( -0.000000000000000000, -1.000000000000000000, -0.000000000000000000 ) ) ;
#3281 = AXIS2_PLACEMENT_3D ( 'NONE', #9384, #10029, #6986 ) ;
#3282 = DIRECTION ( 'NONE',  ( -0.000000000000000000, 1.000000000000000000, -0.000000000000000000 ) ) ;
#3283 = CARTESIAN_POINT ( 'NONE',  ( -30.94999999999999929, 5.000000000000000888, 17.44999999999999929 ) ) ;
#3284 = ORIENTED_EDGE ( 'NONE', *, *, #7023, .T. ) ;
#3285 = ORIENTED_EDGE ( 'NONE', *, *, #10346, .F. ) ;
#3286 = FILL_AREA_STYLE_COLOUR ( '', #2872 ) ;
#3287 = ORIENTED_EDGE ( 'NONE', *, *, #8460, .T. ) ;
#3288 = ORIENTED_EDGE ( 'NONE', *, *, #1374, .F. ) ;
#3289 = EDGE_CURVE ( 'NONE', #9091, #8090, #272, .T. ) ;
#3290 = DIRECTION ( 'NONE',  ( -1.000000000000000000, -1.421904488505579654E-16, -1.885568995626964287E-16 ) ) ;
#3291 = VECTOR ( 'NONE', #3455, 1000.000000000000000 ) ;
#3292 = PLANE ( 'NONE',  #6537 ) ;
#3293 = DIRECTION ( 'NONE',  ( -1.000000000000000000, 0.000000000000000000, 0.000000000000000000 ) ) ;
#3294 = VECTOR ( 'NONE', #3364, 1000.000000000000000 ) ;
#3295 = LINE ( 'NONE', #9041, #776 ) ;
#3296 = ORIENTED_EDGE ( 'NONE', *, *, #2334, .F. ) ;
#3297 = CARTESIAN_POINT ( 'NONE',  ( 35.75000000000000000, 9.100000000000003197, 3.460769515458664625 ) ) ;
#3298 = EDGE_LOOP ( 'NONE', ( #7694, #5595, #9286, #4349 ) ) ;
#3299 = DIRECTION ( 'NONE',  ( 0.000000000000000000, -1.000000000000000000, 0.000000000000000000 ) ) ;
#3300 = VERTEX_POINT ( 'NONE', #9734 ) ;
#3301 = VECTOR ( 'NONE', #317, 1000.000000000000000 ) ;
#3302 = VECTOR ( 'NONE', #6591, 1000.000000000000000 ) ;
#3303 = EDGE_CURVE ( 'NONE', #9868, #3339, #2495, .T. ) ;
#3304 = CARTESIAN_POINT ( 'NONE',  ( -29.35000000000000497, -42.37740108089595026, 10.00000000000000000 ) ) ;
#3305 = ORIENTED_EDGE ( 'NONE', *, *, #7829, .T. ) ;
#3306 = CARTESIAN_POINT ( 'NONE',  ( 34.75000000000000000, 4.099999999999999645, -14.24999999999999822 ) ) ;
#3307 = DIRECTION ( 'NONE',  ( -0.000000000000000000, 1.000000000000000000, -0.000000000000000000 ) ) ;
#3308 = CARTESIAN_POINT ( 'NONE',  ( 0.5500000000000001554, 5.049999999999998046, -15.94999999999999929 ) ) ;
#3309 = DIRECTION ( 'NONE',  ( -0.000000000000000000, -1.000000000000000000, -0.000000000000000000 ) ) ;
#3310 = CARTESIAN_POINT ( 'NONE',  ( -20.68431457505076310, 0.9999999999999878986, 20.75000000000000355 ) ) ;
#3311 = ORIENTED_EDGE ( 'NONE', *, *, #1839, .T. ) ;
#3312 = STYLED_ITEM ( 'NONE', ( #2322 ), #8709 ) ;
#3313 = DIRECTION ( 'NONE',  ( -1.000000000000000000, -7.053253711990485935E-17, -0.000000000000000000 ) ) ;
#3314 = VERTEX_POINT ( 'NONE', #5746 ) ;
#3315 = PLANE ( 'NONE',  #1977 ) ;
#3316 = ORIENTED_EDGE ( 'NONE', *, *, #8254, .T. ) ;
#3317 = EDGE_CURVE ( 'NONE', #1616, #7097, #8191, .T. ) ;
#3318 = VECTOR ( 'NONE', #4097, 1000.000000000000000 ) ;
#3319 = CARTESIAN_POINT ( 'NONE',  ( -11.75000000000000000, -0.9000000000000050182, -10.34999999999999076 ) ) ;
#3320 = CIRCLE ( 'NONE', #2644, 1.000000000000000888 ) ;
#3321 = DIRECTION ( 'NONE',  ( 0.000000000000000000, -1.000000000000000000, 0.000000000000000000 ) ) ;
#3322 = DIRECTION ( 'NONE',  ( -0.000000000000000000, -1.000000000000000000, -0.000000000000000000 ) ) ;
#3323 = CARTESIAN_POINT ( 'NONE',  ( 27.64999999999999858, -3.399999999999999911, -19.45000000000000284 ) ) ;
#3324 = VECTOR ( 'NONE', #4265, 1000.000000000000000 ) ;
#3325 = DIRECTION ( 'NONE',  ( 0.000000000000000000, 0.000000000000000000, 1.000000000000000000 ) ) ;
#3326 = ORIENTED_EDGE ( 'NONE', *, *, #2260, .T. ) ;
#3327 = DIRECTION ( 'NONE',  ( 1.000000000000000000, 0.000000000000000000, 0.000000000000000000 ) ) ;
#3328 = VECTOR ( 'NONE', #4672, 1000.000000000000000 ) ;
#3329 = EDGE_LOOP ( 'NONE', ( #4216, #2546, #2813, #2675, #3869, #1881, #9407, #7643, #8456 ) ) ;
#3330 = ORIENTED_EDGE ( 'NONE', *, *, #1912, .T. ) ;
#3331 = ADVANCED_FACE ( 'NONE', ( #2384 ), #3353, .T. ) ;
#3332 = ORIENTED_EDGE ( 'NONE', *, *, #6534, .F. ) ;
#3333 = CIRCLE ( 'NONE', #4684, 0.4000000000000010214 ) ;
#3334 = DIRECTION ( 'NONE',  ( 0.000000000000000000, 0.000000000000000000, 1.000000000000000000 ) ) ;
#3335 = PLANE ( 'NONE',  #4122 ) ;
#3336 = VECTOR ( 'NONE', #6722, 1000.000000000000000 ) ;
#3337 = DIRECTION ( 'NONE',  ( -0.000000000000000000, -0.000000000000000000, 1.000000000000000000 ) ) ;
#3338 = CARTESIAN_POINT ( 'NONE',  ( 27.85000000000000497, -4.999999999999992006, 23.15000000000000568 ) ) ;
#3339 = VERTEX_POINT ( 'NONE', #4887 ) ;
#3340 = AXIS2_PLACEMENT_3D ( 'NONE', #3579, #4532, #7790 ) ;
#3341 = ORIENTED_EDGE ( 'NONE', *, *, #2392, .F. ) ;
#3342 = CARTESIAN_POINT ( 'NONE',  ( 33.94999999999999574, 9.100000000000004974, -10.94999999999999751 ) ) ;
#3343 = EDGE_CURVE ( 'NONE', #10374, #1684, #137, .T. ) ;
#3344 = EDGE_CURVE ( 'NONE', #4716, #9044, #26, .T. ) ;
#3345 = AXIS2_PLACEMENT_3D ( 'NONE', #10396, #2187, #7252 ) ;
#3346 = ORIENTED_EDGE ( 'NONE', *, *, #7168, .F. ) ;
#3347 = EDGE_CURVE ( 'NONE', #8324, #6006, #189, .T. ) ;
#3348 = ORIENTED_EDGE ( 'NONE', *, *, #4946, .T. ) ;
#3349 = DIRECTION ( 'NONE',  ( -0.000000000000000000, -1.000000000000000000, -0.000000000000000000 ) ) ;
#3350 = ADVANCED_FACE ( 'NONE', ( #4201 ), #5688, .F. ) ;
#3351 = CARTESIAN_POINT ( 'NONE',  ( 35.75000000000000000, 7.500000000000000000, 22.14999999999999858 ) ) ;
#3352 = CARTESIAN_POINT ( 'NONE',  ( -20.85000000000000142, 24.84296113818833263, 23.74999999999994671 ) ) ;
#3353 = PLANE ( 'NONE',  #2148 ) ;
#3354 = EDGE_LOOP ( 'NONE', ( #4541, #1321, #8347, #4146 ) ) ;
#3355 = CARTESIAN_POINT ( 'NONE',  ( -18.24999999999997868, -0.9000000000000044631, -5.049999999999995381 ) ) ;
#3356 = VERTEX_POINT ( 'NONE', #5634 ) ;
#3357 = EDGE_CURVE ( 'NONE', #2054, #2375, #993, .T. ) ;
#3358 = CARTESIAN_POINT ( 'NONE',  ( 6.913961030678924757, -1.799999999999991607, -15.94999999999999929 ) ) ;
#3359 = VERTEX_POINT ( 'NONE', #4086 ) ;
#3360 = EDGE_CURVE ( 'NONE', #485, #6656, #4251, .T. ) ;
#3361 = DIRECTION ( 'NONE',  ( 0.000000000000000000, 1.000000000000000000, 0.000000000000000000 ) ) ;
#3362 = VERTEX_POINT ( 'NONE', #6699 ) ;
#3363 = DIRECTION ( 'NONE',  ( 0.000000000000000000, -1.000000000000000000, 0.000000000000000000 ) ) ;
#3364 = DIRECTION ( 'NONE',  ( -0.000000000000000000, -0.000000000000000000, -1.000000000000000000 ) ) ;
#3365 = CARTESIAN_POINT ( 'NONE',  ( 18.50000000000000355, 6.200000000000000178, -20.74999999999999645 ) ) ;
#3366 = CARTESIAN_POINT ( 'NONE',  ( -28.35000000000000497, -42.37740108089595026, 10.00000000000000000 ) ) ;
#3367 = CARTESIAN_POINT ( 'NONE',  ( -28.35000000000000497, -9.000000000000000000, 1.049999999999998934 ) ) ;
#3368 = VERTEX_POINT ( 'NONE', #7342 ) ;
#3369 = CYLINDRICAL_SURFACE ( 'NONE', #7341, 1.500000000000001332 ) ;
#3370 = ORIENTED_EDGE ( 'NONE', *, *, #4818, .T. ) ;
#3371 = ADVANCED_FACE ( 'NONE', ( #8878 ), #779, .F. ) ;
#3372 = LINE ( 'NONE', #4958, #604 ) ;
#3373 = VERTEX_POINT ( 'NONE', #1954 ) ;
#3374 = CIRCLE ( 'NONE', #6423, 2.999999999999999112 ) ;
#3375 = CARTESIAN_POINT ( 'NONE',  ( 35.75000000000000000, 4.049999999999999822, -1.100000000000000089 ) ) ;
#3376 = CARTESIAN_POINT ( 'NONE',  ( -26.94999999999999929, 7.500000000000000888, 23.15000000000000568 ) ) ;
#3377 = LINE ( 'NONE', #5877, #3636 ) ;
#3378 = EDGE_CURVE ( 'NONE', #2663, #5040, #1252, .T. ) ;
#3379 = DIRECTION ( 'NONE',  ( 1.000000000000000000, 0.000000000000000000, 0.000000000000000000 ) ) ;
#3380 = ADVANCED_FACE ( 'NONE', ( #8464, #2866 ), #2759, .F. ) ;
#3381 = DIRECTION ( 'NONE',  ( -0.000000000000000000, 1.000000000000000000, -0.000000000000000000 ) ) ;
#3382 = VERTEX_POINT ( 'NONE', #4509 ) ;
#3383 = DIRECTION ( 'NONE',  ( -0.000000000000000000, -0.000000000000000000, -1.000000000000000000 ) ) ;
#3384 = ORIENTED_EDGE ( 'NONE', *, *, #1854, .T. ) ;
#3385 = ORIENTED_EDGE ( 'NONE', *, *, #10188, .T. ) ;
#3386 = AXIS2_PLACEMENT_3D ( 'NONE', #7539, #2743, #4180 ) ;
#3387 = ORIENTED_EDGE ( 'NONE', *, *, #9195, .T. ) ;
#3388 = CARTESIAN_POINT ( 'NONE',  ( -26.94999999999999929, 7.500000000000000888, 12.92992172241327786 ) ) ;
#3389 = LINE ( 'NONE', #6632, #9018 ) ;
#3390 = CARTESIAN_POINT ( 'NONE',  ( -36.45000000000000284, 9.899999999999998579, -5.450000000000000178 ) ) ;
#3391 = CARTESIAN_POINT ( 'NONE',  ( 33.94999999999999574, 17.01111066297655228, -12.80000000000000071 ) ) ;
#3392 = AXIS2_PLACEMENT_3D ( 'NONE', #2909, #6353, #3020 ) ;
#3393 = EDGE_CURVE ( 'NONE', #7508, #1239, #3665, .T. ) ;
#3394 = ORIENTED_EDGE ( 'NONE', *, *, #4766, .F. ) ;
#3395 = ORIENTED_EDGE ( 'NONE', *, *, #6009, .T. ) ;
#3396 =( LENGTH_UNIT ( ) NAMED_UNIT ( * ) SI_UNIT ( .MILLI., .METRE. ) );
#3397 = ORIENTED_EDGE ( 'NONE', *, *, #3981, .F. ) ;
#3398 = ORIENTED_EDGE ( 'NONE', *, *, #8736, .T. ) ;
#3399 = CARTESIAN_POINT ( 'NONE',  ( 15.00000000000000355, -0.2500000000000000000, -16.64999999999999858 ) ) ;
#3400 = CARTESIAN_POINT ( 'NONE',  ( -33.64999999999999858, 6.200000000000000178, 0.000000000000000000 ) ) ;
#3401 = EDGE_CURVE ( 'NONE', #7160, #8116, #9201, .T. ) ;
#3402 = DIRECTION ( 'NONE',  ( -0.000000000000000000, -0.000000000000000000, 1.000000000000000000 ) ) ;
#3403 = CARTESIAN_POINT ( 'NONE',  ( 34.05000000000001137, 9.900000000000000355, -2.769059892324147842 ) ) ;
#3404 = DIRECTION ( 'NONE',  ( 1.000000000000000000, 0.000000000000000000, 0.000000000000000000 ) ) ;
#3405 = VERTEX_POINT ( 'NONE', #454 ) ;
#3406 = DIRECTION ( 'NONE',  ( 0.000000000000000000, -0.000000000000000000, -1.000000000000000000 ) ) ;
#3407 = AXIS2_PLACEMENT_3D ( 'NONE', #8163, #2303, #3262 ) ;
#3408 = ORIENTED_EDGE ( 'NONE', *, *, #6383, .T. ) ;
#3409 = LINE ( 'NONE', #4944, #4364 ) ;
#3410 = ORIENTED_EDGE ( 'NONE', *, *, #10420, .F. ) ;
#3411 = VECTOR ( 'NONE', #4452, 1000.000000000000000 ) ;
#3412 = DIRECTION ( 'NONE',  ( 1.000000000000000000, 0.000000000000000000, -0.000000000000000000 ) ) ;
#3413 = EDGE_CURVE ( 'NONE', #4449, #10447, #3715, .T. ) ;
#3414 = AXIS2_PLACEMENT_3D ( 'NONE', #1413, #4034, #10539 ) ;
#3415 = LINE ( 'NONE', #9410, #22 ) ;
#3416 = ADVANCED_FACE ( 'NONE', ( #343 ), #5208, .T. ) ;
#3417 = CARTESIAN_POINT ( 'NONE',  ( 35.75000000000000000, 0.000000000000000000, 0.000000000000000000 ) ) ;
#3418 = DIRECTION ( 'NONE',  ( -0.000000000000000000, -0.000000000000000000, -1.000000000000000000 ) ) ;
#3419 = DIRECTION ( 'NONE',  ( 0.000000000000000000, 1.836970198721029688E-16, -1.000000000000000000 ) ) ;
#3420 = EDGE_CURVE ( 'NONE', #10531, #1032, #5148, .T. ) ;
#3421 = DIRECTION ( 'NONE',  ( 0.000000000000000000, 0.000000000000000000, 1.000000000000000000 ) ) ;
#3422 = CARTESIAN_POINT ( 'NONE',  ( 21.85000000000000497, 7.500000000000000888, 23.15000000000000568 ) ) ;
#3423 = EDGE_LOOP ( 'NONE', ( #9831, #3778, #5898, #8495 ) ) ;
#3424 = DIRECTION ( 'NONE',  ( 0.000000000000000000, 0.000000000000000000, 1.000000000000000000 ) ) ;
#3425 = ORIENTED_EDGE ( 'NONE', *, *, #10281, .F. ) ;
#3426 = DIRECTION ( 'NONE',  ( 1.000000000000000000, -0.000000000000000000, 1.131341397376180298E-15 ) ) ;
#3427 = ORIENTED_EDGE ( 'NONE', *, *, #5358, .T. ) ;
#3428 = LINE ( 'NONE', #210, #1512 ) ;
#3429 = EDGE_CURVE ( 'NONE', #585, #156, #7717, .T. ) ;
#3430 = LINE ( 'NONE', #4224, #1970 ) ;
#3431 = DIRECTION ( 'NONE',  ( 0.000000000000000000, 1.000000000000000000, 0.000000000000000000 ) ) ;
#3432 = DIRECTION ( 'NONE',  ( 0.000000000000000000, 0.000000000000000000, -1.000000000000000000 ) ) ;
#3433 = FACE_OUTER_BOUND ( 'NONE', #5749, .T. ) ;
#3434 = ORIENTED_EDGE ( 'NONE', *, *, #9823, .T. ) ;
#3435 = CARTESIAN_POINT ( 'NONE',  ( 27.64999999999999858, -3.399999999999999911, -16.44999999999999574 ) ) ;
#3436 = ORIENTED_EDGE ( 'NONE', *, *, #5287, .T. ) ;
#3437 = VERTEX_POINT ( 'NONE', #3562 ) ;
#3438 = EDGE_LOOP ( 'NONE', ( #291, #5246, #9046, #9142 ) ) ;
#3439 = CARTESIAN_POINT ( 'NONE',  ( -39.25000000000000000, -9.000000000000001776, 5.450000000000000178 ) ) ;
#3440 = EDGE_CURVE ( 'NONE', #10068, #3005, #5956, .T. ) ;
#3441 = DIRECTION ( 'NONE',  ( 1.000000000000000000, 0.000000000000000000, 0.000000000000000000 ) ) ;
#3442 = LINE ( 'NONE', #229, #6844 ) ;
#3443 = DIRECTION ( 'NONE',  ( -0.000000000000000000, 0.000000000000000000, 1.000000000000000000 ) ) ;
#3444 = VERTEX_POINT ( 'NONE', #6855 ) ;
#3445 = ORIENTED_EDGE ( 'NONE', *, *, #7899, .F. ) ;
#3446 = CARTESIAN_POINT ( 'NONE',  ( -17.50000000000000355, 7.181024967590668773, -20.16897503240933531 ) ) ;
#3447 = UNCERTAINTY_MEASURE_WITH_UNIT (LENGTH_MEASURE( 1.000000000000000082E-05 ), #3396, 'distance_accuracy_value', 'NONE');
#3448 = ORIENTED_EDGE ( 'NONE', *, *, #1125, .F. ) ;
#3449 = ADVANCED_FACE ( 'NONE', ( #3612 ), #5260, .T. ) ;
#3450 = ORIENTED_EDGE ( 'NONE', *, *, #1787, .F. ) ;
#3451 = FACE_OUTER_BOUND ( 'NONE', #1270, .T. ) ;
#3452 = VECTOR ( 'NONE', #2094, 1000.000000000000000 ) ;
#3453 = CARTESIAN_POINT ( 'NONE',  ( 12.84999999999999964, -5.000000000000000000, -15.94999999999999929 ) ) ;
#3454 = PLANE ( 'NONE',  #10385 ) ;
#3455 = DIRECTION ( 'NONE',  ( 1.000000000000000000, -1.445602896647339656E-16, 0.000000000000000000 ) ) ;
#3456 = VERTEX_POINT ( 'NONE', #1094 ) ;
#3457 = CARTESIAN_POINT ( 'NONE',  ( 5.950000000000005507, 5.000000000000000000, -17.44999999999999929 ) ) ;
#3458 = DIRECTION ( 'NONE',  ( 0.000000000000000000, 0.000000000000000000, -1.000000000000000000 ) ) ;
#3459 = ORIENTED_EDGE ( 'NONE', *, *, #9253, .T. ) ;
#3460 = ORIENTED_EDGE ( 'NONE', *, *, #7150, .T. ) ;
#3461 = EDGE_CURVE ( 'NONE', #3553, #6268, #9152, .T. ) ;
#3462 = CARTESIAN_POINT ( 'NONE',  ( 37.15000000000001279, 9.899999999999998579, -18.80000000000000071 ) ) ;
#3463 = EDGE_LOOP ( 'NONE', ( #1228, #3225, #784, #5520 ) ) ;
#3464 = CARTESIAN_POINT ( 'NONE',  ( 38.85000000000000142, 8.500000000000000000, 23.34999999999999432 ) ) ;
#3465 = CARTESIAN_POINT ( 'NONE',  ( -31.04999999999999716, -1.800000000000000044, -20.74999999999999645 ) ) ;
#3466 = CARTESIAN_POINT ( 'NONE',  ( -20.85000000000000142, 24.84296113818832197, 23.75000000000000355 ) ) ;
#3467 = LINE ( 'NONE', #6711, #9120 ) ;
#3468 = LINE ( 'NONE', #9967, #76 ) ;
#3469 = VERTEX_POINT ( 'NONE', #10108 ) ;
#3470 = LINE ( 'NONE', #7572, #8870 ) ;
#3471 = AXIS2_PLACEMENT_3D ( 'NONE', #9822, #3322, #7583 ) ;
#3472 = VECTOR ( 'NONE', #369, 1000.000000000000000 ) ;
#3473 = ORIENTED_EDGE ( 'NONE', *, *, #1711, .T. ) ;
#3474 = CARTESIAN_POINT ( 'NONE',  ( -33.25000000000000000, 9.899999999999998579, -5.450000000000000178 ) ) ;
#3475 = ORIENTED_EDGE ( 'NONE', *, *, #6792, .F. ) ;
#3476 = VECTOR ( 'NONE', #5541, 1000.000000000000000 ) ;
#3477 = ADVANCED_FACE ( 'NONE', ( #1848 ), #8514, .T. ) ;
#3478 = EDGE_CURVE ( 'NONE', #130, #1934, #295, .T. ) ;
#3479 = ADVANCED_FACE ( 'NONE', ( #399 ), #10053, .F. ) ;
#3480 = DIRECTION ( 'NONE',  ( 2.891205793294679411E-15, 0.000000000000000000, 1.000000000000000000 ) ) ;
#3481 = LINE ( 'NONE', #9123, #7929 ) ;
#3482 = VECTOR ( 'NONE', #4248, 1000.000000000000000 ) ;
#3483 = CARTESIAN_POINT ( 'NONE',  ( -34.25000000000000000, -0.7000000000000000666, 21.14999999999999858 ) ) ;
#3484 = DIRECTION ( 'NONE',  ( 0.000000000000000000, 0.000000000000000000, 1.000000000000000000 ) ) ;
#3485 = CARTESIAN_POINT ( 'NONE',  ( -7.449999999999998401, 0.5000000000000000000, -7.699999999999992184 ) ) ;
#3486 = DIRECTION ( 'NONE',  ( 0.000000000000000000, 0.000000000000000000, 1.000000000000000000 ) ) ;
#3487 = VERTEX_POINT ( 'NONE', #1043 ) ;
#3488 = CARTESIAN_POINT ( 'NONE',  ( 34.35000000000000142, 6.200000000000000178, 19.80000000000000071 ) ) ;
#3489 = ADVANCED_FACE ( 'NONE', ( #5312 ), #8562, .F. ) ;
#3490 = ORIENTED_EDGE ( 'NONE', *, *, #6788, .T. ) ;
#3491 = ORIENTED_EDGE ( 'NONE', *, *, #6921, .T. ) ;
#3492 = VECTOR ( 'NONE', #8261, 1000.000000000000000 ) ;
#3493 = ORIENTED_EDGE ( 'NONE', *, *, #3189, .T. ) ;
#3494 = DIRECTION ( 'NONE',  ( 1.000000000000000000, -0.000000000000000000, 0.000000000000000000 ) ) ;
#3495 = DIRECTION ( 'NONE',  ( -0.000000000000000000, -0.000000000000000000, -1.000000000000000000 ) ) ;
#3496 = LINE ( 'NONE', #7437, #7186 ) ;
#3497 = CARTESIAN_POINT ( 'NONE',  ( -35.64999999999999858, -1.799999999999999600, 23.34999999999999787 ) ) ;
#3498 = AXIS2_PLACEMENT_3D ( 'NONE', #4308, #8145, #8998 ) ;
#3499 = ORIENTED_EDGE ( 'NONE', *, *, #10377, .F. ) ;
#3500 = VERTEX_POINT ( 'NONE', #6311 ) ;
#3501 = CARTESIAN_POINT ( 'NONE',  ( 0.000000000000000000, -5.000000000000000000, 0.000000000000000000 ) ) ;
#3502 = EDGE_CURVE ( 'NONE', #4709, #7670, #4647, .T. ) ;
#3503 = CIRCLE ( 'NONE', #10468, 0.4000000000000001887 ) ;
#3504 = ORIENTED_EDGE ( 'NONE', *, *, #1941, .T. ) ;
#3505 = ORIENTED_EDGE ( 'NONE', *, *, #3924, .F. ) ;
#3506 = VECTOR ( 'NONE', #3907, 1000.000000000000000 ) ;
#3507 = CARTESIAN_POINT ( 'NONE',  ( 35.75000000000000000, 0.000000000000000000, 14.24999999999999822 ) ) ;
#3508 = CIRCLE ( 'NONE', #10472, 2.399999999999990585 ) ;
#3509 = DIRECTION ( 'NONE',  ( 0.000000000000000000, -1.000000000000000000, 0.000000000000000000 ) ) ;
#3510 = VECTOR ( 'NONE', #1284, 1000.000000000000000 ) ;
#3511 = LINE ( 'NONE', #1895, #1830 ) ;
#3512 = DIRECTION ( 'NONE',  ( -1.802310104910968394E-16, -1.802310104910968394E-16, 1.000000000000000000 ) ) ;
#3513 = ORIENTED_EDGE ( 'NONE', *, *, #6536, .T. ) ;
#3514 = AXIS2_PLACEMENT_3D ( 'NONE', #6392, #6443, #9695 ) ;
#3515 = FACE_OUTER_BOUND ( 'NONE', #5437, .T. ) ;
#3516 = VECTOR ( 'NONE', #4913, 1000.000000000000000 ) ;
#3517 = EDGE_CURVE ( 'NONE', #6904, #10195, #8820, .T. ) ;
#3518 = VERTEX_POINT ( 'NONE', #9414 ) ;
#3519 = VERTEX_POINT ( 'NONE', #3030 ) ;
#3520 = CIRCLE ( 'NONE', #7769, 0.4000000000000010214 ) ;
#3521 = VECTOR ( 'NONE', #8085, 1000.000000000000000 ) ;
#3522 = CARTESIAN_POINT ( 'NONE',  ( 21.64999999999999858, -1.899999999999992362, -19.24999999999999645 ) ) ;
#3523 = CARTESIAN_POINT ( 'NONE',  ( -21.25000000000000000, 7.400000000000005684, 23.15100000000000691 ) ) ;
#3524 = CARTESIAN_POINT ( 'NONE',  ( 37.65000000000001279, 9.100000000000003197, 0.3500000000000016431 ) ) ;
#3525 = DIRECTION ( 'NONE',  ( 3.771137991253934490E-16, -0.000000000000000000, 1.000000000000000000 ) ) ;
#3526 = FACE_OUTER_BOUND ( 'NONE', #4496, .T. ) ;
#3527 = CARTESIAN_POINT ( 'NONE',  ( -26.45000000000000284, 7.000000000000005329, 23.15100000000000691 ) ) ;
#3528 = ORIENTED_EDGE ( 'NONE', *, *, #6356, .F. ) ;
#3529 = PLANE ( 'NONE',  #4317 ) ;
#3530 = EDGE_CURVE ( 'NONE', #6377, #1584, #9079, .T. ) ;
#3531 = ORIENTED_EDGE ( 'NONE', *, *, #1281, .F. ) ;
#3532 = CYLINDRICAL_SURFACE ( 'NONE', #437, 2.399999999999992362 ) ;
#3533 = ORIENTED_EDGE ( 'NONE', *, *, #3722, .T. ) ;
#3534 = FACE_OUTER_BOUND ( 'NONE', #9134, .T. ) ;
#3535 = CARTESIAN_POINT ( 'NONE',  ( -20.84999999999999787, 7.500000000000001776, 23.15000000000000568 ) ) ;
#3536 = DIRECTION ( 'NONE',  ( -0.000000000000000000, -0.000000000000000000, -1.000000000000000000 ) ) ;
#3537 = DIRECTION ( 'NONE',  ( -1.000000000000000000, 0.000000000000000000, 0.000000000000000000 ) ) ;
#3538 = EDGE_CURVE ( 'NONE', #6648, #7214, #2951, .T. ) ;
#3539 = EDGE_CURVE ( 'NONE', #1658, #3500, #1354, .T. ) ;
#3540 = CYLINDRICAL_SURFACE ( 'NONE', #7375, 1.650000000000000355 ) ;
#3541 = DIRECTION ( 'NONE',  ( 0.000000000000000000, 0.000000000000000000, 1.000000000000000000 ) ) ;
#3542 = VERTEX_POINT ( 'NONE', #10421 ) ;
#3543 = VERTEX_POINT ( 'NONE', #6262 ) ;
#3544 = ORIENTED_EDGE ( 'NONE', *, *, #6424, .T. ) ;
#3545 = ORIENTED_EDGE ( 'NONE', *, *, #7015, .F. ) ;
#3546 = DIRECTION ( 'NONE',  ( -0.000000000000000000, -0.000000000000000000, -1.000000000000000000 ) ) ;
#3547 = VECTOR ( 'NONE', #9471, 1000.000000000000000 ) ;
#3548 = DIRECTION ( 'NONE',  ( 0.000000000000000000, 0.000000000000000000, 1.000000000000000000 ) ) ;
#3549 = CARTESIAN_POINT ( 'NONE',  ( 10.15000000000000568, 1.600000000000000089, -19.25000000000000000 ) ) ;
#3550 = ADVANCED_FACE ( 'NONE', ( #3876 ), #3921, .T. ) ;
#3551 = CARTESIAN_POINT ( 'NONE',  ( 39.25000000000000000, 4.049999999999999822, 1.100000000000000089 ) ) ;
#3552 = EDGE_CURVE ( 'NONE', #6023, #6851, #9472, .T. ) ;
#3553 = VERTEX_POINT ( 'NONE', #507 ) ;
#3554 = CARTESIAN_POINT ( 'NONE',  ( -5.813961030678924224, -1.799999999999991607, -3.949999999999995293 ) ) ;
#3555 = ORIENTED_EDGE ( 'NONE', *, *, #1535, .T. ) ;
#3556 = ORIENTED_EDGE ( 'NONE', *, *, #7771, .F. ) ;
#3557 = CARTESIAN_POINT ( 'NONE',  ( -37.85000000000000853, -9.000000000000000000, 10.00000000000000000 ) ) ;
#3558 = AXIS2_PLACEMENT_3D ( 'NONE', #8506, #10210, #6101 ) ;
#3559 = EDGE_CURVE ( 'NONE', #1394, #2083, #7120, .T. ) ;
#3560 = CARTESIAN_POINT ( 'NONE',  ( -19.64999999999999858, -1.799999999999994493, -4.949999999999995737 ) ) ;
#3561 = DIRECTION ( 'NONE',  ( 0.000000000000000000, -1.000000000000000000, 0.000000000000000000 ) ) ;
#3562 = CARTESIAN_POINT ( 'NONE',  ( 10.15000000000000568, 1.600000000000000089, 17.44999999999999929 ) ) ;
#3563 = ORIENTED_EDGE ( 'NONE', *, *, #1711, .F. ) ;
#3564 = CARTESIAN_POINT ( 'NONE',  ( -24.94999999999999929, 5.000000000000000000, 17.44999999999999929 ) ) ;
#3565 = VERTEX_POINT ( 'NONE', #9623 ) ;
#3566 = AXIS2_PLACEMENT_3D ( 'NONE', #8887, #6605, #7352 ) ;
#3567 = ORIENTED_EDGE ( 'NONE', *, *, #1703, .T. ) ;
#3568 = CARTESIAN_POINT ( 'NONE',  ( 12.84999999999999964, 0.5000000000000000000, -5.049999999999995381 ) ) ;
#3569 = EDGE_CURVE ( 'NONE', #1278, #2158, #7924, .T. ) ;
#3570 = CARTESIAN_POINT ( 'NONE',  ( -20.64999999999999858, -1.799999999999994493, -4.949999999999995737 ) ) ;
#3571 = DIRECTION ( 'NONE',  ( 0.000000000000000000, -1.000000000000000000, 0.000000000000000000 ) ) ;
#3572 = DIRECTION ( 'NONE',  ( 0.000000000000000000, -0.000000000000000000, -1.000000000000000000 ) ) ;
#3573 = VECTOR ( 'NONE', #10404, 1000.000000000000000 ) ;
#3574 = CARTESIAN_POINT ( 'NONE',  ( -30.94999999999999929, 3.600000000000004974, 19.25000000000000000 ) ) ;
#3575 = CARTESIAN_POINT ( 'NONE',  ( -29.65000000000000568, -0.3999999999999999667, -2.250000000000000444 ) ) ;
#3576 = VERTEX_POINT ( 'NONE', #2163 ) ;
#3577 = CARTESIAN_POINT ( 'NONE',  ( -11.75000000000000000, -5.000000000000000000, -13.14999999999999858 ) ) ;
#3578 = EDGE_LOOP ( 'NONE', ( #3900, #3285, #6229, #8046, #8195, #4487 ) ) ;
#3579 = CARTESIAN_POINT ( 'NONE',  ( 35.35000000000000142, 7.500000000000004441, 4.499999999999999112 ) ) ;
#3580 = ORIENTED_EDGE ( 'NONE', *, *, #4542, .F. ) ;
#3581 = AXIS2_PLACEMENT_3D ( 'NONE', #2582, #9028, #9187 ) ;
#3582 = PRESENTATION_LAYER_ASSIGNMENT (  '', '', ( #10548 ) ) ;
#3583 = CARTESIAN_POINT ( 'NONE',  ( 15.00000000000000355, -0.2500000000000000000, -16.64999999999999858 ) ) ;
#3584 = CARTESIAN_POINT ( 'NONE',  ( -28.35000000000000497, 1.100000000000003642, 1.049999999999998934 ) ) ;
#3585 = LINE ( 'NONE', #2940, #7552 ) ;
#3586 = CARTESIAN_POINT ( 'NONE',  ( 27.85000000000000853, -0.7000000000000000666, 23.15000000000000568 ) ) ;
#3587 = CARTESIAN_POINT ( 'NONE',  ( 11.95000000000000639, 1.600000000000000089, -17.44999999999999929 ) ) ;
#3588 = DIRECTION ( 'NONE',  ( 0.000000000000000000, -1.000000000000000000, 0.000000000000000000 ) ) ;
#3589 = ORIENTED_EDGE ( 'NONE', *, *, #5396, .F. ) ;
#3590 = ORIENTED_EDGE ( 'NONE', *, *, #5158, .T. ) ;
#3591 = ORIENTED_EDGE ( 'NONE', *, *, #128, .T. ) ;
#3592 = ORIENTED_EDGE ( 'NONE', *, *, #5036, .T. ) ;
#3593 = LINE ( 'NONE', #9887, #8673 ) ;
#3594 = EDGE_CURVE ( 'NONE', #4959, #6691, #615, .T. ) ;
#3595 = FACE_OUTER_BOUND ( 'NONE', #9651, .T. ) ;
#3596 = CARTESIAN_POINT ( 'NONE',  ( 0.000000000000000000, 8.500000000000017764, 19.25000000000000000 ) ) ;
#3597 = ORIENTED_EDGE ( 'NONE', *, *, #7443, .T. ) ;
#3598 = CARTESIAN_POINT ( 'NONE',  ( -33.85000000000000853, 9.899999999999998579, -5.450000000000001066 ) ) ;
#3599 = CARTESIAN_POINT ( 'NONE',  ( -29.55000000000000782, -0.3999999999999993006, 3.750000000000000444 ) ) ;
#3600 = ORIENTED_EDGE ( 'NONE', *, *, #3947, .T. ) ;
#3601 = FACE_OUTER_BOUND ( 'NONE', #2923, .T. ) ;
#3602 = ORIENTED_EDGE ( 'NONE', *, *, #4152, .T. ) ;
#3603 = AXIS2_PLACEMENT_3D ( 'NONE', #2123, #6174, #9430 ) ;
#3604 = EDGE_CURVE ( 'NONE', #4690, #325, #2266, .T. ) ;
#3605 = EDGE_CURVE ( 'NONE', #8221, #2255, #5519, .T. ) ;
#3606 = ORIENTED_EDGE ( 'NONE', *, *, #2693, .F. ) ;
#3607 = DIRECTION ( 'NONE',  ( 0.000000000000000000, -1.000000000000000000, 0.000000000000000000 ) ) ;
#3608 = ADVANCED_FACE ( 'NONE', ( #8019 ), #7069, .F. ) ;
#3609 = CARTESIAN_POINT ( 'NONE',  ( 21.85000000000000142, -0.6999999999999992895, 23.15000000000000568 ) ) ;
#3610 = DIRECTION ( 'NONE',  ( 0.000000000000000000, 1.000000000000000000, 0.000000000000000000 ) ) ;
#3611 = VECTOR ( 'NONE', #3878, 1000.000000000000000 ) ;
#3612 = FACE_OUTER_BOUND ( 'NONE', #9701, .T. ) ;
#3613 = ORIENTED_EDGE ( 'NONE', *, *, #6469, .T. ) ;
#3614 = LINE ( 'NONE', #6162, #10071 ) ;
#3615 = VERTEX_POINT ( 'NONE', #4715 ) ;
#3616 = EDGE_CURVE ( 'NONE', #5240, #2803, #7975, .T. ) ;
#3617 = VECTOR ( 'NONE', #1186, 1000.000000000000000 ) ;
#3618 = ORIENTED_EDGE ( 'NONE', *, *, #3559, .T. ) ;
#3619 = CARTESIAN_POINT ( 'NONE',  ( 24.85000000000000853, -4.999999999999992006, 24.45000000000000639 ) ) ;
#3620 = AXIS2_PLACEMENT_3D ( 'NONE', #656, #4123, #4711 ) ;
#3621 = CARTESIAN_POINT ( 'NONE',  ( -35.64999999999999858, 24.84296113818832197, 23.34999999999999787 ) ) ;
#3622 = LINE ( 'NONE', #8526, #2461 ) ;
#3623 = CARTESIAN_POINT ( 'NONE',  ( -30.04999999999999716, -1.800000000000000044, -20.74999999999999645 ) ) ;
#3624 = CARTESIAN_POINT ( 'NONE',  ( 0.5000000000000000000, 6.200000000000000178, -20.74999999999999645 ) ) ;
#3625 = VECTOR ( 'NONE', #3537, 1000.000000000000000 ) ;
#3626 = ORIENTED_EDGE ( 'NONE', *, *, #8184, .F. ) ;
#3627 = DIRECTION ( 'NONE',  ( 2.569960705150825398E-16, -1.000000000000000000, 0.000000000000000000 ) ) ;
#3628 = ORIENTED_EDGE ( 'NONE', *, *, #10443, .F. ) ;
#3629 = LINE ( 'NONE', #8637, #269 ) ;
#3630 = ORIENTED_EDGE ( 'NONE', *, *, #7578, .T. ) ;
#3631 = ADVANCED_FACE ( 'NONE', ( #8669 ), #556, .T. ) ;
#3632 = AXIS2_PLACEMENT_3D ( 'NONE', #1583, #597, #4047 ) ;
#3633 = LINE ( 'NONE', #8430, #7230 ) ;
#3634 = DIRECTION ( 'NONE',  ( 0.000000000000000000, 1.000000000000000000, 0.000000000000000000 ) ) ;
#3635 = CARTESIAN_POINT ( 'NONE',  ( 27.95000000000000639, 7.500000000000000888, 23.75000000000000355 ) ) ;
#3636 = VECTOR ( 'NONE', #6620, 1000.000000000000000 ) ;
#3637 = VECTOR ( 'NONE', #6471, 1000.000000000000000 ) ;
#3638 = DIRECTION ( 'NONE',  ( 0.000000000000000000, 1.000000000000000000, 0.000000000000000000 ) ) ;
#3639 = CIRCLE ( 'NONE', #7887, 2.800000000000000266 ) ;
#3640 = CARTESIAN_POINT ( 'NONE',  ( 0.000000000000000000, 6.200000000000000178, -20.74999999999999645 ) ) ;
#3641 = ADVANCED_FACE ( 'NONE', ( #10220 ), #5179, .F. ) ;
#3642 = DIRECTION ( 'NONE',  ( 0.000000000000000000, 0.000000000000000000, 1.000000000000000000 ) ) ;
#3643 = ORIENTED_EDGE ( 'NONE', *, *, #9545, .F. ) ;
#3644 = ORIENTED_EDGE ( 'NONE', *, *, #6167, .T. ) ;
#3645 = ORIENTED_EDGE ( 'NONE', *, *, #37, .F. ) ;
#3646 = VECTOR ( 'NONE', #2399, 1000.000000000000000 ) ;
#3647 = ORIENTED_EDGE ( 'NONE', *, *, #8837, .F. ) ;
#3648 = CARTESIAN_POINT ( 'NONE',  ( -20.85000000000000142, 7.000000000000006217, 24.45000000000000639 ) ) ;
#3649 = LINE ( 'NONE', #3163, #5540 ) ;
#3650 = CARTESIAN_POINT ( 'NONE',  ( -38.64999999999999858, 9.899999999999998579, -6.049999999999999822 ) ) ;
#3651 = DIRECTION ( 'NONE',  ( 0.000000000000000000, 0.000000000000000000, -1.000000000000000000 ) ) ;
#3652 = CYLINDRICAL_SURFACE ( 'NONE', #4804, 1.000000000000000888 ) ;
#3653 = DIRECTION ( 'NONE',  ( 0.000000000000000000, 0.000000000000000000, -1.000000000000000000 ) ) ;
#3654 = VERTEX_POINT ( 'NONE', #1615 ) ;
#3655 = DIRECTION ( 'NONE',  ( 6.672013369141570147E-16, 0.000000000000000000, -1.000000000000000000 ) ) ;
#3656 = AXIS2_PLACEMENT_3D ( 'NONE', #4840, #5542, #3942 ) ;
#3657 = VERTEX_POINT ( 'NONE', #1669 ) ;
#3658 = ORIENTED_EDGE ( 'NONE', *, *, #7442, .T. ) ;
#3659 = LINE ( 'NONE', #2208, #6114 ) ;
#3660 = CARTESIAN_POINT ( 'NONE',  ( -35.25000000000000000, 0.000000000000000000, 21.14999999999999858 ) ) ;
#3661 = VECTOR ( 'NONE', #1802, 1000.000000000000000 ) ;
#3662 = LINE ( 'NONE', #3713, #6878 ) ;
#3663 = DIRECTION ( 'NONE',  ( -0.000000000000000000, -0.000000000000000000, 1.000000000000000000 ) ) ;
#3664 = EDGE_CURVE ( 'NONE', #5171, #10010, #4876, .T. ) ;
#3665 = LINE ( 'NONE', #243, #4802 ) ;
#3666 = ADVANCED_FACE ( 'NONE', ( #8437 ), #3540, .F. ) ;
#3667 = ORIENTED_EDGE ( 'NONE', *, *, #6140, .F. ) ;
#3668 = AXIS2_PLACEMENT_3D ( 'NONE', #7911, #3865, #3653 ) ;
#3669 = DIRECTION ( 'NONE',  ( 1.000000000000000000, -1.445602896647339656E-16, -0.000000000000000000 ) ) ;
#3670 = ORIENTED_EDGE ( 'NONE', *, *, #10533, .F. ) ;
#3671 = VECTOR ( 'NONE', #619, 1000.000000000000000 ) ;
#3672 = ORIENTED_EDGE ( 'NONE', *, *, #5500, .F. ) ;
#3673 = CARTESIAN_POINT ( 'NONE',  ( -26.64999999999999503, 0.000000000000000000, -17.64999999999999503 ) ) ;
#3674 = LINE ( 'NONE', #2926, #5172 ) ;
#3675 = LINE ( 'NONE', #411, #7058 ) ;
#3676 = VECTOR ( 'NONE', #909, 1000.000000000000000 ) ;
#3677 = CARTESIAN_POINT ( 'NONE',  ( 32.95000000000000995, 6.200000000000000178, 19.25000000000000000 ) ) ;
#3678 = DIRECTION ( 'NONE',  ( -1.000000000000000000, -0.000000000000000000, -0.000000000000000000 ) ) ;
#3679 = EDGE_CURVE ( 'NONE', #236, #616, #5624, .T. ) ;
#3680 = ORIENTED_EDGE ( 'NONE', *, *, #7323, .T. ) ;
#3681 = FACE_OUTER_BOUND ( 'NONE', #624, .T. ) ;
#3682 = VERTEX_POINT ( 'NONE', #3485 ) ;
#3683 = CARTESIAN_POINT ( 'NONE',  ( -38.64999999999999858, -0.3999999999999993006, -6.049999999999999822 ) ) ;
#3684 = VECTOR ( 'NONE', #10391, 1000.000000000000000 ) ;
#3685 = EDGE_LOOP ( 'NONE', ( #7135, #7333, #4869, #2565 ) ) ;
#3686 = VECTOR ( 'NONE', #8136, 1000.000000000000000 ) ;
#3687 = CARTESIAN_POINT ( 'NONE',  ( -30.35000000000000853, -9.000000000000000000, -1.049999999999998490 ) ) ;
#3688 = CARTESIAN_POINT ( 'NONE',  ( 35.75000000000000000, 17.01111066297655228, -3.460769515458667289 ) ) ;
#3689 = FACE_OUTER_BOUND ( 'NONE', #5763, .T. ) ;
#3690 = DIRECTION ( 'NONE',  ( 1.000000000000000000, 0.000000000000000000, 0.000000000000000000 ) ) ;
#3691 = EDGE_CURVE ( 'NONE', #5280, #798, #13, .T. ) ;
#3692 = ORIENTED_EDGE ( 'NONE', *, *, #7023, .F. ) ;
#3693 = CARTESIAN_POINT ( 'NONE',  ( 37.65000000000000568, -9.000000000000007105, 19.24999999999999645 ) ) ;
#3694 = ORIENTED_EDGE ( 'NONE', *, *, #10003, .F. ) ;
#3695 = DIRECTION ( 'NONE',  ( -0.7071067811865474617, 0.000000000000000000, -0.7071067811865474617 ) ) ;
#3696 = EDGE_LOOP ( 'NONE', ( #8895, #2387, #8594, #2513, #8581 ) ) ;
#3697 = ORIENTED_EDGE ( 'NONE', *, *, #1398, .F. ) ;
#3698 = DIRECTION ( 'NONE',  ( 0.000000000000000000, -1.000000000000000000, 0.000000000000000000 ) ) ;
#3699 = ADVANCED_FACE ( 'NONE', ( #6419 ), #764, .F. ) ;
#3700 = FACE_OUTER_BOUND ( 'NONE', #5985, .T. ) ;
#3701 = CARTESIAN_POINT ( 'NONE',  ( -38.85000000000000142, -1.799999999999999600, 23.34999999999999787 ) ) ;
#3702 = CARTESIAN_POINT ( 'NONE',  ( -28.35000000000000497, -1.800000000000000044, -1.049999999999998934 ) ) ;
#3703 = EDGE_CURVE ( 'NONE', #4519, #5171, #9178, .T. ) ;
#3704 = CARTESIAN_POINT ( 'NONE',  ( 37.15000000000001279, 9.899999999999998579, 19.80000000000000071 ) ) ;
#3705 = CARTESIAN_POINT ( 'NONE',  ( 35.35000000000000142, 7.500000000000004441, 0.3500000000000004774 ) ) ;
#3706 = EDGE_LOOP ( 'NONE', ( #7763, #726, #6111, #169 ) ) ;
#3707 = LINE ( 'NONE', #5899, #8320 ) ;
#3708 = ORIENTED_EDGE ( 'NONE', *, *, #1101, .T. ) ;
#3709 = VECTOR ( 'NONE', #2824, 1000.000000000000114 ) ;
#3710 = ORIENTED_EDGE ( 'NONE', *, *, #9338, .T. ) ;
#3711 = DIRECTION ( 'NONE',  ( -0.7071067811865456854, 1.817236641995105241E-16, -0.7071067811865493491 ) ) ;
#3712 = DIRECTION ( 'NONE',  ( 0.000000000000000000, 1.000000000000000000, 1.762134456409849633E-16 ) ) ;
#3713 = CARTESIAN_POINT ( 'NONE',  ( -36.45000000000000284, 9.899999999999998579, -8.448227494413584893 ) ) ;
#3714 = PLANE ( 'NONE',  #2516 ) ;
#3715 = LINE ( 'NONE', #6913, #2617 ) ;
#3716 = ORIENTED_EDGE ( 'NONE', *, *, #8238, .T. ) ;
#3717 = LINE ( 'NONE', #6008, #8198 ) ;
#3718 = EDGE_LOOP ( 'NONE', ( #4373, #5665, #1100, #5649, #947 ) ) ;
#3719 = ORIENTED_EDGE ( 'NONE', *, *, #2494, .F. ) ;
#3720 = CIRCLE ( 'NONE', #4911, 0.5999999999999998668 ) ;
#3721 = EDGE_CURVE ( 'NONE', #9478, #10426, #213, .T. ) ;
#3722 = EDGE_CURVE ( 'NONE', #4220, #10549, #555, .T. ) ;
#3723 = CARTESIAN_POINT ( 'NONE',  ( 0.000000000000000000, 1.600000000000000089, 19.25000000000000000 ) ) ;
#3724 = EDGE_CURVE ( 'NONE', #3657, #5825, #1927, .T. ) ;
#3725 = LINE ( 'NONE', #7830, #558 ) ;
#3726 = DIRECTION ( 'NONE',  ( 0.000000000000000000, 1.000000000000000000, 0.000000000000000000 ) ) ;
#3727 = PLANE ( 'NONE',  #5721 ) ;
#3728 = PLANE ( 'NONE',  #757 ) ;
#3729 = EDGE_LOOP ( 'NONE', ( #308, #6834, #7658, #4943, #5737 ) ) ;
#3730 = VECTOR ( 'NONE', #9988, 1000.000000000000000 ) ;
#3731 = CARTESIAN_POINT ( 'NONE',  ( 0.5500000000000001554, 5.049999999999998046, -61.94928997712344199 ) ) ;
#3732 = EDGE_LOOP ( 'NONE', ( #6036, #5027, #2469, #737, #5913, #8181, #7006, #2777 ) ) ;
#3733 = PLANE ( 'NONE',  #8945 ) ;
#3734 = ORIENTED_EDGE ( 'NONE', *, *, #6992, .F. ) ;
#3735 = EDGE_CURVE ( 'NONE', #1026, #5969, #10475, .T. ) ;
#3736 = EDGE_CURVE ( 'NONE', #2739, #4294, #9778, .T. ) ;
#3737 = CARTESIAN_POINT ( 'NONE',  ( -38.64999999999999858, 9.899999999999998579, 5.450000000000000178 ) ) ;
#3738 = EDGE_CURVE ( 'NONE', #4985, #1930, #2480, .T. ) ;
#3739 = FACE_OUTER_BOUND ( 'NONE', #4603, .T. ) ;
#3740 = DIRECTION ( 'NONE',  ( -0.000000000000000000, -0.000000000000000000, -1.000000000000000000 ) ) ;
#3741 = FACE_OUTER_BOUND ( 'NONE', #7863, .T. ) ;
#3742 = ORIENTED_EDGE ( 'NONE', *, *, #1868, .T. ) ;
#3743 = FACE_OUTER_BOUND ( 'NONE', #4423, .T. ) ;
#3744 = ORIENTED_EDGE ( 'NONE', *, *, #5723, .F. ) ;
#3745 = CARTESIAN_POINT ( 'NONE',  ( 37.15000000000001279, 8.500000000000000000, -19.80000000000000071 ) ) ;
#3746 = ORIENTED_EDGE ( 'NONE', *, *, #1042, .F. ) ;
#3747 = VECTOR ( 'NONE', #9135, 1000.000000000000000 ) ;
#3748 = ORIENTED_EDGE ( 'NONE', *, *, #9136, .T. ) ;
#3749 = EDGE_CURVE ( 'NONE', #4975, #5213, #1554, .T. ) ;
#3750 = FACE_OUTER_BOUND ( 'NONE', #8182, .T. ) ;
#3751 = DIRECTION ( 'NONE',  ( 0.000000000000000000, 1.000000000000000000, 1.762134456409849633E-16 ) ) ;
#3752 = DIRECTION ( 'NONE',  ( 0.000000000000000000, -1.000000000000000000, 0.000000000000000000 ) ) ;
#3753 = VERTEX_POINT ( 'NONE', #5735 ) ;
#3754 = DIRECTION ( 'NONE',  ( 0.000000000000000000, 0.000000000000000000, 1.000000000000000000 ) ) ;
#3755 = DIRECTION ( 'NONE',  ( 0.000000000000000000, -1.000000000000000000, 0.000000000000000000 ) ) ;
#3756 = CARTESIAN_POINT ( 'NONE',  ( -7.449999999999998401, 0.5000000000000000000, -6.049999999999992717 ) ) ;
#3757 = EDGE_LOOP ( 'NONE', ( #5359, #126, #4607, #9273 ) ) ;
#3758 = CARTESIAN_POINT ( 'NONE',  ( -38.85000000000000142, -1.800000000000000266, -20.34999999999999787 ) ) ;
#3759 = ORIENTED_EDGE ( 'NONE', *, *, #4079, .T. ) ;
#3760 = ORIENTED_EDGE ( 'NONE', *, *, #10186, .F. ) ;
#3761 = ADVANCED_FACE ( 'NONE', ( #9226 ), #4811, .F. ) ;
#3762 = DIRECTION ( 'NONE',  ( 0.000000000000000000, 0.000000000000000000, -1.000000000000000000 ) ) ;
#3763 = CARTESIAN_POINT ( 'NONE',  ( -36.45000000000000284, 9.899999999999998579, 8.448227494413584893 ) ) ;
#3764 = DIRECTION ( 'NONE',  ( 0.000000000000000000, 1.000000000000000000, -0.000000000000000000 ) ) ;
#3765 = DIRECTION ( 'NONE',  ( -1.000000000000000000, 4.818676322157799347E-16, 0.000000000000000000 ) ) ;
#3766 = DIRECTION ( 'NONE',  ( 0.000000000000000000, 0.000000000000000000, -1.000000000000000000 ) ) ;
#3767 = EDGE_LOOP ( 'NONE', ( #5662, #7100, #36, #1696 ) ) ;
#3768 = CARTESIAN_POINT ( 'NONE',  ( 6.550000000000001599, -0.9000000000000014655, -5.049999999999995381 ) ) ;
#3769 = VECTOR ( 'NONE', #8138, 1000.000000000000000 ) ;
#3770 = VERTEX_POINT ( 'NONE', #1070 ) ;
#3771 = ORIENTED_EDGE ( 'NONE', *, *, #7853, .F. ) ;
#3772 = DIRECTION ( 'NONE',  ( 0.000000000000000000, 0.000000000000000000, 1.000000000000000000 ) ) ;
#3773 = AXIS2_PLACEMENT_3D ( 'NONE', #4829, #3887, #10342 ) ;
#3774 = DIRECTION ( 'NONE',  ( -0.000000000000000000, -0.000000000000000000, 1.000000000000000000 ) ) ;
#3775 = CARTESIAN_POINT ( 'NONE',  ( -39.25000000000000000, -0.3999999999999975797, 6.049999999999999822 ) ) ;
#3776 = CARTESIAN_POINT ( 'NONE',  ( -33.64999999999999858, 6.200000000000000178, 22.05000000000000071 ) ) ;
#3777 = CARTESIAN_POINT ( 'NONE',  ( 18.85185058345960840, 1.600000000000000089, -16.84999999999999787 ) ) ;
#3778 = ORIENTED_EDGE ( 'NONE', *, *, #6504, .F. ) ;
#3779 = FACE_OUTER_BOUND ( 'NONE', #1991, .T. ) ;
#3780 = ORIENTED_EDGE ( 'NONE', *, *, #361, .T. ) ;
#3781 = AXIS2_PLACEMENT_3D ( 'NONE', #3217, #9707, #7961 ) ;
#3782 = LINE ( 'NONE', #8532, #4188 ) ;
#3783 = EDGE_LOOP ( 'NONE', ( #3670, #7800, #4271, #5682 ) ) ;
#3784 = EDGE_CURVE ( 'NONE', #232, #46, #4328, .T. ) ;
#3785 = CARTESIAN_POINT ( 'NONE',  ( -26.64999999999999858, 1.600000000000000089, -6.999999999999978684 ) ) ;
#3786 = VECTOR ( 'NONE', #5608, 1000.000000000000000 ) ;
#3787 = FACE_OUTER_BOUND ( 'NONE', #2608, .T. ) ;
#3788 = DIRECTION ( 'NONE',  ( 0.000000000000000000, 0.000000000000000000, 1.000000000000000000 ) ) ;
#3789 = PLANE ( 'NONE',  #1979 ) ;
#3790 = EDGE_LOOP ( 'NONE', ( #8800, #5461, #4406, #837, #2534, #2125 ) ) ;
#3791 = CYLINDRICAL_SURFACE ( 'NONE', #5510, 0.5999999999999998668 ) ;
#3792 = EDGE_CURVE ( 'NONE', #7939, #9663, #7277, .T. ) ;
#3793 = EDGE_LOOP ( 'NONE', ( #8411, #417, #1063, #183 ) ) ;
#3794 = EDGE_CURVE ( 'NONE', #4637, #372, #2424, .T. ) ;
#3795 = DIRECTION ( 'NONE',  ( -0.000000000000000000, -0.000000000000000000, 1.000000000000000000 ) ) ;
#3796 = ORIENTED_EDGE ( 'NONE', *, *, #2706, .F. ) ;
#3797 = VECTOR ( 'NONE', #1997, 1000.000000000000000 ) ;
#3798 = EDGE_CURVE ( 'NONE', #5511, #9192, #5395, .T. ) ;
#3799 = EDGE_LOOP ( 'NONE', ( #628, #3978, #8044, #7004 ) ) ;
#3800 = EDGE_CURVE ( 'NONE', #2255, #4260, #8486, .T. ) ;
#3801 = FACE_OUTER_BOUND ( 'NONE', #9433, .T. ) ;
#3802 = AXIS2_PLACEMENT_3D ( 'NONE', #707, #2323, #1456 ) ;
#3803 = CARTESIAN_POINT ( 'NONE',  ( -30.94999999999999929, 5.000000000000000888, 17.44999999999999929 ) ) ;
#3804 = VECTOR ( 'NONE', #3282, 1000.000000000000000 ) ;
#3805 = DIRECTION ( 'NONE',  ( 0.000000000000000000, -1.000000000000000000, 0.000000000000000000 ) ) ;
#3806 = DIRECTION ( 'NONE',  ( 0.000000000000000000, 0.000000000000000000, -1.000000000000000000 ) ) ;
#3807 = CARTESIAN_POINT ( 'NONE',  ( -31.55000000000000782, -0.3999999999999999667, 7.000000000000000888 ) ) ;
#3808 = EDGE_CURVE ( 'NONE', #405, #8267, #6086, .T. ) ;
#3809 = CARTESIAN_POINT ( 'NONE',  ( -26.85000000000000142, 8.500000000000000000, 24.45000000000000639 ) ) ;
#3810 = ORIENTED_EDGE ( 'NONE', *, *, #6587, .T. ) ;
#3811 = CARTESIAN_POINT ( 'NONE',  ( 14.18759615953640640, 0.000000000000000000, -3.949999999999995293 ) ) ;
#3812 = CIRCLE ( 'NONE', #387, 1.000000000000000888 ) ;
#3813 = AXIS2_PLACEMENT_3D ( 'NONE', #8746, #10352, #4847 ) ;
#3814 = ORIENTED_EDGE ( 'NONE', *, *, #5287, .F. ) ;
#3815 = AXIS2_PLACEMENT_3D ( 'NONE', #2394, #3047, #2449 ) ;
#3816 = ORIENTED_EDGE ( 'NONE', *, *, #2960, .F. ) ;
#3817 = DIRECTION ( 'NONE',  ( 1.000000000000000000, 0.000000000000000000, 0.000000000000000000 ) ) ;
#3818 = LINE ( 'NONE', #1249, #1735 ) ;
#3819 = CARTESIAN_POINT ( 'NONE',  ( -21.04999999999999716, -4.999999999999999112, 23.15100000000000691 ) ) ;
#3820 = CYLINDRICAL_SURFACE ( 'NONE', #9259, 1.000000000000000888 ) ;
#3821 = VECTOR ( 'NONE', #880, 1000.000000000000000 ) ;
#3822 = DIRECTION ( 'NONE',  ( 1.000000000000000000, -0.000000000000000000, 0.000000000000000000 ) ) ;
#3823 = ADVANCED_FACE ( 'NONE', ( #9495 ), #10194, .F. ) ;
#3824 = ORIENTED_EDGE ( 'NONE', *, *, #596, .T. ) ;
#3825 = FACE_OUTER_BOUND ( 'NONE', #1605, .T. ) ;
#3826 = EDGE_LOOP ( 'NONE', ( #3824, #6315, #8620, #6758 ) ) ;
#3827 = VECTOR ( 'NONE', #40, 1000.000000000000000 ) ;
#3828 = AXIS2_PLACEMENT_3D ( 'NONE', #9978, #5072, #8213 ) ;
#3829 = FACE_OUTER_BOUND ( 'NONE', #263, .T. ) ;
#3830 = EDGE_CURVE ( 'NONE', #8824, #10504, #6033, .T. ) ;
#3831 = DIRECTION ( 'NONE',  ( 0.000000000000000000, 0.000000000000000000, -1.000000000000000000 ) ) ;
#3832 = FACE_OUTER_BOUND ( 'NONE', #6102, .T. ) ;
#3833 = DIRECTION ( 'NONE',  ( 0.000000000000000000, 1.000000000000000000, 0.000000000000000000 ) ) ;
#3834 = EDGE_CURVE ( 'NONE', #1684, #532, #7745, .T. ) ;
#3835 = VERTEX_POINT ( 'NONE', #6242 ) ;
#3836 = DIRECTION ( 'NONE',  ( 0.000000000000000000, -1.000000000000000000, -0.000000000000000000 ) ) ;
#3837 = VECTOR ( 'NONE', #5268, 1000.000000000000000 ) ;
#3838 = ORIENTED_EDGE ( 'NONE', *, *, #3792, .T. ) ;
#3839 = LINE ( 'NONE', #2181, #9632 ) ;
#3840 = ORIENTED_EDGE ( 'NONE', *, *, #431, .T. ) ;
#3841 = VECTOR ( 'NONE', #8438, 1000.000000000000000 ) ;
#3842 = PLANE ( 'NONE',  #4166 ) ;
#3843 = VECTOR ( 'NONE', #5505, 1000.000000000000000 ) ;
#3844 = CIRCLE ( 'NONE', #9467, 2.999999999999999112 ) ;
#3845 = CARTESIAN_POINT ( 'NONE',  ( 21.85000000000000142, 0.000000000000000000, 22.14999999999999858 ) ) ;
#3846 = LINE ( 'NONE', #8842, #7914 ) ;
#3847 = EDGE_CURVE ( 'NONE', #7311, #4163, #1127, .T. ) ;
#3848 = DIRECTION ( 'NONE',  ( 0.000000000000000000, -1.000000000000000000, 0.000000000000000000 ) ) ;
#3849 = ORIENTED_EDGE ( 'NONE', *, *, #3830, .T. ) ;
#3850 = VECTOR ( 'NONE', #10127, 1000.000000000000000 ) ;
#3851 = DIRECTION ( 'NONE',  ( 0.000000000000000000, -0.000000000000000000, 1.000000000000000000 ) ) ;
#3852 = ORIENTED_EDGE ( 'NONE', *, *, #8047, .F. ) ;
#3853 = VECTOR ( 'NONE', #10553, 1000.000000000000000 ) ;
#3854 = CARTESIAN_POINT ( 'NONE',  ( 33.15000000000000568, 9.899999999999998579, -3.750555349946511186 ) ) ;
#3855 = VERTEX_POINT ( 'NONE', #4590 ) ;
#3856 = CIRCLE ( 'NONE', #609, 0.9999999999999991118 ) ;
#3857 = EDGE_LOOP ( 'NONE', ( #4553, #6799, #847, #7278 ) ) ;
#3858 = VECTOR ( 'NONE', #3458, 1000.000000000000000 ) ;
#3859 = PLANE ( 'NONE',  #9357 ) ;
#3860 = EDGE_CURVE ( 'NONE', #10422, #260, #7798, .T. ) ;
#3861 = DIRECTION ( 'NONE',  ( -0.000000000000000000, -1.000000000000000000, -0.000000000000000000 ) ) ;
#3862 = DIRECTION ( 'NONE',  ( -0.000000000000000000, -0.000000000000000000, -1.000000000000000000 ) ) ;
#3863 = CARTESIAN_POINT ( 'NONE',  ( -39.25000000000000711, -1.800000000000000044, 23.34999999999999432 ) ) ;
#3864 = CARTESIAN_POINT ( 'NONE',  ( -5.813961030678924224, -1.799999999999991607, -61.94928997712344199 ) ) ;
#3865 = DIRECTION ( 'NONE',  ( 1.000000000000000000, -0.000000000000000000, 0.000000000000000000 ) ) ;
#3866 = ORIENTED_EDGE ( 'NONE', *, *, #4311, .T. ) ;
#3867 = PLANE ( 'NONE',  #5937 ) ;
#3868 = ORIENTED_EDGE ( 'NONE', *, *, #9944, .F. ) ;
#3869 = ORIENTED_EDGE ( 'NONE', *, *, #2529, .T. ) ;
#3870 = DIRECTION ( 'NONE',  ( -1.000000000000000000, -1.084202172485503448E-15, 0.000000000000000000 ) ) ;
#3871 = EDGE_CURVE ( 'NONE', #1086, #2949, #7641, .T. ) ;
#3872 = DIRECTION ( 'NONE',  ( -1.000000000000000000, 0.000000000000000000, 0.000000000000000000 ) ) ;
#3873 = EDGE_CURVE ( 'NONE', #2711, #3999, #1225, .T. ) ;
#3874 = CARTESIAN_POINT ( 'NONE',  ( -35.25000000000000000, 0.000000000000000000, 12.49999999999999289 ) ) ;
#3875 =( NAMED_UNIT ( * ) SI_UNIT ( $, .STERADIAN. ) SOLID_ANGLE_UNIT ( ) );
#3876 = FACE_OUTER_BOUND ( 'NONE', #2240, .T. ) ;
#3877 = ORIENTED_EDGE ( 'NONE', *, *, #5974, .F. ) ;
#3878 = DIRECTION ( 'NONE',  ( 1.000000000000000000, -0.000000000000000000, 0.000000000000000000 ) ) ;
#3879 = VECTOR ( 'NONE', #1052, 1000.000000000000000 ) ;
#3880 = ORIENTED_EDGE ( 'NONE', *, *, #4872, .T. ) ;
#3881 = ADVANCED_FACE ( 'NONE', ( #3743 ), #3791, .T. ) ;
#3882 = FACE_OUTER_BOUND ( 'NONE', #4026, .T. ) ;
#3883 = CARTESIAN_POINT ( 'NONE',  ( -35.25000000000000000, -1.800000000000000044, -18.14999999999999503 ) ) ;
#3884 = CARTESIAN_POINT ( 'NONE',  ( -37.85000000000000853, -9.000000000000000000, 0.000000000000000000 ) ) ;
#3885 = DIRECTION ( 'NONE',  ( -1.000000000000000000, 0.000000000000000000, -0.000000000000000000 ) ) ;
#3886 = ORIENTED_EDGE ( 'NONE', *, *, #9061, .T. ) ;
#3887 = DIRECTION ( 'NONE',  ( -1.000000000000000000, 6.195440985631457289E-16, 0.000000000000000000 ) ) ;
#3888 = VERTEX_POINT ( 'NONE', #7039 ) ;
#3889 = CARTESIAN_POINT ( 'NONE',  ( -5.813961030678924224, -1.799999999999991607, -11.14999999999999325 ) ) ;
#3890 = ORIENTED_EDGE ( 'NONE', *, *, #6266, .T. ) ;
#3891 = EDGE_CURVE ( 'NONE', #7267, #5479, #10242, .T. ) ;
#3892 = LINE ( 'NONE', #2341, #8253 ) ;
#3893 = CARTESIAN_POINT ( 'NONE',  ( -39.25000000000000000, 9.899999999999998579, 5.450000000000000178 ) ) ;
#3894 = EDGE_CURVE ( 'NONE', #3058, #4501, #10278, .T. ) ;
#3895 = VECTOR ( 'NONE', #3960, 1000.000000000000000 ) ;
#3896 = DIRECTION ( 'NONE',  ( -1.000000000000000000, 1.032573497605241978E-16, 0.000000000000000000 ) ) ;
#3897 = DIRECTION ( 'NONE',  ( -0.000000000000000000, 0.000000000000000000, -1.000000000000000000 ) ) ;
#3898 = ORIENTED_EDGE ( 'NONE', *, *, #8737, .F. ) ;
#3899 = DIRECTION ( 'NONE',  ( 0.000000000000000000, 1.000000000000000000, -0.000000000000000000 ) ) ;
#3900 = ORIENTED_EDGE ( 'NONE', *, *, #1762, .F. ) ;
#3901 = FACE_OUTER_BOUND ( 'NONE', #823, .T. ) ;
#3902 = VERTEX_POINT ( 'NONE', #6938 ) ;
#3903 = ORIENTED_EDGE ( 'NONE', *, *, #6564, .F. ) ;
#3904 = VECTOR ( 'NONE', #5046, 1000.000000000000000 ) ;
#3905 = DIRECTION ( 'NONE',  ( -1.470104640658310508E-16, 0.000000000000000000, 1.000000000000000000 ) ) ;
#3906 = CARTESIAN_POINT ( 'NONE',  ( -26.65000000000000568, 7.000000000000005329, 23.15100000000000691 ) ) ;
#3907 = DIRECTION ( 'NONE',  ( 0.000000000000000000, 0.000000000000000000, 1.000000000000000000 ) ) ;
#3908 = CARTESIAN_POINT ( 'NONE',  ( 33.94999999999999574, 17.01111066297655228, 12.80000000000000071 ) ) ;
#3909 = DIRECTION ( 'NONE',  ( 0.000000000000000000, 0.000000000000000000, 1.000000000000000000 ) ) ;
#3910 = ORIENTED_EDGE ( 'NONE', *, *, #3552, .F. ) ;
#3911 = LINE ( 'NONE', #7110, #1326 ) ;
#3912 = ORIENTED_EDGE ( 'NONE', *, *, #2359, .T. ) ;
#3913 = ADVANCED_FACE ( 'NONE', ( #9282 ), #8590, .T. ) ;
#3914 = ORIENTED_EDGE ( 'NONE', *, *, #274, .F. ) ;
#3915 = VECTOR ( 'NONE', #9138, 1000.000000000000000 ) ;
#3916 = CARTESIAN_POINT ( 'NONE',  ( 13.16765177981913837, -1.799999999999992051, -61.94928997712344199 ) ) ;
#3917 = VECTOR ( 'NONE', #3240, 1000.000000000000000 ) ;
#3918 = CARTESIAN_POINT ( 'NONE',  ( -18.24999999999997868, -0.9000000000000044631, -5.049999999999995381 ) ) ;
#3919 = DIRECTION ( 'NONE',  ( 1.000000000000000000, 0.000000000000000000, 0.000000000000000000 ) ) ;
#3920 = DIRECTION ( 'NONE',  ( 0.000000000000000000, 0.000000000000000000, 1.000000000000000000 ) ) ;
#3921 = PLANE ( 'NONE',  #8894 ) ;
#3922 = ORIENTED_EDGE ( 'NONE', *, *, #6383, .F. ) ;
#3923 = CARTESIAN_POINT ( 'NONE',  ( 23.60000000000000853, -4.999999999999992006, 23.15000000000000568 ) ) ;
#3924 = EDGE_CURVE ( 'NONE', #6154, #4725, #7688, .T. ) ;
#3925 = ADVANCED_FACE ( 'NONE', ( #9335 ), #2033, .T. ) ;
#3926 = EDGE_LOOP ( 'NONE', ( #2012, #5343, #5446, #9737 ) ) ;
#3927 = EDGE_CURVE ( 'NONE', #7269, #1679, #9388, .T. ) ;
#3928 = ORIENTED_EDGE ( 'NONE', *, *, #4785, .F. ) ;
#3929 = LINE ( 'NONE', #5525, #8768 ) ;
#3930 = CARTESIAN_POINT ( 'NONE',  ( 35.75000000000000000, 7.500000000000006217, -11.95000000000000107 ) ) ;
#3931 = CARTESIAN_POINT ( 'NONE',  ( 37.65000000000001279, 9.100000000000001421, 10.95000000000000284 ) ) ;
#3932 = CARTESIAN_POINT ( 'NONE',  ( 27.65000000000000924, 7.000000000000004441, 23.15100000000000691 ) ) ;
#3933 = ORIENTED_EDGE ( 'NONE', *, *, #138, .F. ) ;
#3934 = DIRECTION ( 'NONE',  ( 0.000000000000000000, -1.000000000000000000, -1.762134456409849633E-16 ) ) ;
#3935 = ORIENTED_EDGE ( 'NONE', *, *, #3189, .F. ) ;
#3936 = EDGE_CURVE ( 'NONE', #2437, #3944, #683, .T. ) ;
#3937 = PLANE ( 'NONE',  #6394 ) ;
#3938 = VERTEX_POINT ( 'NONE', #7896 ) ;
#3939 = VECTOR ( 'NONE', #6559, 1000.000000000000227 ) ;
#3940 = CARTESIAN_POINT ( 'NONE',  ( 15.81240384046359715, 0.000000000000000000, -3.949999999999995293 ) ) ;
#3941 = DIRECTION ( 'NONE',  ( -0.000000000000000000, 0.000000000000000000, 1.000000000000000000 ) ) ;
#3942 = DIRECTION ( 'NONE',  ( 3.614007241618349264E-16, 0.000000000000000000, -1.000000000000000000 ) ) ;
#3943 = PLANE ( 'NONE',  #3514 ) ;
#3944 = VERTEX_POINT ( 'NONE', #3945 ) ;
#3945 = CARTESIAN_POINT ( 'NONE',  ( 18.50000000000000355, -1.800000000000000044, -21.94999999999999574 ) ) ;
#3946 = VERTEX_POINT ( 'NONE', #3207 ) ;
#3947 = EDGE_CURVE ( 'NONE', #4626, #7089, #2238, .T. ) ;
#3948 = FACE_OUTER_BOUND ( 'NONE', #1348, .T. ) ;
#3949 = VERTEX_POINT ( 'NONE', #2292 ) ;
#3950 = EDGE_LOOP ( 'NONE', ( #5045, #743, #10159, #8397 ) ) ;
#3951 = AXIS2_PLACEMENT_3D ( 'NONE', #3016, #492, #3754 ) ;
#3952 = CARTESIAN_POINT ( 'NONE',  ( -12.75000000000000178, -9.002000000000000668, -5.049999999999991829 ) ) ;
#3953 = CARTESIAN_POINT ( 'NONE',  ( -36.45000000000000284, 9.899999999999998579, 8.448227494413584893 ) ) ;
#3954 = DIRECTION ( 'NONE',  ( 1.000000000000000000, 1.176615829264044977E-15, 0.000000000000000000 ) ) ;
#3955 = EDGE_CURVE ( 'NONE', #982, #9497, #7197, .T. ) ;
#3956 = LINE ( 'NONE', #3908, #2774 ) ;
#3957 = ADVANCED_FACE ( 'NONE', ( #9751 ), #7950, .T. ) ;
#3958 = LINE ( 'NONE', #6301, #9274 ) ;
#3959 = ORIENTED_EDGE ( 'NONE', *, *, #7619, .F. ) ;
#3960 = DIRECTION ( 'NONE',  ( 0.000000000000000000, -1.000000000000000000, 0.000000000000000000 ) ) ;
#3961 = ORIENTED_EDGE ( 'NONE', *, *, #389, .F. ) ;
#3962 = ORIENTED_EDGE ( 'NONE', *, *, #1207, .T. ) ;
#3963 = ORIENTED_EDGE ( 'NONE', *, *, #1184, .F. ) ;
#3964 = VECTOR ( 'NONE', #1139, 1000.000000000000000 ) ;
#3965 = CARTESIAN_POINT ( 'NONE',  ( 0.000000000000000000, 0.000000000000000000, -17.44999999999999929 ) ) ;
#3966 = CARTESIAN_POINT ( 'NONE',  ( -20.64999999999999858, -1.799999999999994493, -15.94999999999999929 ) ) ;
#3967 = CARTESIAN_POINT ( 'NONE',  ( 0.5000000000000004441, 5.400000000000004796, -21.94999999999999574 ) ) ;
#3968 = CARTESIAN_POINT ( 'NONE',  ( -30.04999999999999716, -1.800000000000000044, -21.54999999999999716 ) ) ;
#3969 = ADVANCED_FACE ( 'NONE', ( #7255 ), #9600, .F. ) ;
#3970 = CIRCLE ( 'NONE', #2964, 0.4000000000000010214 ) ;
#3971 = AXIS2_PLACEMENT_3D ( 'NONE', #9362, #1200, #2060 ) ;
#3972 = DIRECTION ( 'NONE',  ( 0.000000000000000000, 1.000000000000000000, 1.762134456409849633E-16 ) ) ;
#3973 = ORIENTED_EDGE ( 'NONE', *, *, #9367, .T. ) ;
#3974 = ORIENTED_EDGE ( 'NONE', *, *, #871, .F. ) ;
#3975 = VECTOR ( 'NONE', #896, 1000.000000000000000 ) ;
#3976 = DIRECTION ( 'NONE',  ( 0.000000000000000000, 0.000000000000000000, 1.000000000000000000 ) ) ;
#3977 = ORIENTED_EDGE ( 'NONE', *, *, #2144, .T. ) ;
#3978 = ORIENTED_EDGE ( 'NONE', *, *, #4377, .F. ) ;
#3979 = AXIS2_PLACEMENT_3D ( 'NONE', #4621, #7876, #4722 ) ;
#3980 = CYLINDRICAL_SURFACE ( 'NONE', #81, 0.4000000000000010214 ) ;
#3981 = EDGE_CURVE ( 'NONE', #782, #1772, #10449, .T. ) ;
#3982 = CARTESIAN_POINT ( 'NONE',  ( 6.550000000000001599, -0.9000000000000014655, -5.049999999999995381 ) ) ;
#3983 = CARTESIAN_POINT ( 'NONE',  ( -33.25000000000000000, 6.200000000000000178, 21.64999999999999858 ) ) ;
#3984 = CARTESIAN_POINT ( 'NONE',  ( 16.35185058345957998, -0.9000000000000029088, -16.84999999999999787 ) ) ;
#3985 = ORIENTED_EDGE ( 'NONE', *, *, #6703, .F. ) ;
#3986 = DIRECTION ( 'NONE',  ( 0.000000000000000000, 0.000000000000000000, 1.000000000000000000 ) ) ;
#3987 = VERTEX_POINT ( 'NONE', #1531 ) ;
#3988 = DIRECTION ( 'NONE',  ( -1.000000000000000000, -0.000000000000000000, -0.000000000000000000 ) ) ;
#3989 = ORIENTED_EDGE ( 'NONE', *, *, #2822, .F. ) ;
#3990 = AXIS2_PLACEMENT_3D ( 'NONE', #7625, #1210, #9318 ) ;
#3991 = DIRECTION ( 'NONE',  ( -0.000000000000000000, 1.000000000000000000, -0.000000000000000000 ) ) ;
#3992 = ADVANCED_FACE ( 'NONE', ( #3052 ), #3154, .T. ) ;
#3993 = DIRECTION ( 'NONE',  ( 0.000000000000000000, 0.000000000000000000, 1.000000000000000000 ) ) ;
#3994 = LINE ( 'NONE', #6494, #1950 ) ;
#3995 = AXIS2_PLACEMENT_3D ( 'NONE', #3583, #2937, #2077 ) ;
#3996 = LINE ( 'NONE', #9544, #5538 ) ;
#3997 = ORIENTED_EDGE ( 'NONE', *, *, #475, .T. ) ;
#3998 = CARTESIAN_POINT ( 'NONE',  ( 35.75000000000000000, 7.500000000000004441, 0.3500000000000004774 ) ) ;
#3999 = VERTEX_POINT ( 'NONE', #8845 ) ;
#4000 = CARTESIAN_POINT ( 'NONE',  ( 5.950000000000005507, 5.000000000000000000, 17.44999999999999929 ) ) ;
#4001 = VECTOR ( 'NONE', #6609, 1000.000000000000000 ) ;
#4002 = ORIENTED_EDGE ( 'NONE', *, *, #3691, .T. ) ;
#4003 = VERTEX_POINT ( 'NONE', #9649 ) ;
#4004 = VECTOR ( 'NONE', #6706, 1000.000000000000000 ) ;
#4005 = CARTESIAN_POINT ( 'NONE',  ( 38.85000000000000142, 1.600000000000000089, 23.34999999999999432 ) ) ;
#4006 = ADVANCED_FACE ( 'NONE', ( #4692 ), #10505, .T. ) ;
#4007 = CYLINDRICAL_SURFACE ( 'NONE', #1442, 0.9999999999999991118 ) ;
#4008 = AXIS2_PLACEMENT_3D ( 'NONE', #2737, #969, #2686 ) ;
#4009 = CARTESIAN_POINT ( 'NONE',  ( 37.65000000000000568, 7.500000000000000000, 22.14999999999999858 ) ) ;
#4010 = PLANE ( 'NONE',  #4126 ) ;
#4011 = CIRCLE ( 'NONE', #6386, 0.5999999999999998668 ) ;
#4012 = AXIS2_PLACEMENT_3D ( 'NONE', #7751, #440, #6248 ) ;
#4013 = DIRECTION ( 'NONE',  ( 0.000000000000000000, 0.000000000000000000, -1.000000000000000000 ) ) ;
#4014 = ORIENTED_EDGE ( 'NONE', *, *, #7631, .F. ) ;
#4015 = CARTESIAN_POINT ( 'NONE',  ( 14.15000000000000213, -0.2500000000000000000, -5.249999999999995559 ) ) ;
#4016 = EDGE_LOOP ( 'NONE', ( #7656, #2845, #8859, #9816 ) ) ;
#4017 = VECTOR ( 'NONE', #6435, 1000.000000000000000 ) ;
#4018 = ORIENTED_EDGE ( 'NONE', *, *, #2995, .F. ) ;
#4019 = VERTEX_POINT ( 'NONE', #3998 ) ;
#4020 = VECTOR ( 'NONE', #3086, 1000.000000000000000 ) ;
#4021 = LINE ( 'NONE', #4121, #6612 ) ;
#4022 = ADVANCED_FACE ( 'NONE', ( #8893 ), #1586, .T. ) ;
#4023 = CARTESIAN_POINT ( 'NONE',  ( -39.25000000000000711, 0.000000000000000000, 11.49999999999998224 ) ) ;
#4024 = CARTESIAN_POINT ( 'NONE',  ( 12.85000000000000142, -0.9000000000000032419, -6.049999999999995381 ) ) ;
#4025 = DIRECTION ( 'NONE',  ( -0.000000000000000000, -0.000000000000000000, 1.000000000000000000 ) ) ;
#4026 = EDGE_LOOP ( 'NONE', ( #4765, #9930, #5533, #5370 ) ) ;
#4027 = VERTEX_POINT ( 'NONE', #795 ) ;
#4028 =( NAMED_UNIT ( * ) PLANE_ANGLE_UNIT ( ) SI_UNIT ( $, .RADIAN. ) );
#4029 = VERTEX_POINT ( 'NONE', #636 ) ;
#4030 = ADVANCED_FACE ( 'NONE', ( #7143 ), #10398, .F. ) ;
#4031 = VERTEX_POINT ( 'NONE', #4049 ) ;
#4032 = PLANE ( 'NONE',  #6048 ) ;
#4033 = CARTESIAN_POINT ( 'NONE',  ( -39.25000000000000000, 1.600000000000000089, -20.34999999999999787 ) ) ;
#4034 = DIRECTION ( 'NONE',  ( -0.000000000000000000, 1.000000000000000000, -0.000000000000000000 ) ) ;
#4035 = CARTESIAN_POINT ( 'NONE',  ( 5.950000000000005507, 5.000000000000000000, 17.44999999999999929 ) ) ;
#4036 = ORIENTED_EDGE ( 'NONE', *, *, #3736, .F. ) ;
#4037 = DIRECTION ( 'NONE',  ( 1.000000000000000000, 0.000000000000000000, 0.000000000000000000 ) ) ;
#4038 = ORIENTED_EDGE ( 'NONE', *, *, #8936, .F. ) ;
#4039 = CARTESIAN_POINT ( 'NONE',  ( -11.75000000000000000, -9.000000000000001776, -15.94999999999999929 ) ) ;
#4040 = ORIENTED_EDGE ( 'NONE', *, *, #3209, .T. ) ;
#4041 =( GEOMETRIC_REPRESENTATION_CONTEXT ( 3 ) GLOBAL_UNCERTAINTY_ASSIGNED_CONTEXT ( ( #7707 ) ) GLOBAL_UNIT_ASSIGNED_CONTEXT ( ( #1093, #6755, #9307 ) ) REPRESENTATION_CONTEXT ( 'NONE', 'WORKASPACE' ) );
#4042 = LINE ( 'NONE', #10547, #2809 ) ;
#4043 = PLANE ( 'NONE',  #3566 ) ;
#4044 = DIRECTION ( 'NONE',  ( 0.000000000000000000, 0.000000000000000000, 1.000000000000000000 ) ) ;
#4045 = CARTESIAN_POINT ( 'NONE',  ( 34.75000000000000000, 9.100000000000001421, 14.25000000000000000 ) ) ;
#4046 = LINE ( 'NONE', #1747, #3853 ) ;
#4047 = DIRECTION ( 'NONE',  ( -0.000000000000000000, 0.000000000000000000, 1.000000000000000000 ) ) ;
#4048 = ORIENTED_EDGE ( 'NONE', *, *, #2166, .T. ) ;
#4049 = CARTESIAN_POINT ( 'NONE',  ( -30.95000000000000995, -9.000000000000001776, -2.249999999999999112 ) ) ;
#4050 = ORIENTED_EDGE ( 'NONE', *, *, #2285, .T. ) ;
#4051 = LINE ( 'NONE', #9754, #9980 ) ;
#4052 = EDGE_LOOP ( 'NONE', ( #1990, #6942, #5924, #2087 ) ) ;
#4053 = EDGE_CURVE ( 'NONE', #4436, #6704, #8693, .T. ) ;
#4054 = ADVANCED_FACE ( 'NONE', ( #2455 ), #5546, .F. ) ;
#4055 = VERTEX_POINT ( 'NONE', #4738 ) ;
#4056 = EDGE_CURVE ( 'NONE', #219, #9974, #7997, .T. ) ;
#4057 = VECTOR ( 'NONE', #2702, 1000.000000000000000 ) ;
#4058 = CARTESIAN_POINT ( 'NONE',  ( -11.75000000000000000, -1.799999999999980504, -15.94999999999999929 ) ) ;
#4059 = DIRECTION ( 'NONE',  ( 1.000000000000000000, 0.000000000000000000, 0.000000000000000000 ) ) ;
#4060 = DIRECTION ( 'NONE',  ( -1.000000000000000000, 0.000000000000000000, 0.000000000000000000 ) ) ;
#4061 = DIRECTION ( 'NONE',  ( -0.000000000000000000, -0.000000000000000000, 1.000000000000000000 ) ) ;
#4062 = PLANE ( 'NONE',  #2475 ) ;
#4063 = VECTOR ( 'NONE', #1601, 1000.000000000000000 ) ;
#4064 = ORIENTED_EDGE ( 'NONE', *, *, #3735, .T. ) ;
#4065 = CARTESIAN_POINT ( 'NONE',  ( 11.95000000000000639, 5.000000000000000000, 17.44999999999999929 ) ) ;
#4066 = EDGE_CURVE ( 'NONE', #7200, #585, #9596, .T. ) ;
#4067 = VERTEX_POINT ( 'NONE', #259 ) ;
#4068 = VERTEX_POINT ( 'NONE', #9008 ) ;
#4069 = ORIENTED_EDGE ( 'NONE', *, *, #1020, .T. ) ;
#4070 = CARTESIAN_POINT ( 'NONE',  ( -37.85000000000000853, -9.000000000000001776, -10.00000000000000000 ) ) ;
#4071 = CARTESIAN_POINT ( 'NONE',  ( 18.50000000000000355, 7.762049935181331684, -20.74999999999999645 ) ) ;
#4072 = VECTOR ( 'NONE', #2404, 1000.000000000000000 ) ;
#4073 = PLANE ( 'NONE',  #7960 ) ;
#4074 = CARTESIAN_POINT ( 'NONE',  ( -29.35000000000000497, -1.800000000000002931, 9.000000000000001776 ) ) ;
#4075 = CARTESIAN_POINT ( 'NONE',  ( -29.35000000000000497, -42.37740108089595026, -10.00000000000000000 ) ) ;
#4076 = ORIENTED_EDGE ( 'NONE', *, *, #10470, .T. ) ;
#4077 = ORIENTED_EDGE ( 'NONE', *, *, #1776, .F. ) ;
#4078 = LINE ( 'NONE', #9090, #3213 ) ;
#4079 = EDGE_CURVE ( 'NONE', #311, #1587, #4217, .T. ) ;
#4080 = ORIENTED_EDGE ( 'NONE', *, *, #8636, .F. ) ;
#4081 = VECTOR ( 'NONE', #7178, 1000.000000000000000 ) ;
#4082 = EDGE_LOOP ( 'NONE', ( #360, #6716, #3912, #9780, #9559, #420 ) ) ;
#4083 = PLANE ( 'NONE',  #6056 ) ;
#4084 = CARTESIAN_POINT ( 'NONE',  ( 6.550000000000001599, -0.9000000000000014655, -5.049999999999995381 ) ) ;
#4085 = CARTESIAN_POINT ( 'NONE',  ( -26.64999999999999503, -3.399999999999999911, -17.64999999999999503 ) ) ;
#4086 = CARTESIAN_POINT ( 'NONE',  ( 35.75000000000000000, 0.000000000000000000, 12.80000000000000249 ) ) ;
#4087 = ADVANCED_FACE ( 'NONE', ( #1697 ), #8154, .T. ) ;
#4088 = ORIENTED_EDGE ( 'NONE', *, *, #6824, .F. ) ;
#4089 = DIRECTION ( 'NONE',  ( 0.000000000000000000, -0.000000000000000000, -1.000000000000000000 ) ) ;
#4090 = ORIENTED_EDGE ( 'NONE', *, *, #2753, .T. ) ;
#4091 = CARTESIAN_POINT ( 'NONE',  ( -31.55000000000000782, 9.899999999999998579, 3.750000000000000444 ) ) ;
#4092 = VERTEX_POINT ( 'NONE', #2676 ) ;
#4093 = LINE ( 'NONE', #1049, #1786 ) ;
#4094 = ORIENTED_EDGE ( 'NONE', *, *, #2956, .T. ) ;
#4095 = DIRECTION ( 'NONE',  ( 0.000000000000000000, 0.000000000000000000, -1.000000000000000000 ) ) ;
#4096 = LINE ( 'NONE', #8841, #2268 ) ;
#4097 = DIRECTION ( 'NONE',  ( -1.000000000000000000, 0.000000000000000000, 0.000000000000000000 ) ) ;
#4098 = DIRECTION ( 'NONE',  ( 0.000000000000000000, 0.000000000000000000, 1.000000000000000000 ) ) ;
#4099 = LINE ( 'NONE', #10361, #380 ) ;
#4100 = ORIENTED_EDGE ( 'NONE', *, *, #1535, .F. ) ;
#4101 = LINE ( 'NONE', #1060, #4106 ) ;
#4102 = ADVANCED_FACE ( 'NONE', ( #1647 ), #3529, .F. ) ;
#4103 = EDGE_LOOP ( 'NONE', ( #9540, #8937 ) ) ;
#4104 = DIRECTION ( 'NONE',  ( 0.000000000000000000, 0.000000000000000000, -1.000000000000000000 ) ) ;
#4105 = ORIENTED_EDGE ( 'NONE', *, *, #67, .F. ) ;
#4106 = VECTOR ( 'NONE', #3313, 1000.000000000000000 ) ;
#4107 = FACE_OUTER_BOUND ( 'NONE', #2324, .T. ) ;
#4108 = DIRECTION ( 'NONE',  ( 1.000000000000000000, 0.000000000000000000, -0.000000000000000000 ) ) ;
#4109 = DIRECTION ( 'NONE',  ( -1.000000000000000000, 0.000000000000000000, 0.000000000000000000 ) ) ;
#4110 = VECTOR ( 'NONE', #10055, 1000.000000000000000 ) ;
#4111 = ADVANCED_FACE ( 'NONE', ( #9167 ), #6770, .F. ) ;
#4112 = LINE ( 'NONE', #4327, #30 ) ;
#4113 = EDGE_CURVE ( 'NONE', #557, #1569, #5707, .T. ) ;
#4114 = DIRECTION ( 'NONE',  ( -0.000000000000000000, 1.000000000000000000, -0.000000000000000000 ) ) ;
#4115 = ORIENTED_EDGE ( 'NONE', *, *, #3023, .F. ) ;
#4116 = PLANE ( 'NONE',  #10199 ) ;
#4117 = ORIENTED_EDGE ( 'NONE', *, *, #1491, .T. ) ;
#4118 = ORIENTED_EDGE ( 'NONE', *, *, #1804, .T. ) ;
#4119 = CLOSED_SHELL ( 'NONE', ( #4227, #8808, #7956, #2839, #3913, #3449, #2778, #3380, #7050, #9782, #5758, #3045, #7476, #5319, #9650, #2371 ) ) ;
#4120 = ORIENTED_EDGE ( 'NONE', *, *, #4549, .T. ) ;
#4121 = CARTESIAN_POINT ( 'NONE',  ( 34.75000000000000000, 1.600000000000000089, 0.000000000000000000 ) ) ;
#4122 = AXIS2_PLACEMENT_3D ( 'NONE', #6524, #1608, #1665 ) ;
#4123 = DIRECTION ( 'NONE',  ( 0.000000000000000000, 1.000000000000000000, 0.000000000000000000 ) ) ;
#4124 = FACE_OUTER_BOUND ( 'NONE', #8795, .T. ) ;
#4125 = ADVANCED_FACE ( 'NONE', ( #4160 ), #3369, .T. ) ;
#4126 = AXIS2_PLACEMENT_3D ( 'NONE', #805, #5930, #9764 ) ;
#4127 = LINE ( 'NONE', #3229, #10090 ) ;
#4128 = DIRECTION ( 'NONE',  ( -0.000000000000000000, -0.000000000000000000, -1.000000000000000000 ) ) ;
#4129 = ORIENTED_EDGE ( 'NONE', *, *, #5589, .F. ) ;
#4130 = ORIENTED_EDGE ( 'NONE', *, *, #2592, .F. ) ;
#4131 = CARTESIAN_POINT ( 'NONE',  ( 39.25000000000000000, 4.099999999999998757, 14.24999999999999822 ) ) ;
#4132 = ORIENTED_EDGE ( 'NONE', *, *, #5079, .F. ) ;
#4133 = VECTOR ( 'NONE', #658, 1000.000000000000000 ) ;
#4134 = ORIENTED_EDGE ( 'NONE', *, *, #5174, .T. ) ;
#4135 = CARTESIAN_POINT ( 'NONE',  ( -19.64999999999999858, -1.799999999999994493, -19.24999999999999645 ) ) ;
#4136 = VECTOR ( 'NONE', #4563, 1000.000000000000000 ) ;
#4137 = EDGE_CURVE ( 'NONE', #639, #6425, #5921, .T. ) ;
#4138 = CARTESIAN_POINT ( 'NONE',  ( -19.64999999999999858, 1.600000000000000089, -5.049999999999995381 ) ) ;
#4139 = DIRECTION ( 'NONE',  ( -0.000000000000000000, -0.000000000000000000, -1.000000000000000000 ) ) ;
#4140 = AXIS2_PLACEMENT_3D ( 'NONE', #1806, #199, #1053 ) ;
#4141 = DIRECTION ( 'NONE',  ( 0.000000000000000000, -0.000000000000000000, 1.000000000000000000 ) ) ;
#4142 = EDGE_LOOP ( 'NONE', ( #2728, #1498, #2633, #4694 ) ) ;
#4143 = CARTESIAN_POINT ( 'NONE',  ( 21.85000000000000497, 7.500000000000000888, 12.92992172241327786 ) ) ;
#4144 = VERTEX_POINT ( 'NONE', #959 ) ;
#4145 = DIRECTION ( 'NONE',  ( -0.000000000000000000, -0.000000000000000000, 1.000000000000000000 ) ) ;
#4146 = ORIENTED_EDGE ( 'NONE', *, *, #9825, .F. ) ;
#4147 = AXIS2_PLACEMENT_3D ( 'NONE', #8796, #1480, #1379 ) ;
#4148 = VECTOR ( 'NONE', #8082, 1000.000000000000000 ) ;
#4149 = ADVANCED_FACE ( 'NONE', ( #205 ), #6613, .F. ) ;
#4150 = CARTESIAN_POINT ( 'NONE',  ( 5.950000000000005507, 5.000000000000000000, -19.25000000000000000 ) ) ;
#4151 = VERTEX_POINT ( 'NONE', #157 ) ;
#4152 = EDGE_CURVE ( 'NONE', #3224, #6551, #6663, .T. ) ;
#4153 = DIRECTION ( 'NONE',  ( 0.000000000000000000, 0.000000000000000000, 1.000000000000000000 ) ) ;
#4154 = CARTESIAN_POINT ( 'NONE',  ( -33.25000000000000000, 9.899999999999998579, 5.450000000000001066 ) ) ;
#4155 = CARTESIAN_POINT ( 'NONE',  ( 0.000000000000000000, 6.200000000000000178, 0.000000000000000000 ) ) ;
#4156 = CARTESIAN_POINT ( 'NONE',  ( 21.85000000000000142, -0.6999999999999992895, 20.75000000000000355 ) ) ;
#4157 = PLANE ( 'NONE',  #7234 ) ;
#4158 = ORIENTED_EDGE ( 'NONE', *, *, #3099, .T. ) ;
#4159 = VECTOR ( 'NONE', #9569, 1000.000000000000000 ) ;
#4160 = FACE_OUTER_BOUND ( 'NONE', #2426, .T. ) ;
#4161 = ORIENTED_EDGE ( 'NONE', *, *, #1197, .F. ) ;
#4162 = CARTESIAN_POINT ( 'NONE',  ( 6.913961030678926534, -1.799999999999990052, -61.94928997712344199 ) ) ;
#4163 = VERTEX_POINT ( 'NONE', #5065 ) ;
#4164 = LINE ( 'NONE', #7365, #7915 ) ;
#4165 = EDGE_CURVE ( 'NONE', #2949, #7362, #8958, .T. ) ;
#4166 = AXIS2_PLACEMENT_3D ( 'NONE', #9593, #7991, #7091 ) ;
#4167 = DIRECTION ( 'NONE',  ( 0.000000000000000000, 0.000000000000000000, -1.000000000000000000 ) ) ;
#4168 = CARTESIAN_POINT ( 'NONE',  ( -31.04999999999999716, 5.400000000000004796, -21.54999999999999716 ) ) ;
#4169 = DIRECTION ( 'NONE',  ( 0.000000000000000000, 1.000000000000000000, -0.000000000000000000 ) ) ;
#4170 = AXIS2_PLACEMENT_3D ( 'NONE', #7732, #8528, #8632 ) ;
#4171 = LINE ( 'NONE', #6781, #3841 ) ;
#4172 = ORIENTED_EDGE ( 'NONE', *, *, #2105, .T. ) ;
#4173 = PLANE ( 'NONE',  #9003 ) ;
#4174 = CIRCLE ( 'NONE', #6899, 2.999999999999999112 ) ;
#4175 = EDGE_LOOP ( 'NONE', ( #3647, #6460 ) ) ;
#4176 = VERTEX_POINT ( 'NONE', #9969 ) ;
#4177 = EDGE_CURVE ( 'NONE', #3519, #9301, #1010, .T. ) ;
#4178 = EDGE_LOOP ( 'NONE', ( #1508, #1661, #5352, #2156 ) ) ;
#4179 = VECTOR ( 'NONE', #8592, 1000.000000000000000 ) ;
#4180 = DIRECTION ( 'NONE',  ( 0.000000000000000000, -0.000000000000000000, -1.000000000000000000 ) ) ;
#4181 = VECTOR ( 'NONE', #8043, 1000.000000000000000 ) ;
#4182 = EDGE_CURVE ( 'NONE', #5258, #4866, #3470, .T. ) ;
#4183 = CARTESIAN_POINT ( 'NONE',  ( 14.15000000000000213, -0.2500000000000000000, -0.1499999999999973577 ) ) ;
#4184 = VECTOR ( 'NONE', #6094, 1000.000000000000000 ) ;
#4185 = CARTESIAN_POINT ( 'NONE',  ( 21.85000000000000142, 8.499999999999989342, 23.75000000000000355 ) ) ;
#4186 = CARTESIAN_POINT ( 'NONE',  ( -23.85000000000000142, -4.999999999999999112, 23.15000000000000568 ) ) ;
#4187 = ORIENTED_EDGE ( 'NONE', *, *, #1897, .T. ) ;
#4188 = VECTOR ( 'NONE', #9272, 1000.000000000000000 ) ;
#4189 = ORIENTED_EDGE ( 'NONE', *, *, #3703, .F. ) ;
#4190 = DIRECTION ( 'NONE',  ( 0.000000000000000000, 1.836970198721029688E-16, -1.000000000000000000 ) ) ;
#4191 = VECTOR ( 'NONE', #2597, 1000.000000000000000 ) ;
#4192 = ORIENTED_EDGE ( 'NONE', *, *, #6587, .F. ) ;
#4193 = EDGE_CURVE ( 'NONE', #6678, #9231, #4101, .T. ) ;
#4194 = EDGE_CURVE ( 'NONE', #6597, #8221, #7359, .T. ) ;
#4195 = ORIENTED_EDGE ( 'NONE', *, *, #7261, .F. ) ;
#4196 = DIRECTION ( 'NONE',  ( 0.000000000000000000, 1.000000000000000000, 0.000000000000000000 ) ) ;
#4197 = ADVANCED_FACE ( 'NONE', ( #8477 ), #6075, .F. ) ;
#4198 = CARTESIAN_POINT ( 'NONE',  ( 10.15000000000000568, 3.600000000000000533, 17.44999999999999929 ) ) ;
#4199 = DIRECTION ( 'NONE',  ( -0.000000000000000000, -0.000000000000000000, 1.000000000000000000 ) ) ;
#4200 = PLANE ( 'NONE',  #3074 ) ;
#4201 = FACE_OUTER_BOUND ( 'NONE', #3757, .T. ) ;
#4202 = ORIENTED_EDGE ( 'NONE', *, *, #9424, .T. ) ;
#4203 = CARTESIAN_POINT ( 'NONE',  ( 35.75000000000000000, 0.000000000000000000, 22.14999999999999858 ) ) ;
#4204 = ORIENTED_EDGE ( 'NONE', *, *, #5680, .F. ) ;
#4205 = CARTESIAN_POINT ( 'NONE',  ( -38.64999999999999858, -1.799999999999999600, -6.049999999999999822 ) ) ;
#4206 = ORIENTED_EDGE ( 'NONE', *, *, #2180, .F. ) ;
#4207 = ADVANCED_FACE ( 'NONE', ( #4529 ), #6872, .T. ) ;
#4208 =( BOUNDED_CURVE ( )  B_SPLINE_CURVE ( 3, ( #7859, #3310, #2509, #4551 ),
 .UNSPECIFIED., .F., .F. ) 
 B_SPLINE_CURVE_WITH_KNOTS ( ( 4, 4 ),
 ( 0.000000000000000000, 1.570796326794896558 ),
 .UNSPECIFIED. ) 
 CURVE ( )  GEOMETRIC_REPRESENTATION_ITEM ( )  RATIONAL_B_SPLINE_CURVE ( ( 1.000000000000000000, 0.8047378541243649375, 0.8047378541243649375, 1.000000000000000000 ) ) 
 REPRESENTATION_ITEM ( '' )  );
#4209 = LINE ( 'NONE', #7564, #761 ) ;
#4210 = VERTEX_POINT ( 'NONE', #7734 ) ;
#4211 = FACE_OUTER_BOUND ( 'NONE', #4741, .T. ) ;
#4212 = CARTESIAN_POINT ( 'NONE',  ( 24.85000000000000853, -4.999999999999992006, 23.15000000000000568 ) ) ;
#4213 = CARTESIAN_POINT ( 'NONE',  ( 22.04999999999999716, 7.000000000000004441, 23.15100000000000691 ) ) ;
#4214 = DIRECTION ( 'NONE',  ( 0.000000000000000000, 0.000000000000000000, 1.000000000000000000 ) ) ;
#4215 = DIRECTION ( 'NONE',  ( 1.000000000000000000, 0.000000000000000000, 0.000000000000000000 ) ) ;
#4216 = ORIENTED_EDGE ( 'NONE', *, *, #3517, .T. ) ;
#4217 = LINE ( 'NONE', #2564, #6185 ) ;
#4218 = VERTEX_POINT ( 'NONE', #3577 ) ;
#4219 = CARTESIAN_POINT ( 'NONE',  ( 12.84999999999999964, -5.000000000000000000, -13.14999999999999858 ) ) ;
#4220 = VERTEX_POINT ( 'NONE', #10124 ) ;
#4221 = VECTOR ( 'NONE', #5671, 1000.000000000000000 ) ;
#4222 = EDGE_CURVE ( 'NONE', #7198, #10523, #4284, .T. ) ;
#4223 = DIRECTION ( 'NONE',  ( 0.000000000000000000, 1.000000000000000000, 0.000000000000000000 ) ) ;
#4224 = CARTESIAN_POINT ( 'NONE',  ( 38.85000000000000142, 1.600000000000000089, -20.74999999999999645 ) ) ;
#4225 = DIRECTION ( 'NONE',  ( -0.000000000000000000, -1.000000000000000000, 0.000000000000000000 ) ) ;
#4226 = DIRECTION ( 'NONE',  ( 0.000000000000000000, 0.000000000000000000, -1.000000000000000000 ) ) ;
#4227 = ADVANCED_FACE ( 'NONE', ( #3779 ), #4579, .F. ) ;
#4228 = CARTESIAN_POINT ( 'NONE',  ( -33.25000000000000000, -9.000000000000001776, 6.049999999999999822 ) ) ;
#4229 = ORIENTED_EDGE ( 'NONE', *, *, #6160, .T. ) ;
#4230 = CARTESIAN_POINT ( 'NONE',  ( 13.64814941654042713, -0.9000000000000033529, -16.64999999999999858 ) ) ;
#4231 = ORIENTED_EDGE ( 'NONE', *, *, #9277, .T. ) ;
#4232 = VERTEX_POINT ( 'NONE', #1162 ) ;
#4233 = VECTOR ( 'NONE', #7158, 1000.000000000000000 ) ;
#4234 = ORIENTED_EDGE ( 'NONE', *, *, #1372, .F. ) ;
#4235 = PLANE ( 'NONE',  #4926 ) ;
#4236 = DIRECTION ( 'NONE',  ( 0.000000000000000000, -1.000000000000000000, 0.000000000000000000 ) ) ;
#4237 = CARTESIAN_POINT ( 'NONE',  ( 27.95000000000000639, 7.500000000000000888, 23.15000000000000568 ) ) ;
#4238 = CARTESIAN_POINT ( 'NONE',  ( -26.85000000000000497, -4.999999999999999112, 23.35100000000000264 ) ) ;
#4239 = VECTOR ( 'NONE', #1710, 1000.000000000000000 ) ;
#4240 = ORIENTED_EDGE ( 'NONE', *, *, #850, .T. ) ;
#4241 = ORIENTED_EDGE ( 'NONE', *, *, #7123, .T. ) ;
#4242 = LINE ( 'NONE', #3446, #10020 ) ;
#4243 = EDGE_CURVE ( 'NONE', #3902, #142, #7026, .T. ) ;
#4244 = VERTEX_POINT ( 'NONE', #1266 ) ;
#4245 = ORIENTED_EDGE ( 'NONE', *, *, #9377, .T. ) ;
#4246 = AXIS2_PLACEMENT_3D ( 'NONE', #218, #7590, #2688 ) ;
#4247 = LINE ( 'NONE', #1145, #1853 ) ;
#4248 = DIRECTION ( 'NONE',  ( -0.000000000000000000, -1.000000000000000000, -0.000000000000000000 ) ) ;
#4249 = DIRECTION ( 'NONE',  ( 1.000000000000000000, -0.000000000000000000, -0.000000000000000000 ) ) ;
#4250 = EDGE_CURVE ( 'NONE', #10245, #798, #5166, .T. ) ;
#4251 = LINE ( 'NONE', #1568, #3291 ) ;
#4252 = ADVANCED_FACE ( 'NONE', ( #9269 ), #310, .F. ) ;
#4253 = ORIENTED_EDGE ( 'NONE', *, *, #2619, .T. ) ;
#4254 = LINE ( 'NONE', #4203, #8540 ) ;
#4255 = VECTOR ( 'NONE', #4756, 1000.000000000000000 ) ;
#4256 = CARTESIAN_POINT ( 'NONE',  ( -39.25000000000000000, 1.600000000000000089, -17.54999999999999716 ) ) ;
#4257 = ORIENTED_EDGE ( 'NONE', *, *, #138, .T. ) ;
#4258 = ORIENTED_EDGE ( 'NONE', *, *, #1443, .F. ) ;
#4259 = FACE_OUTER_BOUND ( 'NONE', #9499, .T. ) ;
#4260 = VERTEX_POINT ( 'NONE', #10067 ) ;
#4261 = DIRECTION ( 'NONE',  ( 1.032573497605241978E-16, 1.000000000000000000, 0.000000000000000000 ) ) ;
#4262 = DIRECTION ( 'NONE',  ( 0.000000000000000000, 0.000000000000000000, 1.000000000000000000 ) ) ;
#4263 = DIRECTION ( 'NONE',  ( 0.000000000000000000, 1.000000000000000000, -0.000000000000000000 ) ) ;
#4264 = DIRECTION ( 'NONE',  ( -0.000000000000000000, 1.000000000000000000, -0.000000000000000000 ) ) ;
#4265 = DIRECTION ( 'NONE',  ( 1.000000000000000000, 0.000000000000000000, -8.673617379884027583E-16 ) ) ;
#4266 = ADVANCED_FACE ( 'NONE', ( #5970 ), #1974, .F. ) ;
#4267 = ORIENTED_EDGE ( 'NONE', *, *, #1537, .T. ) ;
#4268 = CARTESIAN_POINT ( 'NONE',  ( -37.85000000000000853, 9.899999999999998579, -5.450000000000000178 ) ) ;
#4269 = VERTEX_POINT ( 'NONE', #5224 ) ;
#4270 = FACE_OUTER_BOUND ( 'NONE', #1852, .T. ) ;
#4271 = ORIENTED_EDGE ( 'NONE', *, *, #9313, .T. ) ;
#4272 = CARTESIAN_POINT ( 'NONE',  ( -20.64999999999999858, -3.399999999999999911, -19.45000000000000284 ) ) ;
#4273 = DIRECTION ( 'NONE',  ( 1.000000000000000000, -1.032573497605242471E-16, 0.000000000000000000 ) ) ;
#4274 = CARTESIAN_POINT ( 'NONE',  ( 20.65000000000000213, -1.799999999999971845, -16.94999999999999574 ) ) ;
#4275 = DIRECTION ( 'NONE',  ( 0.000000000000000000, -1.000000000000000000, 0.000000000000000000 ) ) ;
#4276 = EDGE_CURVE ( 'NONE', #2379, #7570, #1915, .T. ) ;
#4277 = DIRECTION ( 'NONE',  ( -0.000000000000000000, -1.000000000000000000, -0.000000000000000000 ) ) ;
#4278 = ORIENTED_EDGE ( 'NONE', *, *, #1295, .T. ) ;
#4279 = LINE ( 'NONE', #1073, #9863 ) ;
#4280 = ORIENTED_EDGE ( 'NONE', *, *, #5904, .T. ) ;
#4281 = EDGE_LOOP ( 'NONE', ( #1191, #9476, #3370, #6122 ) ) ;
#4282 = VERTEX_POINT ( 'NONE', #6928 ) ;
#4283 = FACE_OUTER_BOUND ( 'NONE', #7861, .T. ) ;
#4284 = CIRCLE ( 'NONE', #3603, 2.649999999999999467 ) ;
#4285 = ADVANCED_FACE ( 'NONE', ( #8634 ), #5276, .T. ) ;
#4286 = DIRECTION ( 'NONE',  ( -2.891205793294679411E-15, 0.000000000000000000, -1.000000000000000000 ) ) ;
#4287 = DIRECTION ( 'NONE',  ( -0.000000000000000000, -0.000000000000000000, -1.000000000000000000 ) ) ;
#4288 = EDGE_CURVE ( 'NONE', #8956, #8173, #6978, .T. ) ;
#4289 = CARTESIAN_POINT ( 'NONE',  ( 39.25000000000000000, -0.6999999999999998446, 23.34999999999999432 ) ) ;
#4290 = VECTOR ( 'NONE', #4759, 1000.000000000000000 ) ;
#4291 = VERTEX_POINT ( 'NONE', #5325 ) ;
#4292 = ORIENTED_EDGE ( 'NONE', *, *, #8216, .T. ) ;
#4293 = CARTESIAN_POINT ( 'NONE',  ( -37.35000000000000142, 1.600000000000000089, 0.000000000000000000 ) ) ;
#4294 = VERTEX_POINT ( 'NONE', #415 ) ;
#4295 = ORIENTED_EDGE ( 'NONE', *, *, #6982, .F. ) ;
#4296 = DIRECTION ( 'NONE',  ( 0.000000000000000000, 0.000000000000000000, -1.000000000000000000 ) ) ;
#4297 = VECTOR ( 'NONE', #9177, 1000.000000000000000 ) ;
#4298 = DIRECTION ( 'NONE',  ( 0.000000000000000000, -1.000000000000000000, -1.694065894508601171E-16 ) ) ;
#4299 = DIRECTION ( 'NONE',  ( -0.000000000000000000, -1.000000000000000000, -0.000000000000000000 ) ) ;
#4300 = CARTESIAN_POINT ( 'NONE',  ( -20.44999999999999929, 1.600000000000000089, 20.75000000000000355 ) ) ;
#4301 = ORIENTED_EDGE ( 'NONE', *, *, #9363, .F. ) ;
#4302 = FACE_OUTER_BOUND ( 'NONE', #6638, .T. ) ;
#4303 = VERTEX_POINT ( 'NONE', #5383 ) ;
#4304 = ORIENTED_EDGE ( 'NONE', *, *, #9512, .F. ) ;
#4305 = VECTOR ( 'NONE', #6364, 1000.000000000000000 ) ;
#4306 = ADVANCED_FACE ( 'NONE', ( #3681 ), #10181, .T. ) ;
#4307 = VECTOR ( 'NONE', #6636, 1000.000000000000000 ) ;
#4308 = CARTESIAN_POINT ( 'NONE',  ( -0.5000000000000004441, 7.762049935181331684, -20.74999999999999645 ) ) ;
#4309 = CARTESIAN_POINT ( 'NONE',  ( -33.85000000000000853, -0.3999999999999999667, 7.000000000000000888 ) ) ;
#4310 = LINE ( 'NONE', #150, #1079 ) ;
#4311 = EDGE_CURVE ( 'NONE', #3232, #1479, #5815, .T. ) ;
#4312 = LINE ( 'NONE', #955, #3318 ) ;
#4313 = CARTESIAN_POINT ( 'NONE',  ( -30.95000000000000995, -9.000000000000001776, -3.750000000000000444 ) ) ;
#4314 = DIRECTION ( 'NONE',  ( 0.000000000000000000, 1.000000000000000000, 0.000000000000000000 ) ) ;
#4315 = ORIENTED_EDGE ( 'NONE', *, *, #8955, .F. ) ;
#4316 = CARTESIAN_POINT ( 'NONE',  ( 32.95000000000001705, 9.899999999999998579, -19.80000000000000071 ) ) ;
#4317 = AXIS2_PLACEMENT_3D ( 'NONE', #9058, #5762, #9815 ) ;
#4318 = VERTEX_POINT ( 'NONE', #9639 ) ;
#4319 = DIRECTION ( 'NONE',  ( 0.000000000000000000, -1.000000000000000000, 0.000000000000000000 ) ) ;
#4320 = ORIENTED_EDGE ( 'NONE', *, *, #5904, .F. ) ;
#4321 = AXIS2_PLACEMENT_3D ( 'NONE', #3893, #5590, #4899 ) ;
#4322 = ADVANCED_FACE ( 'NONE', ( #7183 ), #1468, .T. ) ;
#4323 = CARTESIAN_POINT ( 'NONE',  ( 0.000000000000000000, -3.399999999999999911, 0.000000000000000000 ) ) ;
#4324 = LINE ( 'NONE', #9066, #6566 ) ;
#4325 = AXIS2_PLACEMENT_3D ( 'NONE', #1966, #2067, #6971 ) ;
#4326 = CARTESIAN_POINT ( 'NONE',  ( -33.25000000000000000, 6.200000000000001066, 23.34999999999999787 ) ) ;
#4327 = CARTESIAN_POINT ( 'NONE',  ( -11.75000000000000000, 0.5000000000000000000, -10.34999999999999076 ) ) ;
#4328 = LINE ( 'NONE', #8979, #3125 ) ;
#4329 = DIRECTION ( 'NONE',  ( 0.000000000000000000, 1.000000000000000000, 0.000000000000000000 ) ) ;
#4330 = ORIENTED_EDGE ( 'NONE', *, *, #1408, .T. ) ;
#4331 = CARTESIAN_POINT ( 'NONE',  ( -26.75000000000000000, 3.600000000000004530, -19.25000000000000000 ) ) ;
#4332 = ORIENTED_EDGE ( 'NONE', *, *, #8797, .T. ) ;
#4333 = ORIENTED_EDGE ( 'NONE', *, *, #5603, .T. ) ;
#4334 = VECTOR ( 'NONE', #7140, 1000.000000000000000 ) ;
#4335 = VECTOR ( 'NONE', #9874, 1000.000000000000000 ) ;
#4336 = VERTEX_POINT ( 'NONE', #625 ) ;
#4337 = EDGE_CURVE ( 'NONE', #4908, #2576, #10492, .T. ) ;
#4338 = DIRECTION ( 'NONE',  ( 1.000000000000000000, 0.000000000000000000, 0.000000000000000000 ) ) ;
#4339 = AXIS2_PLACEMENT_3D ( 'NONE', #154, #9867, #8420 ) ;
#4340 = LINE ( 'NONE', #7600, #9531 ) ;
#4341 = DIRECTION ( 'NONE',  ( 0.000000000000000000, -0.000000000000000000, 1.000000000000000000 ) ) ;
#4342 = LINE ( 'NONE', #2095, #3797 ) ;
#4343 = VECTOR ( 'NONE', #1515, 1000.000000000000000 ) ;
#4344 = ORIENTED_EDGE ( 'NONE', *, *, #1477, .T. ) ;
#4345 = ORIENTED_EDGE ( 'NONE', *, *, #3847, .T. ) ;
#4346 = DIRECTION ( 'NONE',  ( 1.000000000000000000, 0.000000000000000000, 0.000000000000000000 ) ) ;
#4347 = VECTOR ( 'NONE', #4916, 1000.000000000000000 ) ;
#4348 = EDGE_LOOP ( 'NONE', ( #4790, #2677, #2563, #8300 ) ) ;
#4349 = ORIENTED_EDGE ( 'NONE', *, *, #8840, .F. ) ;
#4350 = EDGE_CURVE ( 'NONE', #4029, #1479, #8034, .T. ) ;
#4351 = VECTOR ( 'NONE', #6406, 1000.000000000000000 ) ;
#4352 = DIRECTION ( 'NONE',  ( 0.000000000000000000, 0.000000000000000000, 1.000000000000000000 ) ) ;
#4353 = AXIS2_PLACEMENT_3D ( 'NONE', #6839, #10089, #1994 ) ;
#4354 = DIRECTION ( 'NONE',  ( -0.000000000000000000, -1.000000000000000000, -0.000000000000000000 ) ) ;
#4355 = AXIS2_PLACEMENT_3D ( 'NONE', #5327, #5972, #6176 ) ;
#4356 = DIRECTION ( 'NONE',  ( 0.000000000000000000, 1.000000000000000000, 0.000000000000000000 ) ) ;
#4357 = CARTESIAN_POINT ( 'NONE',  ( 17.50000000000000000, 7.762049935181331684, -21.94999999999999574 ) ) ;
#4358 = ORIENTED_EDGE ( 'NONE', *, *, #6955, .T. ) ;
#4359 = VECTOR ( 'NONE', #10229, 1000.000000000000000 ) ;
#4360 = CARTESIAN_POINT ( 'NONE',  ( -19.64999999999999858, 1.600000000000000089, -5.049999999999995381 ) ) ;
#4361 = AXIS2_PLACEMENT_3D ( 'NONE', #8585, #9330, #5284 ) ;
#4362 = VERTEX_POINT ( 'NONE', #8880 ) ;
#4363 = VERTEX_POINT ( 'NONE', #5478 ) ;
#4364 = VECTOR ( 'NONE', #8943, 1000.000000000000000 ) ;
#4365 = CARTESIAN_POINT ( 'NONE',  ( 39.25000000000000000, -0.7000000000000000666, 23.75000000000000711 ) ) ;
#4366 = LINE ( 'NONE', #4309, #2694 ) ;
#4367 = DIRECTION ( 'NONE',  ( 0.000000000000000000, 0.000000000000000000, -1.000000000000000000 ) ) ;
#4368 = PLANE ( 'NONE',  #2556 ) ;
#4369 = LINE ( 'NONE', #1159, #6906 ) ;
#4370 = LINE ( 'NONE', #5809, #1096 ) ;
#4371 = ORIENTED_EDGE ( 'NONE', *, *, #2301, .T. ) ;
#4372 = DIRECTION ( 'NONE',  ( 0.000000000000000000, -0.000000000000000000, 1.000000000000000000 ) ) ;
#4373 = ORIENTED_EDGE ( 'NONE', *, *, #1967, .T. ) ;
#4374 = DIRECTION ( 'NONE',  ( 0.000000000000000000, 1.000000000000000000, 0.000000000000000000 ) ) ;
#4375 = ORIENTED_EDGE ( 'NONE', *, *, #4165, .T. ) ;
#4376 = ADVANCED_FACE ( 'NONE', ( #4679 ), #7132, .T. ) ;
#4377 = EDGE_CURVE ( 'NONE', #2988, #6288, #5636, .T. ) ;
#4378 = FACE_BOUND ( 'NONE', #3706, .T. ) ;
#4379 = PLANE ( 'NONE',  #10317 ) ;
#4380 = CARTESIAN_POINT ( 'NONE',  ( 13.85000000000000142, -5.000000000000000000, -11.14999999999999503 ) ) ;
#4381 = PLANE ( 'NONE',  #4633 ) ;
#4382 = CARTESIAN_POINT ( 'NONE',  ( 34.25000000000000711, 9.900000000000000355, -3.115470053837923636 ) ) ;
#4383 = EDGE_CURVE ( 'NONE', #2585, #6113, #10388, .T. ) ;
#4384 = ADVANCED_FACE ( 'NONE', ( #1366 ), #6324, .T. ) ;
#4385 = CARTESIAN_POINT ( 'NONE',  ( -26.64999999999999503, -1.899999999999992362, -20.24999999999999645 ) ) ;
#4386 = ORIENTED_EDGE ( 'NONE', *, *, #2982, .F. ) ;
#4387 = EDGE_CURVE ( 'NONE', #156, #3553, #2279, .T. ) ;
#4388 = ORIENTED_EDGE ( 'NONE', *, *, #10046, .T. ) ;
#4389 = ORIENTED_EDGE ( 'NONE', *, *, #4412, .F. ) ;
#4390 = VERTEX_POINT ( 'NONE', #9584 ) ;
#4391 = FACE_OUTER_BOUND ( 'NONE', #7496, .T. ) ;
#4392 = LINE ( 'NONE', #133, #2990 ) ;
#4393 = PLANE ( 'NONE',  #3113 ) ;
#4394 = LINE ( 'NONE', #2048, #3452 ) ;
#4395 = CARTESIAN_POINT ( 'NONE',  ( -33.85000000000000853, -9.000000000000001776, -8.448227494413583116 ) ) ;
#4396 = ADVANCED_FACE ( 'NONE', ( #6378 ), #4625, .F. ) ;
#4397 = ORIENTED_EDGE ( 'NONE', *, *, #2144, .F. ) ;
#4398 = FACE_OUTER_BOUND ( 'NONE', #9631, .T. ) ;
#4399 = ORIENTED_EDGE ( 'NONE', *, *, #389, .T. ) ;
#4400 = ORIENTED_EDGE ( 'NONE', *, *, #348, .F. ) ;
#4401 = LINE ( 'NONE', #7499, #9349 ) ;
#4402 = VECTOR ( 'NONE', #3068, 1000.000000000000000 ) ;
#4403 = FACE_OUTER_BOUND ( 'NONE', #8563, .T. ) ;
#4404 = DIRECTION ( 'NONE',  ( 0.000000000000000000, -1.000000000000000000, 0.000000000000000000 ) ) ;
#4405 = EDGE_CURVE ( 'NONE', #8265, #7084, #570, .T. ) ;
#4406 = ORIENTED_EDGE ( 'NONE', *, *, #4645, .T. ) ;
#4407 = CARTESIAN_POINT ( 'NONE',  ( -35.25000000000000000, -0.7000000000000000666, 22.14999999999999858 ) ) ;
#4408 = ORIENTED_EDGE ( 'NONE', *, *, #2157, .T. ) ;
#4409 = VECTOR ( 'NONE', #3025, 1000.000000000000000 ) ;
#4410 = VERTEX_POINT ( 'NONE', #6433 ) ;
#4411 = DIRECTION ( 'NONE',  ( -0.000000000000000000, -0.000000000000000000, -1.000000000000000000 ) ) ;
#4412 = EDGE_CURVE ( 'NONE', #4336, #10263, #10060, .T. ) ;
#4413 = CARTESIAN_POINT ( 'NONE',  ( -30.04999999999999716, 6.981024967590667707, -19.96897503240933247 ) ) ;
#4414 = CARTESIAN_POINT ( 'NONE',  ( -34.85000000000000142, 3.700000000000001954, 19.25000000000000000 ) ) ;
#4415 = CARTESIAN_POINT ( 'NONE',  ( 27.45000000000000639, 7.000000000000004441, 23.15100000000000691 ) ) ;
#4416 = AXIS2_PLACEMENT_3D ( 'NONE', #6580, #9773, #3334 ) ;
#4417 = CARTESIAN_POINT ( 'NONE',  ( -33.25000000000000000, 8.500000000000000000, 22.05000000000000071 ) ) ;
#4418 = DIRECTION ( 'NONE',  ( -1.000000000000000000, 0.000000000000000000, 0.000000000000000000 ) ) ;
#4419 = ORIENTED_EDGE ( 'NONE', *, *, #141, .F. ) ;
#4420 = DIRECTION ( 'NONE',  ( 0.000000000000000000, 0.000000000000000000, -1.000000000000000000 ) ) ;
#4421 = ORIENTED_EDGE ( 'NONE', *, *, #7309, .T. ) ;
#4422 = CARTESIAN_POINT ( 'NONE',  ( 17.50000000000000355, 7.762049935181331684, -20.74999999999999645 ) ) ;
#4423 = EDGE_LOOP ( 'NONE', ( #1131, #8635, #8543, #5090 ) ) ;
#4424 = AXIS2_PLACEMENT_3D ( 'NONE', #8653, #490, #6947 ) ;
#4425 = VECTOR ( 'NONE', #9581, 1000.000000000000000 ) ;
#4426 = CARTESIAN_POINT ( 'NONE',  ( -31.55000000000000782, 9.899999999999998579, 5.450000000000000178 ) ) ;
#4427 = CYLINDRICAL_SURFACE ( 'NONE', #225, 0.4000000000000010214 ) ;
#4428 = CARTESIAN_POINT ( 'NONE',  ( 39.25000000000000000, -0.7000000000000000666, 22.14999999999999858 ) ) ;
#4429 = EDGE_CURVE ( 'NONE', #1679, #4019, #673, .T. ) ;
#4430 = CARTESIAN_POINT ( 'NONE',  ( 15.00000000000000355, -0.2500000000000000000, -5.249999999999995559 ) ) ;
#4431 = CARTESIAN_POINT ( 'NONE',  ( 15.85000000000000320, -0.2499999999999998890, -0.1499999999999973577 ) ) ;
#4432 = CARTESIAN_POINT ( 'NONE',  ( 17.50000000000000000, 5.400000000000004796, -21.94999999999999574 ) ) ;
#4433 = ORIENTED_EDGE ( 'NONE', *, *, #136, .T. ) ;
#4434 = VERTEX_POINT ( 'NONE', #4773 ) ;
#4435 = ORIENTED_EDGE ( 'NONE', *, *, #328, .T. ) ;
#4436 = VERTEX_POINT ( 'NONE', #2226 ) ;
#4437 = DIRECTION ( 'NONE',  ( 1.000000000000000000, 0.000000000000000000, -0.000000000000000000 ) ) ;
#4438 = EDGE_CURVE ( 'NONE', #3987, #1434, #8732, .T. ) ;
#4439 = ADVANCED_FACE ( 'NONE', ( #2989 ), #2386, .F. ) ;
#4440 = DIRECTION ( 'NONE',  ( -1.000000000000000000, 0.000000000000000000, 0.000000000000000000 ) ) ;
#4441 = PLANE ( 'NONE',  #8517 ) ;
#4442 = CARTESIAN_POINT ( 'NONE',  ( -33.85000000000000853, -9.000000000000001776, 8.448227494413583116 ) ) ;
#4443 = DIRECTION ( 'NONE',  ( -1.000000000000000000, -0.000000000000000000, -0.000000000000000000 ) ) ;
#4444 = PLANE ( 'NONE',  #4836 ) ;
#4445 = ORIENTED_EDGE ( 'NONE', *, *, #3794, .T. ) ;
#4446 = CARTESIAN_POINT ( 'NONE',  ( 10.15000000000000568, 3.600000000000000533, 19.25000000000000000 ) ) ;
#4447 = ORIENTED_EDGE ( 'NONE', *, *, #1967, .F. ) ;
#4448 = AXIS2_PLACEMENT_3D ( 'NONE', #3731, #1112, #7680 ) ;
#4449 = VERTEX_POINT ( 'NONE', #5583 ) ;
#4450 = CARTESIAN_POINT ( 'NONE',  ( -29.65000000000001990, -0.3999999999999999667, 10.00000000000000000 ) ) ;
#4451 = EDGE_CURVE ( 'NONE', #2179, #471, #9040, .T. ) ;
#4452 = DIRECTION ( 'NONE',  ( -0.000000000000000000, -1.000000000000000000, -0.000000000000000000 ) ) ;
#4453 = DIRECTION ( 'NONE',  ( 0.7071067811865352493, 0.000000000000000000, -0.7071067811865597852 ) ) ;
#4454 = LINE ( 'NONE', #6962, #7799 ) ;
#4455 = AXIS2_PLACEMENT_3D ( 'NONE', #298, #5314, #10168 ) ;
#4456 = DIRECTION ( 'NONE',  ( 0.000000000000000000, 1.000000000000000000, 0.000000000000000000 ) ) ;
#4457 = VERTEX_POINT ( 'NONE', #2547 ) ;
#4458 = DIRECTION ( 'NONE',  ( -0.000000000000000000, -0.000000000000000000, 1.000000000000000000 ) ) ;
#4459 = PRODUCT_CONTEXT ( 'NONE', #2408, 'mechanical' ) ;
#4460 = ORIENTED_EDGE ( 'NONE', *, *, #8413, .T. ) ;
#4461 = VECTOR ( 'NONE', #442, 1000.000000000000000 ) ;
#4462 = VERTEX_POINT ( 'NONE', #1794 ) ;
#4463 = EDGE_CURVE ( 'NONE', #1089, #8912, #866, .T. ) ;
#4464 = DIRECTION ( 'NONE',  ( -0.000000000000000000, -0.000000000000000000, -1.000000000000000000 ) ) ;
#4465 = CARTESIAN_POINT ( 'NONE',  ( -31.55000000000000782, -9.000000000000001776, 4.350000000000000533 ) ) ;
#4466 = CARTESIAN_POINT ( 'NONE',  ( -33.64999999999999858, 6.200000000000000178, 23.34999999999999787 ) ) ;
#4467 = DIRECTION ( 'NONE',  ( 0.000000000000000000, -1.000000000000000000, 0.000000000000000000 ) ) ;
#4468 = DIRECTION ( 'NONE',  ( 0.000000000000000000, 0.7071067811865474617, -0.7071067811865474617 ) ) ;
#4469 = LINE ( 'NONE', #1264, #5697 ) ;
#4470 = ORIENTED_EDGE ( 'NONE', *, *, #8785, .T. ) ;
#4471 = DIRECTION ( 'NONE',  ( 0.000000000000000000, 0.000000000000000000, 1.000000000000000000 ) ) ;
#4472 = VERTEX_POINT ( 'NONE', #7291 ) ;
#4473 = CARTESIAN_POINT ( 'NONE',  ( 34.75000000000000000, 1.600000000000000755, -14.24999999999999822 ) ) ;
#4474 = ORIENTED_EDGE ( 'NONE', *, *, #7116, .F. ) ;
#4475 = ADVANCED_FACE ( 'NONE', ( #7453 ), #7345, .T. ) ;
#4476 = VECTOR ( 'NONE', #7603, 1000.000000000000000 ) ;
#4477 = EDGE_CURVE ( 'NONE', #9325, #6053, #5798, .T. ) ;
#4478 = DIRECTION ( 'NONE',  ( 0.000000000000000000, 0.000000000000000000, 1.000000000000000000 ) ) ;
#4479 = DIRECTION ( 'NONE',  ( -0.000000000000000000, -1.000000000000000000, -0.000000000000000000 ) ) ;
#4480 = DIRECTION ( 'NONE',  ( -0.000000000000000000, 1.000000000000000000, -0.000000000000000000 ) ) ;
#4481 = CIRCLE ( 'NONE', #10439, 0.5999999999999998668 ) ;
#4482 = VECTOR ( 'NONE', #7224, 1000.000000000000000 ) ;
#4483 = DIRECTION ( 'NONE',  ( 1.000000000000000000, -0.000000000000000000, 0.000000000000000000 ) ) ;
#4484 = DIRECTION ( 'NONE',  ( -0.000000000000000000, -1.000000000000000000, 0.000000000000000000 ) ) ;
#4485 = CARTESIAN_POINT ( 'NONE',  ( 15.00000000000000355, -0.2500000000000000000, -5.249999999999995559 ) ) ;
#4486 = ORIENTED_EDGE ( 'NONE', *, *, #7123, .F. ) ;
#4487 = ORIENTED_EDGE ( 'NONE', *, *, #1941, .F. ) ;
#4488 = EDGE_CURVE ( 'NONE', #9444, #3615, #1716, .T. ) ;
#4489 = VECTOR ( 'NONE', #4714, 1000.000000000000000 ) ;
#4490 = DIRECTION ( 'NONE',  ( -0.000000000000000000, -0.000000000000000000, -1.000000000000000000 ) ) ;
#4491 = DIRECTION ( 'NONE',  ( 0.000000000000000000, 0.000000000000000000, 1.000000000000000000 ) ) ;
#4492 = LINE ( 'NONE', #7699, #2554 ) ;
#4493 = LINE ( 'NONE', #8703, #364 ) ;
#4494 = PLANE ( 'NONE',  #9928 ) ;
#4495 = CARTESIAN_POINT ( 'NONE',  ( -34.85000000000000142, 6.200000000000000178, 23.75000000000000000 ) ) ;
#4496 = EDGE_LOOP ( 'NONE', ( #7692, #2955, #1814, #9953 ) ) ;
#4497 = DIRECTION ( 'NONE',  ( 1.000000000000000000, 0.000000000000000000, 1.885568995626964287E-16 ) ) ;
#4498 = VECTOR ( 'NONE', #2395, 1000.000000000000000 ) ;
#4499 = EDGE_CURVE ( 'NONE', #7481, #10045, #9154, .T. ) ;
#4500 = ADVANCED_FACE ( 'NONE', ( #1850 ), #1045, .T. ) ;
#4501 = VERTEX_POINT ( 'NONE', #6701 ) ;
#4502 = ADVANCED_FACE ( 'NONE', ( #9954 ), #886, .T. ) ;
#4503 = VERTEX_POINT ( 'NONE', #8308 ) ;
#4504 = LINE ( 'NONE', #4661, #6967 ) ;
#4505 = DIRECTION ( 'NONE',  ( 0.000000000000000000, 0.000000000000000000, 1.000000000000000000 ) ) ;
#4506 = AXIS2_PLACEMENT_3D ( 'NONE', #5231, #422, #6983 ) ;
#4507 = CARTESIAN_POINT ( 'NONE',  ( -31.55000000000000782, -9.000000000000001776, -5.449999999999998401 ) ) ;
#4508 = DIRECTION ( 'NONE',  ( 0.000000000000000000, -1.000000000000000000, 0.000000000000000000 ) ) ;
#4509 = CARTESIAN_POINT ( 'NONE',  ( 34.75000000000000000, 9.100000000000001421, 14.25000000000000000 ) ) ;
#4510 = ORIENTED_EDGE ( 'NONE', *, *, #6653, .F. ) ;
#4511 = VECTOR ( 'NONE', #7785, 1000.000000000000000 ) ;
#4512 = CARTESIAN_POINT ( 'NONE',  ( 0.4999999999999997780, 7.181024967590668773, -20.16897503240933531 ) ) ;
#4513 = EDGE_CURVE ( 'NONE', #2182, #4959, #8249, .T. ) ;
#4514 = ADVANCED_FACE ( 'NONE', ( #6649 ), #943, .F. ) ;
#4515 = DIRECTION ( 'NONE',  ( 1.000000000000000000, 0.000000000000000000, 0.000000000000000000 ) ) ;
#4516 = ORIENTED_EDGE ( 'NONE', *, *, #3303, .T. ) ;
#4517 = EDGE_CURVE ( 'NONE', #8141, #3359, #4254, .T. ) ;
#4518 = VECTOR ( 'NONE', #5803, 1000.000000000000000 ) ;
#4519 = VERTEX_POINT ( 'NONE', #9904 ) ;
#4520 = VECTOR ( 'NONE', #8060, 1000.000000000000000 ) ;
#4521 = DIRECTION ( 'NONE',  ( 1.000000000000000000, 0.000000000000000000, 0.000000000000000000 ) ) ;
#4522 = VECTOR ( 'NONE', #153, 1000.000000000000000 ) ;
#4523 = CARTESIAN_POINT ( 'NONE',  ( 5.950000000000005507, 5.000000000000000000, -19.25000000000000000 ) ) ;
#4524 = CYLINDRICAL_SURFACE ( 'NONE', #9777, 9.349999999999990763 ) ;
#4525 = VECTOR ( 'NONE', #7206, 1000.000000000000000 ) ;
#4526 = CARTESIAN_POINT ( 'NONE',  ( -31.55000000000000782, -9.000000000000001776, 5.450000000000000178 ) ) ;
#4527 = CARTESIAN_POINT ( 'NONE',  ( 0.5500000000000001554, 5.049999999999998046, -6.049999999999993605 ) ) ;
#4528 = EDGE_LOOP ( 'NONE', ( #5676, #4445, #4134, #3810 ) ) ;
#4529 = FACE_OUTER_BOUND ( 'NONE', #8554, .T. ) ;
#4530 = ORIENTED_EDGE ( 'NONE', *, *, #8299, .F. ) ;
#4531 = EDGE_CURVE ( 'NONE', #5421, #8193, #5103, .T. ) ;
#4532 = DIRECTION ( 'NONE',  ( 0.000000000000000000, -1.000000000000000000, -0.000000000000000000 ) ) ;
#4533 = VECTOR ( 'NONE', #9169, 1000.000000000000114 ) ;
#4534 = EDGE_LOOP ( 'NONE', ( #4408, #9088, #7693, #3434, #7029, #6163, #10024, #5265 ) ) ;
#4535 = CARTESIAN_POINT ( 'NONE',  ( -31.55000000000000782, -0.3999999999999999667, 1.649999999999998579 ) ) ;
#4536 = CARTESIAN_POINT ( 'NONE',  ( 0.000000000000000000, 6.200000000000000178, -20.74999999999999645 ) ) ;
#4537 = CARTESIAN_POINT ( 'NONE',  ( -37.05000000000000426, -0.3999999999999993006, -6.049999999999999822 ) ) ;
#4538 = DIRECTION ( 'NONE',  ( -1.000000000000000000, 0.000000000000000000, 0.000000000000000000 ) ) ;
#4539 = ORIENTED_EDGE ( 'NONE', *, *, #800, .T. ) ;
#4540 = CARTESIAN_POINT ( 'NONE',  ( 34.45000000000000995, 9.899999999999998579, 2.769059892324147842 ) ) ;
#4541 = ORIENTED_EDGE ( 'NONE', *, *, #4405, .F. ) ;
#4542 = EDGE_CURVE ( 'NONE', #5051, #8355, #5909, .T. ) ;
#4543 = DIRECTION ( 'NONE',  ( 0.000000000000000000, -0.7071067811865475727, 0.7071067811865475727 ) ) ;
#4544 = EDGE_LOOP ( 'NONE', ( #5015, #3235, #9076, #7754, #10343, #6761 ) ) ;
#4545 = ORIENTED_EDGE ( 'NONE', *, *, #8583, .T. ) ;
#4546 = CARTESIAN_POINT ( 'NONE',  ( -30.94999999999999929, 3.600000000000004974, -17.44999999999999929 ) ) ;
#4547 = PLANE ( 'NONE',  #9121 ) ;
#4548 = CARTESIAN_POINT ( 'NONE',  ( 34.75000000000000000, -9.000000000000007105, 14.24999999999999645 ) ) ;
#4549 = EDGE_CURVE ( 'NONE', #10534, #4629, #2438, .T. ) ;
#4550 = CARTESIAN_POINT ( 'NONE',  ( -33.85000000000000853, -9.000000000000001776, -5.450000000000001066 ) ) ;
#4551 = CARTESIAN_POINT ( 'NONE',  ( -20.85000000000000142, 1.399999999999982370, 21.15000000000000568 ) ) ;
#4552 = DIRECTION ( 'NONE',  ( 0.000000000000000000, 0.000000000000000000, 1.000000000000000000 ) ) ;
#4553 = ORIENTED_EDGE ( 'NONE', *, *, #6955, .F. ) ;
#4554 = DIRECTION ( 'NONE',  ( 0.000000000000000000, 0.000000000000000000, 1.000000000000000000 ) ) ;
#4555 = ORIENTED_EDGE ( 'NONE', *, *, #463, .T. ) ;
#4556 = AXIS2_PLACEMENT_3D ( 'NONE', #10268, #2162, #5218 ) ;
#4557 = ORIENTED_EDGE ( 'NONE', *, *, #3936, .F. ) ;
#4558 = LINE ( 'NONE', #10265, #1005 ) ;
#4559 = CARTESIAN_POINT ( 'NONE',  ( 33.94999999999999574, 17.01111066297655228, -4.500000000000000000 ) ) ;
#4560 = DIRECTION ( 'NONE',  ( 1.000000000000000000, 0.000000000000000000, 0.000000000000000000 ) ) ;
#4561 = DIRECTION ( 'NONE',  ( -0.000000000000000000, 1.000000000000000000, -0.000000000000000000 ) ) ;
#4562 = EDGE_CURVE ( 'NONE', #2009, #1032, #832, .T. ) ;
#4563 = DIRECTION ( 'NONE',  ( -1.000000000000000000, 4.818676322157799347E-16, -0.000000000000000000 ) ) ;
#4564 = ORIENTED_EDGE ( 'NONE', *, *, #7184, .T. ) ;
#4565 = DIRECTION ( 'NONE',  ( 0.000000000000000000, -1.000000000000000000, 0.000000000000000000 ) ) ;
#4566 = VERTEX_POINT ( 'NONE', #1633 ) ;
#4567 = ORIENTED_EDGE ( 'NONE', *, *, #2579, .T. ) ;
#4568 = VECTOR ( 'NONE', #1240, 1000.000000000000000 ) ;
#4569 = LINE ( 'NONE', #7828, #1959 ) ;
#4570 = EDGE_CURVE ( 'NONE', #4027, #5628, #10413, .T. ) ;
#4571 = EDGE_CURVE ( 'NONE', #7718, #1204, #2498, .T. ) ;
#4572 = FACE_OUTER_BOUND ( 'NONE', #6664, .T. ) ;
#4573 = CARTESIAN_POINT ( 'NONE',  ( 0.5500000000000001554, 5.049999999999998046, -61.94928997712344199 ) ) ;
#4574 = EDGE_CURVE ( 'NONE', #1616, #6498, #8194, .T. ) ;
#4575 = FACE_OUTER_BOUND ( 'NONE', #5776, .T. ) ;
#4576 = DIRECTION ( 'NONE',  ( -0.000000000000000000, 1.000000000000000000, -0.000000000000000000 ) ) ;
#4577 = ORIENTED_EDGE ( 'NONE', *, *, #9661, .F. ) ;
#4578 = VECTOR ( 'NONE', #8335, 1000.000000000000000 ) ;
#4579 = CYLINDRICAL_SURFACE ( 'NONE', #9901, 1.249999999999997558 ) ;
#4580 = ORIENTED_EDGE ( 'NONE', *, *, #7272, .T. ) ;
#4581 = CARTESIAN_POINT ( 'NONE',  ( -37.85000000000000853, 18.24894012161241363, -9.999999999999996447 ) ) ;
#4582 = ORIENTED_EDGE ( 'NONE', *, *, #3357, .T. ) ;
#4583 = EDGE_CURVE ( 'NONE', #6993, #6806, #7720, .T. ) ;
#4584 = CARTESIAN_POINT ( 'NONE',  ( -31.55000000000000782, -0.3999999999999993006, 5.450000000000000178 ) ) ;
#4585 = EDGE_CURVE ( 'NONE', #5240, #4362, #5211, .T. ) ;
#4586 = LINE ( 'NONE', #1275, #2787 ) ;
#4587 = LINE ( 'NONE', #9492, #9078 ) ;
#4588 = DIRECTION ( 'NONE',  ( 0.000000000000000000, 0.000000000000000000, 1.000000000000000000 ) ) ;
#4589 = ORIENTED_EDGE ( 'NONE', *, *, #8346, .F. ) ;
#4590 = CARTESIAN_POINT ( 'NONE',  ( -11.75000000000000000, 0.5000000000000000000, -10.34999999999999076 ) ) ;
#4591 = VERTEX_POINT ( 'NONE', #345 ) ;
#4592 = CYLINDRICAL_SURFACE ( 'NONE', #2819, 0.5999999999999998668 ) ;
#4593 = ORIENTED_EDGE ( 'NONE', *, *, #651, .T. ) ;
#4594 = CIRCLE ( 'NONE', #1185, 1.100000000000000089 ) ;
#4595 = VERTEX_POINT ( 'NONE', #9310 ) ;
#4596 = CARTESIAN_POINT ( 'NONE',  ( 20.12464278959540565, 1.600000000000000089, -3.949999999999995293 ) ) ;
#4597 = EDGE_CURVE ( 'NONE', #10263, #5615, #401, .T. ) ;
#4598 = DIRECTION ( 'NONE',  ( -1.000000000000000000, -0.000000000000000000, -0.000000000000000000 ) ) ;
#4599 = DIRECTION ( 'NONE',  ( 0.000000000000000000, -1.000000000000000000, 0.000000000000000000 ) ) ;
#4600 = PLANE ( 'NONE',  #7528 ) ;
#4601 = DIRECTION ( 'NONE',  ( 0.000000000000000000, 0.000000000000000000, 1.000000000000000000 ) ) ;
#4602 = DIRECTION ( 'NONE',  ( -1.000000000000000000, 0.000000000000000000, 0.000000000000000000 ) ) ;
#4603 = EDGE_LOOP ( 'NONE', ( #5997, #4918, #8505, #3658, #8521, #2836 ) ) ;
#4604 = DIRECTION ( 'NONE',  ( 0.000000000000000000, 0.000000000000000000, -1.000000000000000000 ) ) ;
#4605 = VERTEX_POINT ( 'NONE', #9203 ) ;
#4606 = EDGE_CURVE ( 'NONE', #2006, #3456, #8565, .T. ) ;
#4607 = ORIENTED_EDGE ( 'NONE', *, *, #4827, .F. ) ;
#4608 = FACE_OUTER_BOUND ( 'NONE', #4534, .T. ) ;
#4609 = EDGE_CURVE ( 'NONE', #5130, #8011, #6838, .T. ) ;
#4610 = CARTESIAN_POINT ( 'NONE',  ( 39.25000000000000000, 1.600000000000000089, -20.74999999999999645 ) ) ;
#4611 = DIRECTION ( 'NONE',  ( 0.000000000000000000, 1.000000000000000000, 0.000000000000000000 ) ) ;
#4612 = DIRECTION ( 'NONE',  ( 0.8660254037844378194, 0.000000000000000000, 0.5000000000000015543 ) ) ;
#4613 = ORIENTED_EDGE ( 'NONE', *, *, #195, .F. ) ;
#4614 = LINE ( 'NONE', #7227, #2758 ) ;
#4615 = AXIS2_PLACEMENT_3D ( 'NONE', #8530, #4372, #7836 ) ;
#4616 = EDGE_CURVE ( 'NONE', #5171, #4303, #10111, .T. ) ;
#4617 = ORIENTED_EDGE ( 'NONE', *, *, #4549, .F. ) ;
#4618 = ADVANCED_FACE ( 'NONE', ( #456 ), #1901, .F. ) ;
#4619 = CARTESIAN_POINT ( 'NONE',  ( -29.55000000000000782, -9.000000000000001776, 3.750000000000000444 ) ) ;
#4620 = VECTOR ( 'NONE', #4942, 1000.000000000000000 ) ;
#4621 = CARTESIAN_POINT ( 'NONE',  ( 15.00000000000000355, -0.2500000000000000000, -5.249999999999995559 ) ) ;
#4622 = DIRECTION ( 'NONE',  ( 0.000000000000000000, 0.7071067811865398012, 0.7071067811865552333 ) ) ;
#4623 = LINE ( 'NONE', #7180, #1628 ) ;
#4624 = ORIENTED_EDGE ( 'NONE', *, *, #10407, .F. ) ;
#4625 = PLANE ( 'NONE',  #8190 ) ;
#4626 = VERTEX_POINT ( 'NONE', #2010 ) ;
#4627 = VECTOR ( 'NONE', #8292, 1000.000000000000000 ) ;
#4628 = LINE ( 'NONE', #727, #10321 ) ;
#4629 = VERTEX_POINT ( 'NONE', #6759 ) ;
#4630 = CLOSED_SHELL ( 'NONE', ( #894, #7078, #7640, #7947, #4396, #7549, #2683, #4825, #9462, #466, #10326, #3266, #2942, #6654, #2305, #1286 ) ) ;
#4631 = EDGE_CURVE ( 'NONE', #4390, #10414, #5151, .T. ) ;
#4632 = CARTESIAN_POINT ( 'NONE',  ( 38.15000000000001279, 9.899999999999998579, -19.80000000000000071 ) ) ;
#4633 = AXIS2_PLACEMENT_3D ( 'NONE', #5234, #3690, #10240 ) ;
#4634 = DIRECTION ( 'NONE',  ( 0.000000000000000000, 1.000000000000000000, 0.000000000000000000 ) ) ;
#4635 = DIRECTION ( 'NONE',  ( 0.000000000000000000, 0.000000000000000000, -1.000000000000000000 ) ) ;
#4636 = CARTESIAN_POINT ( 'NONE',  ( 32.95000000000000995, 1.600000000000000089, -3.866025403784434822 ) ) ;
#4637 = VERTEX_POINT ( 'NONE', #2868 ) ;
#4638 = DIRECTION ( 'NONE',  ( 1.000000000000000000, 0.000000000000000000, 0.000000000000000000 ) ) ;
#4639 = ORIENTED_EDGE ( 'NONE', *, *, #677, .F. ) ;
#4640 = CARTESIAN_POINT ( 'NONE',  ( -37.35000000000000142, 3.700000000000001954, -20.74999999999999645 ) ) ;
#4641 = ORIENTED_EDGE ( 'NONE', *, *, #2169, .T. ) ;
#4642 = VECTOR ( 'NONE', #8125, 1000.000000000000000 ) ;
#4643 = EDGE_CURVE ( 'NONE', #1660, #6357, #6808, .T. ) ;
#4644 = ORIENTED_EDGE ( 'NONE', *, *, #3200, .F. ) ;
#4645 = EDGE_CURVE ( 'NONE', #8221, #4908, #6112, .T. ) ;
#4646 = FACE_OUTER_BOUND ( 'NONE', #7851, .T. ) ;
#4647 = CIRCLE ( 'NONE', #45, 1.500000000000001332 ) ;
#4648 = LINE ( 'NONE', #10358, #8614 ) ;
#4649 = VECTOR ( 'NONE', #5916, 1000.000000000000000 ) ;
#4650 = DIRECTION ( 'NONE',  ( -1.000000000000000000, 6.934798767493038670E-17, 0.000000000000000000 ) ) ;
#4651 = CARTESIAN_POINT ( 'NONE',  ( -30.35000000000000853, -1.800000000000000044, 1.049999999999998490 ) ) ;
#4652 = DIRECTION ( 'NONE',  ( 0.000000000000000000, 0.000000000000000000, -1.000000000000000000 ) ) ;
#4653 = DIRECTION ( 'NONE',  ( 0.000000000000000000, 1.000000000000000000, 0.000000000000000000 ) ) ;
#4654 = ORIENTED_EDGE ( 'NONE', *, *, #8144, .T. ) ;
#4655 = FACE_OUTER_BOUND ( 'NONE', #9677, .T. ) ;
#4656 = VECTOR ( 'NONE', #6884, 1000.000000000000000 ) ;
#4657 = ADVANCED_FACE ( 'NONE', ( #4302 ), #6858, .T. ) ;
#4658 = ORIENTED_EDGE ( 'NONE', *, *, #6067, .T. ) ;
#4659 = AXIS2_PLACEMENT_3D ( 'NONE', #9412, #1304, #4560 ) ;
#4660 = ORIENTED_EDGE ( 'NONE', *, *, #3112, .F. ) ;
#4661 = CARTESIAN_POINT ( 'NONE',  ( 33.94999999999999574, 7.500000000000001776, 12.80000000000000071 ) ) ;
#4662 = LINE ( 'NONE', #9517, #9570 ) ;
#4663 = CARTESIAN_POINT ( 'NONE',  ( 6.550000000000001599, -0.9000000000000014655, -16.84999999999999787 ) ) ;
#4664 = CARTESIAN_POINT ( 'NONE',  ( 10.15000000000000568, 3.600000000000000533, 17.44999999999999929 ) ) ;
#4665 = VECTOR ( 'NONE', #7276, 1000.000000000000000 ) ;
#4666 = CARTESIAN_POINT ( 'NONE',  ( 21.85000000000000142, 0.9999999999999870104, 20.75000000000000355 ) ) ;
#4667 = ORIENTED_EDGE ( 'NONE', *, *, #8354, .T. ) ;
#4668 = LINE ( 'NONE', #6313, #8826 ) ;
#4669 = EDGE_CURVE ( 'NONE', #10263, #6851, #3614, .T. ) ;
#4670 = VERTEX_POINT ( 'NONE', #5958 ) ;
#4671 = AXIS2_PLACEMENT_3D ( 'NONE', #5874, #7473, #3480 ) ;
#4672 = DIRECTION ( 'NONE',  ( 0.000000000000000000, 1.000000000000000000, 0.000000000000000000 ) ) ;
#4673 = CARTESIAN_POINT ( 'NONE',  ( -11.75000000000000000, -9.000000000000001776, -15.94999999999999929 ) ) ;
#4674 = VECTOR ( 'NONE', #5112, 1000.000000000000000 ) ;
#4675 = DIRECTION ( 'NONE',  ( -1.000000000000000000, 0.000000000000000000, 0.000000000000000000 ) ) ;
#4676 = CARTESIAN_POINT ( 'NONE',  ( -21.04999999999999361, -4.999999999999999112, 23.15100000000000691 ) ) ;
#4677 = EDGE_CURVE ( 'NONE', #5131, #3257, #3717, .T. ) ;
#4678 = ORIENTED_EDGE ( 'NONE', *, *, #8352, .F. ) ;
#4679 = FACE_OUTER_BOUND ( 'NONE', #8684, .T. ) ;
#4680 = CIRCLE ( 'NONE', #255, 2.999999999999999112 ) ;
#4681 = ORIENTED_EDGE ( 'NONE', *, *, #9922, .T. ) ;
#4682 = DIRECTION ( 'NONE',  ( -0.7071067811865474617, 0.000000000000000000, -0.7071067811865474617 ) ) ;
#4683 = ORIENTED_EDGE ( 'NONE', *, *, #2695, .T. ) ;
#4684 = AXIS2_PLACEMENT_3D ( 'NONE', #7746, #433, #533 ) ;
#4685 = LINE ( 'NONE', #6281, #753 ) ;
#4686 = AXIS2_PLACEMENT_3D ( 'NONE', #10295, #7685, #2184 ) ;
#4687 = CYLINDRICAL_SURFACE ( 'NONE', #4816, 2.500000000000002220 ) ;
#4688 = LINE ( 'NONE', #6442, #4498 ) ;
#4689 = CARTESIAN_POINT ( 'NONE',  ( 33.94999999999999574, 7.500000000000006217, -10.94999999999999751 ) ) ;
#4690 = VERTEX_POINT ( 'NONE', #10222 ) ;
#4691 = VECTOR ( 'NONE', #1418, 1000.000000000000000 ) ;
#4692 = FACE_OUTER_BOUND ( 'NONE', #6253, .T. ) ;
#4693 = EDGE_CURVE ( 'NONE', #1430, #715, #9256, .T. ) ;
#4694 = ORIENTED_EDGE ( 'NONE', *, *, #2223, .F. ) ;
#4695 = FACE_OUTER_BOUND ( 'NONE', #3926, .T. ) ;
#4696 = VERTEX_POINT ( 'NONE', #5263 ) ;
#4697 = VERTEX_POINT ( 'NONE', #2920 ) ;
#4698 = LINE ( 'NONE', #7314, #663 ) ;
#4699 = CARTESIAN_POINT ( 'NONE',  ( -12.75000000000000178, -0.9000000000000066835, -5.049999999999991829 ) ) ;
#4700 = DIRECTION ( 'NONE',  ( 0.000000000000000000, 1.000000000000000000, 0.000000000000000000 ) ) ;
#4701 = EDGE_CURVE ( 'NONE', #8061, #6917, #9048, .T. ) ;
#4702 = CARTESIAN_POINT ( 'NONE',  ( 33.15000000000000568, 1.600000000000000089, -3.750555349946511186 ) ) ;
#4703 = ADVANCED_FACE ( 'NONE', ( #3515 ), #10009, .F. ) ;
#4704 = ADVANCED_FACE ( 'NONE', ( #5521 ), #1459, .T. ) ;
#4705 = LINE ( 'NONE', #1493, #4347 ) ;
#4706 = ORIENTED_EDGE ( 'NONE', *, *, #1685, .F. ) ;
#4707 = CARTESIAN_POINT ( 'NONE',  ( 34.75000000000000000, 0.000000000000000000, -19.14999999999999858 ) ) ;
#4708 = ORIENTED_EDGE ( 'NONE', *, *, #4946, .F. ) ;
#4709 = VERTEX_POINT ( 'NONE', #6264 ) ;
#4710 = DIRECTION ( 'NONE',  ( -0.000000000000000000, -0.7071067811865512365, 0.7071067811865439090 ) ) ;
#4711 = DIRECTION ( 'NONE',  ( 0.000000000000000000, 0.000000000000000000, 1.000000000000000000 ) ) ;
#4712 = CARTESIAN_POINT ( 'NONE',  ( -39.25000000000000000, -0.3999999999999975797, -20.74999999999999645 ) ) ;
#4713 = ADVANCED_FACE ( 'NONE', ( #3825 ), #3185, .T. ) ;
#4714 = DIRECTION ( 'NONE',  ( 0.000000000000000000, 1.000000000000000000, 0.000000000000000000 ) ) ;
#4715 = CARTESIAN_POINT ( 'NONE',  ( -5.449999999999998401, -0.9000000000000057954, -13.14999999999999858 ) ) ;
#4716 = VERTEX_POINT ( 'NONE', #8774 ) ;
#4717 = DIRECTION ( 'NONE',  ( 0.000000000000000000, 0.7071067811865474617, 0.7071067811865474617 ) ) ;
#4718 = CIRCLE ( 'NONE', #462, 1.500000000000001332 ) ;
#4719 = ORIENTED_EDGE ( 'NONE', *, *, #6849, .F. ) ;
#4720 = CARTESIAN_POINT ( 'NONE',  ( -21.25000000000000000, 7.000000000000006217, 20.75000000000000355 ) ) ;
#4721 = EDGE_CURVE ( 'NONE', #6486, #10364, #2165, .T. ) ;
#4722 = DIRECTION ( 'NONE',  ( 1.000000000000000000, 0.000000000000000000, 0.000000000000000000 ) ) ;
#4723 = CARTESIAN_POINT ( 'NONE',  ( -31.55000000000000782, -9.000000000000001776, -1.649999999999999023 ) ) ;
#4724 = PLANE ( 'NONE',  #1290 ) ;
#4725 = VERTEX_POINT ( 'NONE', #9524 ) ;
#4726 = CARTESIAN_POINT ( 'NONE',  ( 0.000000000000000000, 6.200000000000000178, -21.15000000000000213 ) ) ;
#4727 = ORIENTED_EDGE ( 'NONE', *, *, #3834, .T. ) ;
#4728 = DIRECTION ( 'NONE',  ( 1.000000000000000000, 0.000000000000000000, -0.000000000000000000 ) ) ;
#4729 = ORIENTED_EDGE ( 'NONE', *, *, #3145, .T. ) ;
#4730 = AXIS2_PLACEMENT_3D ( 'NONE', #8545, #1231, #3012 ) ;
#4731 = EDGE_CURVE ( 'NONE', #2711, #6679, #5472, .T. ) ;
#4732 = CARTESIAN_POINT ( 'NONE',  ( 6.913961030678928310, -1.799999999999992495, -17.54999999999999716 ) ) ;
#4733 = FACE_OUTER_BOUND ( 'NONE', #9971, .T. ) ;
#4734 =( GEOMETRIC_REPRESENTATION_CONTEXT ( 3 ) GLOBAL_UNCERTAINTY_ASSIGNED_CONTEXT ( ( #3447 ) ) GLOBAL_UNIT_ASSIGNED_CONTEXT ( ( #3396, #4028, #1619 ) ) REPRESENTATION_CONTEXT ( 'NONE', 'WORKASPACE' ) );
#4735 = CARTESIAN_POINT ( 'NONE',  ( 39.25000000000000000, 4.099999999999998757, 14.24999999999999822 ) ) ;
#4736 = PLANE ( 'NONE',  #1283 ) ;
#4737 = EDGE_LOOP ( 'NONE', ( #6274, #8674, #4617, #10169 ) ) ;
#4738 = CARTESIAN_POINT ( 'NONE',  ( -34.25000000000000000, -1.800000000000000044, -11.49999999999999289 ) ) ;
#4739 = ORIENTED_EDGE ( 'NONE', *, *, #2271, .T. ) ;
#4740 = CARTESIAN_POINT ( 'NONE',  ( -26.85000000000000497, -4.999999999999999112, 24.45000000000000639 ) ) ;
#4741 = EDGE_LOOP ( 'NONE', ( #2791, #9604, #3450, #3158 ) ) ;
#4742 = EDGE_LOOP ( 'NONE', ( #1650, #6786, #1726, #8478 ) ) ;
#4743 = VECTOR ( 'NONE', #131, 999.9999999999998863 ) ;
#4744 = CARTESIAN_POINT ( 'NONE',  ( 35.75000000000000000, 8.500000000000017764, 19.25000000000000711 ) ) ;
#4745 = DIRECTION ( 'NONE',  ( -0.000000000000000000, -1.000000000000000000, -0.000000000000000000 ) ) ;
#4746 = LINE ( 'NONE', #6454, #6565 ) ;
#4747 = DIRECTION ( 'NONE',  ( 0.000000000000000000, 0.000000000000000000, 1.000000000000000000 ) ) ;
#4748 = FACE_OUTER_BOUND ( 'NONE', #7452, .T. ) ;
#4749 = VERTEX_POINT ( 'NONE', #10424 ) ;
#4750 = CARTESIAN_POINT ( 'NONE',  ( -39.25000000000000000, -0.3999999999999975797, 23.75000000000000000 ) ) ;
#4751 = ORIENTED_EDGE ( 'NONE', *, *, #6789, .F. ) ;
#4752 = EDGE_LOOP ( 'NONE', ( #4474, #6010, #458, #2899 ) ) ;
#4753 = EDGE_CURVE ( 'NONE', #2663, #8265, #2976, .T. ) ;
#4754 = ADVANCED_FACE ( 'NONE', ( #8721 ), #3130, .F. ) ;
#4755 = EDGE_LOOP ( 'NONE', ( #7721, #2614, #4202, #3600, #6152 ) ) ;
#4756 = DIRECTION ( 'NONE',  ( 0.000000000000000000, -1.000000000000000000, -0.000000000000000000 ) ) ;
#4757 = AXIS2_PLACEMENT_3D ( 'NONE', #5633, #8877, #1566 ) ;
#4758 = CARTESIAN_POINT ( 'NONE',  ( -28.35000000000000497, -42.37740108089595026, 10.00000000000000000 ) ) ;
#4759 = DIRECTION ( 'NONE',  ( 0.000000000000000000, 1.000000000000000000, 0.000000000000000000 ) ) ;
#4760 = CARTESIAN_POINT ( 'NONE',  ( -26.25000000000001066, -1.800000000000000044, -10.49999999999999112 ) ) ;
#4761 = DIRECTION ( 'NONE',  ( 0.000000000000000000, 0.000000000000000000, -1.000000000000000000 ) ) ;
#4762 = VERTEX_POINT ( 'NONE', #5572 ) ;
#4763 = ORIENTED_EDGE ( 'NONE', *, *, #9522, .T. ) ;
#4764 = DIRECTION ( 'NONE',  ( 1.000000000000000000, 0.000000000000000000, 0.000000000000000000 ) ) ;
#4765 = ORIENTED_EDGE ( 'NONE', *, *, #7511, .F. ) ;
#4766 = EDGE_CURVE ( 'NONE', #8912, #10110, #7014, .T. ) ;
#4767 = EDGE_LOOP ( 'NONE', ( #4819, #1481, #297, #9830 ) ) ;
#4768 = FACE_OUTER_BOUND ( 'NONE', #588, .T. ) ;
#4769 = DIRECTION ( 'NONE',  ( -2.891205793294679411E-15, 0.000000000000000000, -1.000000000000000000 ) ) ;
#4770 = LINE ( 'NONE', #7288, #8001 ) ;
#4771 = DIRECTION ( 'NONE',  ( -0.4999999999999978906, 0.000000000000000000, -0.8660254037844399289 ) ) ;
#4772 = ORIENTED_EDGE ( 'NONE', *, *, #584, .F. ) ;
#4773 = CARTESIAN_POINT ( 'NONE',  ( 27.85000000000000497, 7.000000000000004441, 24.45000000000000639 ) ) ;
#4774 = ORIENTED_EDGE ( 'NONE', *, *, #4531, .F. ) ;
#4775 = CARTESIAN_POINT ( 'NONE',  ( 0.000000000000000000, 0.000000000000000000, 14.24999999999999822 ) ) ;
#4776 = ORIENTED_EDGE ( 'NONE', *, *, #2729, .F. ) ;
#4777 = EDGE_CURVE ( 'NONE', #8137, #3657, #4614, .T. ) ;
#4778 = VECTOR ( 'NONE', #3934, 1000.000000000000000 ) ;
#4779 = CARTESIAN_POINT ( 'NONE',  ( 10.15000000000000568, 3.600000000000000533, -17.44999999999999929 ) ) ;
#4780 = CARTESIAN_POINT ( 'NONE',  ( -30.95000000000000995, -0.3999999999999999667, 2.249999999999999112 ) ) ;
#4781 = CARTESIAN_POINT ( 'NONE',  ( -35.25000000000000711, -1.800000000000000044, -20.74999999999999645 ) ) ;
#4782 = DIRECTION ( 'NONE',  ( 0.000000000000000000, -0.000000000000000000, -1.000000000000000000 ) ) ;
#4783 = ORIENTED_EDGE ( 'NONE', *, *, #3393, .T. ) ;
#4784 = DIRECTION ( 'NONE',  ( 0.000000000000000000, -1.000000000000000000, -1.762134456409849633E-16 ) ) ;
#4785 = EDGE_CURVE ( 'NONE', #5495, #4935, #1309, .T. ) ;
#4786 = ORIENTED_EDGE ( 'NONE', *, *, #4562, .F. ) ;
#4787 = PLANE ( 'NONE',  #8779 ) ;
#4788 = ORIENTED_EDGE ( 'NONE', *, *, #6680, .T. ) ;
#4789 = EDGE_CURVE ( 'NONE', #6035, #5131, #7871, .T. ) ;
#4790 = ORIENTED_EDGE ( 'NONE', *, *, #1189, .F. ) ;
#4791 = VECTOR ( 'NONE', #5622, 1000.000000000000000 ) ;
#4792 = LINE ( 'NONE', #3108, #9873 ) ;
#4793 = CARTESIAN_POINT ( 'NONE',  ( 35.75000000000000000, 7.500000000000004441, 0.3500000000000004774 ) ) ;
#4794 = CARTESIAN_POINT ( 'NONE',  ( -30.94999999999999929, 5.000000000000000888, -17.44999999999999929 ) ) ;
#4795 = LINE ( 'NONE', #1441, #537 ) ;
#4796 = PLANE ( 'NONE',  #4008 ) ;
#4797 = VERTEX_POINT ( 'NONE', #559 ) ;
#4798 = CARTESIAN_POINT ( 'NONE',  ( -19.64999999999999858, 1.600000000000000089, -5.049999999999995381 ) ) ;
#4799 = ADVANCED_FACE ( 'NONE', ( #1356 ), #5468, .T. ) ;
#4800 = ORIENTED_EDGE ( 'NONE', *, *, #6703, .T. ) ;
#4801 = ORIENTED_EDGE ( 'NONE', *, *, #8273, .F. ) ;
#4802 = VECTOR ( 'NONE', #4456, 1000.000000000000000 ) ;
#4803 = EDGE_LOOP ( 'NONE', ( #4371, #10036, #4788, #9196 ) ) ;
#4804 = AXIS2_PLACEMENT_3D ( 'NONE', #10153, #6898, #2049 ) ;
#4805 = LINE ( 'NONE', #2367, #2721 ) ;
#4806 = DIRECTION ( 'NONE',  ( 0.7071067811865515695, 0.7071067811865435759, 0.000000000000000000 ) ) ;
#4807 = LINE ( 'NONE', #5567, #8717 ) ;
#4808 =( LENGTH_UNIT ( ) NAMED_UNIT ( * ) SI_UNIT ( .MILLI., .METRE. ) );
#4809 = VECTOR ( 'NONE', #3740, 1000.000000000000000 ) ;
#4810 = AXIS2_PLACEMENT_3D ( 'NONE', #659, #2974, #6159 ) ;
#4811 = PLANE ( 'NONE',  #7725 ) ;
#4812 = ADVANCED_FACE ( 'NONE', ( #509 ), #7072, .F. ) ;
#4813 = ADVANCED_FACE ( 'NONE', ( #5422 ), #8671, .F. ) ;
#4814 = EDGE_LOOP ( 'NONE', ( #1285, #9546, #4897, #119, #4187, #10054, #8153 ) ) ;
#4815 = ORIENTED_EDGE ( 'NONE', *, *, #403, .F. ) ;
#4816 = AXIS2_PLACEMENT_3D ( 'NONE', #9693, #3941, #3149 ) ;
#4817 = PLANE ( 'NONE',  #5257 ) ;
#4818 = EDGE_CURVE ( 'NONE', #1384, #5258, #4668, .T. ) ;
#4819 = ORIENTED_EDGE ( 'NONE', *, *, #1149, .F. ) ;
#4820 = EDGE_LOOP ( 'NONE', ( #10289, #2062, #1754, #277 ) ) ;
#4821 = VECTOR ( 'NONE', #9635, 1000.000000000000000 ) ;
#4822 = LINE ( 'NONE', #774, #2132 ) ;
#4823 = DIRECTION ( 'NONE',  ( -0.000000000000000000, 1.000000000000000000, -0.000000000000000000 ) ) ;
#4824 = LINE ( 'NONE', #7877, #5959 ) ;
#4825 = ADVANCED_FACE ( 'NONE', ( #617, #3080 ), #4817, .F. ) ;
#4826 = FACE_OUTER_BOUND ( 'NONE', #3206, .T. ) ;
#4827 = EDGE_CURVE ( 'NONE', #235, #2585, #4242, .T. ) ;
#4828 = VERTEX_POINT ( 'NONE', #3234 ) ;
#4829 = CARTESIAN_POINT ( 'NONE',  ( 5.950000000000005507, 5.000000000000000000, -17.44999999999999929 ) ) ;
#4830 = EDGE_CURVE ( 'NONE', #2585, #3224, #8924, .T. ) ;
#4831 = ORIENTED_EDGE ( 'NONE', *, *, #8144, .F. ) ;
#4832 = CARTESIAN_POINT ( 'NONE',  ( -29.64999999999999503, -0.3999999999999999667, 2.250000000000000444 ) ) ;
#4833 = EDGE_LOOP ( 'NONE', ( #3079, #5004, #8444, #3106 ) ) ;
#4834 = VECTOR ( 'NONE', #633, 1000.000000000000000 ) ;
#4835 = AXIS2_PLACEMENT_3D ( 'NONE', #6027, #9275, #5283 ) ;
#4836 = AXIS2_PLACEMENT_3D ( 'NONE', #7000, #7704, #495 ) ;
#4837 = DIRECTION ( 'NONE',  ( 0.000000000000000000, 1.000000000000000000, 0.000000000000000000 ) ) ;
#4838 = DIRECTION ( 'NONE',  ( 0.000000000000000000, 0.7071067811865474617, 0.7071067811865474617 ) ) ;
#4839 = PLANE ( 'NONE',  #9422 ) ;
#4840 = CARTESIAN_POINT ( 'NONE',  ( 0.5000000000000000000, 7.762049935181331684, -20.74999999999999645 ) ) ;
#4841 = VECTOR ( 'NONE', #6331, 1000.000000000000000 ) ;
#4842 = DIRECTION ( 'NONE',  ( -0.000000000000000000, -0.000000000000000000, 1.000000000000000000 ) ) ;
#4843 = DIRECTION ( 'NONE',  ( 0.000000000000000000, 0.000000000000000000, -1.000000000000000000 ) ) ;
#4844 = AXIS2_PLACEMENT_3D ( 'NONE', #404, #1255, #4515 ) ;
#4845 = EDGE_CURVE ( 'NONE', #8061, #2188, #820, .T. ) ;
#4846 = ORIENTED_EDGE ( 'NONE', *, *, #9817, .F. ) ;
#4847 = DIRECTION ( 'NONE',  ( 0.000000000000000000, 0.000000000000000000, -1.000000000000000000 ) ) ;
#4848 = ORIENTED_EDGE ( 'NONE', *, *, #8218, .T. ) ;
#4849 = DIRECTION ( 'NONE',  ( 0.000000000000000000, 0.000000000000000000, -1.000000000000000000 ) ) ;
#4850 = AXIS2_PLACEMENT_3D ( 'NONE', #517, #6228, #10285 ) ;
#4851 = ORIENTED_EDGE ( 'NONE', *, *, #5619, .T. ) ;
#4852 = ORIENTED_EDGE ( 'NONE', *, *, #4693, .F. ) ;
#4853 = VECTOR ( 'NONE', #5404, 1000.000000000000000 ) ;
#4854 = VECTOR ( 'NONE', #8256, 1000.000000000000000 ) ;
#4855 = CARTESIAN_POINT ( 'NONE',  ( -20.85000000000000142, 7.000000000000006217, 23.35100000000000264 ) ) ;
#4856 = FACE_OUTER_BOUND ( 'NONE', #2892, .T. ) ;
#4857 = CIRCLE ( 'NONE', #1617, 0.4000000000000010214 ) ;
#4858 = DIRECTION ( 'NONE',  ( 0.000000000000000000, 1.000000000000000000, 0.000000000000000000 ) ) ;
#4859 = CARTESIAN_POINT ( 'NONE',  ( 35.75000000000000000, 0.000000000000000000, -12.80000000000000249 ) ) ;
#4860 = EDGE_CURVE ( 'NONE', #3487, #1918, #4078, .T. ) ;
#4861 = AXIS2_PLACEMENT_3D ( 'NONE', #10178, #306, #8365 ) ;
#4862 = AXIS2_PLACEMENT_3D ( 'NONE', #9608, #8005, #8112 ) ;
#4863 = CARTESIAN_POINT ( 'NONE',  ( 15.00000000000000355, -0.2500000000000000000, -5.249999999999995559 ) ) ;
#4864 = ORIENTED_EDGE ( 'NONE', *, *, #4583, .F. ) ;
#4865 = LINE ( 'NONE', #4230, #3059 ) ;
#4866 = VERTEX_POINT ( 'NONE', #9033 ) ;
#4867 = AXIS2_PLACEMENT_3D ( 'NONE', #9972, #8156, #7417 ) ;
#4868 = ORIENTED_EDGE ( 'NONE', *, *, #8677, .F. ) ;
#4869 = ORIENTED_EDGE ( 'NONE', *, *, #10185, .F. ) ;
#4870 = CIRCLE ( 'NONE', #6235, 0.5999999999999998668 ) ;
#4871 = FACE_OUTER_BOUND ( 'NONE', #2206, .T. ) ;
#4872 = EDGE_CURVE ( 'NONE', #236, #10333, #2484, .T. ) ;
#4873 = DIRECTION ( 'NONE',  ( -1.000000000000000000, 0.000000000000000000, -0.000000000000000000 ) ) ;
#4874 = FACE_OUTER_BOUND ( 'NONE', #6064, .T. ) ;
#4875 = FACE_OUTER_BOUND ( 'NONE', #6399, .T. ) ;
#4876 = LINE ( 'NONE', #71, #6863 ) ;
#4877 = ORIENTED_EDGE ( 'NONE', *, *, #10047, .F. ) ;
#4878 = ORIENTED_EDGE ( 'NONE', *, *, #5926, .T. ) ;
#4879 = FACE_OUTER_BOUND ( 'NONE', #182, .T. ) ;
#4880 = ORIENTED_EDGE ( 'NONE', *, *, #7511, .T. ) ;
#4881 = EDGE_LOOP ( 'NONE', ( #1460, #2792 ) ) ;
#4882 = FACE_OUTER_BOUND ( 'NONE', #5508, .T. ) ;
#4883 = EDGE_CURVE ( 'NONE', #9206, #941, #9725, .T. ) ;
#4884 = DIRECTION ( 'NONE',  ( 0.000000000000000000, 0.000000000000000000, 1.000000000000000000 ) ) ;
#4885 = FACE_OUTER_BOUND ( 'NONE', #5000, .T. ) ;
#4886 = MANIFOLD_SOLID_BREP ( 'Tab', #4119 ) ;
#4887 = CARTESIAN_POINT ( 'NONE',  ( -20.64999999999999858, -1.899999999999992362, -20.24999999999999645 ) ) ;
#4888 = VERTEX_POINT ( 'NONE', #127 ) ;
#4889 = DIRECTION ( 'NONE',  ( 0.000000000000000000, 0.000000000000000000, 1.000000000000000000 ) ) ;
#4890 = ORIENTED_EDGE ( 'NONE', *, *, #5125, .T. ) ;
#4891 = CARTESIAN_POINT ( 'NONE',  ( 12.84999999999999964, 0.5000000000000000000, -6.049999999999995381 ) ) ;
#4892 = ORIENTED_EDGE ( 'NONE', *, *, #10080, .T. ) ;
#4893 = ADVANCED_FACE ( 'NONE', ( #4879 ), #7441, .T. ) ;
#4894 = EDGE_CURVE ( 'NONE', #1892, #9391, #4932, .T. ) ;
#4895 = PLANE ( 'NONE',  #3498 ) ;
#4896 = EDGE_CURVE ( 'NONE', #4294, #6773, #2648, .T. ) ;
#4897 = ORIENTED_EDGE ( 'NONE', *, *, #23, .F. ) ;
#4898 = DIRECTION ( 'NONE',  ( -0.000000000000000000, 1.000000000000000000, -0.000000000000000000 ) ) ;
#4899 = DIRECTION ( 'NONE',  ( 1.000000000000000000, 0.000000000000000000, -0.000000000000000000 ) ) ;
#4900 = CARTESIAN_POINT ( 'NONE',  ( -12.75000000000000178, 0.5000000000000000000, -5.049999999999991829 ) ) ;
#4901 = CARTESIAN_POINT ( 'NONE',  ( -34.25000000000000000, 0.000000000000000000, -11.49999999999999289 ) ) ;
#4902 = DIRECTION ( 'NONE',  ( 1.000000000000000000, 0.000000000000000000, 0.000000000000000000 ) ) ;
#4903 = ORIENTED_EDGE ( 'NONE', *, *, #10499, .T. ) ;
#4905 = EDGE_CURVE ( 'NONE', #9855, #6486, #8296, .T. ) ;
#4904 = DIRECTION ( 'NONE',  ( 0.000000000000000000, 0.000000000000000000, 1.000000000000000000 ) ) ;
#4906 = ORIENTED_EDGE ( 'NONE', *, *, #9643, .T. ) ;
#4907 = LINE ( 'NONE', #1866, #1624 ) ;
#4908 = VERTEX_POINT ( 'NONE', #3342 ) ;
#4909 = ORIENTED_EDGE ( 'NONE', *, *, #6728, .T. ) ;
#4910 = EDGE_CURVE ( 'NONE', #4749, #231, #1844, .T. ) ;
#4911 = AXIS2_PLACEMENT_3D ( 'NONE', #1889, #8395, #6797 ) ;
#4912 = DIRECTION ( 'NONE',  ( 1.000000000000000000, 0.000000000000000000, 0.000000000000000000 ) ) ;
#4913 = DIRECTION ( 'NONE',  ( -0.000000000000000000, -0.000000000000000000, -1.000000000000000000 ) ) ;
#4914 = CARTESIAN_POINT ( 'NONE',  ( 15.00000000000000355, -0.2500000000000000000, -16.64999999999999858 ) ) ;
#4915 = DIRECTION ( 'NONE',  ( 0.000000000000000000, 0.000000000000000000, -1.000000000000000000 ) ) ;
#4916 = DIRECTION ( 'NONE',  ( -0.000000000000000000, -0.000000000000000000, -1.000000000000000000 ) ) ;
#4917 = AXIS2_PLACEMENT_3D ( 'NONE', #6258, #6957, #3762 ) ;
#4918 = ORIENTED_EDGE ( 'NONE', *, *, #10281, .T. ) ;
#4919 = LINE ( 'NONE', #4798, #1166 ) ;
#4920 = ORIENTED_EDGE ( 'NONE', *, *, #7210, .F. ) ;
#4921 = EDGE_LOOP ( 'NONE', ( #6136, #9675, #3153, #682, #2894, #2818, #1150, #6011, #3035, #3910, #2523, #3567, #9063, #9346, #3460, #2968, #7953, #2679, #1179, #8408, #8749, #281, #10353, #10425, #9990, #2577, #4280, #6979, #6627, #3410, #9146, #6713, #9268, #1088, #1955, #8944, #7321, #714, #2703, #626, #5801, #9219 ) ) ;
#4922 = ORIENTED_EDGE ( 'NONE', *, *, #775, .F. ) ;
#4923 = ADVANCED_FACE ( 'NONE', ( #9894 ), #8869, .F. ) ;
#4924 = LINE ( 'NONE', #1549, #6801 ) ;
#4925 = DIRECTION ( 'NONE',  ( 0.000000000000000000, -1.000000000000000000, 0.000000000000000000 ) ) ;
#4926 = AXIS2_PLACEMENT_3D ( 'NONE', #3388, #8447, #4977 ) ;
#4927 = CARTESIAN_POINT ( 'NONE',  ( 35.75000000000000000, 9.902000000000001023, 11.95000000000000107 ) ) ;
#4928 = DIRECTION ( 'NONE',  ( -1.000000000000000000, -1.145572106777137773E-15, 0.000000000000000000 ) ) ;
#4929 = DIRECTION ( 'NONE',  ( 1.000000000000000000, 3.546244605838015393E-15, 0.000000000000000000 ) ) ;
#4930 = ORIENTED_EDGE ( 'NONE', *, *, #4193, .T. ) ;
#4931 = ORIENTED_EDGE ( 'NONE', *, *, #7040, .T. ) ;
#4932 = LINE ( 'NONE', #8183, #6785 ) ;
#4933 = ORIENTED_EDGE ( 'NONE', *, *, #10367, .F. ) ;
#4934 = VECTOR ( 'NONE', #8291, 1000.000000000000000 ) ;
#4935 = VERTEX_POINT ( 'NONE', #2053 ) ;
#4936 = EDGE_CURVE ( 'NONE', #1623, #3487, #3707, .T. ) ;
#4937 = DIRECTION ( 'NONE',  ( 0.000000000000000000, 0.000000000000000000, -1.000000000000000000 ) ) ;
#4938 = LINE ( 'NONE', #5847, #7216 ) ;
#4939 = LINE ( 'NONE', #2493, #9532 ) ;
#4940 = DIRECTION ( 'NONE',  ( 0.000000000000000000, 0.000000000000000000, -1.000000000000000000 ) ) ;
#4941 = ORIENTED_EDGE ( 'NONE', *, *, #3860, .F. ) ;
#4942 = DIRECTION ( 'NONE',  ( 2.569960705150825398E-16, 1.000000000000000000, 0.000000000000000000 ) ) ;
#4943 = ORIENTED_EDGE ( 'NONE', *, *, #4542, .T. ) ;
#4944 = CARTESIAN_POINT ( 'NONE',  ( -20.84999999999999787, 7.500000000000001776, 23.15000000000000568 ) ) ;
#4945 = ORIENTED_EDGE ( 'NONE', *, *, #5603, .F. ) ;
#4946 = EDGE_CURVE ( 'NONE', #8288, #5293, #7706, .T. ) ;
#4947 = CARTESIAN_POINT ( 'NONE',  ( -37.85000000000000853, -1.799999999999999600, 5.450000000000000178 ) ) ;
#4948 = ORIENTED_EDGE ( 'NONE', *, *, #9328, .T. ) ;
#4949 = PLANE ( 'NONE',  #6624 ) ;
#4950 = DIRECTION ( 'NONE',  ( 0.000000000000000000, 0.000000000000000000, 1.000000000000000000 ) ) ;
#4951 = PLANE ( 'NONE',  #10454 ) ;
#4952 = CARTESIAN_POINT ( 'NONE',  ( -38.85000000000000142, -0.4000000000000010214, 23.34999999999999787 ) ) ;
#4953 = DIRECTION ( 'NONE',  ( 0.000000000000000000, -1.762134456409849633E-16, 1.000000000000000000 ) ) ;
#4954 = ORIENTED_EDGE ( 'NONE', *, *, #6599, .F. ) ;
#4955 = DIRECTION ( 'NONE',  ( 0.000000000000000000, 0.000000000000000000, 1.000000000000000000 ) ) ;
#4956 = ORIENTED_EDGE ( 'NONE', *, *, #10152, .T. ) ;
#4957 = ADVANCED_FACE ( 'NONE', ( #4398 ), #6846, .T. ) ;
#4958 = CARTESIAN_POINT ( 'NONE',  ( 0.000000000000000000, -1.800000000000000044, 10.00000000000000000 ) ) ;
#4959 = VERTEX_POINT ( 'NONE', #5947 ) ;
#4960 = VECTOR ( 'NONE', #4420, 1000.000000000000000 ) ;
#4961 = FACE_OUTER_BOUND ( 'NONE', #5482, .T. ) ;
#4962 = PLANE ( 'NONE',  #7592 ) ;
#4963 = DIRECTION ( 'NONE',  ( 1.000000000000000000, 0.000000000000000000, -0.000000000000000000 ) ) ;
#4964 = VECTOR ( 'NONE', #9736, 1000.000000000000000 ) ;
#4965 = DIRECTION ( 'NONE',  ( 0.000000000000000000, -1.000000000000000000, 0.000000000000000000 ) ) ;
#4966 = EDGE_CURVE ( 'NONE', #6498, #9342, #2749, .T. ) ;
#4967 = FACE_OUTER_BOUND ( 'NONE', #8128, .T. ) ;
#4968 = ORIENTED_EDGE ( 'NONE', *, *, #6369, .T. ) ;
#4969 = DIRECTION ( 'NONE',  ( 0.000000000000000000, 0.000000000000000000, -1.000000000000000000 ) ) ;
#4970 = ADVANCED_FACE ( 'NONE', ( #2857 ), #6953, .T. ) ;
#4971 = VECTOR ( 'NONE', #10314, 1000.000000000000000 ) ;
#4972 = ORIENTED_EDGE ( 'NONE', *, *, #6346, .F. ) ;
#4973 = VERTEX_POINT ( 'NONE', #3554 ) ;
#4974 = AXIS2_PLACEMENT_3D ( 'NONE', #3763, #10371, #7064 ) ;
#4975 = VERTEX_POINT ( 'NONE', #4446 ) ;
#4976 = ADVANCED_FACE ( 'NONE', ( #3601 ), #386, .F. ) ;
#4977 = DIRECTION ( 'NONE',  ( -0.000000000000000000, 0.000000000000000000, 1.000000000000000000 ) ) ;
#4978 = VECTOR ( 'NONE', #814, 1000.000000000000000 ) ;
#4979 = CARTESIAN_POINT ( 'NONE',  ( -26.85000000000000142, 7.000000000000005329, 23.35100000000000264 ) ) ;
#4980 = DIRECTION ( 'NONE',  ( 0.000000000000000000, -1.000000000000000000, 0.000000000000000000 ) ) ;
#4981 = AXIS2_PLACEMENT_3D ( 'NONE', #214, #9982, #5771 ) ;
#4982 = LINE ( 'NONE', #3338, #2258 ) ;
#4983 = ADVANCED_FACE ( 'NONE', ( #2805 ), #10096, .F. ) ;
#4984 = ORIENTED_EDGE ( 'NONE', *, *, #10163, .F. ) ;
#4985 = VERTEX_POINT ( 'NONE', #234 ) ;
#4986 = DIRECTION ( 'NONE',  ( 1.000000000000000000, 0.000000000000000000, -0.000000000000000000 ) ) ;
#4987 = ORIENTED_EDGE ( 'NONE', *, *, #7593, .F. ) ;
#4988 = VECTOR ( 'NONE', #5705, 1000.000000000000000 ) ;
#4989 = ORIENTED_EDGE ( 'NONE', *, *, #4177, .F. ) ;
#4990 = DIRECTION ( 'NONE',  ( -1.000000000000000000, 0.000000000000000000, 0.000000000000000000 ) ) ;
#4991 = AXIS2_PLACEMENT_3D ( 'NONE', #5177, #9877, #7475 ) ;
#4992 = VECTOR ( 'NONE', #9572, 1000.000000000000000 ) ;
#4993 = DIRECTION ( 'NONE',  ( -0.7071067811865423547, 0.7071067811865526798, 0.000000000000000000 ) ) ;
#4994 = DIRECTION ( 'NONE',  ( 0.000000000000000000, 0.000000000000000000, 1.000000000000000000 ) ) ;
#4995 = VECTOR ( 'NONE', #6015, 1000.000000000000000 ) ;
#4996 = FACE_OUTER_BOUND ( 'NONE', #7188, .T. ) ;
#4997 = ADVANCED_FACE ( 'NONE', ( #5304 ), #2000, .F. ) ;
#4998 = ORIENTED_EDGE ( 'NONE', *, *, #7979, .T. ) ;
#4999 = DIRECTION ( 'NONE',  ( 0.000000000000000000, 0.000000000000000000, -1.000000000000000000 ) ) ;
#5000 = EDGE_LOOP ( 'NONE', ( #7457, #3448, #5922, #3505, #1672, #4580, #511, #9819, #7505 ) ) ;
#5001 = ORIENTED_EDGE ( 'NONE', *, *, #1171, .F. ) ;
#5002 = VECTOR ( 'NONE', #6910, 1000.000000000000000 ) ;
#5003 = DIRECTION ( 'NONE',  ( 1.000000000000000000, 0.000000000000000000, 0.000000000000000000 ) ) ;
#5004 = ORIENTED_EDGE ( 'NONE', *, *, #8013, .T. ) ;
#5005 = CARTESIAN_POINT ( 'NONE',  ( -34.25000000000000000, -1.800000000000000044, 21.14999999999999858 ) ) ;
#5006 = PLANE ( 'NONE',  #10100 ) ;
#5007 = PLANE ( 'NONE',  #1771 ) ;
#5008 = DIRECTION ( 'NONE',  ( -0.000000000000000000, -1.000000000000000000, -0.000000000000000000 ) ) ;
#5009 = CARTESIAN_POINT ( 'NONE',  ( -33.85000000000000853, -9.000000000000001776, -8.448227494413583116 ) ) ;
#5010 = ORIENTED_EDGE ( 'NONE', *, *, #7380, .F. ) ;
#5011 = VECTOR ( 'NONE', #6659, 1000.000000000000000 ) ;
#5012 = CARTESIAN_POINT ( 'NONE',  ( 33.94999999999999574, 17.01111066297655228, 12.80000000000000071 ) ) ;
#5013 = ORIENTED_EDGE ( 'NONE', *, *, #8357, .F. ) ;
#5014 = DIRECTION ( 'NONE',  ( 1.000000000000000000, 0.000000000000000000, 0.000000000000000000 ) ) ;
#5015 = ORIENTED_EDGE ( 'NONE', *, *, #4562, .T. ) ;
#5016 = CARTESIAN_POINT ( 'NONE',  ( 37.65000000000000568, 7.500000000000002665, 11.95000000000000462 ) ) ;
#5017 = VECTOR ( 'NONE', #9155, 1000.000000000000000 ) ;
#5018 = CARTESIAN_POINT ( 'NONE',  ( 27.95000000000000639, 7.500000000000000888, 12.92992172241327786 ) ) ;
#5019 = DIRECTION ( 'NONE',  ( 0.000000000000000000, 0.000000000000000000, 1.000000000000000000 ) ) ;
#5020 = EDGE_CURVE ( 'NONE', #9958, #8324, #8555, .T. ) ;
#5021 = DIRECTION ( 'NONE',  ( 1.000000000000000000, 0.000000000000000000, 0.000000000000000000 ) ) ;
#5022 = AXIS2_PLACEMENT_3D ( 'NONE', #4527, #6926, #2176 ) ;
#5023 = CARTESIAN_POINT ( 'NONE',  ( 10.15000000000000568, 1.600000000000000089, -17.44999999999999929 ) ) ;
#5024 = ORIENTED_EDGE ( 'NONE', *, *, #3378, .F. ) ;
#5025 = CARTESIAN_POINT ( 'NONE',  ( -37.35000000000000142, -44.94054332852260814, -20.74999999999999645 ) ) ;
#5026 = CIRCLE ( 'NONE', #9111, 1.000000000000000888 ) ;
#5027 = ORIENTED_EDGE ( 'NONE', *, *, #4631, .T. ) ;
#5028 = ORIENTED_EDGE ( 'NONE', *, *, #2870, .T. ) ;
#5029 = ORIENTED_EDGE ( 'NONE', *, *, #1702, .F. ) ;
#5030 = AXIS2_PLACEMENT_3D ( 'NONE', #1174, #5710, #3055 ) ;
#5031 = CARTESIAN_POINT ( 'NONE',  ( 37.65000000000000568, 9.099999999999999645, 19.25000000000000000 ) ) ;
#5032 = EDGE_CURVE ( 'NONE', #3339, #1560, #6902, .T. ) ;
#5033 = EDGE_CURVE ( 'NONE', #5305, #1278, #7760, .T. ) ;
#5034 = CONICAL_SURFACE ( 'NONE', #265, 0.2000000000000057288, 0.7853981633974479459 ) ;
#5035 = CARTESIAN_POINT ( 'NONE',  ( 5.950000000000005507, 5.000000000000000000, -17.44999999999999929 ) ) ;
#5036 = EDGE_CURVE ( 'NONE', #5238, #5423, #289, .T. ) ;
#5037 = VECTOR ( 'NONE', #644, 1000.000000000000000 ) ;
#5038 = LINE ( 'NONE', #8231, #1727 ) ;
#5039 = DIRECTION ( 'NONE',  ( 0.000000000000000000, 0.000000000000000000, 1.000000000000000000 ) ) ;
#5040 = VERTEX_POINT ( 'NONE', #9194 ) ;
#5041 = AXIS2_PLACEMENT_3D ( 'NONE', #851, #261, #4104 ) ;
#5042 = ORIENTED_EDGE ( 'NONE', *, *, #2167, .F. ) ;
#5043 = VECTOR ( 'NONE', #9637, 1000.000000000000000 ) ;
#5044 = VERTEX_POINT ( 'NONE', #1034 ) ;
#5045 = ORIENTED_EDGE ( 'NONE', *, *, #3604, .T. ) ;
#5046 = DIRECTION ( 'NONE',  ( 0.000000000000000000, 1.000000000000000000, 1.762134456409849633E-16 ) ) ;
#5047 = EDGE_CURVE ( 'NONE', #9885, #8857, #3720, .T. ) ;
#5048 = FACE_OUTER_BOUND ( 'NONE', #9942, .T. ) ;
#5049 = DIRECTION ( 'NONE',  ( -0.000000000000000000, -0.000000000000000000, -1.000000000000000000 ) ) ;
#5050 = CARTESIAN_POINT ( 'NONE',  ( -39.25000000000000000, 1.600000000000000089, 10.00000000000000000 ) ) ;
#5051 = VERTEX_POINT ( 'NONE', #1945 ) ;
#5052 = DIRECTION ( 'NONE',  ( -1.826024711554528095E-15, -1.762134456409849633E-16, 1.000000000000000000 ) ) ;
#5053 = ORIENTED_EDGE ( 'NONE', *, *, #921, .F. ) ;
#5054 = DIRECTION ( 'NONE',  ( 0.000000000000000000, 0.000000000000000000, 1.000000000000000000 ) ) ;
#5055 = ORIENTED_EDGE ( 'NONE', *, *, #9888, .F. ) ;
#5056 = EDGE_CURVE ( 'NONE', #5181, #117, #5197, .T. ) ;
#5057 = DIRECTION ( 'NONE',  ( 0.000000000000000000, 1.000000000000000000, 1.694065894508601171E-16 ) ) ;
#5058 = ORIENTED_EDGE ( 'NONE', *, *, #5593, .F. ) ;
#5059 = LINE ( 'NONE', #8147, #2714 ) ;
#5060 = CARTESIAN_POINT ( 'NONE',  ( -30.35000000000000853, -9.000000000000000000, 1.049999999999998490 ) ) ;
#5061 = CARTESIAN_POINT ( 'NONE',  ( 34.45000000000000995, 1.600000000000000089, 3.000000000000000000 ) ) ;
#5062 = LINE ( 'NONE', #3253, #9804 ) ;
#5063 = CARTESIAN_POINT ( 'NONE',  ( 12.84999999999999964, 9.902000000000001023, -15.94999999999999929 ) ) ;
#5064 = ORIENTED_EDGE ( 'NONE', *, *, #7714, .F. ) ;
#5065 = CARTESIAN_POINT ( 'NONE',  ( -38.64999999999999858, -1.799999999999999600, -5.450000000000000178 ) ) ;
#5066 = ORIENTED_EDGE ( 'NONE', *, *, #594, .F. ) ;
#5067 = LINE ( 'NONE', #2621, #2315 ) ;
#5068 = ORIENTED_EDGE ( 'NONE', *, *, #7319, .F. ) ;
#5069 = CIRCLE ( 'NONE', #8806, 0.4000000000000010214 ) ;
#5070 = EDGE_CURVE ( 'NONE', #1634, #7711, #7657, .T. ) ;
#5071 = ADVANCED_FACE ( 'NONE', ( #4655 ), #9560, .F. ) ;
#5072 = DIRECTION ( 'NONE',  ( 0.000000000000000000, -0.000000000000000000, -1.000000000000000000 ) ) ;
#5073 = LINE ( 'NONE', #1872, #3336 ) ;
#5074 = PLANE ( 'NONE',  #5167 ) ;
#5075 = CARTESIAN_POINT ( 'NONE',  ( 33.94999999999999574, 7.500000000000006217, -10.94999999999999751 ) ) ;
#5076 = DIRECTION ( 'NONE',  ( 0.000000000000000000, 0.000000000000000000, -1.000000000000000000 ) ) ;
#5077 = ORIENTED_EDGE ( 'NONE', *, *, #1816, .F. ) ;
#5078 = DIRECTION ( 'NONE',  ( -0.000000000000000000, -0.000000000000000000, -1.000000000000000000 ) ) ;
#5079 = EDGE_CURVE ( 'NONE', #248, #9781, #10529, .T. ) ;
#5080 = VERTEX_POINT ( 'NONE', #8010 ) ;
#5081 = VERTEX_POINT ( 'NONE', #7913 ) ;
#5082 = AXIS2_PLACEMENT_3D ( 'NONE', #116, #7268, #9022 ) ;
#5083 = ADVANCED_FACE ( 'NONE', ( #6202 ), #10411, .F. ) ;
#5084 = ORIENTED_EDGE ( 'NONE', *, *, #2605, .F. ) ;
#5085 = FACE_OUTER_BOUND ( 'NONE', #2578, .T. ) ;
#5086 = CARTESIAN_POINT ( 'NONE',  ( 37.65000000000000568, 9.902000000000001023, 11.95000000000000462 ) ) ;
#5087 = DIRECTION ( 'NONE',  ( -0.000000000000000000, 0.7071067811865474617, 0.7071067811865474617 ) ) ;
#5088 = CARTESIAN_POINT ( 'NONE',  ( -10.09999999999999787, -1.799999999999982059, -7.699999999999992184 ) ) ;
#5089 = AXIS2_PLACEMENT_3D ( 'NONE', #934, #4196, #8301 ) ;
#5090 = ORIENTED_EDGE ( 'NONE', *, *, #2540, .F. ) ;
#5091 = ORIENTED_EDGE ( 'NONE', *, *, #7608, .T. ) ;
#5092 = CARTESIAN_POINT ( 'NONE',  ( -33.85000000000000853, 9.899999999999998579, -8.448227494413583116 ) ) ;
#5093 = ADVANCED_FACE ( 'NONE', ( #9511 ), #3867, .T. ) ;
#5094 = ORIENTED_EDGE ( 'NONE', *, *, #4053, .T. ) ;
#5095 = EDGE_CURVE ( 'NONE', #6877, #4591, #2205, .T. ) ;
#5096 = ORIENTED_EDGE ( 'NONE', *, *, #1281, .T. ) ;
#5097 = AXIS2_PLACEMENT_3D ( 'NONE', #449, #3711, #3073 ) ;
#5098 = CARTESIAN_POINT ( 'NONE',  ( 20.65000000000000213, -9.000000000000005329, -16.94999999999999574 ) ) ;
#5099 = CARTESIAN_POINT ( 'NONE',  ( -33.25000000000000000, -0.3999999999999999667, 5.450000000000001066 ) ) ;
#5100 = CARTESIAN_POINT ( 'NONE',  ( -19.64999999999999858, 1.600000000000000089, -5.049999999999995381 ) ) ;
#5101 = DIRECTION ( 'NONE',  ( 0.000000000000000000, 0.000000000000000000, -1.000000000000000000 ) ) ;
#5102 = ORIENTED_EDGE ( 'NONE', *, *, #5434, .T. ) ;
#5103 = LINE ( 'NONE', #3457, #5124 ) ;
#5104 = EDGE_CURVE ( 'NONE', #4220, #807, #698, .T. ) ;
#5105 = ORIENTED_EDGE ( 'NONE', *, *, #2105, .F. ) ;
#5106 = ORIENTED_EDGE ( 'NONE', *, *, #883, .F. ) ;
#5107 = CARTESIAN_POINT ( 'NONE',  ( 16.83234822018088295, -1.799999999999971623, -19.14999999999999858 ) ) ;
#5108 = CARTESIAN_POINT ( 'NONE',  ( -35.25000000000000711, -1.800000000000000044, -20.74999999999999645 ) ) ;
#5109 = PLANE ( 'NONE',  #4140 ) ;
#5110 = LINE ( 'NONE', #2560, #6882 ) ;
#5111 = CYLINDRICAL_SURFACE ( 'NONE', #95, 0.5999999999999998668 ) ;
#5112 = DIRECTION ( 'NONE',  ( 1.000000000000000000, 0.000000000000000000, 0.000000000000000000 ) ) ;
#5113 = ORIENTED_EDGE ( 'NONE', *, *, #6631, .F. ) ;
#5114 = CARTESIAN_POINT ( 'NONE',  ( -17.50000000000000355, 7.762049935181331684, -20.74999999999999645 ) ) ;
#5115 = ORIENTED_EDGE ( 'NONE', *, *, #475, .F. ) ;
#5116 = EDGE_CURVE ( 'NONE', #7481, #4269, #3911, .T. ) ;
#5117 = DIRECTION ( 'NONE',  ( 1.000000000000000000, 0.000000000000000000, -6.672013369141570147E-16 ) ) ;
#5118 = EDGE_LOOP ( 'NONE', ( #344, #7837, #8567, #8224 ) ) ;
#5119 = DIRECTION ( 'NONE',  ( 0.000000000000000000, 0.000000000000000000, 1.000000000000000000 ) ) ;
#5120 = CARTESIAN_POINT ( 'NONE',  ( -29.64999999999999858, -0.3999999999999999667, 5.449999999999999289 ) ) ;
#5121 = CARTESIAN_POINT ( 'NONE',  ( -31.04999999999999716, 6.200000000000000178, -20.74999999999999645 ) ) ;
#5122 = LINE ( 'NONE', #8966, #6505 ) ;
#5123 = CARTESIAN_POINT ( 'NONE',  ( 39.25000000000000000, 4.099999999999998757, -14.24999999999999822 ) ) ;
#5124 = VECTOR ( 'NONE', #2661, 1000.000000000000000 ) ;
#5125 = EDGE_CURVE ( 'NONE', #7916, #4176, #7296, .T. ) ;
#5126 = CYLINDRICAL_SURFACE ( 'NONE', #1606, 0.4000000000000010214 ) ;
#5127 = EDGE_LOOP ( 'NONE', ( #9103, #7226 ) ) ;
#5128 = DIRECTION ( 'NONE',  ( 0.000000000000000000, 1.000000000000000000, 0.000000000000000000 ) ) ;
#5129 = ORIENTED_EDGE ( 'NONE', *, *, #6431, .T. ) ;
#5130 = VERTEX_POINT ( 'NONE', #3811 ) ;
#5131 = VERTEX_POINT ( 'NONE', #10320 ) ;
#5132 = LINE ( 'NONE', #3439, #3747 ) ;
#5133 = AXIS2_PLACEMENT_3D ( 'NONE', #2269, #712, #6216 ) ;
#5134 = CYLINDRICAL_SURFACE ( 'NONE', #7667, 1.000000000000000888 ) ;
#5135 = CARTESIAN_POINT ( 'NONE',  ( 5.950000000000004619, 3.600000000000000977, 17.44999999999999929 ) ) ;
#5136 = FACE_OUTER_BOUND ( 'NONE', #700, .T. ) ;
#5137 = VECTOR ( 'NONE', #5558, 1000.000000000000000 ) ;
#5138 = ORIENTED_EDGE ( 'NONE', *, *, #9565, .T. ) ;
#5139 = VERTEX_POINT ( 'NONE', #7213 ) ;
#5140 = CARTESIAN_POINT ( 'NONE',  ( -35.25000000000000000, -1.800000000000000044, 22.14999999999999858 ) ) ;
#5141 = ORIENTED_EDGE ( 'NONE', *, *, #7210, .T. ) ;
#5142 = ORIENTED_EDGE ( 'NONE', *, *, #8975, .F. ) ;
#5143 = DIRECTION ( 'NONE',  ( -0.000000000000000000, -0.000000000000000000, -1.000000000000000000 ) ) ;
#5144 = VECTOR ( 'NONE', #2572, 1000.000000000000000 ) ;
#5145 = ADVANCED_FACE ( 'NONE', ( #8660 ), #9406, .T. ) ;
#5146 = DIRECTION ( 'NONE',  ( -0.000000000000000000, -0.000000000000000000, -1.000000000000000000 ) ) ;
#5147 = CARTESIAN_POINT ( 'NONE',  ( 35.35000000000000142, 7.500000000000004441, -3.691709623134517226 ) ) ;
#5148 = LINE ( 'NONE', #7615, #5667 ) ;
#5149 = ORIENTED_EDGE ( 'NONE', *, *, #1982, .F. ) ;
#5150 = VECTOR ( 'NONE', #9696, 1000.000000000000000 ) ;
#5151 = LINE ( 'NONE', #2063, #2588 ) ;
#5152 = ORIENTED_EDGE ( 'NONE', *, *, #4643, .F. ) ;
#5153 = VERTEX_POINT ( 'NONE', #2098 ) ;
#5154 = AXIS2_PLACEMENT_3D ( 'NONE', #4357, #5101, #8353 ) ;
#5155 = AXIS2_PLACEMENT_3D ( 'NONE', #2610, #39, #6709 ) ;
#5156 = DIRECTION ( 'NONE',  ( -0.000000000000000000, 1.000000000000000000, -0.000000000000000000 ) ) ;
#5157 = EDGE_CURVE ( 'NONE', #8064, #7075, #1446, .T. ) ;
#5158 = EDGE_CURVE ( 'NONE', #3437, #1556, #9458, .T. ) ;
#5159 = LINE ( 'NONE', #6708, #5236 ) ;
#5160 = CARTESIAN_POINT ( 'NONE',  ( 35.35000000000000142, 7.500000000000004441, 0.3500000000000004774 ) ) ;
#5161 = DIRECTION ( 'NONE',  ( 0.000000000000000000, -1.000000000000000000, 0.000000000000000000 ) ) ;
#5162 = EDGE_CURVE ( 'NONE', #10422, #6113, #2313, .T. ) ;
#5163 = DIRECTION ( 'NONE',  ( 1.000000000000000000, 0.000000000000000000, 0.000000000000000000 ) ) ;
#5164 = CARTESIAN_POINT ( 'NONE',  ( -37.85000000000000853, -9.000000000000000000, -5.450000000000000178 ) ) ;
#5165 = ORIENTED_EDGE ( 'NONE', *, *, #7969, .T. ) ;
#5166 = LINE ( 'NONE', #7788, #6153 ) ;
#5167 = AXIS2_PLACEMENT_3D ( 'NONE', #9016, #8329, #5770 ) ;
#5168 = AXIS2_PLACEMENT_3D ( 'NONE', #6395, #3899, #739 ) ;
#5169 = ORIENTED_EDGE ( 'NONE', *, *, #6692, .T. ) ;
#5170 = PLANE ( 'NONE',  #6569 ) ;
#5171 = VERTEX_POINT ( 'NONE', #5509 ) ;
#5172 = VECTOR ( 'NONE', #2770, 1000.000000000000000 ) ;
#5173 = DIRECTION ( 'NONE',  ( 0.000000000000000000, 1.762134456409849633E-16, -1.000000000000000000 ) ) ;
#5174 = EDGE_CURVE ( 'NONE', #372, #7632, #2155, .T. ) ;
#5175 = DIRECTION ( 'NONE',  ( 0.000000000000000000, 1.000000000000000000, 1.762134456409849633E-16 ) ) ;
#5176 = VECTOR ( 'NONE', #1463, 1000.000000000000000 ) ;
#5177 = CARTESIAN_POINT ( 'NONE',  ( -37.05000000000000426, 9.899999999999998579, 6.049999999999999822 ) ) ;
#5178 = DIRECTION ( 'NONE',  ( 0.000000000000000000, 0.000000000000000000, 1.000000000000000000 ) ) ;
#5179 = CYLINDRICAL_SURFACE ( 'NONE', #6695, 8.450000000000001066 ) ;
#5180 = DIRECTION ( 'NONE',  ( -1.000000000000000000, 0.000000000000000000, 0.000000000000000000 ) ) ;
#5181 = VERTEX_POINT ( 'NONE', #4707 ) ;
#5182 = ORIENTED_EDGE ( 'NONE', *, *, #7655, .T. ) ;
#5183 = ORIENTED_EDGE ( 'NONE', *, *, #2485, .F. ) ;
#5184 = VECTOR ( 'NONE', #253, 1000.000000000000114 ) ;
#5185 = VECTOR ( 'NONE', #315, 1000.000000000000000 ) ;
#5186 = ORIENTED_EDGE ( 'NONE', *, *, #9888, .T. ) ;
#5187 = CARTESIAN_POINT ( 'NONE',  ( 32.95000000000000995, 6.200000000000000178, -19.25000000000000000 ) ) ;
#5188 = EDGE_CURVE ( 'NONE', #6065, #3024, #1298, .T. ) ;
#5189 = CARTESIAN_POINT ( 'NONE',  ( -36.45000000000000284, -0.3999999999999993006, -5.450000000000000178 ) ) ;
#5190 = VECTOR ( 'NONE', #9350, 1000.000000000000000 ) ;
#5191 = CARTESIAN_POINT ( 'NONE',  ( 24.85000000000000853, -4.999999999999992006, 24.45000000000000639 ) ) ;
#5192 = ORIENTED_EDGE ( 'NONE', *, *, #9390, .F. ) ;
#5193 = PLANE ( 'NONE',  #10418 ) ;
#5194 = PLANE ( 'NONE',  #9236 ) ;
#5195 = VECTOR ( 'NONE', #9207, 1000.000000000000000 ) ;
#5196 = EDGE_LOOP ( 'NONE', ( #3746, #1365, #569, #3042 ) ) ;
#5197 = LINE ( 'NONE', #1087, #309 ) ;
#5198 = AXIS2_PLACEMENT_3D ( 'NONE', #4863, #4013, #7156 ) ;
#5199 = ORIENTED_EDGE ( 'NONE', *, *, #7052, .T. ) ;
#5200 = EDGE_CURVE ( 'NONE', #3184, #3444, #5353, .T. ) ;
#5201 = ORIENTED_EDGE ( 'NONE', *, *, #6167, .F. ) ;
#5202 = VECTOR ( 'NONE', #2307, 1000.000000000000000 ) ;
#5203 = LINE ( 'NONE', #292, #5432 ) ;
#5204 = AXIS2_PLACEMENT_3D ( 'NONE', #9344, #1233, #4491 ) ;
#5205 = DIRECTION ( 'NONE',  ( 1.000000000000000000, 0.000000000000000000, 0.000000000000000000 ) ) ;
#5206 = VECTOR ( 'NONE', #6876, 1000.000000000000000 ) ;
#5207 = DIRECTION ( 'NONE',  ( -1.000000000000000000, 0.000000000000000000, 0.000000000000000000 ) ) ;
#5208 = PLANE ( 'NONE',  #222 ) ;
#5209 = ORIENTED_EDGE ( 'NONE', *, *, #9719, .F. ) ;
#5210 = AXIS2_PLACEMENT_3D ( 'NONE', #6186, #7638, #9439 ) ;
#5211 = LINE ( 'NONE', #8466, #9726 ) ;
#5212 = VECTOR ( 'NONE', #10238, 1000.000000000000000 ) ;
#5213 = VERTEX_POINT ( 'NONE', #649 ) ;
#5214 = ORIENTED_EDGE ( 'NONE', *, *, #175, .T. ) ;
#5215 = AXIS2_PLACEMENT_3D ( 'NONE', #4205, #3299, #143 ) ;
#5216 = ADVANCED_FACE ( 'NONE', ( #8812 ), #2413, .F. ) ;
#5217 = DIRECTION ( 'NONE',  ( -0.000000000000000000, 0.000000000000000000, 1.000000000000000000 ) ) ;
#5218 = DIRECTION ( 'NONE',  ( 0.000000000000000000, 0.000000000000000000, 1.000000000000000000 ) ) ;
#5219 = DIRECTION ( 'NONE',  ( -1.000000000000000000, 0.000000000000000000, 0.000000000000000000 ) ) ;
#5220 = DIRECTION ( 'NONE',  ( -1.000000000000000000, 0.000000000000000000, 0.000000000000000000 ) ) ;
#5221 = CYLINDRICAL_SURFACE ( 'NONE', #432, 0.4000000000000010214 ) ;
#5222 = CARTESIAN_POINT ( 'NONE',  ( 39.25000000000000000, 4.099999999999998757, 16.75000000000000000 ) ) ;
#5223 = ORIENTED_EDGE ( 'NONE', *, *, #8607, .T. ) ;
#5224 = CARTESIAN_POINT ( 'NONE',  ( -26.65000000000000924, -4.999999999999999112, 23.15100000000000691 ) ) ;
#5225 = ORIENTED_EDGE ( 'NONE', *, *, #2035, .T. ) ;
#5226 = CARTESIAN_POINT ( 'NONE',  ( 27.45000000000000639, 7.000000000000004441, 24.45000000000000639 ) ) ;
#5227 = ORIENTED_EDGE ( 'NONE', *, *, #4377, .T. ) ;
#5228 = EDGE_CURVE ( 'NONE', #6023, #1916, #8858, .T. ) ;
#5229 = EDGE_CURVE ( 'NONE', #10302, #6245, #6951, .T. ) ;
#5230 = EDGE_CURVE ( 'NONE', #4503, #10302, #3, .T. ) ;
#5231 = CARTESIAN_POINT ( 'NONE',  ( 35.75000000000000000, 0.000000000000000000, 0.000000000000000000 ) ) ;
#5232 = CARTESIAN_POINT ( 'NONE',  ( 35.75000000000000000, 0.000000000000000000, -3.460769515458667289 ) ) ;
#5233 = DIRECTION ( 'NONE',  ( 0.000000000000000000, 0.000000000000000000, 1.000000000000000000 ) ) ;
#5234 = CARTESIAN_POINT ( 'NONE',  ( 27.95000000000000639, 7.500000000000000888, 12.92992172241327786 ) ) ;
#5235 = DIRECTION ( 'NONE',  ( -1.000000000000000000, 2.569960705150825398E-16, 0.000000000000000000 ) ) ;
#5236 = VECTOR ( 'NONE', #1907, 1000.000000000000000 ) ;
#5237 = CARTESIAN_POINT ( 'NONE',  ( -26.45000000000000284, 7.000000000000005329, 23.35100000000000264 ) ) ;
#5238 = VERTEX_POINT ( 'NONE', #8283 ) ;
#5239 = EDGE_CURVE ( 'NONE', #6245, #5241, #4865, .T. ) ;
#5240 = VERTEX_POINT ( 'NONE', #6461 ) ;
#5241 = VERTEX_POINT ( 'NONE', #916 ) ;
#5242 = VERTEX_POINT ( 'NONE', #4015 ) ;
#5243 = LINE ( 'NONE', #4546, #641 ) ;
#5244 = CARTESIAN_POINT ( 'NONE',  ( 27.64999999999999858, 0.000000000000000000, -16.44999999999999574 ) ) ;
#5245 = DIRECTION ( 'NONE',  ( -1.000000000000000000, 0.000000000000000000, -0.000000000000000000 ) ) ;
#5246 = ORIENTED_EDGE ( 'NONE', *, *, #10057, .T. ) ;
#5247 = LINE ( 'NONE', #6842, #2078 ) ;
#5248 = LINE ( 'NONE', #9996, #7031 ) ;
#5249 = CYLINDRICAL_SURFACE ( 'NONE', #5368, 0.4000000000000010214 ) ;
#5250 = CIRCLE ( 'NONE', #132, 0.4000000000000010214 ) ;
#5251 = ORIENTED_EDGE ( 'NONE', *, *, #7780, .F. ) ;
#5252 = CARTESIAN_POINT ( 'NONE',  ( -35.25000000000000000, -1.800000000000000044, -8.448227494413584893 ) ) ;
#5253 = EDGE_CURVE ( 'NONE', #8127, #4092, #9710, .T. ) ;
#5254 = VERTEX_POINT ( 'NONE', #6514 ) ;
#5255 = EDGE_LOOP ( 'NONE', ( #7070, #9561, #6588, #500 ) ) ;
#5256 = DIRECTION ( 'NONE',  ( 0.000000000000000000, -1.000000000000000000, 0.000000000000000000 ) ) ;
#5257 = AXIS2_PLACEMENT_3D ( 'NONE', #6687, #2587, #8982 ) ;
#5258 = VERTEX_POINT ( 'NONE', #6626 ) ;
#5259 = LINE ( 'NONE', #1198, #9089 ) ;
#5260 = CYLINDRICAL_SURFACE ( 'NONE', #5846, 3.000000000000002665 ) ;
#5261 = EDGE_CURVE ( 'NONE', #10364, #877, #5826, .T. ) ;
#5262 = ORIENTED_EDGE ( 'NONE', *, *, #8840, .T. ) ;
#5263 = CARTESIAN_POINT ( 'NONE',  ( -11.75000000000000000, -0.9000000000000050182, -13.14999999999999858 ) ) ;
#5264 = EDGE_CURVE ( 'NONE', #2949, #9813, #6410, .T. ) ;
#5265 = ORIENTED_EDGE ( 'NONE', *, *, #8238, .F. ) ;
#5266 = AXIS2_PLACEMENT_3D ( 'NONE', #8201, #895, #4153 ) ;
#5267 = ORIENTED_EDGE ( 'NONE', *, *, #10297, .F. ) ;
#5268 = DIRECTION ( 'NONE',  ( 0.000000000000000000, 0.000000000000000000, -1.000000000000000000 ) ) ;
#5269 = PLANE ( 'NONE',  #9659 ) ;
#5270 = CARTESIAN_POINT ( 'NONE',  ( 11.95000000000000639, 5.000000000000000000, 17.44999999999999929 ) ) ;
#5271 = CARTESIAN_POINT ( 'NONE',  ( -26.64999999999999858, 1.600000000000000089, 6.999999999999978684 ) ) ;
#5272 = VECTOR ( 'NONE', #8110, 1000.000000000000000 ) ;
#5273 = CARTESIAN_POINT ( 'NONE',  ( 38.15000000000001279, 8.500000000000000000, -18.80000000000000071 ) ) ;
#5274 = LINE ( 'NONE', #9428, #6043 ) ;
#5275 = ORIENTED_EDGE ( 'NONE', *, *, #3924, .T. ) ;
#5276 = CYLINDRICAL_SURFACE ( 'NONE', #4448, 9.349999999999990763 ) ;
#5277 = ADVANCED_FACE ( 'NONE', ( #8117 ), #4173, .T. ) ;
#5278 = ORIENTED_EDGE ( 'NONE', *, *, #6802, .T. ) ;
#5279 = FACE_OUTER_BOUND ( 'NONE', #10322, .T. ) ;
#5280 = VERTEX_POINT ( 'NONE', #2363 ) ;
#5281 = CIRCLE ( 'NONE', #4424, 0.2000000000000022593 ) ;
#5282 = VECTOR ( 'NONE', #7831, 1000.000000000000000 ) ;
#5283 = DIRECTION ( 'NONE',  ( 0.000000000000000000, -0.000000000000000000, 1.000000000000000000 ) ) ;
#5284 = DIRECTION ( 'NONE',  ( 0.000000000000000000, 0.000000000000000000, 1.000000000000000000 ) ) ;
#5285 = DIRECTION ( 'NONE',  ( -0.000000000000000000, -1.000000000000000000, -0.000000000000000000 ) ) ;
#5286 = DIRECTION ( 'NONE',  ( -1.000000000000000000, 0.000000000000000000, 0.000000000000000000 ) ) ;
#5287 = EDGE_CURVE ( 'NONE', #3373, #2, #5663, .T. ) ;
#5288 = CARTESIAN_POINT ( 'NONE',  ( -18.50000000000000355, 7.762049935181331684, -20.74999999999999645 ) ) ;
#5289 = CARTESIAN_POINT ( 'NONE',  ( 35.75000000000000000, -1.800000000000000044, -19.14999999999999858 ) ) ;
#5290 = VERTEX_POINT ( 'NONE', #7322 ) ;
#5291 = ORIENTED_EDGE ( 'NONE', *, *, #1431, .F. ) ;
#5292 = ORIENTED_EDGE ( 'NONE', *, *, #6446, .T. ) ;
#5293 = VERTEX_POINT ( 'NONE', #2470 ) ;
#5294 = DIRECTION ( 'NONE',  ( 1.000000000000000000, -0.000000000000000000, 0.000000000000000000 ) ) ;
#5295 = PLANE ( 'NONE',  #5379 ) ;
#5296 = CARTESIAN_POINT ( 'NONE',  ( -26.25000000000001066, -1.800000000000000044, 10.50000000000000355 ) ) ;
#5297 = ADVANCED_FACE ( 'NONE', ( #9074 ), #3270, .F. ) ;
#5298 = DIRECTION ( 'NONE',  ( 0.000000000000000000, 0.000000000000000000, -1.000000000000000000 ) ) ;
#5299 = EDGE_CURVE ( 'NONE', #4709, #8090, #7430, .T. ) ;
#5300 = LINE ( 'NONE', #5943, #3964 ) ;
#5301 = EDGE_CURVE ( 'NONE', #9829, #1616, #4919, .T. ) ;
#5302 = FACE_OUTER_BOUND ( 'NONE', #447, .T. ) ;
#5303 = VERTEX_POINT ( 'NONE', #5612 ) ;
#5304 = FACE_OUTER_BOUND ( 'NONE', #8223, .T. ) ;
#5305 = VERTEX_POINT ( 'NONE', #8222 ) ;
#5306 = ORIENTED_EDGE ( 'NONE', *, *, #2429, .T. ) ;
#5307 = CARTESIAN_POINT ( 'NONE',  ( 21.64999999999999858, -3.399999999999999911, -16.44999999999999574 ) ) ;
#5308 = DIRECTION ( 'NONE',  ( 0.000000000000000000, 0.000000000000000000, 1.000000000000000000 ) ) ;
#5309 = EDGE_CURVE ( 'NONE', #8064, #1934, #8062, .T. ) ;
#5310 = CARTESIAN_POINT ( 'NONE',  ( 35.75000000000000000, 0.000000000000000000, 12.80000000000000249 ) ) ;
#5311 = FILL_AREA_STYLE_COLOUR ( '', #7149 ) ;
#5312 = FACE_OUTER_BOUND ( 'NONE', #6323, .T. ) ;
#5313 = ORIENTED_EDGE ( 'NONE', *, *, #1664, .T. ) ;
#5314 = DIRECTION ( 'NONE',  ( 0.000000000000000000, 0.000000000000000000, 1.000000000000000000 ) ) ;
#5315 = ORIENTED_EDGE ( 'NONE', *, *, #6599, .T. ) ;
#5316 = AXIS2_PLACEMENT_3D ( 'NONE', #6096, #2151, #3806 ) ;
#5317 = ORIENTED_EDGE ( 'NONE', *, *, #8606, .T. ) ;
#5318 = CARTESIAN_POINT ( 'NONE',  ( 18.50000000000000355, -1.800000000000000044, -20.74999999999999645 ) ) ;
#5319 = ADVANCED_FACE ( 'NONE', ( #860 ), #4116, .F. ) ;
#5320 = DIRECTION ( 'NONE',  ( 0.000000000000000000, 1.762134456409849633E-16, -1.000000000000000000 ) ) ;
#5321 = LINE ( 'NONE', #6868, #2638 ) ;
#5322 = FACE_OUTER_BOUND ( 'NONE', #1396, .T. ) ;
#5323 = DIRECTION ( 'NONE',  ( -1.000000000000000000, 0.000000000000000000, 0.000000000000000000 ) ) ;
#5324 = ORIENTED_EDGE ( 'NONE', *, *, #1257, .T. ) ;
#5325 = CARTESIAN_POINT ( 'NONE',  ( 18.52464278959538291, 5.421010862427522170E-16, -19.14999999999999858 ) ) ;
#5326 = ORIENTED_EDGE ( 'NONE', *, *, #3344, .F. ) ;
#5327 = CARTESIAN_POINT ( 'NONE',  ( 13.85000000000000142, 9.902000000000001023, -15.94999999999999929 ) ) ;
#5328 = ORIENTED_EDGE ( 'NONE', *, *, #5961, .T. ) ;
#5329 = VECTOR ( 'NONE', #4443, 1000.000000000000000 ) ;
#5330 = EDGE_CURVE ( 'NONE', #3753, #7978, #6576, .T. ) ;
#5331 = LINE ( 'NONE', #1121, #10463 ) ;
#5332 = DIRECTION ( 'NONE',  ( 1.000000000000000000, 0.000000000000000000, -3.771137991253934490E-16 ) ) ;
#5333 = DIRECTION ( 'NONE',  ( -0.000000000000000000, -0.000000000000000000, 1.000000000000000000 ) ) ;
#5334 = VECTOR ( 'NONE', #8165, 1000.000000000000000 ) ;
#5335 = AXIS2_PLACEMENT_3D ( 'NONE', #2736, #8866, #6726 ) ;
#5336 = CARTESIAN_POINT ( 'NONE',  ( -31.55000000000000782, 9.899999999999998579, -3.750000000000000444 ) ) ;
#5337 = ORIENTED_EDGE ( 'NONE', *, *, #5157, .F. ) ;
#5338 = AXIS2_PLACEMENT_3D ( 'NONE', #4212, #4262, #9911 ) ;
#5339 = CARTESIAN_POINT ( 'NONE',  ( 37.65000000000001279, 9.902000000000002800, 0.3500000000000018097 ) ) ;
#5340 = ORIENTED_EDGE ( 'NONE', *, *, #8158, .T. ) ;
#5341 = CARTESIAN_POINT ( 'NONE',  ( -39.25000000000000000, 1.600000000000000089, -6.049999999999999822 ) ) ;
#5342 = VERTEX_POINT ( 'NONE', #3488 ) ;
#5343 = ORIENTED_EDGE ( 'NONE', *, *, #7631, .T. ) ;
#5344 = VECTOR ( 'NONE', #4769, 1000.000000000000000 ) ;
#5345 = DIRECTION ( 'NONE',  ( 0.000000000000000000, 0.000000000000000000, -1.000000000000000000 ) ) ;
#5346 = EDGE_CURVE ( 'NONE', #9114, #5982, #170, .T. ) ;
#5347 = CARTESIAN_POINT ( 'NONE',  ( 37.65000000000000568, 9.902000000000004576, -11.95000000000000107 ) ) ;
#5348 = FACE_OUTER_BOUND ( 'NONE', #8074, .T. ) ;
#5349 = DIRECTION ( 'NONE',  ( 0.000000000000000000, 0.000000000000000000, 1.000000000000000000 ) ) ;
#5350 = FACE_OUTER_BOUND ( 'NONE', #8542, .T. ) ;
#5351 = FACE_OUTER_BOUND ( 'NONE', #9351, .T. ) ;
#5352 = ORIENTED_EDGE ( 'NONE', *, *, #1207, .F. ) ;
#5353 = LINE ( 'NONE', #8605, #9341 ) ;
#5354 = AXIS2_PLACEMENT_3D ( 'NONE', #6169, #3726, #9426 ) ;
#5355 = PRODUCT_DEFINITION_CONTEXT ( 'detailed design', #829, 'design' ) ;
#5356 = ORIENTED_EDGE ( 'NONE', *, *, #6573, .T. ) ;
#5357 = EDGE_CURVE ( 'NONE', #2257, #9444, #1023, .T. ) ;
#5358 = EDGE_CURVE ( 'NONE', #6206, #2650, #4279, .T. ) ;
#5359 = ORIENTED_EDGE ( 'NONE', *, *, #1219, .F. ) ;
#5360 = LINE ( 'NONE', #5307, #4409 ) ;
#5361 = EDGE_CURVE ( 'NONE', #3005, #1569, #8383, .T. ) ;
#5362 = CARTESIAN_POINT ( 'NONE',  ( 0.000000000000000000, -2.600000000000004530, -20.24999999999999645 ) ) ;
#5363 = VECTOR ( 'NONE', #631, 1000.000000000000000 ) ;
#5364 = CARTESIAN_POINT ( 'NONE',  ( 21.64999999999999858, -3.399999999999999911, -16.44999999999999574 ) ) ;
#5365 = LINE ( 'NONE', #8618, #9151 ) ;
#5366 = CARTESIAN_POINT ( 'NONE',  ( -26.85000000000000142, 7.000000000000005329, 23.15100000000000691 ) ) ;
#5367 = EDGE_LOOP ( 'NONE', ( #3385, #4064, #2557, #9034 ) ) ;
#5368 = AXIS2_PLACEMENT_3D ( 'NONE', #7108, #2051, #4602 ) ;
#5369 = DIRECTION ( 'NONE',  ( -0.000000000000000000, 1.000000000000000000, -0.000000000000000000 ) ) ;
#5370 = ORIENTED_EDGE ( 'NONE', *, *, #9921, .F. ) ;
#5371 = VECTOR ( 'NONE', #9578, 1000.000000000000000 ) ;
#5372 = ADVANCED_FACE ( 'NONE', ( #7534, #9131 ), #9181, .T. ) ;
#5373 = ORIENTED_EDGE ( 'NONE', *, *, #688, .F. ) ;
#5374 = AXIS2_PLACEMENT_3D ( 'NONE', #8332, #1021, #9283 ) ;
#5375 = CARTESIAN_POINT ( 'NONE',  ( -10.09999999999999787, -1.700000000000000178, -9.349999999999994316 ) ) ;
#5376 = CIRCLE ( 'NONE', #3345, 0.4000000000000010214 ) ;
#5377 = DIRECTION ( 'NONE',  ( 0.000000000000000000, 0.000000000000000000, 1.000000000000000000 ) ) ;
#5378 = LINE ( 'NONE', #353, #3144 ) ;
#5379 = AXIS2_PLACEMENT_3D ( 'NONE', #3803, #2091, #1388 ) ;
#5380 = CARTESIAN_POINT ( 'NONE',  ( 27.64999999999999858, -1.899999999999992362, -19.24999999999999645 ) ) ;
#5381 = DIRECTION ( 'NONE',  ( 1.000000000000000000, 0.000000000000000000, 0.000000000000000000 ) ) ;
#5382 = EDGE_LOOP ( 'NONE', ( #9168, #2037, #2943, #7604 ) ) ;
#5383 = CARTESIAN_POINT ( 'NONE',  ( -24.94999999999999929, 5.000000000000000000, 17.44999999999999929 ) ) ;
#5384 = ORIENTED_EDGE ( 'NONE', *, *, #3936, .T. ) ;
#5385 = CARTESIAN_POINT ( 'NONE',  ( -21.25000000000000000, 7.400000000000005684, 23.35100000000000264 ) ) ;
#5386 = VECTOR ( 'NONE', #1589, 1000.000000000000000 ) ;
#5387 = ORIENTED_EDGE ( 'NONE', *, *, #6644, .T. ) ;
#5388 = ADVANCED_FACE ( 'NONE', ( #278 ), #5934, .F. ) ;
#5389 = AXIS2_PLACEMENT_3D ( 'NONE', #2545, #5796, #1791 ) ;
#5390 = DIRECTION ( 'NONE',  ( -1.000000000000000000, 0.000000000000000000, 0.000000000000000000 ) ) ;
#5391 = CARTESIAN_POINT ( 'NONE',  ( 33.15000000000000568, 1.600000000000000089, 3.750555349946511186 ) ) ;
#5392 = CARTESIAN_POINT ( 'NONE',  ( -34.25000000000000000, 0.000000000000000000, 11.49999999999999112 ) ) ;
#5393 = CARTESIAN_POINT ( 'NONE',  ( -39.25000000000000000, -0.3999999999999975797, 23.75000000000000000 ) ) ;
#5394 = ORIENTED_EDGE ( 'NONE', *, *, #3798, .T. ) ;
#5395 = LINE ( 'NONE', #4382, #3472 ) ;
#5396 = EDGE_CURVE ( 'NONE', #3500, #7789, #2634, .T. ) ;
#5397 = ORIENTED_EDGE ( 'NONE', *, *, #1307, .F. ) ;
#5398 = CARTESIAN_POINT ( 'NONE',  ( -20.84999999999999787, -4.999999999999999112, 23.35100000000000264 ) ) ;
#5399 = EDGE_LOOP ( 'NONE', ( #3194, #4906, #7044, #8860 ) ) ;
#5400 = ADVANCED_FACE ( 'NONE', ( #4211 ), #4949, .F. ) ;
#5401 = ORIENTED_EDGE ( 'NONE', *, *, #4451, .F. ) ;
#5402 = CARTESIAN_POINT ( 'NONE',  ( -18.50000000000000355, 6.200000000000000178, -21.15000000000000213 ) ) ;
#5403 = DIRECTION ( 'NONE',  ( 1.000000000000000000, 0.000000000000000000, 2.168404344971003198E-16 ) ) ;
#5404 = DIRECTION ( 'NONE',  ( -0.000000000000000000, -0.000000000000000000, 1.000000000000000000 ) ) ;
#5405 = CARTESIAN_POINT ( 'NONE',  ( 33.15000000000000568, 1.600000000000000755, -3.750555349946511186 ) ) ;
#5406 = CARTESIAN_POINT ( 'NONE',  ( 34.35000000000000142, 6.200000000000000178, -0.000000000000000000 ) ) ;
#5407 = ADVANCED_FACE ( 'NONE', ( #789 ), #4043, .T. ) ;
#5408 = CARTESIAN_POINT ( 'NONE',  ( -30.94999999999999929, 5.000000000000000888, 19.25000000000000000 ) ) ;
#5409 = ORIENTED_EDGE ( 'NONE', *, *, #1614, .F. ) ;
#5410 = CARTESIAN_POINT ( 'NONE',  ( 38.85000000000000142, 8.500000000000000000, -20.34999999999999787 ) ) ;
#5411 = EDGE_CURVE ( 'NONE', #5040, #10291, #1579, .T. ) ;
#5412 = EDGE_LOOP ( 'NONE', ( #1713, #9238, #8927, #8923 ) ) ;
#5413 = VECTOR ( 'NONE', #8977, 1000.000000000000000 ) ;
#5414 = ORIENTED_EDGE ( 'NONE', *, *, #8934, .T. ) ;
#5415 = CARTESIAN_POINT ( 'NONE',  ( -26.75000000000000000, 1.600000000000000977, 19.25000000000000000 ) ) ;
#5416 = DIRECTION ( 'NONE',  ( -0.000000000000000000, 1.000000000000000000, -0.000000000000000000 ) ) ;
#5417 = LINE ( 'NONE', #5518, #4133 ) ;
#5418 = LINE ( 'NONE', #8667, #2172 ) ;
#5419 = CARTESIAN_POINT ( 'NONE',  ( -36.45000000000000284, -9.000000000000001776, 5.450000000000000178 ) ) ;
#5420 = ADVANCED_FACE ( 'NONE', ( #1805, #9910 ), #6552, .T. ) ;
#5421 = VERTEX_POINT ( 'NONE', #10550 ) ;
#5422 = FACE_OUTER_BOUND ( 'NONE', #6090, .T. ) ;
#5423 = VERTEX_POINT ( 'NONE', #8098 ) ;
#5424 = ORIENTED_EDGE ( 'NONE', *, *, #9036, .T. ) ;
#5425 = VECTOR ( 'NONE', #16, 1000.000000000000000 ) ;
#5426 = CARTESIAN_POINT ( 'NONE',  ( 27.85000000000000853, 7.400000000000004796, 23.35100000000000975 ) ) ;
#5427 = CARTESIAN_POINT ( 'NONE',  ( 20.64999999999999858, -1.800000000000000044, 23.75100000000000833 ) ) ;
#5428 = DIRECTION ( 'NONE',  ( -0.000000000000000000, -1.000000000000000000, -0.000000000000000000 ) ) ;
#5429 = CARTESIAN_POINT ( 'NONE',  ( -19.64999999999999858, -1.800000000000000044, 23.75100000000000833 ) ) ;
#5430 = EDGE_CURVE ( 'NONE', #8119, #3944, #7514, .T. ) ;
#5431 = ORIENTED_EDGE ( 'NONE', *, *, #10080, .F. ) ;
#5432 = VECTOR ( 'NONE', #4352, 1000.000000000000000 ) ;
#5433 = CARTESIAN_POINT ( 'NONE',  ( 38.15000000000001279, 58.13995493237317191, -18.80000000000000071 ) ) ;
#5434 = EDGE_CURVE ( 'NONE', #8358, #4282, #6492, .T. ) ;
#5435 = ORIENTED_EDGE ( 'NONE', *, *, #7843, .F. ) ;
#5436 = CARTESIAN_POINT ( 'NONE',  ( -20.85000000000000142, 7.000000000000006217, 23.35100000000000264 ) ) ;
#5437 = EDGE_LOOP ( 'NONE', ( #5990, #7407, #976, #754, #9312, #6436, #4234 ) ) ;
#5438 = LINE ( 'NONE', #5487, #2980 ) ;
#5439 = AXIS2_PLACEMENT_3D ( 'NONE', #3952, #5501, #3905 ) ;
#5440 = LINE ( 'NONE', #6181, #2488 ) ;
#5441 = CARTESIAN_POINT ( 'NONE',  ( -20.85000000000000142, 6.200000000000001066, 20.75000000000000355 ) ) ;
#5442 = DIRECTION ( 'NONE',  ( 1.274425696983577453E-16, 0.7071067811865512365, -0.7071067811865439090 ) ) ;
#5443 = EDGE_CURVE ( 'NONE', #3382, #10197, #5059, .T. ) ;
#5444 = ORIENTED_EDGE ( 'NONE', *, *, #5865, .F. ) ;
#5445 = DIRECTION ( 'NONE',  ( 0.000000000000000000, -1.000000000000000000, 0.000000000000000000 ) ) ;
#5446 = ORIENTED_EDGE ( 'NONE', *, *, #3069, .T. ) ;
#5447 = DIRECTION ( 'NONE',  ( -0.000000000000000000, 1.000000000000000000, -0.000000000000000000 ) ) ;
#5448 = VERTEX_POINT ( 'NONE', #9108 ) ;
#5449 = CIRCLE ( 'NONE', #6807, 0.4000000000000010214 ) ;
#5450 = ORIENTED_EDGE ( 'NONE', *, *, #9262, .F. ) ;
#5451 = PLANE ( 'NONE',  #7488 ) ;
#5452 = DIRECTION ( 'NONE',  ( -0.000000000000000000, -1.000000000000000000, 0.000000000000000000 ) ) ;
#5453 = CARTESIAN_POINT ( 'NONE',  ( -39.25000000000000000, 1.600000000000000089, 20.75000000000000355 ) ) ;
#5454 = LINE ( 'NONE', #7106, #7357 ) ;
#5455 = ADVANCED_FACE ( 'NONE', ( #98 ), #8314, .F. ) ;
#5456 = LINE ( 'NONE', #9812, #7878 ) ;
#5457 = CARTESIAN_POINT ( 'NONE',  ( 32.95000000000000995, 4.099999999999998757, 14.24999999999999822 ) ) ;
#5458 = ORIENTED_EDGE ( 'NONE', *, *, #8415, .T. ) ;
#5459 = CARTESIAN_POINT ( 'NONE',  ( -37.35000000000000142, -44.94054332852260814, 23.75000000000000000 ) ) ;
#5460 = ORIENTED_EDGE ( 'NONE', *, *, #6958, .T. ) ;
#5461 = ORIENTED_EDGE ( 'NONE', *, *, #4194, .T. ) ;
#5462 = LINE ( 'NONE', #9465, #10370 ) ;
#5463 = CARTESIAN_POINT ( 'NONE',  ( 28.64999999999999858, -1.800000000000000044, -20.74999999999999645 ) ) ;
#5464 = CARTESIAN_POINT ( 'NONE',  ( 10.15000000000000568, 3.600000000000000533, -19.25000000000000000 ) ) ;
#5465 = LINE ( 'NONE', #613, #6029 ) ;
#5466 = DIRECTION ( 'NONE',  ( 1.000000000000000000, -0.000000000000000000, 0.000000000000000000 ) ) ;
#5467 = VERTEX_POINT ( 'NONE', #3306 ) ;
#5468 = CYLINDRICAL_SURFACE ( 'NONE', #2707, 0.5999999999999998668 ) ;
#5469 = VECTOR ( 'NONE', #1416, 1000.000000000000000 ) ;
#5470 = EDGE_LOOP ( 'NONE', ( #2458, #1823, #962, #2441 ) ) ;
#5471 = CARTESIAN_POINT ( 'NONE',  ( -26.94999999999999929, 7.500000000000000888, 23.15000000000000568 ) ) ;
#5472 = CIRCLE ( 'NONE', #7349, 0.8500000000000000888 ) ;
#5473 = ADVANCED_FACE ( 'NONE', ( #6439 ), #9861, .F. ) ;
#5474 = DIRECTION ( 'NONE',  ( 0.000000000000000000, 1.000000000000000000, 0.000000000000000000 ) ) ;
#5475 = PLANE ( 'NONE',  #9366 ) ;
#5476 = CARTESIAN_POINT ( 'NONE',  ( 33.95000000000000284, 7.500000000000007105, -12.80000000000000249 ) ) ;
#5477 = VERTEX_POINT ( 'NONE', #9745 ) ;
#5478 = CARTESIAN_POINT ( 'NONE',  ( 37.65000000000001279, 9.100000000000001421, 10.95000000000000284 ) ) ;
#5479 = VERTEX_POINT ( 'NONE', #1003 ) ;
#5480 = AXIS2_PLACEMENT_3D ( 'NONE', #2321, #8817, #9720 ) ;
#5481 = DIRECTION ( 'NONE',  ( 1.000000000000000000, -0.000000000000000000, -0.000000000000000000 ) ) ;
#5482 = EDGE_LOOP ( 'NONE', ( #10204, #4388, #7574, #4400, #5267 ) ) ;
#5483 = AXIS2_PLACEMENT_3D ( 'NONE', #4559, #3872, #4505 ) ;
#5484 = EDGE_CURVE ( 'NONE', #9781, #6366, #2505, .T. ) ;
#5485 = EDGE_CURVE ( 'NONE', #7097, #9342, #1640, .T. ) ;
#5486 = VECTOR ( 'NONE', #6416, 1000.000000000000000 ) ;
#5487 = CARTESIAN_POINT ( 'NONE',  ( -26.64999999999999858, -0.3999999999999999667, -6.999999999999978684 ) ) ;
#5488 = ADVANCED_FACE ( 'NONE', ( #5643 ), #7300, .F. ) ;
#5489 = VECTOR ( 'NONE', #7531, 1000.000000000000000 ) ;
#5490 = CARTESIAN_POINT ( 'NONE',  ( -10.09999999999999787, -2.799999999999999822, -7.699999999999992184 ) ) ;
#5491 = DIRECTION ( 'NONE',  ( 0.000000000000000000, -1.000000000000000000, 0.000000000000000000 ) ) ;
#5492 = DIRECTION ( 'NONE',  ( 0.000000000000000000, 0.000000000000000000, -1.000000000000000000 ) ) ;
#5493 = VERTEX_POINT ( 'NONE', #9001 ) ;
#5494 = DIRECTION ( 'NONE',  ( -1.000000000000000000, 0.000000000000000000, -0.000000000000000000 ) ) ;
#5495 = VERTEX_POINT ( 'NONE', #1691 ) ;
#5496 = DIRECTION ( 'NONE',  ( -1.032573497605241978E-16, -1.000000000000000000, 0.000000000000000000 ) ) ;
#5497 = ORIENTED_EDGE ( 'NONE', *, *, #922, .T. ) ;
#5498 = VECTOR ( 'NONE', #4601, 1000.000000000000000 ) ;
#5499 = ORIENTED_EDGE ( 'NONE', *, *, #5188, .F. ) ;
#5500 = EDGE_CURVE ( 'NONE', #8307, #5511, #1336, .T. ) ;
#5501 = DIRECTION ( 'NONE',  ( -1.000000000000000000, 0.000000000000000000, -1.470104640658310508E-16 ) ) ;
#5502 = AXIS2_PLACEMENT_3D ( 'NONE', #5675, #4128, #4929 ) ;
#5503 = CARTESIAN_POINT ( 'NONE',  ( 37.65000000000001279, 9.100000000000006750, 0.3500000000000016431 ) ) ;
#5504 = AXIS2_PLACEMENT_3D ( 'NONE', #1261, #2875, #1209 ) ;
#5505 = DIRECTION ( 'NONE',  ( 1.000000000000000000, 0.000000000000000000, 0.000000000000000000 ) ) ;
#5506 = CARTESIAN_POINT ( 'NONE',  ( 35.35000000000000142, 17.01111066297655228, 3.691709623134514562 ) ) ;
#5507 = CARTESIAN_POINT ( 'NONE',  ( -39.25000000000000711, 0.000000000000000000, -11.49999999999999289 ) ) ;
#5508 = EDGE_LOOP ( 'NONE', ( #5871, #8103, #689, #3590 ) ) ;
#5509 = CARTESIAN_POINT ( 'NONE',  ( -30.94999999999999929, 5.000000000000000888, 17.44999999999999929 ) ) ;
#5510 = AXIS2_PLACEMENT_3D ( 'NONE', #1986, #6829, #429 ) ;
#5511 = VERTEX_POINT ( 'NONE', #7408 ) ;
#5512 = VECTOR ( 'NONE', #6961, 1000.000000000000000 ) ;
#5513 = ORIENTED_EDGE ( 'NONE', *, *, #9955, .F. ) ;
#5514 = EDGE_CURVE ( 'NONE', #3405, #2636, #9051, .T. ) ;
#5515 = CYLINDRICAL_SURFACE ( 'NONE', #4416, 1.000000000000000888 ) ;
#5516 = DIRECTION ( 'NONE',  ( 1.000000000000000000, 0.000000000000000000, 0.000000000000000000 ) ) ;
#5517 = DIRECTION ( 'NONE',  ( 0.000000000000000000, 0.000000000000000000, 1.000000000000000000 ) ) ;
#5518 = CARTESIAN_POINT ( 'NONE',  ( -26.64999999999999503, 0.000000000000000000, -19.24999999999999645 ) ) ;
#5519 = LINE ( 'NONE', #1306, #6345 ) ;
#5520 = ORIENTED_EDGE ( 'NONE', *, *, #3721, .F. ) ;
#5521 = FACE_OUTER_BOUND ( 'NONE', #7151, .T. ) ;
#5522 = EDGE_CURVE ( 'NONE', #796, #7954, #2705, .T. ) ;
#5523 = ORIENTED_EDGE ( 'NONE', *, *, #8298, .F. ) ;
#5524 = VECTOR ( 'NONE', #9014, 1000.000000000000000 ) ;
#5525 = CARTESIAN_POINT ( 'NONE',  ( 12.84999999999999964, -0.9000000000000032419, -5.049999999999995381 ) ) ;
#5526 = CARTESIAN_POINT ( 'NONE',  ( -12.75000000000000178, -1.799999999999985167, -15.94999999999999929 ) ) ;
#5527 = AXIS2_PLACEMENT_3D ( 'NONE', #8657, #544, #2203 ) ;
#5528 = DIRECTION ( 'NONE',  ( 1.000000000000000000, 0.000000000000000000, 0.000000000000000000 ) ) ;
#5529 = LINE ( 'NONE', #1316, #7775 ) ;
#5530 = ORIENTED_EDGE ( 'NONE', *, *, #821, .T. ) ;
#5531 = DIRECTION ( 'NONE',  ( -0.000000000000000000, 1.000000000000000000, -0.000000000000000000 ) ) ;
#5532 = VECTOR ( 'NONE', #10039, 1000.000000000000000 ) ;
#5533 = ORIENTED_EDGE ( 'NONE', *, *, #1868, .F. ) ;
#5534 = PLANE ( 'NONE',  #5545 ) ;
#5535 = ORIENTED_EDGE ( 'NONE', *, *, #1825, .T. ) ;
#5536 = EDGE_CURVE ( 'NONE', #6648, #3382, #1090, .T. ) ;
#5537 = AXIS2_PLACEMENT_3D ( 'NONE', #2192, #10082, #9336 ) ;
#5538 = VECTOR ( 'NONE', #4842, 1000.000000000000000 ) ;
#5539 = LINE ( 'NONE', #2286, #8921 ) ;
#5540 = VECTOR ( 'NONE', #2406, 1000.000000000000000 ) ;
#5541 = DIRECTION ( 'NONE',  ( -1.000000000000000000, -0.000000000000000000, -0.000000000000000000 ) ) ;
#5542 = DIRECTION ( 'NONE',  ( 1.000000000000000000, 0.000000000000000000, 3.614007241618349264E-16 ) ) ;
#5543 = DIRECTION ( 'NONE',  ( 0.000000000000000000, 0.000000000000000000, -1.000000000000000000 ) ) ;
#5544 = EDGE_LOOP ( 'NONE', ( #7576, #9907, #9202, #1163, #665, #6421 ) ) ;
#5545 = AXIS2_PLACEMENT_3D ( 'NONE', #8789, #1470, #4728 ) ;
#5546 = PLANE ( 'NONE',  #4147 ) ;
#5547 = EDGE_CURVE ( 'NONE', #374, #4434, #8349, .T. ) ;
#5548 = ORIENTED_EDGE ( 'NONE', *, *, #6137, .F. ) ;
#5549 = EDGE_CURVE ( 'NONE', #4725, #4218, #5203, .T. ) ;
#5550 = VECTOR ( 'NONE', #9212, 1000.000000000000000 ) ;
#5551 = DIRECTION ( 'NONE',  ( -0.000000000000000000, 0.000000000000000000, 1.000000000000000000 ) ) ;
#5552 = ORIENTED_EDGE ( 'NONE', *, *, #599, .T. ) ;
#5553 = ADVANCED_FACE ( 'NONE', ( #7612 ), #2005, .F. ) ;
#5554 = ORIENTED_EDGE ( 'NONE', *, *, #6455, .F. ) ;
#5555 = CARTESIAN_POINT ( 'NONE',  ( -29.64999999999999858, -0.3999999999999999667, 3.750000000000000444 ) ) ;
#5556 = CARTESIAN_POINT ( 'NONE',  ( -36.45000000000000284, -9.000000000000001776, -5.450000000000000178 ) ) ;
#5557 = CARTESIAN_POINT ( 'NONE',  ( -20.44999999999999929, 6.200000000000000178, 20.75000000000000355 ) ) ;
#5558 = DIRECTION ( 'NONE',  ( 0.000000000000000000, -1.000000000000000000, 0.000000000000000000 ) ) ;
#5559 = EDGE_CURVE ( 'NONE', #5857, #9301, #5952, .T. ) ;
#5560 = LINE ( 'NONE', #5507, #10137 ) ;
#5561 = ORIENTED_EDGE ( 'NONE', *, *, #10200, .F. ) ;
#5562 = CARTESIAN_POINT ( 'NONE',  ( -30.94999999999999929, 3.600000000000004974, 19.25000000000000000 ) ) ;
#5563 = ORIENTED_EDGE ( 'NONE', *, *, #1829, .T. ) ;
#5564 = ORIENTED_EDGE ( 'NONE', *, *, #8711, .F. ) ;
#5565 = LINE ( 'NONE', #8815, #4255 ) ;
#5566 = CARTESIAN_POINT ( 'NONE',  ( -29.35000000000000497, -9.000000000000001776, 9.000000000000001776 ) ) ;
#5567 = CARTESIAN_POINT ( 'NONE',  ( -26.64999999999999503, 0.000000000000000000, -17.64999999999999503 ) ) ;
#5568 = CARTESIAN_POINT ( 'NONE',  ( -26.75000000000000000, 1.600000000000000977, 17.44999999999999929 ) ) ;
#5569 = EDGE_CURVE ( 'NONE', #5574, #8234, #2361, .T. ) ;
#5570 = VERTEX_POINT ( 'NONE', #8400 ) ;
#5571 = EDGE_LOOP ( 'NONE', ( #3105, #9690, #3143, #2350 ) ) ;
#5572 = CARTESIAN_POINT ( 'NONE',  ( 35.75000000000000000, 0.000000000000000000, -12.80000000000000249 ) ) ;
#5573 = AXIS2_PLACEMENT_3D ( 'NONE', #6002, #3610, #8463 ) ;
#5574 = VERTEX_POINT ( 'NONE', #2808 ) ;
#5575 = EDGE_LOOP ( 'NONE', ( #1880, #7589, #970, #571 ) ) ;
#5576 = DIRECTION ( 'NONE',  ( 0.000000000000000000, 0.000000000000000000, -1.000000000000000000 ) ) ;
#5577 = EDGE_CURVE ( 'NONE', #1623, #3542, #10049, .T. ) ;
#5578 = DIRECTION ( 'NONE',  ( -0.000000000000000000, 1.000000000000000000, -0.000000000000000000 ) ) ;
#5579 = DIRECTION ( 'NONE',  ( -1.000000000000000000, 4.028467922496720713E-31, 7.098702132773274832E-47 ) ) ;
#5580 = DIRECTION ( 'NONE',  ( 0.000000000000000000, 0.000000000000000000, 1.000000000000000000 ) ) ;
#5581 = ADVANCED_FACE ( 'NONE', ( #9304 ), #8241, .F. ) ;
#5582 = ORIENTED_EDGE ( 'NONE', *, *, #9363, .T. ) ;
#5583 = CARTESIAN_POINT ( 'NONE',  ( 37.65000000000001279, 9.100000000000004974, -10.94999999999999929 ) ) ;
#5584 = VERTEX_POINT ( 'NONE', #9247 ) ;
#5585 = CARTESIAN_POINT ( 'NONE',  ( -36.45000000000000284, -9.000000000000001776, -6.050000000000000711 ) ) ;
#5586 = EDGE_LOOP ( 'NONE', ( #4922, #4774, #6968, #4545 ) ) ;
#5587 = AXIS2_PLACEMENT_3D ( 'NONE', #5459, #8707, #1395 ) ;
#5588 = CARTESIAN_POINT ( 'NONE',  ( -11.75000000000000000, -9.000000000000001776, -13.14999999999999858 ) ) ;
#5589 = EDGE_CURVE ( 'NONE', #323, #6679, #9147, .T. ) ;
#5590 = DIRECTION ( 'NONE',  ( 0.000000000000000000, 0.000000000000000000, 1.000000000000000000 ) ) ;
#5591 = VECTOR ( 'NONE', #5999, 1000.000000000000000 ) ;
#5592 = CARTESIAN_POINT ( 'NONE',  ( -34.25000000000000000, 0.000000000000000000, -19.14999999999999858 ) ) ;
#5593 = EDGE_CURVE ( 'NONE', #10197, #8141, #9093, .T. ) ;
#5594 = LINE ( 'NONE', #4689, #4181 ) ;
#5595 = ORIENTED_EDGE ( 'NONE', *, *, #361, .F. ) ;
#5596 = DIRECTION ( 'NONE',  ( -0.000000000000000000, 0.000000000000000000, 1.000000000000000000 ) ) ;
#5597 = EDGE_LOOP ( 'NONE', ( #6338, #4530, #5077, #3397 ) ) ;
#5598 = CARTESIAN_POINT ( 'NONE',  ( 23.60000000000000853, -4.999999999999992006, 24.45000000000000639 ) ) ;
#5599 = ORIENTED_EDGE ( 'NONE', *, *, #10429, .F. ) ;
#5600 = ORIENTED_EDGE ( 'NONE', *, *, #6411, .T. ) ;
#5601 = AXIS2_PLACEMENT_3D ( 'NONE', #8015, #7162, #7218 ) ;
#5602 = CARTESIAN_POINT ( 'NONE',  ( -5.449999999999998401, -0.9000000000000057954, -15.94999999999999929 ) ) ;
#5603 = EDGE_CURVE ( 'NONE', #405, #7508, #4247, .T. ) ;
#5604 = ADVANCED_FACE ( 'NONE', ( #3451 ), #1842, .T. ) ;
#5605 = CARTESIAN_POINT ( 'NONE',  ( -0.5000000000000004441, 5.400000000000004796, -21.94999999999999574 ) ) ;
#5606 = CARTESIAN_POINT ( 'NONE',  ( -26.75000000000000000, 3.600000000000004530, -17.44999999999999929 ) ) ;
#5607 = EDGE_CURVE ( 'NONE', #2590, #1278, #4401, .T. ) ;
#5608 = DIRECTION ( 'NONE',  ( 1.000000000000000000, -0.000000000000000000, -9.637352644315578973E-16 ) ) ;
#5609 = AXIS2_PLACEMENT_3D ( 'NONE', #2259, #2476, #7378 ) ;
#5610 = CARTESIAN_POINT ( 'NONE',  ( -24.94999999999999929, 5.000000000000000000, 19.25000000000000000 ) ) ;
#5611 = ORIENTED_EDGE ( 'NONE', *, *, #1800, .T. ) ;
#5612 = CARTESIAN_POINT ( 'NONE',  ( 17.50000000000000355, 6.200000000000000178, -21.15000000000000213 ) ) ;
#5613 = VECTOR ( 'NONE', #6307, 1000.000000000000000 ) ;
#5614 = ORIENTED_EDGE ( 'NONE', *, *, #7040, .F. ) ;
#5615 = VERTEX_POINT ( 'NONE', #7446 ) ;
#5616 = ORIENTED_EDGE ( 'NONE', *, *, #1299, .F. ) ;
#5617 = DIRECTION ( 'NONE',  ( 0.000000000000000000, 0.000000000000000000, -1.000000000000000000 ) ) ;
#5618 = EDGE_CURVE ( 'NONE', #10261, #15, #9898, .T. ) ;
#5619 = EDGE_CURVE ( 'NONE', #10438, #9829, #238, .T. ) ;
#5620 = FACE_OUTER_BOUND ( 'NONE', #1022, .T. ) ;
#5621 = ADVANCED_FACE ( 'NONE', ( #2593 ), #5844, .T. ) ;
#5622 = DIRECTION ( 'NONE',  ( 0.000000000000000000, -1.000000000000000000, -1.762134456409849633E-16 ) ) ;
#5623 = DIRECTION ( 'NONE',  ( -0.000000000000000000, 1.000000000000000000, -0.000000000000000000 ) ) ;
#5624 = LINE ( 'NONE', #4075, #2785 ) ;
#5625 = VERTEX_POINT ( 'NONE', #4450 ) ;
#5626 = ORIENTED_EDGE ( 'NONE', *, *, #9402, .F. ) ;
#5627 = CARTESIAN_POINT ( 'NONE',  ( 0.000000000000000000, 6.200000000000000178, 19.25000000000000000 ) ) ;
#5628 = VERTEX_POINT ( 'NONE', #501 ) ;
#5629 = VERTEX_POINT ( 'NONE', #5415 ) ;
#5630 = EDGE_CURVE ( 'NONE', #10291, #8265, #9564, .T. ) ;
#5631 = FACE_OUTER_BOUND ( 'NONE', #2339, .T. ) ;
#5632 = LINE ( 'NONE', #6373, #7895 ) ;
#5633 = CARTESIAN_POINT ( 'NONE',  ( -37.05000000000000426, -9.000000000000001776, -6.049999999999999822 ) ) ;
#5634 = CARTESIAN_POINT ( 'NONE',  ( -20.64999999999999858, -3.399999999999999911, -19.45000000000000284 ) ) ;
#5635 = ORIENTED_EDGE ( 'NONE', *, *, #10512, .F. ) ;
#5636 = LINE ( 'NONE', #5433, #6830 ) ;
#5637 = VERTEX_POINT ( 'NONE', #8558 ) ;
#5638 = LINE ( 'NONE', #2228, #4691 ) ;
#5639 = ORIENTED_EDGE ( 'NONE', *, *, #10512, .T. ) ;
#5640 = VECTOR ( 'NONE', #9536, 1000.000000000000000 ) ;
#5641 = ADVANCED_FACE ( 'NONE', ( #2159 ), #9356, .F. ) ;
#5642 = DIRECTION ( 'NONE',  ( 1.274425696983579425E-16, -0.7071067811865496822, -0.7071067811865453523 ) ) ;
#5643 = FACE_OUTER_BOUND ( 'NONE', #2962, .T. ) ;
#5644 = DIRECTION ( 'NONE',  ( -1.000000000000000000, 0.000000000000000000, 0.000000000000000000 ) ) ;
#5645 = DIRECTION ( 'NONE',  ( -0.000000000000000000, -0.000000000000000000, 1.000000000000000000 ) ) ;
#5646 = LINE ( 'NONE', #7194, #7934 ) ;
#5647 = DIRECTION ( 'NONE',  ( 1.000000000000000000, 0.000000000000000000, 0.000000000000000000 ) ) ;
#5648 = CIRCLE ( 'NONE', #3781, 1.249999999999997558 ) ;
#5649 = ORIENTED_EDGE ( 'NONE', *, *, #2982, .T. ) ;
#5650 = CARTESIAN_POINT ( 'NONE',  ( 21.85000000000000142, -4.999999999999992006, 23.35100000000000975 ) ) ;
#5651 = ORIENTED_EDGE ( 'NONE', *, *, #1572, .T. ) ;
#5652 = DIRECTION ( 'NONE',  ( -0.000000000000000000, -1.000000000000000000, -0.000000000000000000 ) ) ;
#5653 = ORIENTED_EDGE ( 'NONE', *, *, #5802, .T. ) ;
#5654 = EDGE_CURVE ( 'NONE', #3044, #4725, #608, .T. ) ;
#5655 = EDGE_LOOP ( 'NONE', ( #536, #8814 ) ) ;
#5656 = AXIS2_PLACEMENT_3D ( 'NONE', #856, #9017, #1763 ) ;
#5657 = LINE ( 'NONE', #8851, #3573 ) ;
#5658 = DIRECTION ( 'NONE',  ( 0.000000000000000000, 0.000000000000000000, -1.000000000000000000 ) ) ;
#5659 = DIRECTION ( 'NONE',  ( 0.000000000000000000, -0.000000000000000000, 1.000000000000000000 ) ) ;
#5660 = CARTESIAN_POINT ( 'NONE',  ( -35.25000000000000000, -1.800000000000000044, -19.14999999999999858 ) ) ;
#5661 = CARTESIAN_POINT ( 'NONE',  ( -18.24999999999997868, -0.9000000000000044631, -5.049999999999995381 ) ) ;
#5662 = ORIENTED_EDGE ( 'NONE', *, *, #1890, .F. ) ;
#5663 = LINE ( 'NONE', #1545, #7818 ) ;
#5664 = ORIENTED_EDGE ( 'NONE', *, *, #684, .F. ) ;
#5665 = ORIENTED_EDGE ( 'NONE', *, *, #850, .F. ) ;
#5666 = ADVANCED_FACE ( 'NONE', ( #9409 ), #395, .T. ) ;
#5667 = VECTOR ( 'NONE', #1898, 1000.000000000000000 ) ;
#5668 = EDGE_LOOP ( 'NONE', ( #710, #3630, #4231, #4486 ) ) ;
#5669 = DIRECTION ( 'NONE',  ( -0.000000000000000000, -0.000000000000000000, 1.000000000000000000 ) ) ;
#5670 = CARTESIAN_POINT ( 'NONE',  ( -37.35000000000000142, 1.600000000000000089, 0.000000000000000000 ) ) ;
#5671 = DIRECTION ( 'NONE',  ( -0.000000000000000000, -0.000000000000000000, 1.000000000000000000 ) ) ;
#5672 = DIRECTION ( 'NONE',  ( 0.000000000000000000, 0.000000000000000000, -1.000000000000000000 ) ) ;
#5673 = VECTOR ( 'NONE', #10076, 1000.000000000000000 ) ;
#5674 = VECTOR ( 'NONE', #4784, 1000.000000000000000 ) ;
#5675 = CARTESIAN_POINT ( 'NONE',  ( 15.00000000000000355, -0.2500000000000000000, -11.14999999999999325 ) ) ;
#5676 = ORIENTED_EDGE ( 'NONE', *, *, #8025, .F. ) ;
#5677 = ORIENTED_EDGE ( 'NONE', *, *, #963, .F. ) ;
#5678 = VECTOR ( 'NONE', #7515, 1000.000000000000000 ) ;
#5679 = DIRECTION ( 'NONE',  ( -0.000000000000000000, 1.000000000000000000, -0.000000000000000000 ) ) ;
#5680 = EDGE_CURVE ( 'NONE', #8175, #8358, #5360, .T. ) ;
#5681 = EDGE_CURVE ( 'NONE', #10523, #5786, #5462, .T. ) ;
#5682 = ORIENTED_EDGE ( 'NONE', *, *, #8837, .T. ) ;
#5683 = ORIENTED_EDGE ( 'NONE', *, *, #6763, .T. ) ;
#5684 = VECTOR ( 'NONE', #6479, 1000.000000000000000 ) ;
#5685 = CARTESIAN_POINT ( 'NONE',  ( 15.00000000000000355, -0.2500000000000000000, -0.1499999999999973577 ) ) ;
#5686 = FACE_OUTER_BOUND ( 'NONE', #6914, .T. ) ;
#5687 = CARTESIAN_POINT ( 'NONE',  ( -39.25000000000000000, -0.3999999999999975797, 23.34999999999999787 ) ) ;
#5688 = PLANE ( 'NONE',  #10440 ) ;
#5689 = VERTEX_POINT ( 'NONE', #9515 ) ;
#5690 = CARTESIAN_POINT ( 'NONE',  ( -30.95000000000000995, -9.000000000000001776, 1.649999999999999023 ) ) ;
#5691 = VERTEX_POINT ( 'NONE', #2104 ) ;
#5692 = EDGE_CURVE ( 'NONE', #3456, #3543, #3659, .T. ) ;
#5693 = APPLICATION_PROTOCOL_DEFINITION ( 'draft international standard', 'automotive_design', 1998, #2408 ) ;
#5694 = ORIENTED_EDGE ( 'NONE', *, *, #7933, .F. ) ;
#5695 = VECTOR ( 'NONE', #9162, 1000.000000000000000 ) ;
#5696 = VECTOR ( 'NONE', #3361, 1000.000000000000000 ) ;
#5697 = VECTOR ( 'NONE', #4576, 1000.000000000000000 ) ;
#5698 = LINE ( 'NONE', #147, #10125 ) ;
#5699 = ORIENTED_EDGE ( 'NONE', *, *, #10309, .F. ) ;
#5700 = DIRECTION ( 'NONE',  ( 0.000000000000000000, 0.000000000000000000, -1.000000000000000000 ) ) ;
#5701 = CARTESIAN_POINT ( 'NONE',  ( 35.75000000000000000, 7.500000000000007105, -20.25000000000000711 ) ) ;
#5702 = CARTESIAN_POINT ( 'NONE',  ( 35.75000000000000000, 7.500000000000001776, 12.80000000000000249 ) ) ;
#5703 = CIRCLE ( 'NONE', #7921, 3.000000000000002665 ) ;
#5704 = PLANE ( 'NONE',  #8946 ) ;
#5705 = DIRECTION ( 'NONE',  ( -0.000000000000000000, -0.000000000000000000, 1.000000000000000000 ) ) ;
#5706 = ORIENTED_EDGE ( 'NONE', *, *, #7179, .T. ) ;
#5707 = LINE ( 'NONE', #7467, #350 ) ;
#5708 = ORIENTED_EDGE ( 'NONE', *, *, #594, .T. ) ;
#5709 = EDGE_CURVE ( 'NONE', #5495, #5238, #2056, .T. ) ;
#5710 = DIRECTION ( 'NONE',  ( -0.000000000000000000, -1.000000000000000000, 0.000000000000000000 ) ) ;
#5711 = AXIS2_PLACEMENT_3D ( 'NONE', #1928, #6673, #1708 ) ;
#5712 = ORIENTED_EDGE ( 'NONE', *, *, #136, .F. ) ;
#5713 = EDGE_LOOP ( 'NONE', ( #8285, #3513, #59, #10144, #9321, #8385 ) ) ;
#5714 = AXIS2_PLACEMENT_3D ( 'NONE', #540, #10254, #7104 ) ;
#5715 = AXIS2_PLACEMENT_3D ( 'NONE', #9015, #5769, #5175 ) ;
#5716 = FACE_OUTER_BOUND ( 'NONE', #299, .T. ) ;
#5717 = DIRECTION ( 'NONE',  ( 1.000000000000000000, 0.000000000000000000, 0.000000000000000000 ) ) ;
#5718 = CARTESIAN_POINT ( 'NONE',  ( 27.64999999999999858, -3.399999999999999911, -19.24999999999999645 ) ) ;
#5719 = EDGE_CURVE ( 'NONE', #4336, #5973, #1195, .T. ) ;
#5720 = CARTESIAN_POINT ( 'NONE',  ( -37.85000000000000853, -1.799999999999999600, 10.00000000000000000 ) ) ;
#5721 = AXIS2_PLACEMENT_3D ( 'NONE', #6975, #2928, #1056 ) ;
#5722 = VECTOR ( 'NONE', #4479, 1000.000000000000000 ) ;
#5723 = EDGE_CURVE ( 'NONE', #4797, #1821, #7826, .T. ) ;
#5724 = DIRECTION ( 'NONE',  ( 0.000000000000000000, -1.000000000000000000, 0.000000000000000000 ) ) ;
#5725 = ORIENTED_EDGE ( 'NONE', *, *, #5549, .T. ) ;
#5726 = DIRECTION ( 'NONE',  ( 1.000000000000000000, 0.000000000000000000, -0.000000000000000000 ) ) ;
#5727 = ORIENTED_EDGE ( 'NONE', *, *, #9385, .F. ) ;
#5728 = VECTOR ( 'NONE', #8196, 1000.000000000000000 ) ;
#5729 = VERTEX_POINT ( 'NONE', #7817 ) ;
#5730 = VERTEX_POINT ( 'NONE', #8613 ) ;
#5731 = DIRECTION ( 'NONE',  ( -0.000000000000000000, -0.000000000000000000, -1.000000000000000000 ) ) ;
#5732 = LINE ( 'NONE', #3918, #2599 ) ;
#5733 = DIRECTION ( 'NONE',  ( 0.000000000000000000, 0.000000000000000000, -1.000000000000000000 ) ) ;
#5734 = PLANE ( 'NONE',  #1399 ) ;
#5735 = CARTESIAN_POINT ( 'NONE',  ( 35.35000000000000142, 7.500000000000004441, 3.691709623134514562 ) ) ;
#5736 = ORIENTED_EDGE ( 'NONE', *, *, #2390, .T. ) ;
#5737 = ORIENTED_EDGE ( 'NONE', *, *, #6875, .F. ) ;
#5738 = ORIENTED_EDGE ( 'NONE', *, *, #9786, .T. ) ;
#5739 = ORIENTED_EDGE ( 'NONE', *, *, #2392, .T. ) ;
#5740 = CARTESIAN_POINT ( 'NONE',  ( -37.85000000000000853, -9.000000000000000000, 10.00000000000000000 ) ) ;
#5741 = EDGE_CURVE ( 'NONE', #9192, #10092, #4558, .T. ) ;
#5742 = ADVANCED_FACE ( 'NONE', ( #4608 ), #10160, .F. ) ;
#5743 = CARTESIAN_POINT ( 'NONE',  ( -29.64999999999999858, -0.3999999999999999667, -7.000000000000000888 ) ) ;
#5744 = DIRECTION ( 'NONE',  ( 1.000000000000000000, 0.000000000000000000, 0.000000000000000000 ) ) ;
#5745 = EDGE_CURVE ( 'NONE', #8790, #1074, #4504, .T. ) ;
#5746 = CARTESIAN_POINT ( 'NONE',  ( 34.75000000000000000, 0.000000000000000000, -14.24999999999999822 ) ) ;
#5747 = ORIENTED_EDGE ( 'NONE', *, *, #274, .T. ) ;
#5748 = DIRECTION ( 'NONE',  ( 1.000000000000000000, 0.000000000000000000, 1.826024711554528095E-15 ) ) ;
#5749 = EDGE_LOOP ( 'NONE', ( #4344, #4386, #5911, #6475, #1914, #2933, #1154 ) ) ;
#5750 = CARTESIAN_POINT ( 'NONE',  ( 13.16765177981913837, -1.799999999999992051, -11.14999999999999325 ) ) ;
#5751 = EDGE_LOOP ( 'NONE', ( #6614, #4470, #9785, #2072 ) ) ;
#5752 = CARTESIAN_POINT ( 'NONE',  ( 12.84999999999999964, -5.000000000000000000, -15.94999999999999929 ) ) ;
#5753 = LINE ( 'NONE', #5804, #1729 ) ;
#5754 = EDGE_CURVE ( 'NONE', #2453, #8175, #7766, .T. ) ;
#5755 = DIRECTION ( 'NONE',  ( 1.000000000000000000, 0.000000000000000000, 0.000000000000000000 ) ) ;
#5756 = LINE ( 'NONE', #6658, #3975 ) ;
#5757 = CARTESIAN_POINT ( 'NONE',  ( 0.000000000000000000, 0.000000000000000000, -0.1499999999999973577 ) ) ;
#5758 = ADVANCED_FACE ( 'NONE', ( #7115 ), #10369, .T. ) ;
#5759 = FACE_OUTER_BOUND ( 'NONE', #8942, .T. ) ;
#5760 = LINE ( 'NONE', #8704, #5150 ) ;
#5761 = ORIENTED_EDGE ( 'NONE', *, *, #6835, .F. ) ;
#5762 = DIRECTION ( 'NONE',  ( -0.000000000000000000, 0.000000000000000000, 1.000000000000000000 ) ) ;
#5763 = EDGE_LOOP ( 'NONE', ( #7045, #2724, #9119, #2412 ) ) ;
#5764 = PLANE ( 'NONE',  #773 ) ;
#5765 = ORIENTED_EDGE ( 'NONE', *, *, #7627, .T. ) ;
#5766 = VECTOR ( 'NONE', #8760, 1000.000000000000000 ) ;
#5767 = CARTESIAN_POINT ( 'NONE',  ( -38.85000000000000142, -1.800000000000000044, 23.75000000000000000 ) ) ;
#5768 = EDGE_CURVE ( 'NONE', #6918, #5293, #6306, .T. ) ;
#5769 = DIRECTION ( 'NONE',  ( 0.000000000000000000, 1.762134456409849633E-16, -1.000000000000000000 ) ) ;
#5770 = DIRECTION ( 'NONE',  ( 0.000000000000000000, 0.000000000000000000, -1.000000000000000000 ) ) ;
#5771 = DIRECTION ( 'NONE',  ( 0.000000000000000000, 0.000000000000000000, -1.000000000000000000 ) ) ;
#5772 = DIRECTION ( 'NONE',  ( -0.000000000000000000, 1.000000000000000000, -0.000000000000000000 ) ) ;
#5773 = VECTOR ( 'NONE', #38, 1000.000000000000000 ) ;
#5774 = ORIENTED_EDGE ( 'NONE', *, *, #9995, .F. ) ;
#5775 = CARTESIAN_POINT ( 'NONE',  ( 34.75000000000000000, -9.000000000000007105, 14.24999999999999645 ) ) ;
#5776 = EDGE_LOOP ( 'NONE', ( #9642, #10522, #3989, #4772 ) ) ;
#5777 = ORIENTED_EDGE ( 'NONE', *, *, #2327, .T. ) ;
#5778 = EDGE_LOOP ( 'NONE', ( #7700, #7645, #4968, #2646 ) ) ;
#5779 = LINE ( 'NONE', #7648, #2378 ) ;
#5780 = EDGE_CURVE ( 'NONE', #1204, #2024, #8333, .T. ) ;
#5781 = CARTESIAN_POINT ( 'NONE',  ( -29.35000000000000497, -1.800000000000000044, -10.00000000000000000 ) ) ;
#5782 = CIRCLE ( 'NONE', #7661, 0.2000000000000057288 ) ;
#5783 = CARTESIAN_POINT ( 'NONE',  ( 27.45000000000000639, 7.400000000000004796, 23.35100000000000975 ) ) ;
#5784 = CYLINDRICAL_SURFACE ( 'NONE', #7201, 1.249999999999997558 ) ;
#5785 = EDGE_LOOP ( 'NONE', ( #10387, #6294, #1347, #3973 ) ) ;
#5786 = VERTEX_POINT ( 'NONE', #10415 ) ;
#5787 = DIRECTION ( 'NONE',  ( 0.000000000000000000, -0.000000000000000000, -1.000000000000000000 ) ) ;
#5788 = ORIENTED_EDGE ( 'NONE', *, *, #3891, .T. ) ;
#5789 = VECTOR ( 'NONE', #284, 1000.000000000000000 ) ;
#5790 = AXIS2_PLACEMENT_3D ( 'NONE', #9733, #4139, #3293 ) ;
#5791 = ADVANCED_FACE ( 'NONE', ( #7327 ), #5515, .F. ) ;
#5792 = ORIENTED_EDGE ( 'NONE', *, *, #6400, .F. ) ;
#5793 = LINE ( 'NONE', #9731, #10142 ) ;
#5794 = PLANE ( 'NONE',  #6193 ) ;
#5795 = CARTESIAN_POINT ( 'NONE',  ( -20.64999999999999858, -2.600000000000004974, -20.24999999999999645 ) ) ;
#5796 = DIRECTION ( 'NONE',  ( 0.000000000000000000, 0.000000000000000000, 1.000000000000000000 ) ) ;
#5797 = ORIENTED_EDGE ( 'NONE', *, *, #722, .F. ) ;
#5798 = LINE ( 'NONE', #4143, #6314 ) ;
#5799 = ORIENTED_EDGE ( 'NONE', *, *, #5754, .T. ) ;
#5800 =( NAMED_UNIT ( * ) PLANE_ANGLE_UNIT ( ) SI_UNIT ( $, .RADIAN. ) );
#5801 = ORIENTED_EDGE ( 'NONE', *, *, #287, .T. ) ;
#5802 = EDGE_CURVE ( 'NONE', #10549, #8338, #702, .T. ) ;
#5803 = DIRECTION ( 'NONE',  ( -0.000000000000000000, 1.000000000000000000, 0.000000000000000000 ) ) ;
#5804 = CARTESIAN_POINT ( 'NONE',  ( -35.25000000000000000, 0.000000000000000000, -19.14999999999999858 ) ) ;
#5805 = DIRECTION ( 'NONE',  ( -1.000000000000000000, 1.032573497605241978E-16, 0.000000000000000000 ) ) ;
#5806 = CARTESIAN_POINT ( 'NONE',  ( 34.45000000000000995, 1.600000000000000089, -3.000000000000000000 ) ) ;
#5807 = LINE ( 'NONE', #5061, #239 ) ;
#5808 = DIRECTION ( 'NONE',  ( 0.000000000000000000, 0.000000000000000000, 1.000000000000000000 ) ) ;
#5809 = CARTESIAN_POINT ( 'NONE',  ( -10.09999999999999787, -2.799999999999999822, -5.049999999999993605 ) ) ;
#5810 = ORIENTED_EDGE ( 'NONE', *, *, #5840, .T. ) ;
#5811 = DIRECTION ( 'NONE',  ( 0.000000000000000000, 0.000000000000000000, 1.000000000000000000 ) ) ;
#5812 = ORIENTED_EDGE ( 'NONE', *, *, #2898, .F. ) ;
#5813 = CARTESIAN_POINT ( 'NONE',  ( 37.65000000000000568, 9.100000000000001421, 11.95000000000000462 ) ) ;
#5814 = EDGE_LOOP ( 'NONE', ( #7256, #5169, #9991, #4786, #10467, #8772 ) ) ;
#5815 = CIRCLE ( 'NONE', #1041, 0.4000000000000010214 ) ;
#5816 = ADVANCED_FACE ( 'NONE', ( #2319 ), #3275, .F. ) ;
#5817 = ADVANCED_FACE ( 'NONE', ( #6466 ), #1607, .F. ) ;
#5818 = ADVANCED_FACE ( 'NONE', ( #3120 ), #6522, .F. ) ;
#5819 = PLANE ( 'NONE',  #4671 ) ;
#5820 = DIRECTION ( 'NONE',  ( 1.000000000000000000, -2.569960705150825398E-16, 0.000000000000000000 ) ) ;
#5821 = DIRECTION ( 'NONE',  ( 0.000000000000000000, -1.000000000000000000, 0.000000000000000000 ) ) ;
#5822 = VECTOR ( 'NONE', #1957, 1000.000000000000000 ) ;
#5823 = FACE_OUTER_BOUND ( 'NONE', #8028, .T. ) ;
#5824 = CARTESIAN_POINT ( 'NONE',  ( -39.25000000000000000, 7.500000000000007105, -20.74999999999999645 ) ) ;
#5825 = VERTEX_POINT ( 'NONE', #8915 ) ;
#5826 = LINE ( 'NONE', #9883, #4239 ) ;
#5827 = ADVANCED_FACE ( 'NONE', ( #9668, #4871 ), #8766, .T. ) ;
#5828 = VECTOR ( 'NONE', #10041, 1000.000000000000000 ) ;
#5829 = ORIENTED_EDGE ( 'NONE', *, *, #1902, .F. ) ;
#5830 = ORIENTED_EDGE ( 'NONE', *, *, #1488, .T. ) ;
#5831 = ORIENTED_EDGE ( 'NONE', *, *, #10466, .T. ) ;
#5832 = FACE_OUTER_BOUND ( 'NONE', #4767, .T. ) ;
#5833 = AXIS2_PLACEMENT_3D ( 'NONE', #9669, #10416, #3227 ) ;
#5834 = DIRECTION ( 'NONE',  ( 1.000000000000000000, 0.000000000000000000, 0.000000000000000000 ) ) ;
#5835 = CARTESIAN_POINT ( 'NONE',  ( 37.65000000000001279, 8.500000000000021316, -19.25000000000000000 ) ) ;
#5836 = CARTESIAN_POINT ( 'NONE',  ( -20.84999999999999787, -4.999999999999999112, 23.15000000000000568 ) ) ;
#5837 = EDGE_LOOP ( 'NONE', ( #9598, #6650, #7271, #7229, #884, #6150 ) ) ;
#5838 = ORIENTED_EDGE ( 'NONE', *, *, #8546, .T. ) ;
#5839 = PRESENTATION_STYLE_ASSIGNMENT (( #7389 ) ) ;
#5840 = EDGE_CURVE ( 'NONE', #8319, #4019, #4805, .T. ) ;
#5841 = ORIENTED_EDGE ( 'NONE', *, *, #6548, .T. ) ;
#5842 = VECTOR ( 'NONE', #2906, 1000.000000000000000 ) ;
#5843 = ORIENTED_EDGE ( 'NONE', *, *, #8081, .T. ) ;
#5844 = PLANE ( 'NONE',  #8149 ) ;
#5845 = VECTOR ( 'NONE', #577, 1000.000000000000000 ) ;
#5846 = AXIS2_PLACEMENT_3D ( 'NONE', #7665, #8407, #6004 ) ;
#5847 = CARTESIAN_POINT ( 'NONE',  ( 39.25000000000000000, 8.500000000000000000, 0.000000000000000000 ) ) ;
#5848 = CARTESIAN_POINT ( 'NONE',  ( 35.75000000000000000, 4.049999999999999822, 1.100000000000000089 ) ) ;
#5849 = VECTOR ( 'NONE', #352, 1000.000000000000000 ) ;
#5850 = DIRECTION ( 'NONE',  ( -1.000000000000000000, -1.176615829264044977E-15, 0.000000000000000000 ) ) ;
#5851 = EDGE_CURVE ( 'NONE', #6280, #3368, #1663, .T. ) ;
#5852 = VERTEX_POINT ( 'NONE', #6358 ) ;
#5853 = DIRECTION ( 'NONE',  ( 1.000000000000000000, 0.000000000000000000, 0.000000000000000000 ) ) ;
#5854 = ORIENTED_EDGE ( 'NONE', *, *, #1462, .T. ) ;
#5855 = EDGE_CURVE ( 'NONE', #7416, #5625, #9714, .T. ) ;
#5856 = LINE ( 'NONE', #7347, #2490 ) ;
#5857 = VERTEX_POINT ( 'NONE', #4070 ) ;
#5858 = VECTOR ( 'NONE', #10474, 1000.000000000000000 ) ;
#5859 = DIRECTION ( 'NONE',  ( 0.000000000000000000, 1.000000000000000000, 0.000000000000000000 ) ) ;
#5860 = ORIENTED_EDGE ( 'NONE', *, *, #5692, .T. ) ;
#5861 = DIRECTION ( 'NONE',  ( 1.000000000000000000, -0.000000000000000000, -0.000000000000000000 ) ) ;
#5862 = FACE_BOUND ( 'NONE', #61, .T. ) ;
#5863 = CARTESIAN_POINT ( 'NONE',  ( -11.75000000000000000, -9.000000000000001776, -13.14999999999999858 ) ) ;
#5864 = DIRECTION ( 'NONE',  ( 0.000000000000000000, 0.000000000000000000, -1.000000000000000000 ) ) ;
#5865 = EDGE_CURVE ( 'NONE', #10261, #4472, #4021, .T. ) ;
#5866 = DIRECTION ( 'NONE',  ( 0.000000000000000000, 0.000000000000000000, 1.000000000000000000 ) ) ;
#5867 = ORIENTED_EDGE ( 'NONE', *, *, #3569, .F. ) ;
#5868 = VECTOR ( 'NONE', #8741, 1000.000000000000000 ) ;
#5869 = DIRECTION ( 'NONE',  ( 1.000000000000000000, 0.000000000000000000, 0.000000000000000000 ) ) ;
#5870 = EDGE_CURVE ( 'NONE', #900, #4629, #5565, .T. ) ;
#5871 = ORIENTED_EDGE ( 'NONE', *, *, #8699, .T. ) ;
#5872 = DIRECTION ( 'NONE',  ( 1.000000000000000000, -7.844911217493608257E-31, 1.826024711554528095E-15 ) ) ;
#5873 = EDGE_LOOP ( 'NONE', ( #9031, #8210, #8492, #7666 ) ) ;
#5874 = CARTESIAN_POINT ( 'NONE',  ( 17.50000000000000355, 7.762049935181331684, -20.74999999999999645 ) ) ;
#5875 = VECTOR ( 'NONE', #7526, 1000.000000000000000 ) ;
#5876 = FACE_OUTER_BOUND ( 'NONE', #10495, .T. ) ;
#5877 = CARTESIAN_POINT ( 'NONE',  ( 37.65000000000000568, 9.099999999999999645, 19.25000000000000000 ) ) ;
#5878 = LINE ( 'NONE', #7426, #543 ) ;
#5879 = EDGE_CURVE ( 'NONE', #2807, #7089, #3178, .T. ) ;
#5880 = VECTOR ( 'NONE', #9404, 1000.000000000000000 ) ;
#5881 = LINE ( 'NONE', #9179, #9625 ) ;
#5882 = ORIENTED_EDGE ( 'NONE', *, *, #4845, .T. ) ;
#5883 = CARTESIAN_POINT ( 'NONE',  ( 35.75000000000000000, 17.01111066297655228, -3.460769515458667289 ) ) ;
#5884 = AXIS2_PLACEMENT_3D ( 'NONE', #10337, #3036, #2380 ) ;
#5885 = ORIENTED_EDGE ( 'NONE', *, *, #512, .F. ) ;
#5886 = ORIENTED_EDGE ( 'NONE', *, *, #3145, .F. ) ;
#5887 = ORIENTED_EDGE ( 'NONE', *, *, #6009, .F. ) ;
#5888 = AXIS2_PLACEMENT_3D ( 'NONE', #2457, #8048, #6398 ) ;
#5889 = FACE_OUTER_BOUND ( 'NONE', #8511, .T. ) ;
#5890 = VECTOR ( 'NONE', #8485, 1000.000000000000000 ) ;
#5891 = LINE ( 'NONE', #5035, #1687 ) ;
#5892 = VECTOR ( 'NONE', #3751, 1000.000000000000000 ) ;
#5893 = CARTESIAN_POINT ( 'NONE',  ( -35.25000000000000000, 0.000000000000000000, -18.14999999999999503 ) ) ;
#5894 = EDGE_CURVE ( 'NONE', #8077, #9444, #4924, .T. ) ;
#5895 = DIRECTION ( 'NONE',  ( 1.000000000000000000, 0.000000000000000000, 0.000000000000000000 ) ) ;
#5896 = ORIENTED_EDGE ( 'NONE', *, *, #6668, .F. ) ;
#5897 = VECTOR ( 'NONE', #8748, 1000.000000000000000 ) ;
#5898 = ORIENTED_EDGE ( 'NONE', *, *, #3303, .F. ) ;
#5899 = CARTESIAN_POINT ( 'NONE',  ( -4.478226364614041185E-15, 8.500000000000000000, 23.75000000000000711 ) ) ;
#5900 = VECTOR ( 'NONE', #2277, 1000.000000000000000 ) ;
#5901 = ORIENTED_EDGE ( 'NONE', *, *, #7969, .F. ) ;
#5902 = VERTEX_POINT ( 'NONE', #7273 ) ;
#5903 = DIRECTION ( 'NONE',  ( 0.000000000000000000, -1.000000000000000000, 0.000000000000000000 ) ) ;
#5904 = EDGE_CURVE ( 'NONE', #6336, #3987, #10215, .T. ) ;
#5905 = DIRECTION ( 'NONE',  ( -0.000000000000000000, 1.000000000000000000, -0.000000000000000000 ) ) ;
#5906 = CARTESIAN_POINT ( 'NONE',  ( -11.75000000000000000, -9.002000000000000668, -10.34999999999999076 ) ) ;
#5907 = DIRECTION ( 'NONE',  ( -0.000000000000000000, 0.000000000000000000, 1.000000000000000000 ) ) ;
#5908 = EDGE_LOOP ( 'NONE', ( #1161, #7748, #1562, #8670, #4624, #9284 ) ) ;
#5909 = LINE ( 'NONE', #3244, #7857 ) ;
#5910 = VERTEX_POINT ( 'NONE', #813 ) ;
#5911 = ORIENTED_EDGE ( 'NONE', *, *, #8852, .F. ) ;
#5912 = FACE_OUTER_BOUND ( 'NONE', #9021, .T. ) ;
#5913 = ORIENTED_EDGE ( 'NONE', *, *, #8737, .T. ) ;
#5914 = EDGE_CURVE ( 'NONE', #7214, #10426, #8176, .T. ) ;
#5915 = DIRECTION ( 'NONE',  ( 1.000000000000000000, -0.000000000000000000, 0.000000000000000000 ) ) ;
#5916 = DIRECTION ( 'NONE',  ( -0.000000000000000000, -0.000000000000000000, -1.000000000000000000 ) ) ;
#5917 = FACE_OUTER_BOUND ( 'NONE', #10483, .T. ) ;
#5918 = FACE_OUTER_BOUND ( 'NONE', #3826, .T. ) ;
#5919 = CARTESIAN_POINT ( 'NONE',  ( 34.25000000000000711, 9.899999999999998579, -3.115470053837923636 ) ) ;
#5920 = ORIENTED_EDGE ( 'NONE', *, *, #5719, .T. ) ;
#5921 = LINE ( 'NONE', #2615, #2581 ) ;
#5922 = ORIENTED_EDGE ( 'NONE', *, *, #5549, .F. ) ;
#5923 = CARTESIAN_POINT ( 'NONE',  ( 33.94999999999999574, 0.000000000000000000, 12.80000000000000071 ) ) ;
#5924 = ORIENTED_EDGE ( 'NONE', *, *, #4606, .F. ) ;
#5925 = VECTOR ( 'NONE', #4561, 1000.000000000000000 ) ;
#5926 = EDGE_CURVE ( 'NONE', #2293, #2083, #8339, .T. ) ;
#5927 = LINE ( 'NONE', #965, #7059 ) ;
#5928 = DIRECTION ( 'NONE',  ( -1.032573497605242471E-16, -1.000000000000000000, 0.000000000000000000 ) ) ;
#5929 = CARTESIAN_POINT ( 'NONE',  ( -23.85000000000000142, -4.999999999999999112, 23.15000000000000568 ) ) ;
#5930 = DIRECTION ( 'NONE',  ( -0.5000000000000027756, 0.000000000000000000, -0.8660254037844370423 ) ) ;
#5931 = DIRECTION ( 'NONE',  ( 0.000000000000000000, -1.000000000000000000, -0.000000000000000000 ) ) ;
#5932 = CARTESIAN_POINT ( 'NONE',  ( 32.95000000000000995, 9.899999999999998579, -4.096965511460286535 ) ) ;
#5933 = EDGE_LOOP ( 'NONE', ( #5142, #10035, #6602, #5028, #4267, #1085, #4118 ) ) ;
#5934 = PLANE ( 'NONE',  #10536 ) ;
#5935 = ORIENTED_EDGE ( 'NONE', *, *, #3135, .T. ) ;
#5936 = ORIENTED_EDGE ( 'NONE', *, *, #5116, .T. ) ;
#5937 = AXIS2_PLACEMENT_3D ( 'NONE', #497, #7057, #7814 ) ;
#5938 = ORIENTED_EDGE ( 'NONE', *, *, #8172, .F. ) ;
#5939 = CARTESIAN_POINT ( 'NONE',  ( -26.64999999999999858, 1.600000000000000089, -6.999999999999980460 ) ) ;
#5940 = ADVANCED_FACE ( 'NONE', ( #5889 ), #9832, .T. ) ;
#5941 = CARTESIAN_POINT ( 'NONE',  ( -20.85000000000000142, 1.399999999999982370, 21.15000000000000568 ) ) ;
#5942 = CARTESIAN_POINT ( 'NONE',  ( -26.25000000000001421, 0.000000000000000000, -11.49999999999999289 ) ) ;
#5943 = CARTESIAN_POINT ( 'NONE',  ( -20.64999999999999858, 0.000000000000000000, 0.000000000000000000 ) ) ;
#5944 = VECTOR ( 'NONE', #3383, 1000.000000000000000 ) ;
#5945 = ORIENTED_EDGE ( 'NONE', *, *, #2542, .F. ) ;
#5946 = ORIENTED_EDGE ( 'NONE', *, *, #5033, .F. ) ;
#5947 = CARTESIAN_POINT ( 'NONE',  ( -36.45000000000000284, -9.000000000000001776, 8.448227494413584893 ) ) ;
#5948 = EDGE_LOOP ( 'NONE', ( #4050, #5765, #6784, #2280 ) ) ;
#5949 = EDGE_CURVE ( 'NONE', #9987, #6820, #6787, .T. ) ;
#5950 = ADVANCED_FACE ( 'NONE', ( #10037 ), #1773, .T. ) ;
#5951 = ORIENTED_EDGE ( 'NONE', *, *, #6728, .F. ) ;
#5952 = LINE ( 'NONE', #3557, #655 ) ;
#5953 = EDGE_CURVE ( 'NONE', #5984, #1332, #5779, .T. ) ;
#5954 = CARTESIAN_POINT ( 'NONE',  ( -28.35000000000000497, 1.100000000000003642, -1.049999999999998934 ) ) ;
#5955 = DIRECTION ( 'NONE',  ( 1.000000000000000000, 0.000000000000000000, -0.000000000000000000 ) ) ;
#5956 = LINE ( 'NONE', #9951, #8569 ) ;
#5957 = ORIENTED_EDGE ( 'NONE', *, *, #4387, .T. ) ;
#5958 = CARTESIAN_POINT ( 'NONE',  ( 32.95000000000000995, 4.099999999999998757, -14.24999999999999822 ) ) ;
#5959 = VECTOR ( 'NONE', #8084, 1000.000000000000000 ) ;
#5960 = ORIENTED_EDGE ( 'NONE', *, *, #2180, .T. ) ;
#5961 = EDGE_CURVE ( 'NONE', #9497, #8173, #3593, .T. ) ;
#5962 = VERTEX_POINT ( 'NONE', #1715 ) ;
#5963 = DIRECTION ( 'NONE',  ( 1.000000000000000000, -0.000000000000000000, 0.000000000000000000 ) ) ;
#5964 = DIRECTION ( 'NONE',  ( 0.000000000000000000, 1.000000000000000000, 0.000000000000000000 ) ) ;
#5965 = FACE_OUTER_BOUND ( 'NONE', #9665, .T. ) ;
#5966 = CARTESIAN_POINT ( 'NONE',  ( -20.85000000000000142, 24.84296113818832197, 21.15000000000000568 ) ) ;
#5967 = CARTESIAN_POINT ( 'NONE',  ( -26.94999999999999929, 24.84296113818832197, 23.75000000000000355 ) ) ;
#5968 = DIRECTION ( 'NONE',  ( -0.000000000000000000, 0.000000000000000000, 1.000000000000000000 ) ) ;
#5969 = VERTEX_POINT ( 'NONE', #977 ) ;
#5970 = FACE_OUTER_BOUND ( 'NONE', #849, .T. ) ;
#5971 = ORIENTED_EDGE ( 'NONE', *, *, #7455, .F. ) ;
#5972 = DIRECTION ( 'NONE',  ( 1.000000000000000000, 0.000000000000000000, -0.000000000000000000 ) ) ;
#5973 = VERTEX_POINT ( 'NONE', #5939 ) ;
#5974 = EDGE_CURVE ( 'NONE', #2042, #3187, #1883, .T. ) ;
#5975 = LINE ( 'NONE', #5016, #7749 ) ;
#5976 = DIRECTION ( 'NONE',  ( 0.000000000000000000, -0.000000000000000000, 1.000000000000000000 ) ) ;
#5977 = CARTESIAN_POINT ( 'NONE',  ( -30.95000000000000995, -9.000000000000001776, 3.750000000000000444 ) ) ;
#5978 = CARTESIAN_POINT ( 'NONE',  ( 34.25000000000000711, 9.899999999999998579, 3.115470053837924080 ) ) ;
#5979 = DIRECTION ( 'NONE',  ( -1.000000000000000000, 1.032573497605241978E-16, -0.000000000000000000 ) ) ;
#5980 = ADVANCED_FACE ( 'NONE', ( #4391 ), #4235, .F. ) ;
#5981 = PLANE ( 'NONE',  #5711 ) ;
#5982 = VERTEX_POINT ( 'NONE', #1134 ) ;
#5983 = ORIENTED_EDGE ( 'NONE', *, *, #9302, .T. ) ;
#5984 = VERTEX_POINT ( 'NONE', #326 ) ;
#5985 = EDGE_LOOP ( 'NONE', ( #9484, #6189, #9380, #2858 ) ) ;
#5986 = CARTESIAN_POINT ( 'NONE',  ( 35.75000000000000000, 0.000000000000000000, 0.000000000000000000 ) ) ;
#5987 = AXIS2_PLACEMENT_3D ( 'NONE', #8409, #7559, #7776 ) ;
#5988 = CARTESIAN_POINT ( 'NONE',  ( -23.85000000000000142, -4.999999999999999112, 24.45000000000000639 ) ) ;
#5989 = DIRECTION ( 'NONE',  ( 0.000000000000000000, 0.000000000000000000, -1.000000000000000000 ) ) ;
#5990 = ORIENTED_EDGE ( 'NONE', *, *, #1614, .T. ) ;
#5991 = DIRECTION ( 'NONE',  ( -9.637352644315578973E-16, 0.000000000000000000, -1.000000000000000000 ) ) ;
#5992 = DIRECTION ( 'NONE',  ( 0.000000000000000000, -1.000000000000000000, 0.000000000000000000 ) ) ;
#5993 = AXIS2_PLACEMENT_3D ( 'NONE', #1492, #4061, #10565 ) ;
#5994 = ORIENTED_EDGE ( 'NONE', *, *, #2658, .T. ) ;
#5995 = CARTESIAN_POINT ( 'NONE',  ( 18.85185058345960840, 1.599999999999995204, -5.049999999999995381 ) ) ;
#5996 = EDGE_CURVE ( 'NONE', #811, #7160, #1027, .T. ) ;
#5997 = ORIENTED_EDGE ( 'NONE', *, *, #5547, .T. ) ;
#5998 = ORIENTED_EDGE ( 'NONE', *, *, #2256, .T. ) ;
#5999 = DIRECTION ( 'NONE',  ( 0.8660254037844398178, -0.000000000000000000, -0.4999999999999978906 ) ) ;
#6000 = VECTOR ( 'NONE', #4915, 1000.000000000000000 ) ;
#6001 = DIRECTION ( 'NONE',  ( -0.000000000000000000, -1.000000000000000000, -0.000000000000000000 ) ) ;
#6002 = CARTESIAN_POINT ( 'NONE',  ( -38.85000000000000142, -0.3999999999999999667, -20.34999999999999787 ) ) ;
#6003 = ADVANCED_FACE ( 'NONE', ( #5832 ), #8229, .T. ) ;
#6004 = DIRECTION ( 'NONE',  ( 1.000000000000000000, 0.000000000000000000, 0.000000000000000000 ) ) ;
#6005 = ADVANCED_FACE ( 'NONE', ( #4283 ), #2640, .T. ) ;
#6006 = VERTEX_POINT ( 'NONE', #2580 ) ;
#6007 = VECTOR ( 'NONE', #3017, 1000.000000000000000 ) ;
#6008 = CARTESIAN_POINT ( 'NONE',  ( 32.95000000000001705, 6.200000000000000178, -19.80000000000000071 ) ) ;
#6009 = EDGE_CURVE ( 'NONE', #9616, #10504, #9082, .T. ) ;
#6010 = ORIENTED_EDGE ( 'NONE', *, *, #2945, .F. ) ;
#6011 = ORIENTED_EDGE ( 'NONE', *, *, #4412, .T. ) ;
#6012 = VECTOR ( 'NONE', #3077, 1000.000000000000000 ) ;
#6013 = CARTESIAN_POINT ( 'NONE',  ( 20.64999999999999858, 7.589415207398531038E-15, 23.75100000000000833 ) ) ;
#6014 = CARTESIAN_POINT ( 'NONE',  ( -38.85000000000000142, 1.600000000000000089, -20.34999999999999787 ) ) ;
#6015 = DIRECTION ( 'NONE',  ( -1.000000000000000000, -0.000000000000000000, -0.000000000000000000 ) ) ;
#6016 = DIRECTION ( 'NONE',  ( 0.000000000000000000, 1.000000000000000000, -0.000000000000000000 ) ) ;
#6017 = CARTESIAN_POINT ( 'NONE',  ( -7.449999999999998401, 0.5000000000000000000, -6.049999999999992717 ) ) ;
#6018 = CARTESIAN_POINT ( 'NONE',  ( -26.64999999999999503, -3.399999999999999911, -19.24999999999999645 ) ) ;
#6019 = EDGE_CURVE ( 'NONE', #9042, #7097, #6681, .T. ) ;
#6020 = ORIENTED_EDGE ( 'NONE', *, *, #6488, .F. ) ;
#6021 = DIRECTION ( 'NONE',  ( 0.000000000000000000, 1.000000000000000000, 0.000000000000000000 ) ) ;
#6022 = AXIS2_PLACEMENT_3D ( 'NONE', #5288, #8539, #6134 ) ;
#6023 = VERTEX_POINT ( 'NONE', #6739 ) ;
#6024 = CARTESIAN_POINT ( 'NONE',  ( -26.64999999999999503, -3.399999999999999911, -20.24999999999999645 ) ) ;
#6025 = ORIENTED_EDGE ( 'NONE', *, *, #8606, .F. ) ;
#6026 = CIRCLE ( 'NONE', #4659, 9.349999999999990763 ) ;
#6027 = CARTESIAN_POINT ( 'NONE',  ( 0.000000000000000000, 1.600000000000000089, 0.000000000000000000 ) ) ;
#6028 = DIRECTION ( 'NONE',  ( 1.000000000000000000, 0.000000000000000000, 0.000000000000000000 ) ) ;
#6029 = VECTOR ( 'NONE', #706, 1000.000000000000000 ) ;
#6030 = CARTESIAN_POINT ( 'NONE',  ( 0.000000000000000000, -1.800000000000000044, -19.25000000000000355 ) ) ;
#6031 = CARTESIAN_POINT ( 'NONE',  ( -39.25000000000000711, -1.800000000000000044, 11.49999999999998224 ) ) ;
#6032 = EDGE_CURVE ( 'NONE', #9044, #6833, #5132, .T. ) ;
#6033 = LINE ( 'NONE', #3693, #7036 ) ;
#6034 = CARTESIAN_POINT ( 'NONE',  ( 32.95000000000000995, 6.200000000000000178, -19.25000000000000000 ) ) ;
#6035 = VERTEX_POINT ( 'NONE', #1828 ) ;
#6036 = ORIENTED_EDGE ( 'NONE', *, *, #2485, .T. ) ;
#6037 = ORIENTED_EDGE ( 'NONE', *, *, #7517, .F. ) ;
#6038 = VECTOR ( 'NONE', #6932, 1000.000000000000000 ) ;
#6039 = ORIENTED_EDGE ( 'NONE', *, *, #9302, .F. ) ;
#6040 = CARTESIAN_POINT ( 'NONE',  ( -39.25000000000000000, 0.9999999999999870104, 20.75000000000000355 ) ) ;
#6041 = ADVANCED_FACE ( 'NONE', ( #5085, #283 ), #1080, .F. ) ;
#6042 = DIRECTION ( 'NONE',  ( -0.000000000000000000, -1.000000000000000000, -0.000000000000000000 ) ) ;
#6043 = VECTOR ( 'NONE', #5381, 1000.000000000000000 ) ;
#6044 = CARTESIAN_POINT ( 'NONE',  ( -30.94999999999999929, 5.000000000000000888, -17.44999999999999929 ) ) ;
#6045 = CARTESIAN_POINT ( 'NONE',  ( -29.55000000000000782, -0.3999999999999999667, 7.000000000000000888 ) ) ;
#6046 = EDGE_CURVE ( 'NONE', #811, #982, #5250, .T. ) ;
#6047 = FACE_OUTER_BOUND ( 'NONE', #4833, .T. ) ;
#6048 = AXIS2_PLACEMENT_3D ( 'NONE', #1135, #4937, #9293 ) ;
#6049 = CARTESIAN_POINT ( 'NONE',  ( -36.45000000000000284, -9.000000000000001776, -8.448227494413584893 ) ) ;
#6050 = ORIENTED_EDGE ( 'NONE', *, *, #4517, .F. ) ;
#6051 = DIRECTION ( 'NONE',  ( 0.000000000000000000, 0.000000000000000000, -1.000000000000000000 ) ) ;
#6052 = CIRCLE ( 'NONE', #7071, 0.5999999999999998668 ) ;
#6053 = VERTEX_POINT ( 'NONE', #10147 ) ;
#6054 = ORIENTED_EDGE ( 'NONE', *, *, #7662, .T. ) ;
#6055 = CARTESIAN_POINT ( 'NONE',  ( -33.25000000000000000, 6.200000000000001066, 23.75000000000000000 ) ) ;
#6056 = AXIS2_PLACEMENT_3D ( 'NONE', #4198, #7394, #82 ) ;
#6057 = EDGE_CURVE ( 'NONE', #4303, #2847, #1337, .T. ) ;
#6058 = DIRECTION ( 'NONE',  ( -0.000000000000000000, -1.000000000000000000, 0.000000000000000000 ) ) ;
#6059 = CIRCLE ( 'NONE', #1447, 2.500000000000002220 ) ;
#6060 = CARTESIAN_POINT ( 'NONE',  ( 11.95000000000000639, 5.000000000000000000, 19.25000000000000000 ) ) ;
#6061 = VERTEX_POINT ( 'NONE', #3648 ) ;
#6062 = AXIS2_PLACEMENT_3D ( 'NONE', #9748, #1808, #1007 ) ;
#6063 = DIRECTION ( 'NONE',  ( -0.000000000000000000, -0.000000000000000000, 1.000000000000000000 ) ) ;
#6064 = EDGE_LOOP ( 'NONE', ( #4948, #7299, #3933, #6516 ) ) ;
#6065 = VERTEX_POINT ( 'NONE', #7047 ) ;
#6066 = EDGE_CURVE ( 'NONE', #7170, #5241, #7695, .T. ) ;
#6067 = EDGE_CURVE ( 'NONE', #9143, #4092, #378, .T. ) ;
#6068 = LINE ( 'NONE', #6013, #2471 ) ;
#6069 = DIRECTION ( 'NONE',  ( 0.000000000000000000, 0.000000000000000000, 1.000000000000000000 ) ) ;
#6070 = CARTESIAN_POINT ( 'NONE',  ( 21.85000000000000497, -4.999999999999992006, 24.45000000000000639 ) ) ;
#6071 = FACE_OUTER_BOUND ( 'NONE', #6139, .T. ) ;
#6072 = PLANE ( 'NONE',  #4861 ) ;
#6073 = CARTESIAN_POINT ( 'NONE',  ( -29.55000000000000782, -0.3999999999999993006, 2.250000000000000444 ) ) ;
#6074 = ORIENTED_EDGE ( 'NONE', *, *, #824, .F. ) ;
#6075 = PLANE ( 'NONE',  #4615 ) ;
#6076 = EDGE_LOOP ( 'NONE', ( #288, #6312 ) ) ;
#6077 = DIRECTION ( 'NONE',  ( 1.000000000000000000, -0.000000000000000000, -0.000000000000000000 ) ) ;
#6078 = ORIENTED_EDGE ( 'NONE', *, *, #1372, .T. ) ;
#6079 = ADVANCED_FACE ( 'NONE', ( #9343 ), #5451, .F. ) ;
#6080 = EDGE_CURVE ( 'NONE', #4362, #1556, #2900, .T. ) ;
#6081 = DIRECTION ( 'NONE',  ( 1.000000000000000000, 0.000000000000000000, 0.000000000000000000 ) ) ;
#6082 = ADVANCED_FACE ( 'NONE', ( #3750 ), #7750, .T. ) ;
#6083 = CARTESIAN_POINT ( 'NONE',  ( 35.75000000000000000, 17.01111066297655228, 12.80000000000000249 ) ) ;
#6084 = LINE ( 'NONE', #1169, #9588 ) ;
#6085 = DIRECTION ( 'NONE',  ( -0.000000000000000000, -1.000000000000000000, -0.000000000000000000 ) ) ;
#6086 = LINE ( 'NONE', #2084, #7547 ) ;
#6087 = DIRECTION ( 'NONE',  ( 1.000000000000000000, 0.000000000000000000, 0.000000000000000000 ) ) ;
#6088 = ORIENTED_EDGE ( 'NONE', *, *, #10377, .T. ) ;
#6089 = ORIENTED_EDGE ( 'NONE', *, *, #7382, .T. ) ;
#6090 = EDGE_LOOP ( 'NONE', ( #2403, #3473, #7325, #893, #4920, #5115, #7898, #1863, #4304, #7610, #9011, #1905, #7550, #8798 ) ) ;
#6091 = ORIENTED_EDGE ( 'NONE', *, *, #3724, .F. ) ;
#6092 = ADVANCED_FACE ( 'NONE', ( #4646 ), #6142, .T. ) ;
#6093 = DIRECTION ( 'NONE',  ( 6.934798767493038670E-17, 1.000000000000000000, 0.000000000000000000 ) ) ;
#6094 = DIRECTION ( 'NONE',  ( 0.000000000000000000, 0.000000000000000000, -1.000000000000000000 ) ) ;
#6095 = LINE ( 'NONE', #6144, #8939 ) ;
#6096 = CARTESIAN_POINT ( 'NONE',  ( -34.25000000000000000, -1.800000000000000044, -12.49999999999999289 ) ) ;
#6097 = CARTESIAN_POINT ( 'NONE',  ( 14.18759615953640640, 0.000000000000000000, -0.1499999999999973577 ) ) ;
#6098 = CARTESIAN_POINT ( 'NONE',  ( 32.95000000000001705, 9.899999999999998579, -19.80000000000000071 ) ) ;
#6099 = VECTOR ( 'NONE', #6994, 1000.000000000000114 ) ;
#6100 = ORIENTED_EDGE ( 'NONE', *, *, #4966, .T. ) ;
#6101 = DIRECTION ( 'NONE',  ( -1.802310104910968394E-16, 0.000000000000000000, 1.000000000000000000 ) ) ;
#6102 = EDGE_LOOP ( 'NONE', ( #637, #9257, #1247, #7634 ) ) ;
#6103 = ORIENTED_EDGE ( 'NONE', *, *, #1588, .T. ) ;
#6104 = ADVANCED_FACE ( 'NONE', ( #3801 ), #7905, .T. ) ;
#6105 = DIRECTION ( 'NONE',  ( -3.750753461571480172E-15, 4.688441826964350214E-16, -1.000000000000000000 ) ) ;
#6106 = AXIS2_PLACEMENT_3D ( 'NONE', #1557, #4346, #6051 ) ;
#6107 = DIRECTION ( 'NONE',  ( -1.000000000000000000, 0.000000000000000000, 0.000000000000000000 ) ) ;
#6108 = DIRECTION ( 'NONE',  ( -0.000000000000000000, -1.000000000000000000, -0.000000000000000000 ) ) ;
#6109 = CARTESIAN_POINT ( 'NONE',  ( 32.95000000000000995, 1.600000000000000089, 4.096965511460287424 ) ) ;
#6110 = DIRECTION ( 'NONE',  ( -0.000000000000000000, 1.000000000000000000, -0.000000000000000000 ) ) ;
#6111 = ORIENTED_EDGE ( 'NONE', *, *, #3317, .T. ) ;
#6112 = LINE ( 'NONE', #1254, #4110 ) ;
#6113 = VERTEX_POINT ( 'NONE', #5402 ) ;
#6114 = VECTOR ( 'NONE', #7007, 1000.000000000000000 ) ;
#6115 = VERTEX_POINT ( 'NONE', #1180 ) ;
#6116 = LINE ( 'NONE', #3723, #1437 ) ;
#6117 = CARTESIAN_POINT ( 'NONE',  ( 12.84999999999999964, -0.9000000000000014655, -13.14999999999999858 ) ) ;
#6118 = CARTESIAN_POINT ( 'NONE',  ( -37.35000000000000142, 6.200000000000000178, -19.25000000000000000 ) ) ;
#6119 = VECTOR ( 'NONE', #2849, 1000.000000000000000 ) ;
#6120 = FACE_BOUND ( 'NONE', #375, .T. ) ;
#6121 = DIRECTION ( 'NONE',  ( 1.000000000000000000, 0.000000000000000000, 0.000000000000000000 ) ) ;
#6122 = ORIENTED_EDGE ( 'NONE', *, *, #4182, .T. ) ;
#6123 = DIRECTION ( 'NONE',  ( -0.000000000000000000, -1.000000000000000000, 0.000000000000000000 ) ) ;
#6124 = ORIENTED_EDGE ( 'NONE', *, *, #10122, .T. ) ;
#6125 = CARTESIAN_POINT ( 'NONE',  ( -24.94999999999999929, 5.000000000000000000, -19.25000000000000000 ) ) ;
#6126 = ORIENTED_EDGE ( 'NONE', *, *, #5522, .F. ) ;
#6127 = EDGE_CURVE ( 'NONE', #4318, #8990, #10088, .T. ) ;
#6128 = VECTOR ( 'NONE', #5528, 1000.000000000000000 ) ;
#6129 = DIRECTION ( 'NONE',  ( 1.000000000000000000, -0.000000000000000000, 0.000000000000000000 ) ) ;
#6130 = CARTESIAN_POINT ( 'NONE',  ( 21.85000000000000142, 8.500000000000000000, 21.64999999999999858 ) ) ;
#6131 = DIRECTION ( 'NONE',  ( 0.000000000000000000, 0.000000000000000000, -1.000000000000000000 ) ) ;
#6132 = FACE_OUTER_BOUND ( 'NONE', #5948, .T. ) ;
#6133 = VERTEX_POINT ( 'NONE', #1289 ) ;
#6134 = DIRECTION ( 'NONE',  ( -0.000000000000000000, 0.000000000000000000, 1.000000000000000000 ) ) ;
#6135 = ADVANCED_FACE ( 'NONE', ( #2797 ), #8596, .F. ) ;
#6136 = ORIENTED_EDGE ( 'NONE', *, *, #2695, .F. ) ;
#6137 = EDGE_CURVE ( 'NONE', #5040, #6444, #5782, .T. ) ;
#6138 = LINE ( 'NONE', #5341, #6903 ) ;
#6139 = EDGE_LOOP ( 'NONE', ( #4117, #740, #6956, #9418 ) ) ;
#6140 = EDGE_CURVE ( 'NONE', #4144, #1011, #5243, .T. ) ;
#6141 = ORIENTED_EDGE ( 'NONE', *, *, #8273, .T. ) ;
#6142 = PLANE ( 'NONE',  #2897 ) ;
#6143 = PLANE ( 'NONE',  #6226 ) ;
#6144 = CARTESIAN_POINT ( 'NONE',  ( -26.64999999999999503, -1.899999999999992362, -20.24999999999999645 ) ) ;
#6145 = VERTEX_POINT ( 'NONE', #8651 ) ;
#6146 = CARTESIAN_POINT ( 'NONE',  ( 37.65000000000001279, 9.100000000000003197, -0.3499999999999984790 ) ) ;
#6147 = LINE ( 'NONE', #1084, #215 ) ;
#6148 = ADVANCED_FACE ( 'NONE', ( #7804 ), #9448, .F. ) ;
#6149 = DIRECTION ( 'NONE',  ( 1.000000000000000000, 0.000000000000000000, -0.000000000000000000 ) ) ;
#6150 = ORIENTED_EDGE ( 'NONE', *, *, #8515, .T. ) ;
#6151 = DIRECTION ( 'NONE',  ( -1.000000000000000000, -0.000000000000000000, -0.000000000000000000 ) ) ;
#6152 = ORIENTED_EDGE ( 'NONE', *, *, #5879, .F. ) ;
#6153 = VECTOR ( 'NONE', #8423, 1000.000000000000000 ) ;
#6154 = VERTEX_POINT ( 'NONE', #4058 ) ;
#6155 = CARTESIAN_POINT ( 'NONE',  ( -35.25000000000000000, -1.800000000000000044, -12.49999999999999289 ) ) ;
#6156 = DIRECTION ( 'NONE',  ( -0.7071067811865352493, 0.000000000000000000, 0.7071067811865597852 ) ) ;
#6157 = CARTESIAN_POINT ( 'NONE',  ( -17.50000000000000355, 7.762049935181331684, -20.74999999999999645 ) ) ;
#6158 = FILL_AREA_STYLE ('',( #5311 ) ) ;
#6159 = DIRECTION ( 'NONE',  ( 0.000000000000000000, 0.000000000000000000, -1.000000000000000000 ) ) ;
#6160 = EDGE_CURVE ( 'NONE', #2882, #3056, #1592, .T. ) ;
#6161 = ORIENTED_EDGE ( 'NONE', *, *, #6912, .F. ) ;
#6162 = CARTESIAN_POINT ( 'NONE',  ( -39.25000000000000000, -0.3999999999999999667, -10.00000000000000000 ) ) ;
#6163 = ORIENTED_EDGE ( 'NONE', *, *, #5949, .T. ) ;
#6164 = VECTOR ( 'NONE', #9399, 1000.000000000000000 ) ;
#6165 = VERTEX_POINT ( 'NONE', #8901 ) ;
#6166 = LINE ( 'NONE', #4365, #5195 ) ;
#6167 = EDGE_CURVE ( 'NONE', #260, #1484, #9759, .T. ) ;
#6168 = LINE ( 'NONE', #2825, #9590 ) ;
#6169 = CARTESIAN_POINT ( 'NONE',  ( 37.15000000000001279, 9.899999999999998579, 18.80000000000000071 ) ) ;
#6170 = LINE ( 'NONE', #6869, #2309 ) ;
#6171 = CARTESIAN_POINT ( 'NONE',  ( 5.950000000000005507, 5.000000000000000000, 17.44999999999999929 ) ) ;
#6172 = EDGE_CURVE ( 'NONE', #2525, #8322, #1538, .T. ) ;
#6173 = ORIENTED_EDGE ( 'NONE', *, *, #6267, .T. ) ;
#6174 = DIRECTION ( 'NONE',  ( 1.101142831430592166E-16, 1.000000000000000000, -0.000000000000000000 ) ) ;
#6175 = ORIENTED_EDGE ( 'NONE', *, *, #7990, .F. ) ;
#6176 = DIRECTION ( 'NONE',  ( -0.000000000000000000, 0.000000000000000000, -1.000000000000000000 ) ) ;
#6177 = ORIENTED_EDGE ( 'NONE', *, *, #7639, .T. ) ;
#6178 = VECTOR ( 'NONE', #2008, 1000.000000000000000 ) ;
#6179 = VECTOR ( 'NONE', #1031, 1000.000000000000000 ) ;
#6180 = DIRECTION ( 'NONE',  ( -1.885568995626964287E-16, 0.000000000000000000, 1.000000000000000000 ) ) ;
#6181 = CARTESIAN_POINT ( 'NONE',  ( 37.65000000000000568, 7.500000000000000000, 22.14999999999999858 ) ) ;
#6182 = LINE ( 'NONE', #2890, #3301 ) ;
#6183 = EDGE_CURVE ( 'NONE', #5825, #4031, #6404, .T. ) ;
#6184 = VECTOR ( 'NONE', #7845, 1000.000000000000000 ) ;
#6185 = VECTOR ( 'NONE', #5811, 1000.000000000000000 ) ;
#6186 = CARTESIAN_POINT ( 'NONE',  ( 21.85000000000000142, 24.84296113818832197, 20.75000000000000355 ) ) ;
#6187 = ORIENTED_EDGE ( 'NONE', *, *, #651, .F. ) ;
#6188 = CARTESIAN_POINT ( 'NONE',  ( 0.000000000000000000, 8.500000000000000000, 21.64999999999999858 ) ) ;
#6189 = ORIENTED_EDGE ( 'NONE', *, *, #3679, .F. ) ;
#6190 = DIRECTION ( 'NONE',  ( -1.000000000000000000, 0.000000000000000000, 0.000000000000000000 ) ) ;
#6191 = VERTEX_POINT ( 'NONE', #9656 ) ;
#6192 = ORIENTED_EDGE ( 'NONE', *, *, #10376, .T. ) ;
#6193 = AXIS2_PLACEMENT_3D ( 'NONE', #4138, #1629, #4884 ) ;
#6194 = DIRECTION ( 'NONE',  ( 1.000000000000000000, 0.000000000000000000, 0.000000000000000000 ) ) ;
#6195 = EDGE_CURVE ( 'NONE', #3770, #1074, #2353, .T. ) ;
#6196 = CARTESIAN_POINT ( 'NONE',  ( 37.15000000000001279, 8.500000000000000000, -18.80000000000000071 ) ) ;
#6197 = LINE ( 'NONE', #2198, #598 ) ;
#6198 = CARTESIAN_POINT ( 'NONE',  ( -20.85000000000000142, 8.500000000000000000, 21.64999999999999858 ) ) ;
#6199 = CARTESIAN_POINT ( 'NONE',  ( -31.04999999999999716, 7.762049935181331684, -21.54999999999999716 ) ) ;
#6200 = FACE_OUTER_BOUND ( 'NONE', #8604, .T. ) ;
#6201 = EDGE_LOOP ( 'NONE', ( #4589, #6798, #5373, #8139 ) ) ;
#6202 = FACE_OUTER_BOUND ( 'NONE', #6987, .T. ) ;
#6203 = VECTOR ( 'NONE', #5491, 1000.000000000000000 ) ;
#6204 = AXIS2_PLACEMENT_3D ( 'NONE', #7458, #8947, #3412 ) ;
#6205 = ORIENTED_EDGE ( 'NONE', *, *, #7285, .T. ) ;
#6206 = VERTEX_POINT ( 'NONE', #5602 ) ;
#6207 = AXIS2_PLACEMENT_3D ( 'NONE', #1296, #7860, #4552 ) ;
#6208 = DIRECTION ( 'NONE',  ( 0.000000000000000000, 0.000000000000000000, -1.000000000000000000 ) ) ;
#6209 = ADVANCED_FACE ( 'NONE', ( #7152 ), #1438, .T. ) ;
#6210 = PLANE ( 'NONE',  #5483 ) ;
#6211 = LINE ( 'NONE', #4664, #5858 ) ;
#6212 = LINE ( 'NONE', #506, #3547 ) ;
#6213 = DIRECTION ( 'NONE',  ( 1.000000000000000000, 0.000000000000000000, -0.000000000000000000 ) ) ;
#6214 = ORIENTED_EDGE ( 'NONE', *, *, #6127, .T. ) ;
#6215 = VECTOR ( 'NONE', #1543, 1000.000000000000000 ) ;
#6216 = DIRECTION ( 'NONE',  ( -1.000000000000000000, 0.000000000000000000, -0.000000000000000000 ) ) ;
#6217 = ORIENTED_EDGE ( 'NONE', *, *, #7714, .T. ) ;
#6218 = VECTOR ( 'NONE', #10458, 1000.000000000000000 ) ;
#6219 = ORIENTED_EDGE ( 'NONE', *, *, #7662, .F. ) ;
#6220 = EDGE_CURVE ( 'NONE', #9091, #7670, #5657, .T. ) ;
#6221 = CIRCLE ( 'NONE', #7927, 0.8500000000000000888 ) ;
#6222 = CYLINDRICAL_SURFACE ( 'NONE', #10132, 1.249999999999997558 ) ;
#6223 = AXIS2_PLACEMENT_3D ( 'NONE', #9373, #7626, #1263 ) ;
#6224 = CARTESIAN_POINT ( 'NONE',  ( 39.25000000000000000, 4.099999999999997868, -19.25000000000000355 ) ) ;
#6225 = CARTESIAN_POINT ( 'NONE',  ( -12.75000000000000178, 0.5000000000000000000, -5.049999999999991829 ) ) ;
#6226 = AXIS2_PLACEMENT_3D ( 'NONE', #5347, #7698, #8652 ) ;
#6227 = DIRECTION ( 'NONE',  ( 0.000000000000000000, -1.000000000000000000, -1.762134456409849633E-16 ) ) ;
#6228 = DIRECTION ( 'NONE',  ( 0.000000000000000000, -0.7071067811865475727, 0.7071067811865475727 ) ) ;
#6229 = ORIENTED_EDGE ( 'NONE', *, *, #3360, .F. ) ;
#6230 = CARTESIAN_POINT ( 'NONE',  ( 0.000000000000000000, 8.500000000000000000, 21.64999999999999858 ) ) ;
#6231 = ORIENTED_EDGE ( 'NONE', *, *, #3517, .F. ) ;
#6232 = CARTESIAN_POINT ( 'NONE',  ( 37.65000000000001279, 9.100000000000006750, -0.3499999999999984790 ) ) ;
#6233 = VECTOR ( 'NONE', #472, 1000.000000000000000 ) ;
#6234 = ORIENTED_EDGE ( 'NONE', *, *, #4585, .F. ) ;
#6235 = AXIS2_PLACEMENT_3D ( 'NONE', #8831, #1519, #10433 ) ;
#6236 = ADVANCED_FACE ( 'NONE', ( #7203 ), #9703, .T. ) ;
#6237 = CARTESIAN_POINT ( 'NONE',  ( 0.000000000000000000, 1.600000000000000089, -19.25000000000000000 ) ) ;
#6238 = CARTESIAN_POINT ( 'NONE',  ( 16.50000000000000355, -0.2500000000000000000, -5.049999999999995381 ) ) ;
#6239 = LINE ( 'NONE', #7637, #6694 ) ;
#6240 = CARTESIAN_POINT ( 'NONE',  ( -0.5000000000000004441, 7.762049935181331684, -21.94999999999999574 ) ) ;
#6241 = EDGE_LOOP ( 'NONE', ( #5084, #7337, #4846, #9997 ) ) ;
#6242 = CARTESIAN_POINT ( 'NONE',  ( 39.25000000000000000, -0.7000000000000000666, 23.34999999999999432 ) ) ;
#6243 = VERTEX_POINT ( 'NONE', #4855 ) ;
#6244 = DIRECTION ( 'NONE',  ( 1.000000000000000000, 0.000000000000000000, 2.168404344971003198E-16 ) ) ;
#6245 = VERTEX_POINT ( 'NONE', #801 ) ;
#6246 = ORIENTED_EDGE ( 'NONE', *, *, #11, .F. ) ;
#6247 = DIRECTION ( 'NONE',  ( 1.000000000000000000, -0.000000000000000000, 0.000000000000000000 ) ) ;
#6248 = DIRECTION ( 'NONE',  ( -1.000000000000000000, 1.032573497605242471E-16, 0.000000000000000000 ) ) ;
#6249 = DIRECTION ( 'NONE',  ( 0.000000000000000000, 0.000000000000000000, -1.000000000000000000 ) ) ;
#6250 = FACE_OUTER_BOUND ( 'NONE', #6201, .T. ) ;
#6251 = PLANE ( 'NONE',  #3632 ) ;
#6252 = DIRECTION ( 'NONE',  ( -1.000000000000000000, 0.000000000000000000, 0.000000000000000000 ) ) ;
#6253 = EDGE_LOOP ( 'NONE', ( #3816, #204, #662, #6783 ) ) ;
#6254 = CARTESIAN_POINT ( 'NONE',  ( 34.45000000000000995, 9.899999999999998579, -3.000000000000000000 ) ) ;
#6255 = ORIENTED_EDGE ( 'NONE', *, *, #2552, .F. ) ;
#6256 = ORIENTED_EDGE ( 'NONE', *, *, #3069, .F. ) ;
#6257 = EDGE_CURVE ( 'NONE', #5421, #1086, #4792, .T. ) ;
#6258 = CARTESIAN_POINT ( 'NONE',  ( -20.64999999999999858, -1.899999999999992362, -20.24999999999999645 ) ) ;
#6259 = LINE ( 'NONE', #9774, #1226 ) ;
#6260 = CARTESIAN_POINT ( 'NONE',  ( -30.35000000000000853, 1.100000000000003642, 1.049999999999998490 ) ) ;
#6261 = CYLINDRICAL_SURFACE ( 'NONE', #8582, 1.000000000000000888 ) ;
#6262 = CARTESIAN_POINT ( 'NONE',  ( -0.5000000000000004441, 6.200000000000000178, -21.15000000000000213 ) ) ;
#6263 = EDGE_LOOP ( 'NONE', ( #834, #756, #4800, #7290 ) ) ;
#6264 = CARTESIAN_POINT ( 'NONE',  ( 16.35185058345957998, -0.9000000000000032419, -5.049999999999995381 ) ) ;
#6265 = EDGE_CURVE ( 'NONE', #7813, #8983, #10455, .T. ) ;
#6266 = EDGE_CURVE ( 'NONE', #1469, #4888, #4698, .T. ) ;
#6267 = EDGE_CURVE ( 'NONE', #8579, #6425, #6343, .T. ) ;
#6268 = VERTEX_POINT ( 'NONE', #3214 ) ;
#6269 = VECTOR ( 'NONE', #7335, 1000.000000000000000 ) ;
#6270 = DIRECTION ( 'NONE',  ( -1.000000000000000000, 0.000000000000000000, -0.000000000000000000 ) ) ;
#6271 = CARTESIAN_POINT ( 'NONE',  ( 18.50000000000000355, 6.200000000000000178, -20.74999999999999645 ) ) ;
#6272 = CARTESIAN_POINT ( 'NONE',  ( -0.5000000000000004441, 6.200000000000000178, -20.74999999999999645 ) ) ;
#6273 = DIRECTION ( 'NONE',  ( 1.000000000000000000, -0.000000000000000000, 0.000000000000000000 ) ) ;
#6274 = ORIENTED_EDGE ( 'NONE', *, *, #195, .T. ) ;
#6275 = AXIS2_PLACEMENT_3D ( 'NONE', #8950, #5755, #4095 ) ;
#6276 = CARTESIAN_POINT ( 'NONE',  ( -29.64999999999999858, -0.3999999999999999667, -7.000000000000000888 ) ) ;
#6277 = ORIENTED_EDGE ( 'NONE', *, *, #1558, .T. ) ;
#6278 = ADVANCED_FACE ( 'NONE', ( #5716 ), #9552, .T. ) ;
#6279 = CARTESIAN_POINT ( 'NONE',  ( 39.25000000000000000, 4.049999999999999822, 0.000000000000000000 ) ) ;
#6280 = VERTEX_POINT ( 'NONE', #4744 ) ;
#6281 = CARTESIAN_POINT ( 'NONE',  ( 35.35000000000000142, 7.500000000000004441, -0.3499999999999987566 ) ) ;
#6282 = VECTOR ( 'NONE', #8387, 1000.000000000000000 ) ;
#6283 = CARTESIAN_POINT ( 'NONE',  ( -29.55000000000000782, 9.899999999999998579, 3.750000000000000444 ) ) ;
#6284 = CARTESIAN_POINT ( 'NONE',  ( 17.50000000000000000, 7.762049935181331684, -21.94999999999999574 ) ) ;
#6285 = DIRECTION ( 'NONE',  ( 1.000000000000000000, -0.000000000000000000, 0.000000000000000000 ) ) ;
#6286 = EDGE_LOOP ( 'NONE', ( #3545, #2362, #8051, #841, #4421, #5444 ) ) ;
#6287 = DIRECTION ( 'NONE',  ( 1.000000000000000000, 0.000000000000000000, 0.000000000000000000 ) ) ;
#6288 = VERTEX_POINT ( 'NONE', #6506 ) ;
#6289 = ADVANCED_FACE ( 'NONE', ( #8052 ), #3859, .T. ) ;
#6290 = PLANE ( 'NONE',  #2835 ) ;
#6291 = ORIENTED_EDGE ( 'NONE', *, *, #2645, .T. ) ;
#6292 = CIRCLE ( 'NONE', #10384, 0.9999999999999991118 ) ;
#6293 = VECTOR ( 'NONE', #465, 1000.000000000000000 ) ;
#6294 = ORIENTED_EDGE ( 'NONE', *, *, #3530, .T. ) ;
#6295 = DIRECTION ( 'NONE',  ( 0.000000000000000000, 0.000000000000000000, -1.000000000000000000 ) ) ;
#6296 = FACE_OUTER_BOUND ( 'NONE', #810, .T. ) ;
#6297 = DIRECTION ( 'NONE',  ( 0.000000000000000000, 0.000000000000000000, 1.000000000000000000 ) ) ;
#6298 = ADVANCED_FACE ( 'NONE', ( #8802 ), #745, .T. ) ;
#6299 = DIRECTION ( 'NONE',  ( -0.000000000000000000, -0.000000000000000000, 1.000000000000000000 ) ) ;
#6300 = CARTESIAN_POINT ( 'NONE',  ( 27.95000000000000639, -0.7000000000000000666, 23.15000000000000568 ) ) ;
#6301 = CARTESIAN_POINT ( 'NONE',  ( 0.000000000000000000, 6.200000000000000178, -20.74999999999999645 ) ) ;
#6302 = EDGE_LOOP ( 'NONE', ( #8197, #2526, #3672, #4192 ) ) ;
#6303 = CARTESIAN_POINT ( 'NONE',  ( -18.50000000000000355, 6.200000000000000178, -20.74999999999999645 ) ) ;
#6304 = VERTEX_POINT ( 'NONE', #1704 ) ;
#6305 = ORIENTED_EDGE ( 'NONE', *, *, #4731, .T. ) ;
#6306 = LINE ( 'NONE', #6155, #1859 ) ;
#6307 = DIRECTION ( 'NONE',  ( -0.000000000000000000, 1.000000000000000000, -0.000000000000000000 ) ) ;
#6308 = DIRECTION ( 'NONE',  ( 0.000000000000000000, 0.000000000000000000, 1.000000000000000000 ) ) ;
#6309 = CARTESIAN_POINT ( 'NONE',  ( -30.94999999999999929, 5.000000000000000888, -17.44999999999999929 ) ) ;
#6310 = EDGE_CURVE ( 'NONE', #7416, #6877, #3428, .T. ) ;
#6311 = CARTESIAN_POINT ( 'NONE',  ( 35.75000000000000000, 7.500000000000004441, -3.460769515458667289 ) ) ;
#6312 = ORIENTED_EDGE ( 'NONE', *, *, #279, .F. ) ;
#6313 = CARTESIAN_POINT ( 'NONE',  ( 21.64999999999999858, -3.399999999999999911, -20.24999999999999645 ) ) ;
#6314 = VECTOR ( 'NONE', #9043, 1000.000000000000000 ) ;
#6315 = ORIENTED_EDGE ( 'NONE', *, *, #10223, .T. ) ;
#6316 = DIRECTION ( 'NONE',  ( -1.000000000000000000, 0.000000000000000000, 0.000000000000000000 ) ) ;
#6317 = VECTOR ( 'NONE', #1097, 1000.000000000000000 ) ;
#6318 = EDGE_CURVE ( 'NONE', #2006, #2807, #5927, .T. ) ;
#6319 = EDGE_CURVE ( 'NONE', #4501, #3058, #8595, .T. ) ;
#6320 = DIRECTION ( 'NONE',  ( -0.000000000000000000, 1.000000000000000000, -0.000000000000000000 ) ) ;
#6321 = CARTESIAN_POINT ( 'NONE',  ( -39.25000000000000000, -0.3999999999999999667, -10.00000000000000000 ) ) ;
#6322 = LINE ( 'NONE', #516, #3177 ) ;
#6323 = EDGE_LOOP ( 'NONE', ( #5739, #9354, #7440, #4989 ) ) ;
#6324 = CYLINDRICAL_SURFACE ( 'NONE', #9208, 0.4000000000000010214 ) ;
#6325 = VERTEX_POINT ( 'NONE', #2569 ) ;
#6326 = AXIS2_PLACEMENT_3D ( 'NONE', #7317, #1596, #646 ) ;
#6327 = DIRECTION ( 'NONE',  ( -1.000000000000000000, 0.000000000000000000, -8.673617379884027583E-16 ) ) ;
#6328 = EDGE_LOOP ( 'NONE', ( #9563, #7930, #5677, #4739 ) ) ;
#6329 = VECTOR ( 'NONE', #6960, 1000.000000000000000 ) ;
#6330 = AXIS2_PLACEMENT_3D ( 'NONE', #8916, #10471, #4806 ) ;
#6331 = DIRECTION ( 'NONE',  ( -0.000000000000000000, -0.000000000000000000, -1.000000000000000000 ) ) ;
#6332 = ADVANCED_FACE ( 'NONE', ( #4961 ), #5819, .T. ) ;
#6333 = CARTESIAN_POINT ( 'NONE',  ( 21.85000000000000142, 8.500000000000000000, 21.64999999999999858 ) ) ;
#6334 = CARTESIAN_POINT ( 'NONE',  ( 0.5500000000000001554, 5.049999999999998046, -15.94999999999999929 ) ) ;
#6335 = DIRECTION ( 'NONE',  ( 0.000000000000000000, 0.000000000000000000, 1.000000000000000000 ) ) ;
#6336 = VERTEX_POINT ( 'NONE', #162 ) ;
#6337 = DIRECTION ( 'NONE',  ( 0.000000000000000000, 0.000000000000000000, -1.000000000000000000 ) ) ;
#6338 = ORIENTED_EDGE ( 'NONE', *, *, #8607, .F. ) ;
#6339 = CARTESIAN_POINT ( 'NONE',  ( 5.950000000000005507, 5.000000000000000000, 17.44999999999999929 ) ) ;
#6340 = ORIENTED_EDGE ( 'NONE', *, *, #684, .T. ) ;
#6341 = VECTOR ( 'NONE', #10554, 1000.000000000000114 ) ;
#6342 = VERTEX_POINT ( 'NONE', #6669 ) ;
#6343 = LINE ( 'NONE', #10357, #7992 ) ;
#6344 = AXIS2_PLACEMENT_3D ( 'NONE', #5929, #10028, #4963 ) ;
#6345 = VECTOR ( 'NONE', #8771, 1000.000000000000000 ) ;
#6346 = EDGE_CURVE ( 'NONE', #1662, #4462, #4164, .T. ) ;
#6347 = FACE_OUTER_BOUND ( 'NONE', #9573, .T. ) ;
#6348 = AXIS2_PLACEMENT_3D ( 'NONE', #9109, #2671, #9963 ) ;
#6349 = DIRECTION ( 'NONE',  ( -1.000000000000000000, 0.000000000000000000, 0.000000000000000000 ) ) ;
#6350 = CARTESIAN_POINT ( 'NONE',  ( 27.85000000000000497, -4.999999999999992006, 23.35100000000000975 ) ) ;
#6351 = CARTESIAN_POINT ( 'NONE',  ( -10.09999999999999787, -2.799999999999999822, -10.34999999999999076 ) ) ;
#6352 = ORIENTED_EDGE ( 'NONE', *, *, #7722, .T. ) ;
#6353 = DIRECTION ( 'NONE',  ( 3.987870059716798287E-16, 0.000000000000000000, 1.000000000000000000 ) ) ;
#6354 = ORIENTED_EDGE ( 'NONE', *, *, #3502, .T. ) ;
#6355 = VECTOR ( 'NONE', #5146, 1000.000000000000000 ) ;
#6356 = EDGE_CURVE ( 'NONE', #4973, #4797, #9221, .T. ) ;
#6357 = VERTEX_POINT ( 'NONE', #5767 ) ;
#6358 = CARTESIAN_POINT ( 'NONE',  ( 5.950000000000004619, 3.600000000000000977, 17.44999999999999929 ) ) ;
#6359 = ADVANCED_FACE ( 'NONE', ( #6720 ), #8327, .F. ) ;
#6360 = CARTESIAN_POINT ( 'NONE',  ( 20.65000000000000213, 0.000000000000000000, -19.14999999999999858 ) ) ;
#6361 = LINE ( 'NONE', #4712, #5413 ) ;
#6362 = LINE ( 'NONE', #7068, #4665 ) ;
#6363 = VECTOR ( 'NONE', #7303, 1000.000000000000000 ) ;
#6364 = DIRECTION ( 'NONE',  ( -0.000000000000000000, -0.7071067811865426878, -0.7071067811865524577 ) ) ;
#6365 = ORIENTED_EDGE ( 'NONE', *, *, #4182, .F. ) ;
#6366 = VERTEX_POINT ( 'NONE', #109 ) ;
#6367 = DIRECTION ( 'NONE',  ( 0.000000000000000000, 1.000000000000000000, -0.000000000000000000 ) ) ;
#6368 = ORIENTED_EDGE ( 'NONE', *, *, #9851, .F. ) ;
#6369 = EDGE_CURVE ( 'NONE', #5786, #3855, #8274, .T. ) ;
#6370 = VERTEX_POINT ( 'NONE', #6618 ) ;
#6371 = AXIS2_PLACEMENT_3D ( 'NONE', #4323, #2625, #9065 ) ;
#6372 = PLANE ( 'NONE',  #7411 ) ;
#6373 = CARTESIAN_POINT ( 'NONE',  ( 32.95000000000000995, 4.099999999999998757, -14.24999999999999822 ) ) ;
#6374 = CIRCLE ( 'NONE', #10130, 1.100000000000000089 ) ;
#6375 = CARTESIAN_POINT ( 'NONE',  ( 20.64999999999999858, -1.800000000000000044, -19.14999999999999858 ) ) ;
#6376 = CARTESIAN_POINT ( 'NONE',  ( 27.64999999999999858, -3.399999999999999911, -16.44999999999999574 ) ) ;
#6377 = VERTEX_POINT ( 'NONE', #3375 ) ;
#6378 = FACE_OUTER_BOUND ( 'NONE', #7259, .T. ) ;
#6379 = VECTOR ( 'NONE', #7175, 1000.000000000000000 ) ;
#6380 = ORIENTED_EDGE ( 'NONE', *, *, #4894, .F. ) ;
#6381 = CARTESIAN_POINT ( 'NONE',  ( -18.50000000000000355, 6.200000000000000178, -20.74999999999999645 ) ) ;
#6382 = ORIENTED_EDGE ( 'NONE', *, *, #924, .F. ) ;
#6383 = EDGE_CURVE ( 'NONE', #3888, #1230, #5975, .T. ) ;
#6384 = VECTOR ( 'NONE', #5652, 1000.000000000000000 ) ;
#6385 = ADVANCED_FACE ( 'NONE', ( #1920 ), #1758, .T. ) ;
#6386 = AXIS2_PLACEMENT_3D ( 'NONE', #101, #3309, #5808 ) ;
#6387 = ADVANCED_FACE ( 'NONE', ( #4107 ), #9122, .T. ) ;
#6388 = DIRECTION ( 'NONE',  ( 1.000000000000000000, 0.000000000000000000, 0.000000000000000000 ) ) ;
#6389 = VECTOR ( 'NONE', #4745, 1000.000000000000000 ) ;
#6390 = CARTESIAN_POINT ( 'NONE',  ( 38.15000000000001279, 58.13995493237317191, -19.80000000000000071 ) ) ;
#6391 = DIRECTION ( 'NONE',  ( 0.000000000000000000, -0.7071067811865474617, 0.7071067811865474617 ) ) ;
#6392 = CARTESIAN_POINT ( 'NONE',  ( -24.94999999999999929, 5.000000000000000000, -17.44999999999999929 ) ) ;
#6393 = ORIENTED_EDGE ( 'NONE', *, *, #6183, .F. ) ;
#6394 = AXIS2_PLACEMENT_3D ( 'NONE', #2603, #2501, #5054 ) ;
#6395 = CARTESIAN_POINT ( 'NONE',  ( 0.000000000000000000, 6.200000000000000178, 0.000000000000000000 ) ) ;
#6396 = ORIENTED_EDGE ( 'NONE', *, *, #9628, .T. ) ;
#6397 = AXIS2_PLACEMENT_3D ( 'NONE', #1910, #1109, #5580 ) ;
#6398 = DIRECTION ( 'NONE',  ( 1.000000000000000000, 0.000000000000000000, 0.000000000000000000 ) ) ;
#6399 = EDGE_LOOP ( 'NONE', ( #5896, #8185, #1024, #973 ) ) ;
#6400 = EDGE_CURVE ( 'NONE', #6133, #3356, #1016, .T. ) ;
#6401 = ADVANCED_FACE ( 'NONE', ( #3534 ), #6775, .T. ) ;
#6402 = VERTEX_POINT ( 'NONE', #853 ) ;
#6403 = EDGE_CURVE ( 'NONE', #5786, #4696, #51, .T. ) ;
#6404 = LINE ( 'NONE', #690, #8161 ) ;
#6405 = CARTESIAN_POINT ( 'NONE',  ( -29.55000000000000782, -0.3999999999999993006, -2.250000000000000444 ) ) ;
#6406 = DIRECTION ( 'NONE',  ( -1.000000000000000000, -0.000000000000000000, -0.000000000000000000 ) ) ;
#6407 = CARTESIAN_POINT ( 'NONE',  ( -37.05000000000000426, -9.000000000000001776, -5.450000000000000178 ) ) ;
#6408 = DIRECTION ( 'NONE',  ( 0.000000000000000000, -0.000000000000000000, 1.000000000000000000 ) ) ;
#6409 = ORIENTED_EDGE ( 'NONE', *, *, #6727, .T. ) ;
#6410 = LINE ( 'NONE', #1659, #6795 ) ;
#6411 = EDGE_CURVE ( 'NONE', #3444, #4762, #9820, .T. ) ;
#6412 = EDGE_LOOP ( 'NONE', ( #5957, #7483, #3628, #8499 ) ) ;
#6413 = ORIENTED_EDGE ( 'NONE', *, *, #1065, .T. ) ;
#6414 = ORIENTED_EDGE ( 'NONE', *, *, #403, .T. ) ;
#6415 = DIRECTION ( 'NONE',  ( -3.614007241618349264E-16, -0.000000000000000000, 1.000000000000000000 ) ) ;
#6416 = DIRECTION ( 'NONE',  ( -1.000000000000000000, 0.000000000000000000, 0.000000000000000000 ) ) ;
#6417 = CARTESIAN_POINT ( 'NONE',  ( -35.25000000000000000, -1.800000000000000044, 22.14999999999999858 ) ) ;
#6418 = SURFACE_SIDE_STYLE ('',( #8718 ) ) ;
#6419 = FACE_OUTER_BOUND ( 'NONE', #6302, .T. ) ;
#6420 = EDGE_LOOP ( 'NONE', ( #2400, #2003, #3922, #7454 ) ) ;
#6421 = ORIENTED_EDGE ( 'NONE', *, *, #9291, .T. ) ;
#6422 = DIRECTION ( 'NONE',  ( -0.000000000000000000, 0.000000000000000000, -1.000000000000000000 ) ) ;
#6423 = AXIS2_PLACEMENT_3D ( 'NONE', #2865, #8513, #1199 ) ;
#6424 = EDGE_CURVE ( 'NONE', #8090, #7170, #8424, .T. ) ;
#6425 = VERTEX_POINT ( 'NONE', #1324 ) ;
#6426 = VERTEX_POINT ( 'NONE', #7740 ) ;
#6427 = CARTESIAN_POINT ( 'NONE',  ( -26.45000000000000284, 7.400000000000005684, 24.45000000000000639 ) ) ;
#6428 = CARTESIAN_POINT ( 'NONE',  ( 0.000000000000000000, 6.200000000000000178, -20.75000000000000000 ) ) ;
#6429 = DIRECTION ( 'NONE',  ( 0.000000000000000000, 0.000000000000000000, -1.000000000000000000 ) ) ;
#6430 = DIRECTION ( 'NONE',  ( -1.000000000000000000, -0.000000000000000000, -0.000000000000000000 ) ) ;
#6431 = EDGE_CURVE ( 'NONE', #7362, #4472, #9381, .T. ) ;
#6432 = EDGE_LOOP ( 'NONE', ( #10221, #3597, #9648, #1111, #8981, #1947 ) ) ;
#6433 = CARTESIAN_POINT ( 'NONE',  ( 21.85000000000000142, 6.200000000000000178, 21.64999999999999858 ) ) ;
#6434 = ORIENTED_EDGE ( 'NONE', *, *, #10498, .T. ) ;
#6435 = DIRECTION ( 'NONE',  ( -1.000000000000000000, 0.000000000000000000, 0.000000000000000000 ) ) ;
#6436 = ORIENTED_EDGE ( 'NONE', *, *, #6757, .F. ) ;
#6437 = AXIS2_PLACEMENT_3D ( 'NONE', #4131, #1781, #4986 ) ;
#6438 = CARTESIAN_POINT ( 'NONE',  ( -34.25000000000000000, 0.000000000000000000, 21.14999999999999858 ) ) ;
#6439 = FACE_OUTER_BOUND ( 'NONE', #3117, .T. ) ;
#6440 = LINE ( 'NONE', #6493, #392 ) ;
#6441 = VECTOR ( 'NONE', #4898, 1000.000000000000000 ) ;
#6442 = CARTESIAN_POINT ( 'NONE',  ( 27.65000000000000568, -4.999999999999992006, 23.15100000000000691 ) ) ;
#6443 = DIRECTION ( 'NONE',  ( 1.445602896647339656E-16, 1.000000000000000000, -0.000000000000000000 ) ) ;
#6444 = VERTEX_POINT ( 'NONE', #1220 ) ;
#6445 = DIRECTION ( 'NONE',  ( 0.000000000000000000, 1.000000000000000000, -0.000000000000000000 ) ) ;
#6446 = EDGE_CURVE ( 'NONE', #6483, #2903, #10131, .T. ) ;
#6447 = ORIENTED_EDGE ( 'NONE', *, *, #4896, .T. ) ;
#6448 = CARTESIAN_POINT ( 'NONE',  ( -31.55000000000000782, 9.899999999999998579, 5.450000000000000178 ) ) ;
#6449 = ORIENTED_EDGE ( 'NONE', *, *, #713, .T. ) ;
#6450 = ORIENTED_EDGE ( 'NONE', *, *, #785, .T. ) ;
#6451 = AXIS2_PLACEMENT_3D ( 'NONE', #6907, #1302, #3870 ) ;
#6452 = DIRECTION ( 'NONE',  ( 0.000000000000000000, 0.000000000000000000, 1.000000000000000000 ) ) ;
#6453 = DIRECTION ( 'NONE',  ( 0.000000000000000000, 0.000000000000000000, 1.000000000000000000 ) ) ;
#6454 = CARTESIAN_POINT ( 'NONE',  ( -12.74999999999998757, -1.799999999999985612, -15.94999999999999929 ) ) ;
#6455 = EDGE_CURVE ( 'NONE', #6115, #5254, #1425, .T. ) ;
#6456 = DIRECTION ( 'NONE',  ( 0.7071067811865554553, -1.817236641995130386E-16, -0.7071067811865395791 ) ) ;
#6457 = ADVANCED_FACE ( 'NONE', ( #2130 ), #8639, .T. ) ;
#6458 = EDGE_CURVE ( 'NONE', #8234, #5574, #1593, .T. ) ;
#6459 = DIRECTION ( 'NONE',  ( 0.000000000000000000, 1.000000000000000000, 0.000000000000000000 ) ) ;
#6460 = ORIENTED_EDGE ( 'NONE', *, *, #861, .F. ) ;
#6461 = CARTESIAN_POINT ( 'NONE',  ( -24.94999999999999929, 1.600000000000000089, 17.44999999999999929 ) ) ;
#6462 = AXIS2_PLACEMENT_3D ( 'NONE', #4610, #6107, #5308 ) ;
#6463 = ORIENTED_EDGE ( 'NONE', *, *, #8699, .F. ) ;
#6464 = ORIENTED_EDGE ( 'NONE', *, *, #7042, .F. ) ;
#6465 = ORIENTED_EDGE ( 'NONE', *, *, #2553, .T. ) ;
#6466 = FACE_OUTER_BOUND ( 'NONE', #1268, .T. ) ;
#6467 = DIRECTION ( 'NONE',  ( -1.000000000000000000, -0.000000000000000000, -1.734723475976807489E-15 ) ) ;
#6468 = DIRECTION ( 'NONE',  ( -1.000000000000000000, -0.000000000000000000, -0.000000000000000000 ) ) ;
#6469 = EDGE_CURVE ( 'NONE', #1113, #7880, #1167, .T. ) ;
#6470 = CARTESIAN_POINT ( 'NONE',  ( -30.95000000000000995, 9.899999999999998579, 3.750000000000000444 ) ) ;
#6471 = DIRECTION ( 'NONE',  ( -1.000000000000000000, 0.000000000000000000, 0.000000000000000000 ) ) ;
#6472 = EDGE_LOOP ( 'NONE', ( #10368, #4105, #1632, #3959 ) ) ;
#6473 = ORIENTED_EDGE ( 'NONE', *, *, #4438, .T. ) ;
#6474 = CARTESIAN_POINT ( 'NONE',  ( -10.09999999999999787, -1.700000000000000178, -6.049999999999991829 ) ) ;
#6475 = ORIENTED_EDGE ( 'NONE', *, *, #9398, .T. ) ;
#6476 = ORIENTED_EDGE ( 'NONE', *, *, #6080, .F. ) ;
#6477 = CARTESIAN_POINT ( 'NONE',  ( -18.24999999999997868, -0.9000000000000044631, -16.84999999999999787 ) ) ;
#6478 = EDGE_CURVE ( 'NONE', #6917, #8061, #579, .T. ) ;
#6479 = DIRECTION ( 'NONE',  ( -1.000000000000000000, 0.000000000000000000, 0.000000000000000000 ) ) ;
#6480 = LINE ( 'NONE', #2596, #840 ) ;
#6481 = AXIS2_PLACEMENT_3D ( 'NONE', #5012, #9115, #3424 ) ;
#6482 = CARTESIAN_POINT ( 'NONE',  ( 13.85000000000001563, -1.799999999999954525, -11.14999999999999503 ) ) ;
#6483 = VERTEX_POINT ( 'NONE', #4584 ) ;
#6484 = DIRECTION ( 'NONE',  ( 0.000000000000000000, -1.000000000000000000, 0.000000000000000000 ) ) ;
#6485 = ORIENTED_EDGE ( 'NONE', *, *, #8298, .T. ) ;
#6486 = VERTEX_POINT ( 'NONE', #3687 ) ;
#6487 = AXIS2_PLACEMENT_3D ( 'NONE', #2712, #9676, #8022 ) ;
#6488 = EDGE_CURVE ( 'NONE', #8011, #2711, #1951, .T. ) ;
#6489 = CARTESIAN_POINT ( 'NONE',  ( -20.64999999999999858, 0.000000000000000000, -4.949999999999995737 ) ) ;
#6490 = ORIENTED_EDGE ( 'NONE', *, *, #9060, .F. ) ;
#6491 = EDGE_CURVE ( 'NONE', #9342, #3187, #3633, .T. ) ;
#6492 = LINE ( 'NONE', #2609, #5773 ) ;
#6493 = CARTESIAN_POINT ( 'NONE',  ( 0.000000000000000000, 1.600000000000000089, -19.25000000000000000 ) ) ;
#6494 = CARTESIAN_POINT ( 'NONE',  ( -30.35000000000000853, -1.800000000000000044, 1.049999999999998490 ) ) ;
#6495 = FACE_OUTER_BOUND ( 'NONE', #9130, .T. ) ;
#6496 = CARTESIAN_POINT ( 'NONE',  ( -10.09999999999999787, -2.799999999999999822, -7.699999999999992184 ) ) ;
#6497 = VECTOR ( 'NONE', #5087, 1000.000000000000114 ) ;
#6498 = VERTEX_POINT ( 'NONE', #2782 ) ;
#6499 = DIRECTION ( 'NONE',  ( 0.000000000000000000, -1.000000000000000000, 0.000000000000000000 ) ) ;
#6500 = ORIENTED_EDGE ( 'NONE', *, *, #8624, .T. ) ;
#6501 = CARTESIAN_POINT ( 'NONE',  ( 37.65000000000000568, 7.500000000000001776, 10.95000000000000284 ) ) ;
#6502 = VERTEX_POINT ( 'NONE', #4535 ) ;
#6503 = EDGE_LOOP ( 'NONE', ( #2502, #2111, #2751, #3491, #7807, #6074 ) ) ;
#6504 = EDGE_CURVE ( 'NONE', #3339, #582, #5331, .T. ) ;
#6505 = VECTOR ( 'NONE', #5021, 1000.000000000000000 ) ;
#6506 = CARTESIAN_POINT ( 'NONE',  ( 38.15000000000001279, 9.899999999999998579, -18.80000000000000071 ) ) ;
#6507 = EDGE_CURVE ( 'NONE', #1319, #5973, #525, .T. ) ;
#6508 = CARTESIAN_POINT ( 'NONE',  ( 37.15000000000001279, 58.13995493237317191, -19.80000000000000071 ) ) ;
#6509 = DIRECTION ( 'NONE',  ( -0.000000000000000000, 1.000000000000000000, -0.000000000000000000 ) ) ;
#6510 = CARTESIAN_POINT ( 'NONE',  ( -21.25000000000000000, 7.000000000000006217, 23.15100000000000691 ) ) ;
#6511 = CIRCLE ( 'NONE', #9416, 2.649999999999997691 ) ;
#6512 = DIRECTION ( 'NONE',  ( 0.000000000000000000, 0.000000000000000000, 1.000000000000000000 ) ) ;
#6513 = ORIENTED_EDGE ( 'NONE', *, *, #2256, .F. ) ;
#6514 = CARTESIAN_POINT ( 'NONE',  ( -37.35000000000000142, 3.700000000000001954, 23.75000000000000000 ) ) ;
#6515 = ORIENTED_EDGE ( 'NONE', *, *, #4517, .T. ) ;
#6516 = ORIENTED_EDGE ( 'NONE', *, *, #7540, .T. ) ;
#6517 = VECTOR ( 'NONE', #4612, 1000.000000000000000 ) ;
#6518 = ADVANCED_FACE ( 'NONE', ( #8584 ), #9490, .T. ) ;
#6519 = ADVANCED_FACE ( 'NONE', ( #4378, #2029 ), #1273, .T. ) ;
#6520 = ORIENTED_EDGE ( 'NONE', *, *, #3955, .F. ) ;
#6521 = AXIS2_PLACEMENT_3D ( 'NONE', #3688, #2287, #10551 ) ;
#6522 = CYLINDRICAL_SURFACE ( 'NONE', #7313, 8.450000000000001066 ) ;
#6523 = EDGE_CURVE ( 'NONE', #5689, #311, #2289, .T. ) ;
#6524 = CARTESIAN_POINT ( 'NONE',  ( -25.25000000000000711, -1.800000000000000044, 11.50000000000000711 ) ) ;
#6525 = DIRECTION ( 'NONE',  ( -1.000000000000000000, 6.934798767493038670E-17, 0.000000000000000000 ) ) ;
#6526 = LINE ( 'NONE', #70, #4642 ) ;
#6527 = VECTOR ( 'NONE', #1761, 1000.000000000000000 ) ;
#6528 = VECTOR ( 'NONE', #7415, 1000.000000000000000 ) ;
#6529 = CARTESIAN_POINT ( 'NONE',  ( -29.55000000000000782, -9.000000000000001776, -2.250000000000000444 ) ) ;
#6530 = ORIENTED_EDGE ( 'NONE', *, *, #6823, .T. ) ;
#6531 = ORIENTED_EDGE ( 'NONE', *, *, #7442, .F. ) ;
#6532 = CIRCLE ( 'NONE', #8745, 1.500000000000001332 ) ;
#6533 = ORIENTED_EDGE ( 'NONE', *, *, #6346, .T. ) ;
#6534 = EDGE_CURVE ( 'NONE', #6691, #436, #10187, .T. ) ;
#6535 = ORIENTED_EDGE ( 'NONE', *, *, #402, .F. ) ;
#6536 = EDGE_CURVE ( 'NONE', #7398, #6991, #474, .T. ) ;
#6537 = AXIS2_PLACEMENT_3D ( 'NONE', #2492, #4993, #937 ) ;
#6538 = PLANE ( 'NONE',  #4353 ) ;
#6539 = CARTESIAN_POINT ( 'NONE',  ( -28.35000000000000497, -9.000000000000001776, 1.049999999999998934 ) ) ;
#6540 = DIRECTION ( 'NONE',  ( -1.000000000000000000, 0.000000000000000000, 0.000000000000000000 ) ) ;
#6541 = DIRECTION ( 'NONE',  ( 0.000000000000000000, 0.000000000000000000, 1.000000000000000000 ) ) ;
#6542 = EDGE_LOOP ( 'NONE', ( #3886, #9758, #5328, #10211 ) ) ;
#6543 = DIRECTION ( 'NONE',  ( 0.8660254037844372643, -0.000000000000000000, -0.5000000000000023315 ) ) ;
#6544 = ORIENTED_EDGE ( 'NONE', *, *, #2945, .T. ) ;
#6545 = DIRECTION ( 'NONE',  ( -0.000000000000000000, 1.000000000000000000, -0.000000000000000000 ) ) ;
#6546 = ORIENTED_EDGE ( 'NONE', *, *, #8184, .T. ) ;
#6547 = AXIS2_PLACEMENT_3D ( 'NONE', #363, #6825, #10293 ) ;
#6548 = EDGE_CURVE ( 'NONE', #639, #46, #3320, .T. ) ;
#6549 = CIRCLE ( 'NONE', #7752, 1.500000000000001332 ) ;
#6550 = CARTESIAN_POINT ( 'NONE',  ( 6.913961030678926534, -1.799999999999990052, -61.94928997712344199 ) ) ;
#6551 = VERTEX_POINT ( 'NONE', #7137 ) ;
#6552 = PLANE ( 'NONE',  #7302 ) ;
#6553 = FACE_OUTER_BOUND ( 'NONE', #1767, .T. ) ;
#6554 = FACE_OUTER_BOUND ( 'NONE', #9850, .T. ) ;
#6555 = VECTOR ( 'NONE', #3238, 1000.000000000000000 ) ;
#6556 = DIRECTION ( 'NONE',  ( -1.000000000000000000, 0.000000000000000000, -0.000000000000000000 ) ) ;
#6557 = CARTESIAN_POINT ( 'NONE',  ( -0.5000000000000004441, 5.400000000000004796, -21.94999999999999574 ) ) ;
#6558 = VERTEX_POINT ( 'NONE', #1526 ) ;
#6559 = DIRECTION ( 'NONE',  ( -0.8660254037844378194, 0.000000000000000000, -0.5000000000000013323 ) ) ;
#6560 = ORIENTED_EDGE ( 'NONE', *, *, #4488, .F. ) ;
#6561 = DIRECTION ( 'NONE',  ( -0.000000000000000000, -0.000000000000000000, 1.000000000000000000 ) ) ;
#6562 = VECTOR ( 'NONE', #276, 1000.000000000000000 ) ;
#6563 = EDGE_LOOP ( 'NONE', ( #5460, #8686, #3131, #930, #3716, #3010, #4433, #223 ) ) ;
#6564 = EDGE_CURVE ( 'NONE', #7882, #73, #4685, .T. ) ;
#6565 = VECTOR ( 'NONE', #3954, 1000.000000000000000 ) ;
#6566 = VECTOR ( 'NONE', #4167, 1000.000000000000000 ) ;
#6567 = DIRECTION ( 'NONE',  ( 0.000000000000000000, 0.000000000000000000, -1.000000000000000000 ) ) ;
#6568 = LINE ( 'NONE', #5556, #3168 ) ;
#6569 = AXIS2_PLACEMENT_3D ( 'NONE', #6930, #1114, #2935 ) ;
#6570 = CARTESIAN_POINT ( 'NONE',  ( 34.75000000000000000, -1.799999999999999600, -19.25000000000000355 ) ) ;
#6571 = CARTESIAN_POINT ( 'NONE',  ( -24.94999999999999929, 1.600000000000000089, 19.25000000000000000 ) ) ;
#6572 = CIRCLE ( 'NONE', #7246, 0.4000000000000001887 ) ;
#6573 = EDGE_CURVE ( 'NONE', #9813, #10085, #8791, .T. ) ;
#6574 = CARTESIAN_POINT ( 'NONE',  ( -26.45000000000000284, 7.000000000000005329, 24.45000000000000639 ) ) ;
#6575 = EDGE_LOOP ( 'NONE', ( #8672, #7295, #7001, #5736, #4956, #2460 ) ) ;
#6576 = LINE ( 'NONE', #6731, #7131 ) ;
#6577 = VERTEX_POINT ( 'NONE', #6489 ) ;
#6578 = ORIENTED_EDGE ( 'NONE', *, *, #8996, .F. ) ;
#6579 = ORIENTED_EDGE ( 'NONE', *, *, #1733, .T. ) ;
#6580 = CARTESIAN_POINT ( 'NONE',  ( -34.25000000000000000, -1.800000000000000044, -12.49999999999999289 ) ) ;
#6581 = LINE ( 'NONE', #5670, #9064 ) ;
#6582 = CARTESIAN_POINT ( 'NONE',  ( 32.95000000000000995, 1.600000000000000089, -0.000000000000000000 ) ) ;
#6583 = DIRECTION ( 'NONE',  ( 0.000000000000000000, -1.000000000000000000, 0.000000000000000000 ) ) ;
#6584 = ORIENTED_EDGE ( 'NONE', *, *, #912, .F. ) ;
#6585 = ORIENTED_EDGE ( 'NONE', *, *, #8583, .F. ) ;
#6586 = CARTESIAN_POINT ( 'NONE',  ( 34.45000000000000995, 4.049999999999999822, 0.000000000000000000 ) ) ;
#6587 = EDGE_CURVE ( 'NONE', #7632, #8307, #9691, .T. ) ;
#6588 = ORIENTED_EDGE ( 'NONE', *, *, #4669, .F. ) ;
#6589 = ORIENTED_EDGE ( 'NONE', *, *, #6924, .T. ) ;
#6590 = CARTESIAN_POINT ( 'NONE',  ( 15.00000000000000355, -0.2500000000000000000, -5.049999999999995381 ) ) ;
#6591 = DIRECTION ( 'NONE',  ( -1.000000000000000000, 0.000000000000000000, 0.000000000000000000 ) ) ;
#6592 = DIRECTION ( 'NONE',  ( 0.000000000000000000, 0.000000000000000000, -1.000000000000000000 ) ) ;
#6593 = EDGE_CURVE ( 'NONE', #8759, #9087, #9541, .T. ) ;
#6594 = VECTOR ( 'NONE', #3028, 1000.000000000000000 ) ;
#6595 = DIRECTION ( 'NONE',  ( 0.000000000000000000, -0.7071067811865475727, 0.7071067811865475727 ) ) ;
#6596 = EDGE_CURVE ( 'NONE', #2055, #1113, #8040, .T. ) ;
#6597 = VERTEX_POINT ( 'NONE', #8095 ) ;
#6598 = DIRECTION ( 'NONE',  ( -1.101142831430592166E-16, -1.000000000000000000, 0.000000000000000000 ) ) ;
#6599 = EDGE_CURVE ( 'NONE', #8857, #2977, #1422, .T. ) ;
#6600 = ORIENTED_EDGE ( 'NONE', *, *, #8059, .T. ) ;
#6601 = PLANE ( 'NONE',  #581 ) ;
#6602 = ORIENTED_EDGE ( 'NONE', *, *, #2693, .T. ) ;
#6603 = DIRECTION ( 'NONE',  ( 0.000000000000000000, 1.000000000000000000, 0.000000000000000000 ) ) ;
#6604 = ORIENTED_EDGE ( 'NONE', *, *, #7054, .T. ) ;
#6605 = DIRECTION ( 'NONE',  ( 1.000000000000000000, 0.000000000000000000, 0.000000000000000000 ) ) ;
#6606 = PLANE ( 'NONE',  #5155 ) ;
#6607 = CARTESIAN_POINT ( 'NONE',  ( -30.94999999999999929, 3.600000000000004974, -19.25000000000000000 ) ) ;
#6608 = PLANE ( 'NONE',  #2660 ) ;
#6609 = DIRECTION ( 'NONE',  ( -1.000000000000000000, 0.000000000000000000, -2.168404344971003198E-16 ) ) ;
#6610 = EDGE_CURVE ( 'NONE', #798, #7939, #3147, .T. ) ;
#6611 = ORIENTED_EDGE ( 'NONE', *, *, #6066, .F. ) ;
#6612 = VECTOR ( 'NONE', #5617, 1000.000000000000000 ) ;
#6613 = PLANE ( 'NONE',  #6481 ) ;
#6614 = ORIENTED_EDGE ( 'NONE', *, *, #2635, .T. ) ;
#6615 = CARTESIAN_POINT ( 'NONE',  ( 12.84999999999999964, 0.5000000000000000000, -6.049999999999995381 ) ) ;
#6616 = ORIENTED_EDGE ( 'NONE', *, *, #6067, .F. ) ;
#6617 = VECTOR ( 'NONE', #446, 1000.000000000000000 ) ;
#6618 = CARTESIAN_POINT ( 'NONE',  ( -30.35000000000000853, -9.000000000000000000, 1.049999999999998490 ) ) ;
#6619 = CARTESIAN_POINT ( 'NONE',  ( -39.25000000000000711, -1.800000000000000044, 6.050000000000001599 ) ) ;
#6620 = DIRECTION ( 'NONE',  ( -1.802310104910968394E-16, -1.802310104910968394E-16, 1.000000000000000000 ) ) ;
#6621 = LINE ( 'NONE', #5720, #6000 ) ;
#6622 = ADVANCED_FACE ( 'NONE', ( #787 ), #8687, .F. ) ;
#6623 = LINE ( 'NONE', #5824, #938 ) ;
#6624 = AXIS2_PLACEMENT_3D ( 'NONE', #8259, #4261, #5805 ) ;
#6625 = ORIENTED_EDGE ( 'NONE', *, *, #5953, .F. ) ;
#6626 = CARTESIAN_POINT ( 'NONE',  ( 21.64999999999999858, -1.899999999999992362, -20.24999999999999645 ) ) ;
#6627 = ORIENTED_EDGE ( 'NONE', *, *, #3197, .T. ) ;
#6628 = VERTEX_POINT ( 'NONE', #1578 ) ;
#6629 = ORIENTED_EDGE ( 'NONE', *, *, #643, .T. ) ;
#6630 = DIRECTION ( 'NONE',  ( -1.802310104910968394E-16, 0.000000000000000000, 1.000000000000000000 ) ) ;
#6631 = EDGE_CURVE ( 'NONE', #6642, #4336, #5438, .T. ) ;
#6632 = CARTESIAN_POINT ( 'NONE',  ( 0.000000000000000000, 8.500000000000000000, -20.74999999999999645 ) ) ;
#6633 = AXIS2_PLACEMENT_3D ( 'NONE', #438, #3698, #10201 ) ;
#6634 = DIRECTION ( 'NONE',  ( -1.000000000000000000, 0.000000000000000000, 9.637352644315578973E-16 ) ) ;
#6635 = EDGE_CURVE ( 'NONE', #1011, #5044, #3892, .T. ) ;
#6636 = DIRECTION ( 'NONE',  ( -0.000000000000000000, 1.000000000000000000, -0.000000000000000000 ) ) ;
#6637 = ORIENTED_EDGE ( 'NONE', *, *, #4609, .T. ) ;
#6638 = EDGE_LOOP ( 'NONE', ( #9583, #5552, #5275, #2668 ) ) ;
#6639 = DIRECTION ( 'NONE',  ( 0.000000000000000000, 0.000000000000000000, 1.000000000000000000 ) ) ;
#6640 = ORIENTED_EDGE ( 'NONE', *, *, #6933, .T. ) ;
#6641 = AXIS2_PLACEMENT_3D ( 'NONE', #9265, #10177, #2876 ) ;
#6642 = VERTEX_POINT ( 'NONE', #10393 ) ;
#6643 = CARTESIAN_POINT ( 'NONE',  ( -30.94999999999999929, 5.000000000000000888, -17.44999999999999929 ) ) ;
#6644 = EDGE_CURVE ( 'NONE', #9587, #5130, #4042, .T. ) ;
#6645 = LINE ( 'NONE', #2708, #1585 ) ;
#6646 = CARTESIAN_POINT ( 'NONE',  ( -33.64999999999999858, 8.500000000000000000, 23.34999999999999787 ) ) ;
#6647 = DIRECTION ( 'NONE',  ( 0.000000000000000000, 0.000000000000000000, 1.000000000000000000 ) ) ;
#6648 = VERTEX_POINT ( 'NONE', #1373 ) ;
#6649 = FACE_OUTER_BOUND ( 'NONE', #8208, .T. ) ;
#6650 = ORIENTED_EDGE ( 'NONE', *, *, #9060, .T. ) ;
#6651 = DIRECTION ( 'NONE',  ( -1.000000000000000000, 0.000000000000000000, 0.000000000000000000 ) ) ;
#6652 = ORIENTED_EDGE ( 'NONE', *, *, #8676, .F. ) ;
#6653 = EDGE_CURVE ( 'NONE', #5153, #6288, #8739, .T. ) ;
#6654 = ADVANCED_FACE ( 'NONE', ( #575 ), #3842, .F. ) ;
#6655 = LINE ( 'NONE', #9908, #5696 ) ;
#6656 = VERTEX_POINT ( 'NONE', #10347 ) ;
#6657 = DIRECTION ( 'NONE',  ( 0.000000000000000000, 0.000000000000000000, -1.000000000000000000 ) ) ;
#6658 = CARTESIAN_POINT ( 'NONE',  ( -11.75000000000000000, 0.5000000000000000000, -10.34999999999999076 ) ) ;
#6659 = DIRECTION ( 'NONE',  ( -1.000000000000000000, 0.000000000000000000, 0.000000000000000000 ) ) ;
#6660 = FACE_OUTER_BOUND ( 'NONE', #6689, .T. ) ;
#6661 = FACE_OUTER_BOUND ( 'NONE', #8696, .T. ) ;
#6662 = ORIENTED_EDGE ( 'NONE', *, *, #1318, .T. ) ;
#6663 = LINE ( 'NONE', #5114, #2752 ) ;
#6664 = EDGE_LOOP ( 'NONE', ( #7013, #9445, #5401, #8544 ) ) ;
#6665 = CARTESIAN_POINT ( 'NONE',  ( 35.75000000000000000, 9.100000000000001421, 14.25000000000000000 ) ) ;
#6666 = ORIENTED_EDGE ( 'NONE', *, *, #2444, .F. ) ;
#6667 = AXIS2_PLACEMENT_3D ( 'NONE', #10232, #2932, #1320 ) ;
#6668 = EDGE_CURVE ( 'NONE', #7882, #1658, #5539, .T. ) ;
#6669 = CARTESIAN_POINT ( 'NONE',  ( -33.85000000000000853, -9.000000000000001776, -6.049999999999999822 ) ) ;
#6670 = DIRECTION ( 'NONE',  ( 0.000000000000000000, -1.000000000000000000, 0.000000000000000000 ) ) ;
#6671 = CARTESIAN_POINT ( 'NONE',  ( 39.25000000000000000, 4.049999999999999822, -1.100000000000000089 ) ) ;
#6672 = CARTESIAN_POINT ( 'NONE',  ( -17.50000000000000355, 6.200000000000000178, -21.15000000000000213 ) ) ;
#6673 = DIRECTION ( 'NONE',  ( -1.000000000000000000, 0.000000000000000000, -0.000000000000000000 ) ) ;
#6674 = VERTEX_POINT ( 'NONE', #9644 ) ;
#6675 = DIRECTION ( 'NONE',  ( 0.000000000000000000, 0.000000000000000000, -1.000000000000000000 ) ) ;
#6676 = AXIS2_PLACEMENT_3D ( 'NONE', #3390, #8390, #7490 ) ;
#6677 = VERTEX_POINT ( 'NONE', #1473 ) ;
#6678 = VERTEX_POINT ( 'NONE', #4732 ) ;
#6679 = VERTEX_POINT ( 'NONE', #3940 ) ;
#6680 = EDGE_CURVE ( 'NONE', #7978, #10531, #7190, .T. ) ;
#6681 = LINE ( 'NONE', #226, #6282 ) ;
#6682 = CYLINDRICAL_SURFACE ( 'NONE', #8167, 0.8500000000000000888 ) ;
#6683 = LINE ( 'NONE', #6582, #9056 ) ;
#6684 = LINE ( 'NONE', #4289, #6690 ) ;
#6685 = ORIENTED_EDGE ( 'NONE', *, *, #921, .T. ) ;
#6686 = ORIENTED_EDGE ( 'NONE', *, *, #7309, .F. ) ;
#6687 = CARTESIAN_POINT ( 'NONE',  ( -26.85000000000000142, -9.000000000000000000, 23.15100000000000691 ) ) ;
#6688 = ADVANCED_FACE ( 'NONE', ( #1001 ), #4895, .T. ) ;
#6689 = EDGE_LOOP ( 'NONE', ( #3269, #1670, #7360, #2481 ) ) ;
#6690 = VECTOR ( 'NONE', #6583, 1000.000000000000000 ) ;
#6691 = VERTEX_POINT ( 'NONE', #9960 ) ;
#6692 = EDGE_CURVE ( 'NONE', #8319, #3753, #5698, .T. ) ;
#6693 = DIRECTION ( 'NONE',  ( 0.000000000000000000, 0.000000000000000000, 1.000000000000000000 ) ) ;
#6694 = VECTOR ( 'NONE', #10239, 1000.000000000000000 ) ;
#6695 = AXIS2_PLACEMENT_3D ( 'NONE', #3182, #8920, #817 ) ;
#6696 = LINE ( 'NONE', #8134, #7046 ) ;
#6697 = LINE ( 'NONE', #8933, #1350 ) ;
#6698 = AXIS2_PLACEMENT_3D ( 'NONE', #733, #5644, #3993 ) ;
#6699 = CARTESIAN_POINT ( 'NONE',  ( 32.95000000000001705, 9.899999999999998579, 4.096965511460288312 ) ) ;
#6700 = ORIENTED_EDGE ( 'NONE', *, *, #2645, .F. ) ;
#6701 = CARTESIAN_POINT ( 'NONE',  ( -25.09999999999999787, -4.999999999999999112, 23.15100000000000691 ) ) ;
#6702 = ORIENTED_EDGE ( 'NONE', *, *, #8391, .F. ) ;
#6703 = EDGE_CURVE ( 'NONE', #4232, #1133, #9106, .T. ) ;
#6704 = VERTEX_POINT ( 'NONE', #2667 ) ;
#6705 = AXIS2_PLACEMENT_3D ( 'NONE', #10488, #8829, #1516 ) ;
#6706 = DIRECTION ( 'NONE',  ( -0.000000000000000000, 1.000000000000000000, 0.000000000000000000 ) ) ;
#6707 = ORIENTED_EDGE ( 'NONE', *, *, #10112, .T. ) ;
#6708 = CARTESIAN_POINT ( 'NONE',  ( 5.950000000000004619, 3.600000000000000977, -17.44999999999999929 ) ) ;
#6709 = DIRECTION ( 'NONE',  ( 1.000000000000000000, 0.000000000000000000, -0.000000000000000000 ) ) ;
#6710 = LINE ( 'NONE', #5863, #5695 ) ;
#6711 = CARTESIAN_POINT ( 'NONE',  ( -20.64999999999999858, -1.799999999999994493, -19.24999999999999645 ) ) ;
#6712 = CARTESIAN_POINT ( 'NONE',  ( 21.85000000000000142, 8.500000000000000000, 0.000000000000000000 ) ) ;
#6713 = ORIENTED_EDGE ( 'NONE', *, *, #6265, .F. ) ;
#6714 = VECTOR ( 'NONE', #9211, 1000.000000000000000 ) ;
#6715 = DIRECTION ( 'NONE',  ( 1.000000000000000000, -0.000000000000000000, -0.000000000000000000 ) ) ;
#6716 = ORIENTED_EDGE ( 'NONE', *, *, #9783, .T. ) ;
#6717 = ADVANCED_FACE ( 'NONE', ( #5912 ), #8312, .F. ) ;
#6718 = LINE ( 'NONE', #5923, #6747 ) ;
#6719 = ORIENTED_EDGE ( 'NONE', *, *, #5680, .T. ) ;
#6720 = FACE_OUTER_BOUND ( 'NONE', #7391, .T. ) ;
#6721 = VECTOR ( 'NONE', #5642, 1000.000000000000000 ) ;
#6722 = DIRECTION ( 'NONE',  ( -0.000000000000000000, -1.000000000000000000, 0.000000000000000000 ) ) ;
#6723 = DIRECTION ( 'NONE',  ( -1.000000000000000000, 8.694079510183214966E-17, 0.000000000000000000 ) ) ;
#6724 = CYLINDRICAL_SURFACE ( 'NONE', #4981, 0.5999999999999998668 ) ;
#6725 = CIRCLE ( 'NONE', #4170, 0.4000000000000001887 ) ;
#6726 = DIRECTION ( 'NONE',  ( 0.000000000000000000, 0.000000000000000000, 1.000000000000000000 ) ) ;
#6727 = EDGE_CURVE ( 'NONE', #1332, #8193, #1856, .T. ) ;
#6728 = EDGE_CURVE ( 'NONE', #2243, #8897, #250, .T. ) ;
#6729 = CARTESIAN_POINT ( 'NONE',  ( -19.64999999999999858, 7.589415207398531038E-15, 23.75100000000000833 ) ) ;
#6730 = ORIENTED_EDGE ( 'NONE', *, *, #3871, .T. ) ;
#6731 = CARTESIAN_POINT ( 'NONE',  ( 35.35000000000000142, 7.500000000000004441, 4.499999999999999112 ) ) ;
#6732 = VECTOR ( 'NONE', #4060, 1000.000000000000000 ) ;
#6733 = ADVANCED_FACE ( 'NONE', ( #4259 ), #2555, .T. ) ;
#6734 = VECTOR ( 'NONE', #10173, 1000.000000000000000 ) ;
#6735 = VERTEX_POINT ( 'NONE', #5107 ) ;
#6736 = ORIENTED_EDGE ( 'NONE', *, *, #3176, .F. ) ;
#6737 = ORIENTED_EDGE ( 'NONE', *, *, #9402, .T. ) ;
#6738 = VECTOR ( 'NONE', #5076, 1000.000000000000000 ) ;
#6739 = CARTESIAN_POINT ( 'NONE',  ( -37.35000000000000142, -0.3999999999999975797, -20.74999999999999645 ) ) ;
#6740 = AXIS2_PLACEMENT_3D ( 'NONE', #898, #845, #4098 ) ;
#6741 = FACE_BOUND ( 'NONE', #767, .T. ) ;
#6742 = VECTOR ( 'NONE', #4440, 1000.000000000000000 ) ;
#6743 = LINE ( 'NONE', #5135, #2765 ) ;
#6744 = CARTESIAN_POINT ( 'NONE',  ( -35.25000000000000000, 0.000000000000000000, -18.14999999999999503 ) ) ;
#6745 = EDGE_CURVE ( 'NONE', #2158, #1841, #6655, .T. ) ;
#6746 = VERTEX_POINT ( 'NONE', #3522 ) ;
#6747 = VECTOR ( 'NONE', #9818, 1000.000000000000000 ) ;
#6748 = EDGE_LOOP ( 'NONE', ( #8969, #2515, #2065, #3128 ) ) ;
#6749 = CARTESIAN_POINT ( 'NONE',  ( -24.94999999999999929, 1.600000000000000089, -19.25000000000000000 ) ) ;
#6750 = VECTOR ( 'NONE', #2436, 1000.000000000000000 ) ;
#6751 = ORIENTED_EDGE ( 'NONE', *, *, #8797, .F. ) ;
#6752 = ORIENTED_EDGE ( 'NONE', *, *, #166, .F. ) ;
#6753 = CARTESIAN_POINT ( 'NONE',  ( 34.75000000000000000, -9.000000000000007105, 14.24999999999999645 ) ) ;
#6754 = CARTESIAN_POINT ( 'NONE',  ( 18.50000000000000355, 7.762049935181331684, -20.74999999999999645 ) ) ;
#6755 =( NAMED_UNIT ( * ) PLANE_ANGLE_UNIT ( ) SI_UNIT ( $, .RADIAN. ) );
#6756 = DIRECTION ( 'NONE',  ( 6.195440985631457289E-16, 1.000000000000000000, 0.000000000000000000 ) ) ;
#6757 = EDGE_CURVE ( 'NONE', #2882, #7198, #1637, .T. ) ;
#6758 = ORIENTED_EDGE ( 'NONE', *, *, #10213, .F. ) ;
#6759 = CARTESIAN_POINT ( 'NONE',  ( -34.25000000000000000, -1.800000000000000044, 11.49999999999999112 ) ) ;
#6760 = ORIENTED_EDGE ( 'NONE', *, *, #10456, .T. ) ;
#6761 = ORIENTED_EDGE ( 'NONE', *, *, #1501, .T. ) ;
#6762 = CARTESIAN_POINT ( 'NONE',  ( 28.64999999999999858, -1.800000000000000044, -19.14999999999999858 ) ) ;
#6763 = EDGE_CURVE ( 'NONE', #1479, #5689, #9857, .T. ) ;
#6764 = CYLINDRICAL_SURFACE ( 'NONE', #10516, 0.4000000000000010214 ) ;
#6765 = CYLINDRICAL_SURFACE ( 'NONE', #5338, 2.999999999999999112 ) ;
#6766 = LINE ( 'NONE', #7567, #5184 ) ;
#6767 = DIRECTION ( 'NONE',  ( -0.000000000000000000, -1.000000000000000000, -0.000000000000000000 ) ) ;
#6768 = DIRECTION ( 'NONE',  ( -0.000000000000000000, -0.000000000000000000, 1.000000000000000000 ) ) ;
#6769 = ORIENTED_EDGE ( 'NONE', *, *, #2444, .T. ) ;
#6770 = CYLINDRICAL_SURFACE ( 'NONE', #1370, 1.650000000000000355 ) ;
#6771 = ORIENTED_EDGE ( 'NONE', *, *, #5357, .T. ) ;
#6772 = CARTESIAN_POINT ( 'NONE',  ( -29.55000000000000782, -9.000000000000001776, 3.750000000000000444 ) ) ;
#6773 = VERTEX_POINT ( 'NONE', #2607 ) ;
#6774 = CIRCLE ( 'NONE', #5573, 0.4000000000000010214 ) ;
#6775 = PLANE ( 'NONE',  #9446 ) ;
#6776 = FACE_OUTER_BOUND ( 'NONE', #9630, .T. ) ;
#6777 = DIRECTION ( 'NONE',  ( 0.000000000000000000, 0.000000000000000000, -1.000000000000000000 ) ) ;
#6778 = EDGE_CURVE ( 'NONE', #6288, #742, #5026, .T. ) ;
#6779 = PLANE ( 'NONE',  #3281 ) ;
#6780 = CARTESIAN_POINT ( 'NONE',  ( -10.09999999999999787, -1.700000000000000178, -7.699999999999992184 ) ) ;
#6781 = CARTESIAN_POINT ( 'NONE',  ( 37.65000000000001279, 7.500000000000006217, -10.94999999999999929 ) ) ;
#6782 = ORIENTED_EDGE ( 'NONE', *, *, #9496, .F. ) ;
#6783 = ORIENTED_EDGE ( 'NONE', *, *, #713, .F. ) ;
#6784 = ORIENTED_EDGE ( 'NONE', *, *, #7112, .T. ) ;
#6785 = VECTOR ( 'NONE', #4190, 1000.000000000000000 ) ;
#6786 = ORIENTED_EDGE ( 'NONE', *, *, #1149, .T. ) ;
#6787 = LINE ( 'NONE', #5187, #2202 ) ;
#6788 = EDGE_CURVE ( 'NONE', #918, #8759, #7406, .T. ) ;
#6789 = EDGE_CURVE ( 'NONE', #4410, #5290, #4209, .T. ) ;
#6790 = CARTESIAN_POINT ( 'NONE',  ( -29.55000000000000782, -9.000000000000001776, 2.250000000000000444 ) ) ;
#6791 = DIRECTION ( 'NONE',  ( -1.000000000000000000, 0.000000000000000000, 0.000000000000000000 ) ) ;
#6792 = EDGE_CURVE ( 'NONE', #8355, #6704, #2446, .T. ) ;
#6793 = LINE ( 'NONE', #177, #4627 ) ;
#6794 = DIRECTION ( 'NONE',  ( -0.000000000000000000, -0.000000000000000000, -1.000000000000000000 ) ) ;
#6795 = VECTOR ( 'NONE', #2575, 1000.000000000000000 ) ;
#6796 = ORIENTED_EDGE ( 'NONE', *, *, #7332, .F. ) ;
#6797 = DIRECTION ( 'NONE',  ( 0.000000000000000000, 0.000000000000000000, 1.000000000000000000 ) ) ;
#6798 = ORIENTED_EDGE ( 'NONE', *, *, #8647, .F. ) ;
#6799 = ORIENTED_EDGE ( 'NONE', *, *, #6319, .T. ) ;
#6800 = DIRECTION ( 'NONE',  ( -1.000000000000000000, 0.000000000000000000, -0.000000000000000000 ) ) ;
#6801 = VECTOR ( 'NONE', #8067, 1000.000000000000000 ) ;
#6802 = EDGE_CURVE ( 'NONE', #877, #2402, #4093, .T. ) ;
#6803 = LINE ( 'NONE', #5954, #9252 ) ;
#6804 = CARTESIAN_POINT ( 'NONE',  ( -28.35000000000000497, -1.800000000000000044, 9.000000000000001776 ) ) ;
#6805 = CARTESIAN_POINT ( 'NONE',  ( -26.85000000000000142, 7.200000000000009948, 23.15100000000000691 ) ) ;
#6806 = VERTEX_POINT ( 'NONE', #35 ) ;
#6807 = AXIS2_PLACEMENT_3D ( 'NONE', #3701, #4599, #6249 ) ;
#6808 = LINE ( 'NONE', #9417, #2239 ) ;
#6809 = ORIENTED_EDGE ( 'NONE', *, *, #6257, .F. ) ;
#6810 = ORIENTED_EDGE ( 'NONE', *, *, #6848, .T. ) ;
#6811 = EDGE_CURVE ( 'NONE', #9323, #5493, #7350, .T. ) ;
#6812 = LINE ( 'NONE', #1103, #9788 ) ;
#6813 = LINE ( 'NONE', #4663, #9833 ) ;
#6814 = CARTESIAN_POINT ( 'NONE',  ( 27.64999999999999858, -3.399999999999999911, -16.44999999999999574 ) ) ;
#6815 = DIRECTION ( 'NONE',  ( -0.000000000000000000, -0.000000000000000000, 1.000000000000000000 ) ) ;
#6816 = CARTESIAN_POINT ( 'NONE',  ( -39.25000000000000711, -9.000000000000001776, -10.00000000000000000 ) ) ;
#6817 = DIRECTION ( 'NONE',  ( 0.000000000000000000, 0.000000000000000000, -1.000000000000000000 ) ) ;
#6818 = ORIENTED_EDGE ( 'NONE', *, *, #9800, .T. ) ;
#6819 = DIRECTION ( 'NONE',  ( 0.000000000000000000, -1.000000000000000000, -0.000000000000000000 ) ) ;
#6820 = VERTEX_POINT ( 'NONE', #951 ) ;
#6821 = CARTESIAN_POINT ( 'NONE',  ( -28.35000000000000497, -9.000000000000000000, -1.049999999999998934 ) ) ;
#6822 = VERTEX_POINT ( 'NONE', #4947 ) ;
#6823 = EDGE_CURVE ( 'NONE', #8897, #9987, #8199, .T. ) ;
#6824 = EDGE_CURVE ( 'NONE', #7075, #7346, #1312, .T. ) ;
#6825 = DIRECTION ( 'NONE',  ( 0.000000000000000000, 0.000000000000000000, 1.000000000000000000 ) ) ;
#6826 = PLANE ( 'NONE',  #7074 ) ;
#6827 = LINE ( 'NONE', #2031, #8568 ) ;
#6828 = DIRECTION ( 'NONE',  ( -1.000000000000000000, 0.000000000000000000, -1.734723475976807489E-15 ) ) ;
#6829 = DIRECTION ( 'NONE',  ( 0.000000000000000000, -1.000000000000000000, 0.000000000000000000 ) ) ;
#6830 = VECTOR ( 'NONE', #5531, 1000.000000000000000 ) ;
#6831 = PLANE ( 'NONE',  #5537 ) ;
#6832 = EDGE_LOOP ( 'NONE', ( #8914, #5315, #3555, #2227 ) ) ;
#6833 = VERTEX_POINT ( 'NONE', #1906 ) ;
#6834 = ORIENTED_EDGE ( 'NONE', *, *, #8122, .F. ) ;
#6835 = EDGE_CURVE ( 'NONE', #7346, #5238, #6116, .T. ) ;
#6836 = ORIENTED_EDGE ( 'NONE', *, *, #6859, .F. ) ;
#6837 = DIRECTION ( 'NONE',  ( -0.000000000000000000, -0.000000000000000000, -1.000000000000000000 ) ) ;
#6838 = CIRCLE ( 'NONE', #4455, 0.8500000000000000888 ) ;
#6839 = CARTESIAN_POINT ( 'NONE',  ( -26.64999999999999858, -0.3999999999999999667, -6.999999999999978684 ) ) ;
#6840 = LINE ( 'NONE', #8340, #3072 ) ;
#6841 = ORIENTED_EDGE ( 'NONE', *, *, #9489, .T. ) ;
#6842 = CARTESIAN_POINT ( 'NONE',  ( -33.64999999999999858, 8.500000000000000000, 22.05000000000000071 ) ) ;
#6843 = DIRECTION ( 'NONE',  ( 1.000000000000000000, 0.000000000000000000, -0.000000000000000000 ) ) ;
#6844 = VECTOR ( 'NONE', #69, 1000.000000000000000 ) ;
#6845 = ORIENTED_EDGE ( 'NONE', *, *, #2219, .F. ) ;
#6846 = PLANE ( 'NONE',  #9166 ) ;
#6847 = CLOSED_SHELL ( 'NONE', ( #8503, #4111, #8997, #9184, #8302, #4125, #418, #560, #10400, #6717, #2929, #4976, #5216, #7392, #4087, #2071, #3608, #6104, #3078, #6518, #453, #6003, #4970, #664, #6519, #5950, #7003, #6457, #6092, #5407, #6005, #6401, #5083, #9353, #6148, #10244, #264, #3277, #6359, #6041, #10107, #302, #9837, #10567, #1341, #3641, #4514, #10286, #9261, #8828, #7902, #10496, #52, #4997, #1504, #2050, #1385, #2602, #1457, #9386, #3331, #5420, #4030, #5742, #2027, #80, #3416, #9976, #3992, #1152, #7067, #9591, #488, #9717, #1142, #5145, #7897, #5488, #759, #3823, #64, #4439, #749, #4704, #1626, #7297, #7282, #2299, #5473, #1514, #7244, #5400, #3371, #4252, #2764, #7872, #9521, #2827, #5621, #7584, #2004, #8311, #5940, #7710, #4322, #10109, #4475, #5816, #178, #10136, #2850, #4102, #2750, #8367, #7195, #9741, #7102, #1119, #10050, #10510, #2624, #7971, #10129, #3479, #9461, #4754, #2630, #2860, #2284, #10271, #3761, #4893, #3161, #362, #7513, #63, #7796, #2417, #4149, #4618, #4983, #10097, #5553, #5297, #9227, #2347, #5817, #5071, #7925, #4923, #9673, #2230, #2589, #6385, #8547, #5388, #7181, #4713, #3969, #4197, #5641, #9704, #4376, #108, #1843, #8429, #9477, #4285, #6079, #5818, #4812, #1371, #144, #8401, #4054, #4703, #6278, #4813, #1598, #5827, #4306, #3057, #327, #3148, #7232, #5372, #3550, #9841, #1937, #9434, #4502, #1627, #6209, #3666, #3957, #7841, #1359, #1701, #10390, #6622, #4957, #4657, #9126, #10484, #10328, #9326, #3489, #237, #8491, #1831, #7245, #7809, #6969, #390, #1980, #461, #2521, #695, #6733, #9952, #6082, #4799, #3881, #2499, #2885, #209, #5581, #6387, #3699, #4006, #1765, #4384, #6298, #5455, #7404, #4207, #7293, #8668, #9013, #5791, #8626, #8559, #2220, #3026, #5604, #6135, #8111, #7773, #4266, #3053, #10428, #5277, #5666, #502, #2716, #10038, #3146, #8002, #7577, #4500, #8057, #8940, #7248, #1961, #5980, #6289, #7527, #2631, #708, #10336, #7478, #8775, #8986, #3631, #8523, #3925, #3477, #275, #6332, #8290, #1081, #6688, #5093, #6236, #4022, #9858, #9047, #3350, #9411 ) ) ;
#6848 = EDGE_CURVE ( 'NONE', #3274, #9355, #460, .T. ) ;
#6849 = EDGE_CURVE ( 'NONE', #8206, #8790, #6812, .T. ) ;
#6850 = ORIENTED_EDGE ( 'NONE', *, *, #3087, .F. ) ;
#6851 = VERTEX_POINT ( 'NONE', #349 ) ;
#6852 = CARTESIAN_POINT ( 'NONE',  ( -35.25000000000000000, -1.800000000000000044, -8.448227494413584893 ) ) ;
#6853 = VECTOR ( 'NONE', #4169, 1000.000000000000000 ) ;
#6854 = DIRECTION ( 'NONE',  ( -0.000000000000000000, 1.000000000000000000, -0.000000000000000000 ) ) ;
#6855 = CARTESIAN_POINT ( 'NONE',  ( 35.75000000000000000, 7.500000000000007105, -12.80000000000000249 ) ) ;
#6856 = ORIENTED_EDGE ( 'NONE', *, *, #10310, .F. ) ;
#6857 = CIRCLE ( 'NONE', #9756, 1.000000000000000888 ) ;
#6858 = PLANE ( 'NONE',  #5987 ) ;
#6859 = EDGE_CURVE ( 'NONE', #1934, #7346, #10226, .T. ) ;
#6860 = ORIENTED_EDGE ( 'NONE', *, *, #6140, .T. ) ;
#6861 = EDGE_CURVE ( 'NONE', #8173, #374, #4680, .T. ) ;
#6862 = ORIENTED_EDGE ( 'NONE', *, *, #643, .F. ) ;
#6863 = VECTOR ( 'NONE', #8126, 1000.000000000000000 ) ;
#6864 = AXIS2_PLACEMENT_3D ( 'NONE', #790, #7945, #8951 ) ;
#6865 = LINE ( 'NONE', #9370, #8262 ) ;
#6866 = DIRECTION ( 'NONE',  ( -0.000000000000000000, -1.000000000000000000, -0.000000000000000000 ) ) ;
#6867 = CARTESIAN_POINT ( 'NONE',  ( 35.75000000000000000, 1.451206456989613517E-15, 14.24999999999999822 ) ) ;
#6868 = CARTESIAN_POINT ( 'NONE',  ( 34.35000000000000142, 8.500000000000000000, 0.000000000000000000 ) ) ;
#6869 = CARTESIAN_POINT ( 'NONE',  ( 16.50000000000000355, -0.2499999999999998335, -16.64999999999999858 ) ) ;
#6870 = CARTESIAN_POINT ( 'NONE',  ( 0.000000000000000000, 0.000000000000000000, -14.24999999999999822 ) ) ;
#6871 = VERTEX_POINT ( 'NONE', #7727 ) ;
#6872 = CYLINDRICAL_SURFACE ( 'NONE', #8702, 0.9999999999999991118 ) ;
#6873 = VECTOR ( 'NONE', #9547, 1000.000000000000000 ) ;
#6874 = ORIENTED_EDGE ( 'NONE', *, *, #1846, .F. ) ;
#6875 = EDGE_CURVE ( 'NONE', #10193, #8355, #6865, .T. ) ;
#6876 = DIRECTION ( 'NONE',  ( 0.000000000000000000, 1.000000000000000000, 0.000000000000000000 ) ) ;
#6877 = VERTEX_POINT ( 'NONE', #1205 ) ;
#6878 = VECTOR ( 'NONE', #6108, 1000.000000000000000 ) ;
#6879 = CARTESIAN_POINT ( 'NONE',  ( 3.021350941872542155E-30, 9.100000000000003197, 1.849462726257631029E-15 ) ) ;
#6880 = DIRECTION ( 'NONE',  ( -1.000000000000000000, 0.000000000000000000, 0.000000000000000000 ) ) ;
#6881 = DIRECTION ( 'NONE',  ( -1.000000000000000000, 0.000000000000000000, 0.000000000000000000 ) ) ;
#6882 = VECTOR ( 'NONE', #3419, 1000.000000000000000 ) ;
#6883 = CARTESIAN_POINT ( 'NONE',  ( -5.449999999999997513, -0.9000000000000057954, -16.84999999999999787 ) ) ;
#6884 = DIRECTION ( 'NONE',  ( 0.000000000000000000, 1.000000000000000000, 0.000000000000000000 ) ) ;
#6885 = EDGE_CURVE ( 'NONE', #3944, #5730, #8628, .T. ) ;
#6886 = DIRECTION ( 'NONE',  ( -1.000000000000000000, -0.000000000000000000, -0.000000000000000000 ) ) ;
#6887 = ORIENTED_EDGE ( 'NONE', *, *, #4056, .T. ) ;
#6888 = ORIENTED_EDGE ( 'NONE', *, *, #9955, .T. ) ;
#6889 = ORIENTED_EDGE ( 'NONE', *, *, #3981, .T. ) ;
#6890 = VECTOR ( 'NONE', #8886, 1000.000000000000000 ) ;
#6891 = ORIENTED_EDGE ( 'NONE', *, *, #775, .T. ) ;
#6892 = DIRECTION ( 'NONE',  ( 1.000000000000000000, 0.000000000000000000, 0.000000000000000000 ) ) ;
#6893 = CARTESIAN_POINT ( 'NONE',  ( -28.35000000000000497, 1.100000000000003642, 1.049999999999998934 ) ) ;
#6894 = AXIS2_PLACEMENT_3D ( 'NONE', #6950, #444, #1238 ) ;
#6895 = DIRECTION ( 'NONE',  ( 0.000000000000000000, 0.000000000000000000, -1.000000000000000000 ) ) ;
#6896 = ORIENTED_EDGE ( 'NONE', *, *, #9534, .F. ) ;
#6897 = CARTESIAN_POINT ( 'NONE',  ( 0.5500000000000001554, 5.049999999999998046, -17.54999999999999716 ) ) ;
#6898 = DIRECTION ( 'NONE',  ( 0.000000000000000000, -1.000000000000000000, 0.000000000000000000 ) ) ;
#6899 = AXIS2_PLACEMENT_3D ( 'NONE', #7649, #329, #7338 ) ;
#6900 = LINE ( 'NONE', #4495, #9105 ) ;
#6901 = ORIENTED_EDGE ( 'NONE', *, *, #8143, .T. ) ;
#6902 = LINE ( 'NONE', #10156, #4568 ) ;
#6903 = VECTOR ( 'NONE', #5447, 1000.000000000000000 ) ;
#6904 = VERTEX_POINT ( 'NONE', #3568 ) ;
#6905 = ORIENTED_EDGE ( 'NONE', *, *, #2034, .F. ) ;
#6906 = VECTOR ( 'NONE', #2877, 1000.000000000000000 ) ;
#6907 = CARTESIAN_POINT ( 'NONE',  ( -19.64999999999999858, -1.799999999999993383, -4.949999999999995737 ) ) ;
#6908 = AXIS2_PLACEMENT_3D ( 'NONE', #8054, #4059, #9761 ) ;
#6909 = FACE_OUTER_BOUND ( 'NONE', #2912, .T. ) ;
#6910 = DIRECTION ( 'NONE',  ( 0.000000000000000000, 0.000000000000000000, -1.000000000000000000 ) ) ;
#6911 = VECTOR ( 'NONE', #8268, 1000.000000000000000 ) ;
#6912 = EDGE_CURVE ( 'NONE', #6917, #9244, #6970, .T. ) ;
#6913 = CARTESIAN_POINT ( 'NONE',  ( 37.65000000000000568, 9.099999999999999645, 19.25000000000000000 ) ) ;
#6914 = EDGE_LOOP ( 'NONE', ( #7202, #7215, #8459, #8589 ) ) ;
#6915 = VECTOR ( 'NONE', #6767, 1000.000000000000000 ) ;
#6916 = CARTESIAN_POINT ( 'NONE',  ( 39.25000000000000000, 4.049999999999999822, 0.000000000000000000 ) ) ;
#6917 = VERTEX_POINT ( 'NONE', #8572 ) ;
#6918 = VERTEX_POINT ( 'NONE', #2117 ) ;
#6919 = CARTESIAN_POINT ( 'NONE',  ( 11.95000000000000639, 1.600000000000000089, 19.25000000000000000 ) ) ;
#6920 = EDGE_CURVE ( 'NONE', #258, #2622, #6068, .T. ) ;
#6921 = EDGE_CURVE ( 'NONE', #5081, #7133, #409, .T. ) ;
#6922 = DIRECTION ( 'NONE',  ( -1.000000000000000000, 1.032573497605242594E-16, 0.000000000000000000 ) ) ;
#6923 = CYLINDRICAL_SURFACE ( 'NONE', #6641, 1.500000000000001332 ) ;
#6924 = EDGE_CURVE ( 'NONE', #9829, #9042, #513, .T. ) ;
#6925 = CARTESIAN_POINT ( 'NONE',  ( 32.95000000000000995, 4.099999999999998757, 14.24999999999999822 ) ) ;
#6926 = DIRECTION ( 'NONE',  ( -1.281815376337542394E-16, 0.000000000000000000, -1.000000000000000000 ) ) ;
#6927 = EDGE_LOOP ( 'NONE', ( #5183, #10450, #7027, #8909 ) ) ;
#6928 = CARTESIAN_POINT ( 'NONE',  ( 21.64999999999999858, 0.000000000000000000, -16.44999999999999574 ) ) ;
#6929 = ORIENTED_EDGE ( 'NONE', *, *, #5484, .F. ) ;
#6930 = CARTESIAN_POINT ( 'NONE',  ( 22.04999999999999716, -9.000000000000000000, 23.15100000000000691 ) ) ;
#6931 = ORIENTED_EDGE ( 'NONE', *, *, #6727, .F. ) ;
#6932 = DIRECTION ( 'NONE',  ( -0.000000000000000000, -1.000000000000000000, -0.000000000000000000 ) ) ;
#6933 = EDGE_CURVE ( 'NONE', #3835, #932, #6166, .T. ) ;
#6934 = DIRECTION ( 'NONE',  ( -0.000000000000000000, 1.000000000000000000, -0.000000000000000000 ) ) ;
#6935 = CYLINDRICAL_SURFACE ( 'NONE', #7035, 1.249999999999997558 ) ;
#6936 = CARTESIAN_POINT ( 'NONE',  ( -26.45000000000000284, 7.200000000000009948, 23.15100000000000691 ) ) ;
#6937 = ORIENTED_EDGE ( 'NONE', *, *, #8872, .F. ) ;
#6938 = CARTESIAN_POINT ( 'NONE',  ( -39.25000000000000000, -0.3999999999999975797, -6.049999999999999822 ) ) ;
#6939 = AXIS2_PLACEMENT_3D ( 'NONE', #1305, #10005, #5207 ) ;
#6940 = ORIENTED_EDGE ( 'NONE', *, *, #6455, .T. ) ;
#6941 = FACE_OUTER_BOUND ( 'NONE', #9699, .T. ) ;
#6942 = ORIENTED_EDGE ( 'NONE', *, *, #5692, .F. ) ;
#6943 = ORIENTED_EDGE ( 'NONE', *, *, #10566, .F. ) ;
#6944 = DIRECTION ( 'NONE',  ( 0.000000000000000000, 0.000000000000000000, 1.000000000000000000 ) ) ;
#6945 = EDGE_CURVE ( 'NONE', #2739, #8990, #4569, .T. ) ;
#6946 = DIRECTION ( 'NONE',  ( -2.168404344971003198E-16, 0.000000000000000000, 1.000000000000000000 ) ) ;
#6947 = DIRECTION ( 'NONE',  ( 1.000000000000000000, 0.000000000000000000, 0.000000000000000000 ) ) ;
#6948 = CARTESIAN_POINT ( 'NONE',  ( -10.09999999999999787, 0.5000000000000000000, -6.049999999999991829 ) ) ;
#6949 = LINE ( 'NONE', #9240, #5842 ) ;
#6950 = CARTESIAN_POINT ( 'NONE',  ( -33.25000000000000000, -0.3999999999999993006, 6.049999999999999822 ) ) ;
#6951 = CIRCLE ( 'NONE', #2352, 1.500000000000001332 ) ;
#6952 = ORIENTED_EDGE ( 'NONE', *, *, #4350, .F. ) ;
#6953 = PLANE ( 'NONE',  #3558 ) ;
#6954 = ORIENTED_EDGE ( 'NONE', *, *, #23, .T. ) ;
#6955 = EDGE_CURVE ( 'NONE', #4501, #3008, #9260, .T. ) ;
#6956 = ORIENTED_EDGE ( 'NONE', *, *, #7899, .T. ) ;
#6957 = DIRECTION ( 'NONE',  ( 0.000000000000000000, -1.000000000000000000, -0.000000000000000000 ) ) ;
#6958 = EDGE_CURVE ( 'NONE', #6628, #1838, #2015, .T. ) ;
#6959 = VECTOR ( 'NONE', #8461, 1000.000000000000000 ) ;
#6960 = DIRECTION ( 'NONE',  ( -1.000000000000000000, 0.000000000000000000, 0.000000000000000000 ) ) ;
#6961 = DIRECTION ( 'NONE',  ( -1.000000000000000000, 0.000000000000000000, -9.637352644315578973E-16 ) ) ;
#6962 = CARTESIAN_POINT ( 'NONE',  ( 35.75000000000000000, -2.671474153004285134E-14, -19.24999999999999645 ) ) ;
#6963 = DIRECTION ( 'NONE',  ( -1.000000000000000000, 0.000000000000000000, -0.000000000000000000 ) ) ;
#6964 = ORIENTED_EDGE ( 'NONE', *, *, #5865, .T. ) ;
#6965 = DIRECTION ( 'NONE',  ( 0.000000000000000000, 0.000000000000000000, 1.000000000000000000 ) ) ;
#6966 = ORIENTED_EDGE ( 'NONE', *, *, #5157, .T. ) ;
#6967 = VECTOR ( 'NONE', #6105, 1000.000000000000000 ) ;
#6968 = ORIENTED_EDGE ( 'NONE', *, *, #6257, .T. ) ;
#6969 = ADVANCED_FACE ( 'NONE', ( #8414 ), #301, .T. ) ;
#6970 = LINE ( 'NONE', #5375, #7065 ) ;
#6971 = DIRECTION ( 'NONE',  ( 0.000000000000000000, 0.000000000000000000, 1.000000000000000000 ) ) ;
#6972 = DIRECTION ( 'NONE',  ( 1.000000000000000000, 0.000000000000000000, 0.000000000000000000 ) ) ;
#6973 = AXIS2_PLACEMENT_3D ( 'NONE', #920, #3494, #9186 ) ;
#6974 = VECTOR ( 'NONE', #3712, 1000.000000000000000 ) ;
#6975 = CARTESIAN_POINT ( 'NONE',  ( 3.021350941872542155E-30, 9.100000000000003197, 1.849462726257631029E-15 ) ) ;
#6976 = CARTESIAN_POINT ( 'NONE',  ( -26.64999999999999503, 0.000000000000000000, -19.24999999999999645 ) ) ;
#6977 = VERTEX_POINT ( 'NONE', #1155 ) ;
#6978 = LINE ( 'NONE', #357, #7525 ) ;
#6979 = ORIENTED_EDGE ( 'NONE', *, *, #8750, .F. ) ;
#6980 = CARTESIAN_POINT ( 'NONE',  ( 34.25000000000000711, 1.600000000000000089, 3.115470053837924080 ) ) ;
#6981 = ORIENTED_EDGE ( 'NONE', *, *, #4936, .T. ) ;
#6982 = EDGE_CURVE ( 'NONE', #4318, #3257, #7672, .T. ) ;
#6983 = DIRECTION ( 'NONE',  ( 0.000000000000000000, 0.000000000000000000, -1.000000000000000000 ) ) ;
#6984 = LINE ( 'NONE', #7033, #8452 ) ;
#6985 = CARTESIAN_POINT ( 'NONE',  ( -10.09999999999999787, -1.799999999999982059, -7.699999999999992184 ) ) ;
#6986 = DIRECTION ( 'NONE',  ( 0.000000000000000000, 0.000000000000000000, -1.000000000000000000 ) ) ;
#6987 = EDGE_LOOP ( 'NONE', ( #919, #3680, #4076, #3261 ) ) ;
#6988 = DIRECTION ( 'NONE',  ( -0.000000000000000000, 1.000000000000000000, -0.000000000000000000 ) ) ;
#6989 = ORIENTED_EDGE ( 'NONE', *, *, #8391, .T. ) ;
#6990 = CARTESIAN_POINT ( 'NONE',  ( -10.09999999999999787, -2.799999999999999822, -7.699999999999992184 ) ) ;
#6991 = VERTEX_POINT ( 'NONE', #8827 ) ;
#6992 = EDGE_CURVE ( 'NONE', #2024, #811, #8726, .T. ) ;
#6993 = VERTEX_POINT ( 'NONE', #8029 ) ;
#6994 = DIRECTION ( 'NONE',  ( -0.7071067811865526798, -0.7071067811865422437, 0.000000000000000000 ) ) ;
#6995 = DIRECTION ( 'NONE',  ( -0.000000000000000000, 1.000000000000000000, -0.000000000000000000 ) ) ;
#6996 = CARTESIAN_POINT ( 'NONE',  ( -36.45000000000000284, -0.3999999999999993006, 6.049999999999999822 ) ) ;
#6997 = ORIENTED_EDGE ( 'NONE', *, *, #10161, .T. ) ;
#6998 = CARTESIAN_POINT ( 'NONE',  ( -9.262678605202752991, -27.78732139479767937, -19.14999999999999858 ) ) ;
#6999 = PLANE ( 'NONE',  #2435 ) ;
#7000 = CARTESIAN_POINT ( 'NONE',  ( -29.55000000000000782, 9.899999999999998579, -2.250000000000000444 ) ) ;
#7001 = ORIENTED_EDGE ( 'NONE', *, *, #5745, .F. ) ;
#7002 = CARTESIAN_POINT ( 'NONE',  ( 10.15000000000000568, 1.600000000000000089, 17.44999999999999929 ) ) ;
#7003 = ADVANCED_FACE ( 'NONE', ( #7932 ), #6372, .F. ) ;
#7004 = ORIENTED_EDGE ( 'NONE', *, *, #7443, .F. ) ;
#7005 = AXIS2_PLACEMENT_3D ( 'NONE', #6230, #2336, #724 ) ;
#7006 = ORIENTED_EDGE ( 'NONE', *, *, #4693, .T. ) ;
#7007 = DIRECTION ( 'NONE',  ( -1.000000000000000000, 0.000000000000000000, 0.000000000000000000 ) ) ;
#7008 = CARTESIAN_POINT ( 'NONE',  ( 21.64999999999999858, -2.600000000000004530, -20.24999999999999645 ) ) ;
#7009 = AXIS2_PLACEMENT_3D ( 'NONE', #2308, #7155, #7908 ) ;
#7010 = DIRECTION ( 'NONE',  ( 1.000000000000000000, 0.000000000000000000, 2.891205793294679411E-15 ) ) ;
#7011 = LINE ( 'NONE', #2972, #7105 ) ;
#7012 = CARTESIAN_POINT ( 'NONE',  ( 15.00000000000000355, -0.2500000000000000000, -5.049999999999995381 ) ) ;
#7013 = ORIENTED_EDGE ( 'NONE', *, *, #9026, .F. ) ;
#7014 = LINE ( 'NONE', #3923, #9562 ) ;
#7015 = EDGE_CURVE ( 'NONE', #3314, #10261, #2330, .T. ) ;
#7016 = EDGE_LOOP ( 'NONE', ( #3544, #5830, #1891, #648 ) ) ;
#7017 = VECTOR ( 'NONE', #7477, 1000.000000000000000 ) ;
#7018 = ORIENTED_EDGE ( 'NONE', *, *, #630, .F. ) ;
#7019 = DIRECTION ( 'NONE',  ( -0.000000000000000000, 0.7071067811865496822, 0.7071067811865453523 ) ) ;
#7020 = CARTESIAN_POINT ( 'NONE',  ( 17.50000000000000000, -1.800000000000000044, -21.94999999999999574 ) ) ;
#7021 = FACE_OUTER_BOUND ( 'NONE', #7787, .T. ) ;
#7022 = CARTESIAN_POINT ( 'NONE',  ( -33.85000000000000853, -9.000000000000001776, 5.450000000000001066 ) ) ;
#7023 = EDGE_CURVE ( 'NONE', #10504, #9183, #4822, .T. ) ;
#7024 = DIRECTION ( 'NONE',  ( 1.000000000000000000, -2.596653838999757503E-16, 0.000000000000000000 ) ) ;
#7025 = ORIENTED_EDGE ( 'NONE', *, *, #4860, .T. ) ;
#7026 = LINE ( 'NONE', #2725, #10243 ) ;
#7027 = ORIENTED_EDGE ( 'NONE', *, *, #7540, .F. ) ;
#7028 = FACE_OUTER_BOUND ( 'NONE', #9859, .T. ) ;
#7029 = ORIENTED_EDGE ( 'NONE', *, *, #2697, .T. ) ;
#7030 = AXIS2_PLACEMENT_3D ( 'NONE', #2685, #10030, #10530 ) ;
#7031 = VECTOR ( 'NONE', #443, 1000.000000000000000 ) ;
#7032 = DIRECTION ( 'NONE',  ( -0.000000000000000000, -0.000000000000000000, -1.000000000000000000 ) ) ;
#7033 = CARTESIAN_POINT ( 'NONE',  ( -18.50000000000000355, -1.800000000000000044, -20.74999999999999645 ) ) ;
#7034 = LINE ( 'NONE', #4045, #5845 ) ;
#7035 = AXIS2_PLACEMENT_3D ( 'NONE', #10191, #5233, #9279 ) ;
#7036 = VECTOR ( 'NONE', #1280, 1000.000000000000000 ) ;
#7037 = DIRECTION ( 'NONE',  ( 0.000000000000000000, 1.000000000000000000, 0.000000000000000000 ) ) ;
#7038 = ORIENTED_EDGE ( 'NONE', *, *, #584, .T. ) ;
#7039 = CARTESIAN_POINT ( 'NONE',  ( 37.65000000000000568, 7.500000000000002665, 11.95000000000000462 ) ) ;
#7040 = EDGE_CURVE ( 'NONE', #7880, #4244, #7231, .T. ) ;
#7041 = ORIENTED_EDGE ( 'NONE', *, *, #5104, .T. ) ;
#7042 = EDGE_CURVE ( 'NONE', #10066, #3938, #3508, .T. ) ;
#7043 = CARTESIAN_POINT ( 'NONE',  ( 18.85185058345960840, 1.599999999999995204, -5.049999999999995381 ) ) ;
#7044 = ORIENTED_EDGE ( 'NONE', *, *, #10258, .F. ) ;
#7045 = ORIENTED_EDGE ( 'NONE', *, *, #4463, .T. ) ;
#7046 = VECTOR ( 'NONE', #7554, 1000.000000000000000 ) ;
#7047 = CARTESIAN_POINT ( 'NONE',  ( -26.75000000000000000, 3.600000000000004530, 19.25000000000000000 ) ) ;
#7048 = FACE_OUTER_BOUND ( 'NONE', #9685, .T. ) ;
#7049 = CYLINDRICAL_SURFACE ( 'NONE', #1183, 1.500000000000001332 ) ;
#7050 = ADVANCED_FACE ( 'NONE', ( #3882 ), #3980, .T. ) ;
#7051 = CYLINDRICAL_SURFACE ( 'NONE', #3951, 0.4000000000000010214 ) ;
#7052 = EDGE_CURVE ( 'NONE', #7536, #3946, #3929, .T. ) ;
#7053 = CARTESIAN_POINT ( 'NONE',  ( -19.64999999999999858, 0.5000000000000000000, -16.84999999999999787 ) ) ;
#7054 = EDGE_CURVE ( 'NONE', #5625, #6006, #3082, .T. ) ;
#7055 = DIRECTION ( 'NONE',  ( 0.000000000000000000, 0.000000000000000000, 1.000000000000000000 ) ) ;
#7056 = ORIENTED_EDGE ( 'NONE', *, *, #1055, .T. ) ;
#7057 = DIRECTION ( 'NONE',  ( 0.000000000000000000, 0.000000000000000000, -1.000000000000000000 ) ) ;
#7058 = VECTOR ( 'NONE', #2985, 1000.000000000000000 ) ;
#7059 = VECTOR ( 'NONE', #2680, 1000.000000000000000 ) ;
#7060 = ORIENTED_EDGE ( 'NONE', *, *, #9071, .F. ) ;
#7061 = ORIENTED_EDGE ( 'NONE', *, *, #2568, .T. ) ;
#7062 = AXIS2_PLACEMENT_3D ( 'NONE', #5222, #3678, #1972 ) ;
#7063 = DIRECTION ( 'NONE',  ( -1.000000000000000000, 0.000000000000000000, 0.000000000000000000 ) ) ;
#7064 = DIRECTION ( 'NONE',  ( 1.000000000000000000, 0.000000000000000000, -6.672013369141570147E-16 ) ) ;
#7065 = VECTOR ( 'NONE', #9423, 1000.000000000000000 ) ;
#7066 = DIRECTION ( 'NONE',  ( 0.000000000000000000, -1.000000000000000000, 0.000000000000000000 ) ) ;
#7067 = ADVANCED_FACE ( 'NONE', ( #4768 ), #8675, .F. ) ;
#7068 = CARTESIAN_POINT ( 'NONE',  ( -37.35000000000000142, -0.3999999999999999667, -10.00000000000000000 ) ) ;
#7069 = PLANE ( 'NONE',  #3802 ) ;
#7070 = ORIENTED_EDGE ( 'NONE', *, *, #935, .T. ) ;
#7071 = AXIS2_PLACEMENT_3D ( 'NONE', #4228, #4277, #3541 ) ;
#7072 = PLANE ( 'NONE',  #2880 ) ;
#7073 = AXIS2_PLACEMENT_3D ( 'NONE', #593, #4858, #6297 ) ;
#7074 = AXIS2_PLACEMENT_3D ( 'NONE', #9925, #5928, #4273 ) ;
#7075 = VERTEX_POINT ( 'NONE', #10486 ) ;
#7076 = VECTOR ( 'NONE', #6327, 1000.000000000000000 ) ;
#7077 = DIRECTION ( 'NONE',  ( -0.000000000000000000, 1.000000000000000000, -0.000000000000000000 ) ) ;
#7078 = ADVANCED_FACE ( 'NONE', ( #5631 ), #6222, .F. ) ;
#7079 = VECTOR ( 'NONE', #8642, 1000.000000000000000 ) ;
#7080 = LINE ( 'NONE', #6428, #5684 ) ;
#7081 = CARTESIAN_POINT ( 'NONE',  ( -26.75000000000000000, 3.600000000000004530, 19.25000000000000000 ) ) ;
#7082 = AXIS2_PLACEMENT_3D ( 'NONE', #2939, #365, #10189 ) ;
#7083 = DIRECTION ( 'NONE',  ( 0.000000000000000000, 0.000000000000000000, 1.000000000000000000 ) ) ;
#7084 = VERTEX_POINT ( 'NONE', #6427 ) ;
#7085 = DIRECTION ( 'NONE',  ( 1.000000000000000000, 0.000000000000000000, 0.000000000000000000 ) ) ;
#7086 = ORIENTED_EDGE ( 'NONE', *, *, #1748, .F. ) ;
#7087 = LINE ( 'NONE', #4775, #8617 ) ;
#7088 = VECTOR ( 'NONE', #9102, 1000.000000000000000 ) ;
#7089 = VERTEX_POINT ( 'NONE', #9680 ) ;
#7090 = EDGE_CURVE ( 'NONE', #5637, #859, #8875, .T. ) ;
#7091 = DIRECTION ( 'NONE',  ( 1.000000000000000000, 0.000000000000000000, 0.000000000000000000 ) ) ;
#7092 = LINE ( 'NONE', #6083, #5722 ) ;
#7093 = LINE ( 'NONE', #6284, #6203 ) ;
#7094 = DIRECTION ( 'NONE',  ( 0.000000000000000000, 0.000000000000000000, 1.000000000000000000 ) ) ;
#7095 = ORIENTED_EDGE ( 'NONE', *, *, #5020, .F. ) ;
#7096 = CARTESIAN_POINT ( 'NONE',  ( -31.04999999999999716, 5.400000000000004796, -21.54999999999999716 ) ) ;
#7097 = VERTEX_POINT ( 'NONE', #2218 ) ;
#7098 = CARTESIAN_POINT ( 'NONE',  ( -35.25000000000000000, -1.800000000000000044, 22.14999999999999858 ) ) ;
#7099 = ORIENTED_EDGE ( 'NONE', *, *, #10521, .F. ) ;
#7100 = ORIENTED_EDGE ( 'NONE', *, *, #5230, .T. ) ;
#7101 = CARTESIAN_POINT ( 'NONE',  ( -23.85000000000000142, -4.999999999999999112, 23.15000000000000568 ) ) ;
#7102 = ADVANCED_FACE ( 'NONE', ( #3829 ), #2274, .F. ) ;
#7103 = CARTESIAN_POINT ( 'NONE',  ( -29.64999999999999858, -0.3999999999999999667, -3.750000000000000000 ) ) ;
#7104 = DIRECTION ( 'NONE',  ( -1.000000000000000000, 0.000000000000000000, 0.000000000000000000 ) ) ;
#7105 = VECTOR ( 'NONE', #3765, 1000.000000000000000 ) ;
#7106 = CARTESIAN_POINT ( 'NONE',  ( 10.15000000000000568, 3.600000000000000533, 17.44999999999999929 ) ) ;
#7107 = CARTESIAN_POINT ( 'NONE',  ( 18.52464278959538291, 5.421010862427522170E-16, -3.949999999999995293 ) ) ;
#7108 = CARTESIAN_POINT ( 'NONE',  ( 27.45000000000000639, 7.000000000000004441, 23.15000000000000568 ) ) ;
#7109 = ORIENTED_EDGE ( 'NONE', *, *, #1559, .T. ) ;
#7110 = CARTESIAN_POINT ( 'NONE',  ( -26.85000000000000497, -4.999999999999999112, 23.35100000000000264 ) ) ;
#7111 = ORIENTED_EDGE ( 'NONE', *, *, #5158, .F. ) ;
#7112 = EDGE_CURVE ( 'NONE', #2026, #10155, #9479, .T. ) ;
#7113 = EDGE_CURVE ( 'NONE', #4390, #8493, #565, .T. ) ;
#7114 = ORIENTED_EDGE ( 'NONE', *, *, #1020, .F. ) ;
#7115 = FACE_OUTER_BOUND ( 'NONE', #7797, .T. ) ;
#7116 = EDGE_CURVE ( 'NONE', #4595, #6918, #9455, .T. ) ;
#7117 = DIRECTION ( 'NONE',  ( 0.000000000000000000, -0.7071067811865475727, -0.7071067811865475727 ) ) ;
#7118 = FACE_OUTER_BOUND ( 'NONE', #10476, .T. ) ;
#7119 = LINE ( 'NONE', #7165, #1420 ) ;
#7120 = LINE ( 'NONE', #4666, #4305 ) ;
#7121 = EDGE_LOOP ( 'NONE', ( #2325, #4278, #6413, #6901, #1334, #6414 ) ) ;
#7122 = DIRECTION ( 'NONE',  ( -1.000000000000000000, 0.000000000000000000, -0.000000000000000000 ) ) ;
#7123 = EDGE_CURVE ( 'NONE', #2345, #6370, #1938, .T. ) ;
#7124 = ORIENTED_EDGE ( 'NONE', *, *, #2061, .F. ) ;
#7125 = MECHANICAL_DESIGN_GEOMETRIC_PRESENTATION_REPRESENTATION (  '', ( #2533 ), #4734 ) ;
#7126 = DIRECTION ( 'NONE',  ( -1.000000000000000000, 0.000000000000000000, 0.000000000000000000 ) ) ;
#7127 = CARTESIAN_POINT ( 'NONE',  ( 34.45000000000000995, 1.600000000000000089, -2.769059892324147842 ) ) ;
#7128 = DIRECTION ( 'NONE',  ( 0.000000000000000000, -1.000000000000000000, 0.000000000000000000 ) ) ;
#7129 = LINE ( 'NONE', #8681, #10487 ) ;
#7130 = VERTEX_POINT ( 'NONE', #5244 ) ;
#7131 = VECTOR ( 'NONE', #6675, 1000.000000000000000 ) ;
#7132 = PLANE ( 'NONE',  #7172 ) ;
#7133 = VERTEX_POINT ( 'NONE', #4135 ) ;
#7134 = LINE ( 'NONE', #9641, #3684 ) ;
#7135 = ORIENTED_EDGE ( 'NONE', *, *, #7739, .F. ) ;
#7136 = EDGE_CURVE ( 'NONE', #7670, #5982, #1602, .T. ) ;
#7137 = CARTESIAN_POINT ( 'NONE',  ( -17.50000000000000355, -1.800000000000000044, -20.74999999999999645 ) ) ;
#7138 = VECTOR ( 'NONE', #2528, 1000.000000000000000 ) ;
#7139 = DIRECTION ( 'NONE',  ( -1.000000000000000000, 0.000000000000000000, 0.000000000000000000 ) ) ;
#7140 = DIRECTION ( 'NONE',  ( 0.000000000000000000, 1.836970198721029688E-16, -1.000000000000000000 ) ) ;
#7141 = CARTESIAN_POINT ( 'NONE',  ( 32.95000000000001705, 6.200000000000000178, -19.80000000000000071 ) ) ;
#7142 = ORIENTED_EDGE ( 'NONE', *, *, #4429, .T. ) ;
#7143 = FACE_OUTER_BOUND ( 'NONE', #8003, .T. ) ;
#7144 = EDGE_CURVE ( 'NONE', #459, #473, #4392, .T. ) ;
#7145 = ORIENTED_EDGE ( 'NONE', *, *, #4597, .F. ) ;
#7146 = CARTESIAN_POINT ( 'NONE',  ( 6.550000000000001599, -0.9000000000000014655, -16.84999999999999787 ) ) ;
#7147 = ORIENTED_EDGE ( 'NONE', *, *, #9729, .F. ) ;
#7148 = VECTOR ( 'NONE', #6791, 1000.000000000000000 ) ;
#7149 = COLOUR_RGB ( '',0.7921568627450980005, 0.8196078431372548767, 0.9333333333333333481 ) ;
#7150 = EDGE_CURVE ( 'NONE', #7311, #6165, #7447, .T. ) ;
#7151 = EDGE_LOOP ( 'NONE', ( #6981, #7025, #1203, #2351, #3759, #7429 ) ) ;
#7152 = FACE_OUTER_BOUND ( 'NONE', #10306, .T. ) ;
#7153 = LINE ( 'NONE', #6508, #8096 ) ;
#7154 = FACE_BOUND ( 'NONE', #2064, .T. ) ;
#7155 = DIRECTION ( 'NONE',  ( 0.000000000000000000, 1.000000000000000000, 0.000000000000000000 ) ) ;
#7156 = DIRECTION ( 'NONE',  ( -1.000000000000000000, 0.000000000000000000, 0.000000000000000000 ) ) ;
#7157 = ORIENTED_EDGE ( 'NONE', *, *, #10223, .F. ) ;
#7158 = DIRECTION ( 'NONE',  ( -0.000000000000000000, -1.000000000000000000, -0.000000000000000000 ) ) ;
#7159 = EDGE_CURVE ( 'NONE', #8731, #4151, #9037, .T. ) ;
#7160 = VERTEX_POINT ( 'NONE', #8497 ) ;
#7161 = VERTEX_POINT ( 'NONE', #9845 ) ;
#7162 = DIRECTION ( 'NONE',  ( 0.000000000000000000, 0.000000000000000000, 1.000000000000000000 ) ) ;
#7163 = PLANE ( 'NONE',  #5833 ) ;
#7164 = CARTESIAN_POINT ( 'NONE',  ( 35.75000000000000000, 0.000000000000000000, 22.14999999999999858 ) ) ;
#7165 = CARTESIAN_POINT ( 'NONE',  ( -33.64999999999999858, 8.500000000000000000, 23.34999999999999787 ) ) ;
#7166 = CARTESIAN_POINT ( 'NONE',  ( 12.84999999999999964, -9.002000000000000668, -5.049999999999995381 ) ) ;
#7167 = EDGE_CURVE ( 'NONE', #3232, #8092, #2798, .T. ) ;
#7168 = EDGE_CURVE ( 'NONE', #4027, #2026, #2744, .T. ) ;
#7169 = EDGE_LOOP ( 'NONE', ( #9667, #2574, #3445, #8992 ) ) ;
#7170 = VERTEX_POINT ( 'NONE', #8985 ) ;
#7171 = DIRECTION ( 'NONE',  ( 0.000000000000000000, -1.000000000000000000, 0.000000000000000000 ) ) ;
#7172 = AXIS2_PLACEMENT_3D ( 'NONE', #781, #2178, #7085 ) ;
#7173 = ORIENTED_EDGE ( 'NONE', *, *, #800, .F. ) ;
#7174 = ORIENTED_EDGE ( 'NONE', *, *, #9496, .T. ) ;
#7175 = DIRECTION ( 'NONE',  ( 0.000000000000000000, -1.000000000000000000, 0.000000000000000000 ) ) ;
#7176 = VECTOR ( 'NONE', #9365, 1000.000000000000114 ) ;
#7177 = CARTESIAN_POINT ( 'NONE',  ( 17.50000000000000355, 6.200000000000000178, -20.74999999999999645 ) ) ;
#7178 = DIRECTION ( 'NONE',  ( 0.000000000000000000, 0.000000000000000000, -1.000000000000000000 ) ) ;
#7179 = EDGE_CURVE ( 'NONE', #10045, #2428, #5703, .T. ) ;
#7180 = CARTESIAN_POINT ( 'NONE',  ( 21.85000000000000142, 24.84296113818833263, 23.74999999999994671 ) ) ;
#7181 = ADVANCED_FACE ( 'NONE', ( #21 ), #4032, .F. ) ;
#7182 = ORIENTED_EDGE ( 'NONE', *, *, #78, .T. ) ;
#7183 = FACE_OUTER_BOUND ( 'NONE', #8973, .T. ) ;
#7184 = EDGE_CURVE ( 'NONE', #9497, #7718, #4174, .T. ) ;
#7185 = ORIENTED_EDGE ( 'NONE', *, *, #406, .T. ) ;
#7186 = VECTOR ( 'NONE', #2746, 1000.000000000000000 ) ;
#7187 = DIRECTION ( 'NONE',  ( 1.000000000000000000, 0.000000000000000000, 0.000000000000000000 ) ) ;
#7188 = EDGE_LOOP ( 'NONE', ( #9551, #7182, #4683, #5497 ) ) ;
#7189 = AXIS2_PLACEMENT_3D ( 'NONE', #4758, #4873, #8123 ) ;
#7190 = LINE ( 'NONE', #10442, #8079 ) ;
#7191 = PRODUCT ( 'Zoom F6 NP-F Replacement', 'Zoom F6 NP-F Replacement', '', ( #4459 ) ) ;
#7192 = FACE_OUTER_BOUND ( 'NONE', #3783, .T. ) ;
#7193 = DIRECTION ( 'NONE',  ( -1.000000000000000000, -0.000000000000000000, -0.000000000000000000 ) ) ;
#7194 = CARTESIAN_POINT ( 'NONE',  ( -20.85000000000000142, 0.9999999999999870104, 20.75000000000000355 ) ) ;
#7195 = ADVANCED_FACE ( 'NONE', ( #3595 ), #6538, .F. ) ;
#7196 = ORIENTED_EDGE ( 'NONE', *, *, #3616, .F. ) ;
#7197 = LINE ( 'NONE', #5650, #2443 ) ;
#7198 = VERTEX_POINT ( 'NONE', #7286 ) ;
#7199 = PLANE ( 'NONE',  #1799 ) ;
#7200 = VERTEX_POINT ( 'NONE', #10537 ) ;
#7201 = AXIS2_PLACEMENT_3D ( 'NONE', #4186, #5039, #8233 ) ;
#7202 = ORIENTED_EDGE ( 'NONE', *, *, #9592, .F. ) ;
#7203 = FACE_OUTER_BOUND ( 'NONE', #2848, .T. ) ;
#7204 = VECTOR ( 'NONE', #5821, 1000.000000000000000 ) ;
#7205 = VECTOR ( 'NONE', #7772, 1000.000000000000000 ) ;
#7206 = DIRECTION ( 'NONE',  ( 0.000000000000000000, 0.000000000000000000, -1.000000000000000000 ) ) ;
#7207 = AXIS2_PLACEMENT_3D ( 'NONE', #2017, #9264, #9317 ) ;
#7208 = CARTESIAN_POINT ( 'NONE',  ( -34.25000000000000000, 0.000000000000000000, 22.14999999999999858 ) ) ;
#7209 = LINE ( 'NONE', #10459, #1738 ) ;
#7210 = EDGE_CURVE ( 'NONE', #2650, #8200, #879, .T. ) ;
#7211 = CARTESIAN_POINT ( 'NONE',  ( 32.95000000000001705, 58.13995493237317191, -19.80000000000000071 ) ) ;
#7212 = ORIENTED_EDGE ( 'NONE', *, *, #3242, .F. ) ;
#7213 = CARTESIAN_POINT ( 'NONE',  ( 6.913961030678926534, -1.799999999999991607, -15.94999999999999929 ) ) ;
#7214 = VERTEX_POINT ( 'NONE', #2491 ) ;
#7215 = ORIENTED_EDGE ( 'NONE', *, *, #5346, .T. ) ;
#7216 = VECTOR ( 'NONE', #1845, 1000.000000000000000 ) ;
#7217 = EDGE_LOOP ( 'NONE', ( #18, #7419, #6103, #5983 ) ) ;
#7218 = DIRECTION ( 'NONE',  ( 1.000000000000000000, 0.000000000000000000, 0.000000000000000000 ) ) ;
#7219 = EDGE_CURVE ( 'NONE', #3542, #6115, #5793, .T. ) ;
#7220 = FACE_OUTER_BOUND ( 'NONE', #9638, .T. ) ;
#7221 = DIRECTION ( 'NONE',  ( 0.000000000000000000, 0.000000000000000000, 1.000000000000000000 ) ) ;
#7222 = FILL_AREA_STYLE_COLOUR ( '', #7904 ) ;
#7223 = CIRCLE ( 'NONE', #8243, 8.450000000000001066 ) ;
#7224 = DIRECTION ( 'NONE',  ( -0.000000000000000000, -0.000000000000000000, 1.000000000000000000 ) ) ;
#7225 = VERTEX_POINT ( 'NONE', #5740 ) ;
#7226 = ORIENTED_EDGE ( 'NONE', *, *, #9923, .T. ) ;
#7227 = CARTESIAN_POINT ( 'NONE',  ( -29.55000000000000782, 9.899999999999998579, -3.750000000000000444 ) ) ;
#7228 = ORIENTED_EDGE ( 'NONE', *, *, #6266, .F. ) ;
#7229 = ORIENTED_EDGE ( 'NONE', *, *, #3703, .T. ) ;
#7230 = VECTOR ( 'NONE', #10073, 1000.000000000000000 ) ;
#7231 = LINE ( 'NONE', #2171, #1274 ) ;
#7232 = ADVANCED_FACE ( 'NONE', ( #8133 ), #936, .F. ) ;
#7233 = CARTESIAN_POINT ( 'NONE',  ( -18.24999999999997868, -0.9000000000000044631, -16.84999999999999787 ) ) ;
#7234 = AXIS2_PLACEMENT_3D ( 'NONE', #6018, #5968, #4215 ) ;
#7235 = LINE ( 'NONE', #2276, #6128 ) ;
#7236 = CARTESIAN_POINT ( 'NONE',  ( 35.75000000000000000, 7.500000000000000000, 22.14999999999999858 ) ) ;
#7237 = EDGE_LOOP ( 'NONE', ( #3183, #7414, #723, #9007, #9961 ) ) ;
#7238 = DIRECTION ( 'NONE',  ( 0.000000000000000000, 0.000000000000000000, -1.000000000000000000 ) ) ;
#7239 = VECTOR ( 'NONE', #5003, 1000.000000000000000 ) ;
#7240 = ORIENTED_EDGE ( 'NONE', *, *, #3891, .F. ) ;
#7241 = LINE ( 'NONE', #4832, #7076 ) ;
#7242 = ORIENTED_EDGE ( 'NONE', *, *, #3873, .T. ) ;
#7243 = AXIS2_PLACEMENT_3D ( 'NONE', #3169, #6408, #9662 ) ;
#7244 = ADVANCED_FACE ( 'NONE', ( #4882 ), #4083, .F. ) ;
#7245 = ADVANCED_FACE ( 'NONE', ( #2044 ), #4547, .F. ) ;
#7246 = AXIS2_PLACEMENT_3D ( 'NONE', #7795, #9225, #5178 ) ;
#7247 = CARTESIAN_POINT ( 'NONE',  ( 37.65000000000001279, 7.500000000000007105, -20.25000000000000711 ) ) ;
#7248 = ADVANCED_FACE ( 'NONE', ( #2149 ), #6143, .T. ) ;
#7249 = CIRCLE ( 'NONE', #8441, 1.000000000000000888 ) ;
#7250 = LINE ( 'NONE', #8888, #1577 ) ;
#7251 = LINE ( 'NONE', #2235, #6363 ) ;
#7252 = DIRECTION ( 'NONE',  ( 1.000000000000000000, 0.000000000000000000, 0.000000000000000000 ) ) ;
#7253 = ORIENTED_EDGE ( 'NONE', *, *, #9525, .F. ) ;
#7254 = VECTOR ( 'NONE', #5872, 1000.000000000000000 ) ;
#7255 = FACE_OUTER_BOUND ( 'NONE', #2207, .T. ) ;
#7256 = ORIENTED_EDGE ( 'NONE', *, *, #3085, .F. ) ;
#7257 = AXIS2_PLACEMENT_3D ( 'NONE', #2224, #4771, #8032 ) ;
#7258 = DIRECTION ( 'NONE',  ( -0.000000000000000000, -0.000000000000000000, 1.000000000000000000 ) ) ;
#7259 = EDGE_LOOP ( 'NONE', ( #8881, #8344, #1988, #9624 ) ) ;
#7260 = ORIENTED_EDGE ( 'NONE', *, *, #2697, .F. ) ;
#7261 = EDGE_CURVE ( 'NONE', #1137, #7362, #4648, .T. ) ;
#7262 = DIRECTION ( 'NONE',  ( 0.000000000000000000, 1.000000000000000000, -0.000000000000000000 ) ) ;
#7263 = FACE_OUTER_BOUND ( 'NONE', #7894, .T. ) ;
#7264 = LINE ( 'NONE', #9609, #8088 ) ;
#7265 = CARTESIAN_POINT ( 'NONE',  ( -24.94999999999999929, 5.000000000000000000, 17.44999999999999929 ) ) ;
#7266 = LINE ( 'NONE', #3066, #1597 ) ;
#7267 = VERTEX_POINT ( 'NONE', #2851 ) ;
#7268 = DIRECTION ( 'NONE',  ( 0.000000000000000000, 0.000000000000000000, 1.000000000000000000 ) ) ;
#7269 = VERTEX_POINT ( 'NONE', #5503 ) ;
#7270 = ORIENTED_EDGE ( 'NONE', *, *, #4721, .T. ) ;
#7271 = ORIENTED_EDGE ( 'NONE', *, *, #2620, .T. ) ;
#7272 = EDGE_CURVE ( 'NONE', #1530, #8200, #9553, .T. ) ;
#7273 = CARTESIAN_POINT ( 'NONE',  ( -12.75000000000000178, 0.5000000000000000000, -16.84999999999999787 ) ) ;
#7274 = CYLINDRICAL_SURFACE ( 'NONE', #3620, 0.4000000000000001887 ) ;
#7275 = CARTESIAN_POINT ( 'NONE',  ( 6.913961030678924757, -1.799999999999991607, -3.949999999999995293 ) ) ;
#7276 = DIRECTION ( 'NONE',  ( 0.000000000000000000, -1.000000000000000000, 0.000000000000000000 ) ) ;
#7277 = LINE ( 'NONE', #3230, #730 ) ;
#7278 = ORIENTED_EDGE ( 'NONE', *, *, #2334, .T. ) ;
#7279 = ORIENTED_EDGE ( 'NONE', *, *, #8027, .T. ) ;
#7280 = DIRECTION ( 'NONE',  ( -0.000000000000000000, -1.000000000000000000, -0.000000000000000000 ) ) ;
#7281 = AXIS2_PLACEMENT_3D ( 'NONE', #3464, #8416, #6069 ) ;
#7282 = ADVANCED_FACE ( 'NONE', ( #7048 ), #5295, .F. ) ;
#7283 = ORIENTED_EDGE ( 'NONE', *, *, #7843, .T. ) ;
#7284 = VERTEX_POINT ( 'NONE', #9450 ) ;
#7285 = EDGE_CURVE ( 'NONE', #4866, #3174, #3014, .T. ) ;
#7286 = CARTESIAN_POINT ( 'NONE',  ( -7.449999999999998401, -0.9000000000000066835, -7.699999999999992184 ) ) ;
#7287 = DIRECTION ( 'NONE',  ( 1.000000000000000000, -6.934798767493038670E-17, 0.000000000000000000 ) ) ;
#7288 = CARTESIAN_POINT ( 'NONE',  ( 22.25000000000000355, 7.200000000000005507, 23.15100000000000691 ) ) ;
#7289 = CARTESIAN_POINT ( 'NONE',  ( -22.60000000000000142, -4.999999999999999112, 23.15000000000000568 ) ) ;
#7290 = ORIENTED_EDGE ( 'NONE', *, *, #2219, .T. ) ;
#7291 = CARTESIAN_POINT ( 'NONE',  ( 34.75000000000000000, 1.600000000000000755, -19.25000000000000000 ) ) ;
#7292 = VERTEX_POINT ( 'NONE', #10311 ) ;
#7293 = ADVANCED_FACE ( 'NONE', ( #3700 ), #8597, .T. ) ;
#7294 = FACE_OUTER_BOUND ( 'NONE', #8240, .T. ) ;
#7295 = ORIENTED_EDGE ( 'NONE', *, *, #6195, .T. ) ;
#7296 = CIRCLE ( 'NONE', #8995, 0.4000000000000010214 ) ;
#7297 = ADVANCED_FACE ( 'NONE', ( #6296 ), #1291, .F. ) ;
#7298 = DIRECTION ( 'NONE',  ( 0.000000000000000000, -1.000000000000000000, 0.000000000000000000 ) ) ;
#7299 = ORIENTED_EDGE ( 'NONE', *, *, #7144, .T. ) ;
#7300 = PLANE ( 'NONE',  #6275 ) ;
#7301 = DIRECTION ( 'NONE',  ( 0.000000000000000000, -1.000000000000000000, 0.000000000000000000 ) ) ;
#7302 = AXIS2_PLACEMENT_3D ( 'NONE', #3417, #7460, #6657 ) ;
#7303 = DIRECTION ( 'NONE',  ( 0.000000000000000000, 0.000000000000000000, 1.000000000000000000 ) ) ;
#7304 = DIRECTION ( 'NONE',  ( 0.000000000000000000, 0.000000000000000000, -1.000000000000000000 ) ) ;
#7305 = CARTESIAN_POINT ( 'NONE',  ( -0.5000000000000004441, 7.181024967590668773, -20.16897503240933531 ) ) ;
#7306 = EDGE_LOOP ( 'NONE', ( #10198, #6579, #10000, #10366 ) ) ;
#7307 = CARTESIAN_POINT ( 'NONE',  ( 13.85000000000000142, 9.902000000000001023, -15.94999999999999929 ) ) ;
#7308 = ORIENTED_EDGE ( 'NONE', *, *, #2592, .T. ) ;
#7309 = EDGE_CURVE ( 'NONE', #685, #4472, #7805, .T. ) ;
#7310 = DIRECTION ( 'NONE',  ( 0.000000000000000000, 1.000000000000000000, -0.000000000000000000 ) ) ;
#7311 = VERTEX_POINT ( 'NONE', #7906 ) ;
#7312 = EDGE_LOOP ( 'NONE', ( #6255, #983, #4130, #7240 ) ) ;
#7313 = AXIS2_PLACEMENT_3D ( 'NONE', #66, #5731, #1499 ) ;
#7314 = CARTESIAN_POINT ( 'NONE',  ( -0.5000000000000004441, 7.762049935181331684, -20.74999999999999645 ) ) ;
#7315 = CARTESIAN_POINT ( 'NONE',  ( -37.35000000000000142, -0.4000000000000010214, 10.00000000000000000 ) ) ;
#7316 = DIRECTION ( 'NONE',  ( 0.000000000000000000, 1.000000000000000000, 0.000000000000000000 ) ) ;
#7317 = CARTESIAN_POINT ( 'NONE',  ( -35.25000000000000000, -0.7000000000000000666, 23.75000000000000711 ) ) ;
#7318 = MECHANICAL_DESIGN_GEOMETRIC_PRESENTATION_REPRESENTATION (  '', ( #10548 ), #4041 ) ;
#7319 = EDGE_CURVE ( 'NONE', #7733, #3405, #2247, .T. ) ;
#7320 = FACE_OUTER_BOUND ( 'NONE', #172, .T. ) ;
#7321 = ORIENTED_EDGE ( 'NONE', *, *, #1854, .F. ) ;
#7322 = CARTESIAN_POINT ( 'NONE',  ( 21.85000000000000142, 6.200000000000001066, 21.15000000000000568 ) ) ;
#7323 = EDGE_CURVE ( 'NONE', #5467, #4670, #1338, .T. ) ;
#7324 = ORIENTED_EDGE ( 'NONE', *, *, #9716, .F. ) ;
#7325 = ORIENTED_EDGE ( 'NONE', *, *, #535, .F. ) ;
#7326 = ORIENTED_EDGE ( 'NONE', *, *, #9817, .T. ) ;
#7327 = FACE_OUTER_BOUND ( 'NONE', #4752, .T. ) ;
#7328 = DIRECTION ( 'NONE',  ( 1.000000000000000000, 0.000000000000000000, 0.000000000000000000 ) ) ;
#7329 = CARTESIAN_POINT ( 'NONE',  ( -26.75000000000000000, 3.600000000000004530, -17.44999999999999929 ) ) ;
#7330 = LINE ( 'NONE', #6470, #3804 ) ;
#7331 = DIRECTION ( 'NONE',  ( -0.000000000000000000, 1.000000000000000000, -0.000000000000000000 ) ) ;
#7332 = EDGE_CURVE ( 'NONE', #6773, #8131, #2197, .T. ) ;
#7333 = ORIENTED_EDGE ( 'NONE', *, *, #6536, .F. ) ;
#7334 = ORIENTED_EDGE ( 'NONE', *, *, #4531, .T. ) ;
#7335 = DIRECTION ( 'NONE',  ( -1.000000000000000000, 0.000000000000000000, 0.000000000000000000 ) ) ;
#7336 = ORIENTED_EDGE ( 'NONE', *, *, #8488, .T. ) ;
#7337 = ORIENTED_EDGE ( 'NONE', *, *, #4337, .T. ) ;
#7338 = DIRECTION ( 'NONE',  ( 1.000000000000000000, 0.000000000000000000, 0.000000000000000000 ) ) ;
#7339 = FACE_OUTER_BOUND ( 'NONE', #8368, .T. ) ;
#7340 = FACE_OUTER_BOUND ( 'NONE', #5837, .T. ) ;
#7341 = AXIS2_PLACEMENT_3D ( 'NONE', #8266, #1751, #2512 ) ;
#7342 = CARTESIAN_POINT ( 'NONE',  ( 35.75000000000000000, 7.500000000000000000, 20.25000000000000711 ) ) ;
#7343 = EDGE_CURVE ( 'NONE', #436, #4716, #771, .T. ) ;
#7344 = ORIENTED_EDGE ( 'NONE', *, *, #33, .F. ) ;
#7345 = PLANE ( 'NONE',  #2409 ) ;
#7346 = VERTEX_POINT ( 'NONE', #10149 ) ;
#7347 = CARTESIAN_POINT ( 'NONE',  ( 10.15000000000000568, 3.600000000000000533, -17.44999999999999929 ) ) ;
#7348 = ORIENTED_EDGE ( 'NONE', *, *, #1219, .T. ) ;
#7349 = AXIS2_PLACEMENT_3D ( 'NONE', #1510, #2326, #4764 ) ;
#7350 = LINE ( 'NONE', #3304, #9276 ) ;
#7351 = VERTEX_POINT ( 'NONE', #9396 ) ;
#7352 = DIRECTION ( 'NONE',  ( 0.000000000000000000, 0.000000000000000000, -1.000000000000000000 ) ) ;
#7353 = CARTESIAN_POINT ( 'NONE',  ( 21.64999999999999858, -3.399999999999999911, -19.24999999999999645 ) ) ;
#7354 = CARTESIAN_POINT ( 'NONE',  ( -12.75000000000000178, -1.799999999999985612, -11.14999999999999503 ) ) ;
#7355 = LINE ( 'NONE', #4156, #2823 ) ;
#7356 = FACE_OUTER_BOUND ( 'NONE', #4052, .T. ) ;
#7357 = VECTOR ( 'NONE', #6299, 1000.000000000000000 ) ;
#7358 = ORIENTED_EDGE ( 'NONE', *, *, #4488, .T. ) ;
#7359 = LINE ( 'NONE', #44, #3939 ) ;
#7360 = ORIENTED_EDGE ( 'NONE', *, *, #7786, .F. ) ;
#7361 = CARTESIAN_POINT ( 'NONE',  ( 15.00000000000000355, -0.2500000000000000000, -61.94928997712344199 ) ) ;
#7362 = VERTEX_POINT ( 'NONE', #379 ) ;
#7363 = AXIS2_PLACEMENT_3D ( 'NONE', #176, #1136, #9237 ) ;
#7364 = AXIS2_PLACEMENT_3D ( 'NONE', #7846, #3638, #4588 ) ;
#7365 = CARTESIAN_POINT ( 'NONE',  ( 32.95000000000000995, 1.600000000000000089, -0.000000000000000000 ) ) ;
#7366 = LINE ( 'NONE', #4793, #4525 ) ;
#7367 = LINE ( 'NONE', #9554, #5202 ) ;
#7368 = EDGE_CURVE ( 'NONE', #8137, #8857, #2952, .T. ) ;
#7369 = CARTESIAN_POINT ( 'NONE',  ( -36.45000000000000284, 9.899999999999998579, -6.049999999999999822 ) ) ;
#7370 = DIRECTION ( 'NONE',  ( 0.000000000000000000, 0.000000000000000000, -1.000000000000000000 ) ) ;
#7371 = ORIENTED_EDGE ( 'NONE', *, *, #166, .T. ) ;
#7372 = CARTESIAN_POINT ( 'NONE',  ( -26.85000000000000142, 7.200000000000009948, 23.15100000000000691 ) ) ;
#7373 = ORIENTED_EDGE ( 'NONE', *, *, #10003, .T. ) ;
#7374 = ORIENTED_EDGE ( 'NONE', *, *, #7489, .F. ) ;
#7375 = AXIS2_PLACEMENT_3D ( 'NONE', #6780, #7587, #273 ) ;
#7376 = EDGE_LOOP ( 'NONE', ( #4115, #6666, #674, #770 ) ) ;
#7377 = VECTOR ( 'NONE', #1983, 1000.000000000000000 ) ;
#7378 = DIRECTION ( 'NONE',  ( 0.000000000000000000, 0.000000000000000000, -1.000000000000000000 ) ) ;
#7379 = EDGE_CURVE ( 'NONE', #9870, #2988, #7249, .T. ) ;
#7380 = EDGE_CURVE ( 'NONE', #8609, #9325, #3649, .T. ) ;
#7381 = DIRECTION ( 'NONE',  ( 1.000000000000000000, -1.101142831430592166E-16, 0.000000000000000000 ) ) ;
#7382 = EDGE_CURVE ( 'NONE', #5628, #6502, #8164, .T. ) ;
#7383 = PLANE ( 'NONE',  #6676 ) ;
#7384 = PLANE ( 'NONE',  #2606 ) ;
#7385 = CARTESIAN_POINT ( 'NONE',  ( -35.25000000000000711, -1.800000000000000044, -20.74999999999999645 ) ) ;
#7386 = VERTEX_POINT ( 'NONE', #6405 ) ;
#7387 = ORIENTED_EDGE ( 'NONE', *, *, #2496, .F. ) ;
#7388 = AXIS2_PLACEMENT_3D ( 'NONE', #9360, #6854, #2915 ) ;
#7389 = SURFACE_STYLE_USAGE ( .BOTH. , #1722 ) ;
#7390 = ORIENTED_EDGE ( 'NONE', *, *, #9195, .F. ) ;
#7391 = EDGE_LOOP ( 'NONE', ( #863, #1975, #4801, #445 ) ) ;
#7392 = ADVANCED_FACE ( 'NONE', ( #4856 ), #854, .T. ) ;
#7393 = VECTOR ( 'NONE', #554, 1000.000000000000000 ) ;
#7394 = DIRECTION ( 'NONE',  ( 1.000000000000000000, 0.000000000000000000, 0.000000000000000000 ) ) ;
#7395 = CARTESIAN_POINT ( 'NONE',  ( 15.00000000000000355, -0.2500000000000000000, -16.84999999999999787 ) ) ;
#7396 = CARTESIAN_POINT ( 'NONE',  ( -26.75000000000000000, 3.600000000000004530, -19.25000000000000000 ) ) ;
#7397 = PLANE ( 'NONE',  #7609 ) ;
#7398 = VERTEX_POINT ( 'NONE', #9705 ) ;
#7399 = CARTESIAN_POINT ( 'NONE',  ( -36.45000000000000284, -9.000000000000001776, 8.448227494413584893 ) ) ;
#7400 = VERTEX_POINT ( 'NONE', #3906 ) ;
#7401 = LINE ( 'NONE', #3358, #5017 ) ;
#7402 = ORIENTED_EDGE ( 'NONE', *, *, #8286, .F. ) ;
#7403 = AXIS2_PLACEMENT_3D ( 'NONE', #1981, #8534, #4478 ) ;
#7404 = ADVANCED_FACE ( 'NONE', ( #7263 ), #4007, .F. ) ;
#7405 = AXIS2_PLACEMENT_3D ( 'NONE', #10065, #4314, #8264 ) ;
#7406 = LINE ( 'NONE', #6762, #4004 ) ;
#7407 = ORIENTED_EDGE ( 'NONE', *, *, #8936, .T. ) ;
#7408 = CARTESIAN_POINT ( 'NONE',  ( 34.25000000000000711, 1.600000000000000089, -3.115470053837923636 ) ) ;
#7409 = LINE ( 'NONE', #99, #3294 ) ;
#7410 = LINE ( 'NONE', #9912, #8071 ) ;
#7411 = AXIS2_PLACEMENT_3D ( 'NONE', #10280, #8080, #6270 ) ;
#7412 = LINE ( 'NONE', #2772, #3006 ) ;
#7413 = CARTESIAN_POINT ( 'NONE',  ( 39.25000000000000000, 7.500000000000007105, -20.74999999999999645 ) ) ;
#7414 = ORIENTED_EDGE ( 'NONE', *, *, #6680, .F. ) ;
#7415 = DIRECTION ( 'NONE',  ( 0.000000000000000000, 0.000000000000000000, 1.000000000000000000 ) ) ;
#7416 = VERTEX_POINT ( 'NONE', #7315 ) ;
#7417 = DIRECTION ( 'NONE',  ( 0.000000000000000000, 0.000000000000000000, 1.000000000000000000 ) ) ;
#7418 = VECTOR ( 'NONE', #3007, 1000.000000000000000 ) ;
#7419 = ORIENTED_EDGE ( 'NONE', *, *, #6458, .T. ) ;
#7420 = EDGE_CURVE ( 'NONE', #3682, #2936, #944, .T. ) ;
#7421 = VECTOR ( 'NONE', #1921, 999.9999999999998863 ) ;
#7422 = DIRECTION ( 'NONE',  ( 0.000000000000000000, 0.000000000000000000, -1.000000000000000000 ) ) ;
#7423 = CARTESIAN_POINT ( 'NONE',  ( -20.85000000000000142, 7.000000000000006217, 24.45000000000000639 ) ) ;
#7424 = VECTOR ( 'NONE', #8323, 1000.000000000000000 ) ;
#7425 = FACE_OUTER_BOUND ( 'NONE', #9241, .T. ) ;
#7426 = CARTESIAN_POINT ( 'NONE',  ( -31.55000000000000782, -0.3999999999999999667, 7.000000000000000888 ) ) ;
#7427 = VECTOR ( 'NONE', #8575, 1000.000000000000000 ) ;
#7428 = LINE ( 'NONE', #6729, #6562 ) ;
#7429 = ORIENTED_EDGE ( 'NONE', *, *, #8346, .T. ) ;
#7430 = LINE ( 'NONE', #1768, #5944 ) ;
#7431 = ORIENTED_EDGE ( 'NONE', *, *, #1611, .T. ) ;
#7432 = VERTEX_POINT ( 'NONE', #5605 ) ;
#7433 = EDGE_CURVE ( 'NONE', #1419, #4959, #3263, .T. ) ;
#7434 = EDGE_LOOP ( 'NONE', ( #7471, #1036, #9099, #10461, #9956, #6940, #9709, #8294, #6449, #5152, #5777, #8476, #6850 ) ) ;
#7435 = DIRECTION ( 'NONE',  ( -0.000000000000000000, -0.000000000000000000, -1.000000000000000000 ) ) ;
#7436 = FACE_OUTER_BOUND ( 'NONE', #3799, .T. ) ;
#7437 = CARTESIAN_POINT ( 'NONE',  ( 11.95000000000000639, 5.000000000000000000, 17.44999999999999929 ) ) ;
#7438 = FACE_OUTER_BOUND ( 'NONE', #3857, .T. ) ;
#7439 = ORIENTED_EDGE ( 'NONE', *, *, #3894, .T. ) ;
#7440 = ORIENTED_EDGE ( 'NONE', *, *, #5559, .T. ) ;
#7441 = PLANE ( 'NONE',  #6437 ) ;
#7442 = EDGE_CURVE ( 'NONE', #7160, #8956, #1795, .T. ) ;
#7443 = EDGE_CURVE ( 'NONE', #742, #9870, #7153, .T. ) ;
#7444 = VERTEX_POINT ( 'NONE', #8964 ) ;
#7445 = ORIENTED_EDGE ( 'NONE', *, *, #1572, .F. ) ;
#7446 = CARTESIAN_POINT ( 'NONE',  ( -29.65000000000001990, 1.600000000000000089, -10.00000000000000000 ) ) ;
#7447 = LINE ( 'NONE', #5189, #8929 ) ;
#7448 = LINE ( 'NONE', #134, #1935 ) ;
#7449 = DIRECTION ( 'NONE',  ( -0.000000000000000000, -0.000000000000000000, -1.000000000000000000 ) ) ;
#7450 = VECTOR ( 'NONE', #10061, 1000.000000000000000 ) ;
#7451 = CARTESIAN_POINT ( 'NONE',  ( -17.50000000000000355, -1.800000000000000044, -20.74999999999999645 ) ) ;
#7452 = EDGE_LOOP ( 'NONE', ( #3071, #1648, #3155, #4516 ) ) ;
#7453 = FACE_OUTER_BOUND ( 'NONE', #687, .T. ) ;
#7454 = ORIENTED_EDGE ( 'NONE', *, *, #340, .F. ) ;
#7455 = EDGE_CURVE ( 'NONE', #4019, #73, #7366, .T. ) ;
#7456 = CARTESIAN_POINT ( 'NONE',  ( -26.64999999999999503, -3.399999999999999911, -17.64999999999999503 ) ) ;
#7457 = ORIENTED_EDGE ( 'NONE', *, *, #6403, .T. ) ;
#7458 = CARTESIAN_POINT ( 'NONE',  ( -39.25000000000000000, 1.600000000000000089, -20.74999999999999645 ) ) ;
#7459 = ORIENTED_EDGE ( 'NONE', *, *, #2166, .F. ) ;
#7460 = DIRECTION ( 'NONE',  ( 1.000000000000000000, 0.000000000000000000, 0.000000000000000000 ) ) ;
#7461 = DIRECTION ( 'NONE',  ( -0.000000000000000000, 1.000000000000000000, -0.000000000000000000 ) ) ;
#7462 = DIRECTION ( 'NONE',  ( -1.000000000000000000, 1.032573497605242594E-16, 0.000000000000000000 ) ) ;
#7463 = DIRECTION ( 'NONE',  ( -0.000000000000000000, 0.000000000000000000, 1.000000000000000000 ) ) ;
#7464 = DIRECTION ( 'NONE',  ( 0.000000000000000000, -0.000000000000000000, -1.000000000000000000 ) ) ;
#7465 = ORIENTED_EDGE ( 'NONE', *, *, #2870, .F. ) ;
#7466 = AXIS2_PLACEMENT_3D ( 'NONE', #6040, #1993, #6247 ) ;
#7467 = CARTESIAN_POINT ( 'NONE',  ( -26.75000000000000000, 3.600000000000004530, -17.44999999999999929 ) ) ;
#7468 = ORIENTED_EDGE ( 'NONE', *, *, #8143, .F. ) ;
#7469 = EDGE_CURVE ( 'NONE', #6677, #7170, #10457, .T. ) ;
#7470 = CARTESIAN_POINT ( 'NONE',  ( -31.55000000000000782, 9.899999999999998579, -5.449999999999998401 ) ) ;
#7471 = ORIENTED_EDGE ( 'NONE', *, *, #7144, .F. ) ;
#7472 = VECTOR ( 'NONE', #4604, 1000.000000000000000 ) ;
#7473 = DIRECTION ( 'NONE',  ( -1.000000000000000000, 0.000000000000000000, 2.891205793294679411E-15 ) ) ;
#7474 = DIRECTION ( 'NONE',  ( 2.569960705150825398E-16, 1.000000000000000000, 0.000000000000000000 ) ) ;
#7475 = DIRECTION ( 'NONE',  ( 0.000000000000000000, 0.000000000000000000, -1.000000000000000000 ) ) ;
#7476 = ADVANCED_FACE ( 'NONE', ( #6347 ), #266, .T. ) ;
#7477 = DIRECTION ( 'NONE',  ( -0.000000000000000000, -1.000000000000000000, -0.000000000000000000 ) ) ;
#7478 = ADVANCED_FACE ( 'NONE', ( #8853 ), #802, .T. ) ;
#7479 = LINE ( 'NONE', #168, #2306 ) ;
#7480 = VECTOR ( 'NONE', #2862, 1000.000000000000000 ) ;
#7481 = VERTEX_POINT ( 'NONE', #2464 ) ;
#7482 = CARTESIAN_POINT ( 'NONE',  ( 6.550000000000001599, -0.9000000000000014655, -5.049999999999995381 ) ) ;
#7483 = ORIENTED_EDGE ( 'NONE', *, *, #3461, .T. ) ;
#7484 = ORIENTED_EDGE ( 'NONE', *, *, #7885, .T. ) ;
#7485 = EDGE_LOOP ( 'NONE', ( #9802, #6856, #7124, #9486 ) ) ;
#7486 = DIRECTION ( 'NONE',  ( 0.000000000000000000, 0.000000000000000000, 1.000000000000000000 ) ) ;
#7487 = LINE ( 'NONE', #1774, #9879 ) ;
#7488 = AXIS2_PLACEMENT_3D ( 'NONE', #7854, #6093, #2196 ) ;
#7489 = EDGE_CURVE ( 'NONE', #5625, #6642, #3844, .T. ) ;
#7490 = DIRECTION ( 'NONE',  ( -1.000000000000000000, 0.000000000000000000, -0.000000000000000000 ) ) ;
#7491 = CARTESIAN_POINT ( 'NONE',  ( 33.94999999999999574, 7.500000000000001776, 12.80000000000000071 ) ) ;
#7492 = EDGE_CURVE ( 'NONE', #9301, #2398, #6568, .T. ) ;
#7493 = ORIENTED_EDGE ( 'NONE', *, *, #8379, .T. ) ;
#7494 = ORIENTED_EDGE ( 'NONE', *, *, #2731, .F. ) ;
#7495 = CARTESIAN_POINT ( 'NONE',  ( 27.95000000000000639, 7.500000000000000888, 12.92992172241327786 ) ) ;
#7496 = EDGE_LOOP ( 'NONE', ( #2659, #246, #2871, #4257 ) ) ;
#7497 = VECTOR ( 'NONE', #5579, 1000.000000000000000 ) ;
#7498 = ORIENTED_EDGE ( 'NONE', *, *, #3022, .F. ) ;
#7499 = CARTESIAN_POINT ( 'NONE',  ( -24.94999999999999929, 1.600000000000000089, -17.44999999999999929 ) ) ;
#7500 = EDGE_CURVE ( 'NONE', #4449, #5080, #8803, .T. ) ;
#7501 = CARTESIAN_POINT ( 'NONE',  ( 34.35000000000000142, 8.500000000000000000, -19.80000000000000071 ) ) ;
#7502 = CARTESIAN_POINT ( 'NONE',  ( -36.45000000000000284, 9.899999999999998579, -8.448227494413584893 ) ) ;
#7503 = EDGE_CURVE ( 'NONE', #7536, #6904, #1489, .T. ) ;
#7504 = DIRECTION ( 'NONE',  ( 0.000000000000000000, -1.000000000000000000, 0.000000000000000000 ) ) ;
#7505 = ORIENTED_EDGE ( 'NONE', *, *, #6369, .F. ) ;
#7506 = CARTESIAN_POINT ( 'NONE',  ( 24.85000000000000853, -4.999999999999992006, 23.15100000000000691 ) ) ;
#7507 = DIRECTION ( 'NONE',  ( -1.000000000000000000, 0.000000000000000000, 0.000000000000000000 ) ) ;
#7508 = VERTEX_POINT ( 'NONE', #4699 ) ;
#7509 = VERTEX_POINT ( 'NONE', #691 ) ;
#7510 = CARTESIAN_POINT ( 'NONE',  ( -34.85000000000000142, 6.200000000000000178, -19.24999999999999645 ) ) ;
#7511 = EDGE_CURVE ( 'NONE', #6243, #6061, #10514, .T. ) ;
#7512 = ORIENTED_EDGE ( 'NONE', *, *, #5914, .F. ) ;
#7513 = ADVANCED_FACE ( 'NONE', ( #6776 ), #4962, .T. ) ;
#7514 = LINE ( 'NONE', #149, #2539 ) ;
#7515 = DIRECTION ( 'NONE',  ( 0.000000000000000000, 0.000000000000000000, -1.000000000000000000 ) ) ;
#7516 = CARTESIAN_POINT ( 'NONE',  ( 27.85000000000000497, 7.000000000000004441, 23.35100000000000975 ) ) ;
#7517 = EDGE_CURVE ( 'NONE', #3519, #4163, #163, .T. ) ;
#7518 = FACE_BOUND ( 'NONE', #8410, .T. ) ;
#7519 = LINE ( 'NONE', #1057, #421 ) ;
#7520 = EDGE_LOOP ( 'NONE', ( #8313, #1827, #2472, #8911, #8836, #8593 ) ) ;
#7521 = DIRECTION ( 'NONE',  ( 0.000000000000000000, -1.000000000000000000, 0.000000000000000000 ) ) ;
#7522 = VERTEX_POINT ( 'NONE', #3535 ) ;
#7523 = CARTESIAN_POINT ( 'NONE',  ( 37.65000000000001279, 7.500000000000006217, -11.95000000000000639 ) ) ;
#7524 = ORIENTED_EDGE ( 'NONE', *, *, #9070, .F. ) ;
#7525 = VECTOR ( 'NONE', #3627, 1000.000000000000000 ) ;
#7526 = DIRECTION ( 'NONE',  ( 1.000000000000000000, 0.000000000000000000, -0.000000000000000000 ) ) ;
#7527 = ADVANCED_FACE ( 'NONE', ( #8328 ), #10075, .F. ) ;
#7528 = AXIS2_PLACEMENT_3D ( 'NONE', #3598, #7858, #10093 ) ;
#7529 = CARTESIAN_POINT ( 'NONE',  ( -19.64999999999999858, 0.5000000000000000000, -16.84999999999999787 ) ) ;
#7530 = LINE ( 'NONE', #212, #9935 ) ;
#7531 = DIRECTION ( 'NONE',  ( -0.8660254037844378194, 0.000000000000000000, -0.5000000000000015543 ) ) ;
#7532 = FACE_OUTER_BOUND ( 'NONE', #3354, .T. ) ;
#7533 = ORIENTED_EDGE ( 'NONE', *, *, #5745, .T. ) ;
#7534 = FACE_BOUND ( 'NONE', #9442, .T. ) ;
#7535 = VECTOR ( 'NONE', #541, 1000.000000000000000 ) ;
#7536 = VERTEX_POINT ( 'NONE', #268 ) ;
#7537 = ORIENTED_EDGE ( 'NONE', *, *, #1118, .T. ) ;
#7538 = ORIENTED_EDGE ( 'NONE', *, *, #5299, .T. ) ;
#7539 = CARTESIAN_POINT ( 'NONE',  ( 0.000000000000000000, -1.800000000000000044, 0.000000000000000000 ) ) ;
#7540 = EDGE_CURVE ( 'NONE', #8493, #7522, #8276, .T. ) ;
#7541 = LINE ( 'NONE', #3596, #7148 ) ;
#7542 = DIRECTION ( 'NONE',  ( 0.000000000000000000, -0.000000000000000000, -1.000000000000000000 ) ) ;
#7543 = CARTESIAN_POINT ( 'NONE',  ( -37.35000000000000142, 1.599999999999999645, -10.00000000000000000 ) ) ;
#7544 = ORIENTED_EDGE ( 'NONE', *, *, #1500, .T. ) ;
#7545 = ORIENTED_EDGE ( 'NONE', *, *, #5079, .T. ) ;
#7546 = DIRECTION ( 'NONE',  ( 0.000000000000000000, -0.000000000000000000, -1.000000000000000000 ) ) ;
#7547 = VECTOR ( 'NONE', #1331, 1000.000000000000000 ) ;
#7548 = ORIENTED_EDGE ( 'NONE', *, *, #1702, .T. ) ;
#7549 = ADVANCED_FACE ( 'NONE', ( #10027 ), #4379, .T. ) ;
#7550 = ORIENTED_EDGE ( 'NONE', *, *, #6019, .F. ) ;
#7551 = DIRECTION ( 'NONE',  ( -1.000000000000000000, -0.000000000000000000, -0.000000000000000000 ) ) ;
#7552 = VECTOR ( 'NONE', #8484, 1000.000000000000000 ) ;
#7553 = VECTOR ( 'NONE', #7848, 1000.000000000000000 ) ;
#7554 = DIRECTION ( 'NONE',  ( 0.000000000000000000, 0.000000000000000000, -1.000000000000000000 ) ) ;
#7555 = LINE ( 'NONE', #8246, #3917 ) ;
#7556 = VECTOR ( 'NONE', #7461, 1000.000000000000000 ) ;
#7557 = DIRECTION ( 'NONE',  ( 0.000000000000000000, -0.000000000000000000, -1.000000000000000000 ) ) ;
#7558 = ORIENTED_EDGE ( 'NONE', *, *, #2971, .T. ) ;
#7559 = DIRECTION ( 'NONE',  ( 0.000000000000000000, 0.000000000000000000, -1.000000000000000000 ) ) ;
#7560 = VERTEX_POINT ( 'NONE', #110 ) ;
#7561 = ORIENTED_EDGE ( 'NONE', *, *, #175, .F. ) ;
#7562 = AXIS2_PLACEMENT_3D ( 'NONE', #9847, #2654, #9095 ) ;
#7563 = EDGE_CURVE ( 'NONE', #8267, #9042, #2681, .T. ) ;
#7564 = CARTESIAN_POINT ( 'NONE',  ( 21.85000000000000142, 6.200000000000001066, 20.75000000000000355 ) ) ;
#7565 = DIRECTION ( 'NONE',  ( 0.000000000000000000, 0.000000000000000000, -1.000000000000000000 ) ) ;
#7566 = LINE ( 'NONE', #954, #4649 ) ;
#7567 = CARTESIAN_POINT ( 'NONE',  ( -18.50000000000000355, 7.181024967590668773, -20.16897503240933531 ) ) ;
#7568 = DIRECTION ( 'NONE',  ( 0.000000000000000000, 0.000000000000000000, -1.000000000000000000 ) ) ;
#7569 = CARTESIAN_POINT ( 'NONE',  ( -5.813961030678924224, -1.799999999999993383, -17.54999999999999716 ) ) ;
#7570 = VERTEX_POINT ( 'NONE', #6619 ) ;
#7571 = CONICAL_SURFACE ( 'NONE', #1091, 0.2000000000000022593, 0.7853981633974370657 ) ;
#7572 = CARTESIAN_POINT ( 'NONE',  ( 27.64999999999999858, -1.899999999999992362, -20.24999999999999645 ) ) ;
#7573 = AXIS2_PLACEMENT_3D ( 'NONE', #7580, #267, #1815 ) ;
#7574 = ORIENTED_EDGE ( 'NONE', *, *, #1117, .T. ) ;
#7575 = DIRECTION ( 'NONE',  ( -0.000000000000000000, -1.000000000000000000, -0.000000000000000000 ) ) ;
#7576 = ORIENTED_EDGE ( 'NONE', *, *, #3378, .T. ) ;
#7577 = ADVANCED_FACE ( 'NONE', ( #5876 ), #2626, .T. ) ;
#7578 = EDGE_CURVE ( 'NONE', #10058, #8343, #8433, .T. ) ;
#7579 = VECTOR ( 'NONE', #1, 1000.000000000000000 ) ;
#7580 = CARTESIAN_POINT ( 'NONE',  ( 33.35000000000000142, 9.899999999999998579, -4.096965511460286535 ) ) ;
#7581 = AXIS2_PLACEMENT_3D ( 'NONE', #6590, #8187, #4990 ) ;
#7582 = DIRECTION ( 'NONE',  ( 0.000000000000000000, 1.000000000000000000, 0.000000000000000000 ) ) ;
#7583 = DIRECTION ( 'NONE',  ( 0.000000000000000000, 0.000000000000000000, 1.000000000000000000 ) ) ;
#7584 = ADVANCED_FACE ( 'NONE', ( #7636 ), #6826, .T. ) ;
#7585 = DIRECTION ( 'NONE',  ( -1.000000000000000000, -0.000000000000000000, -0.000000000000000000 ) ) ;
#7586 = VECTOR ( 'NONE', #1766, 1000.000000000000000 ) ;
#7587 = DIRECTION ( 'NONE',  ( -0.000000000000000000, 1.000000000000000000, -0.000000000000000000 ) ) ;
#7588 = CARTESIAN_POINT ( 'NONE',  ( 34.75000000000000000, -1.800000000000000044, 0.000000000000000000 ) ) ;
#7589 = ORIENTED_EDGE ( 'NONE', *, *, #6534, .T. ) ;
#7590 = DIRECTION ( 'NONE',  ( 0.000000000000000000, 1.000000000000000000, 0.000000000000000000 ) ) ;
#7591 = CIRCLE ( 'NONE', #10316, 8.450000000000001066 ) ;
#7592 = AXIS2_PLACEMENT_3D ( 'NONE', #2733, #211, #8376 ) ;
#7593 = EDGE_CURVE ( 'NONE', #7198, #3682, #1705, .T. ) ;
#7594 = ORIENTED_EDGE ( 'NONE', *, *, #6507, .T. ) ;
#7595 = ORIENTED_EDGE ( 'NONE', *, *, #3218, .F. ) ;
#7596 = ORIENTED_EDGE ( 'NONE', *, *, #6424, .F. ) ;
#7597 = VECTOR ( 'NONE', #9010, 1000.000000000000000 ) ;
#7598 = CARTESIAN_POINT ( 'NONE',  ( 37.65000000000000568, -9.000000000000007105, 19.24999999999999645 ) ) ;
#7599 = CIRCLE ( 'NONE', #2140, 0.8500000000000000888 ) ;
#7600 = CARTESIAN_POINT ( 'NONE',  ( -26.65000000000000568, 7.000000000000004441, 23.15100000000000691 ) ) ;
#7601 = VECTOR ( 'NONE', #2304, 1000.000000000000000 ) ;
#7602 = DIRECTION ( 'NONE',  ( 0.000000000000000000, -0.000000000000000000, -1.000000000000000000 ) ) ;
#7603 = DIRECTION ( 'NONE',  ( 0.000000000000000000, 0.000000000000000000, 1.000000000000000000 ) ) ;
#7604 = ORIENTED_EDGE ( 'NONE', *, *, #7829, .F. ) ;
#7605 = VECTOR ( 'NONE', #359, 1000.000000000000000 ) ;
#7606 = ORIENTED_EDGE ( 'NONE', *, *, #5618, .F. ) ;
#7607 = DIRECTION ( 'NONE',  ( 0.000000000000000000, 0.000000000000000000, 1.000000000000000000 ) ) ;
#7608 = EDGE_CURVE ( 'NONE', #7954, #1471, #4324, .T. ) ;
#7609 = AXIS2_PLACEMENT_3D ( 'NONE', #86, #8935, #4940 ) ;
#7610 = ORIENTED_EDGE ( 'NONE', *, *, #8431, .F. ) ;
#7611 = ORIENTED_EDGE ( 'NONE', *, *, #9070, .T. ) ;
#7612 = FACE_OUTER_BOUND ( 'NONE', #1618, .T. ) ;
#7613 = DIRECTION ( 'NONE',  ( 0.000000000000000000, 0.000000000000000000, -1.000000000000000000 ) ) ;
#7614 = LINE ( 'NONE', #294, #8645 ) ;
#7615 = CARTESIAN_POINT ( 'NONE',  ( 35.35000000000000142, 9.100000000000003197, 0.3500000000000007550 ) ) ;
#7616 = EDGE_CURVE ( 'NONE', #10534, #5910, #1759, .T. ) ;
#7617 = ORIENTED_EDGE ( 'NONE', *, *, #4222, .T. ) ;
#7618 = DIRECTION ( 'NONE',  ( 1.000000000000000000, -1.239028640609192497E-16, 0.000000000000000000 ) ) ;
#7619 = EDGE_CURVE ( 'NONE', #4176, #4605, #3430, .T. ) ;
#7620 = ORIENTED_EDGE ( 'NONE', *, *, #7593, .T. ) ;
#7621 = ORIENTED_EDGE ( 'NONE', *, *, #2298, .T. ) ;
#7622 = CARTESIAN_POINT ( 'NONE',  ( -25.09999999999999787, -4.999999999999999112, 23.15000000000000568 ) ) ;
#7623 = DIRECTION ( 'NONE',  ( -0.000000000000000000, -0.000000000000000000, -1.000000000000000000 ) ) ;
#7624 = LINE ( 'NONE', #7675, #5849 ) ;
#7625 = CARTESIAN_POINT ( 'NONE',  ( -10.09999999999999787, -2.799999999999999822, -7.699999999999992184 ) ) ;
#7626 = DIRECTION ( 'NONE',  ( 0.000000000000000000, 0.000000000000000000, -1.000000000000000000 ) ) ;
#7627 = EDGE_CURVE ( 'NONE', #9431, #2026, #3481, .T. ) ;
#7628 = PLANE ( 'NONE',  #7918 ) ;
#7629 = ORIENTED_EDGE ( 'NONE', *, *, #9605, .T. ) ;
#7630 = CARTESIAN_POINT ( 'NONE',  ( -26.25000000000001066, -1.800000000000000044, 10.50000000000000355 ) ) ;
#7631 = EDGE_CURVE ( 'NONE', #10465, #1835, #5073, .T. ) ;
#7632 = VERTEX_POINT ( 'NONE', #9979 ) ;
#7633 = CARTESIAN_POINT ( 'NONE',  ( 13.50000000000000178, -0.2500000000000000000, -16.84999999999999787 ) ) ;
#7634 = ORIENTED_EDGE ( 'NONE', *, *, #8546, .F. ) ;
#7635 = DIRECTION ( 'NONE',  ( 0.000000000000000000, 0.000000000000000000, -1.000000000000000000 ) ) ;
#7636 = FACE_OUTER_BOUND ( 'NONE', #1524, .T. ) ;
#7637 = CARTESIAN_POINT ( 'NONE',  ( 34.25000000000000711, 1.600000000000000755, 3.115470053837923636 ) ) ;
#7638 = DIRECTION ( 'NONE',  ( -1.000000000000000000, 0.000000000000000000, 0.000000000000000000 ) ) ;
#7639 = EDGE_CURVE ( 'NONE', #8334, #6483, #9175, .T. ) ;
#7640 = ADVANCED_FACE ( 'NONE', ( #3739, #7844 ), #476, .T. ) ;
#7641 = LINE ( 'NONE', #3587, #9760 ) ;
#7642 = LINE ( 'NONE', #5398, #9281 ) ;
#7643 = ORIENTED_EDGE ( 'NONE', *, *, #1431, .T. ) ;
#7644 = ORIENTED_EDGE ( 'NONE', *, *, #4677, .T. ) ;
#7645 = ORIENTED_EDGE ( 'NONE', *, *, #5681, .T. ) ;
#7646 = AXIS2_PLACEMENT_3D ( 'NONE', #3758, #546, #7862 ) ;
#7647 = ORIENTED_EDGE ( 'NONE', *, *, #7910, .T. ) ;
#7648 = CARTESIAN_POINT ( 'NONE',  ( 5.950000000000004619, 3.600000000000000977, -17.44999999999999929 ) ) ;
#7649 = CARTESIAN_POINT ( 'NONE',  ( 24.85000000000000853, -4.999999999999992006, 23.35100000000000975 ) ) ;
#7650 = CARTESIAN_POINT ( 'NONE',  ( -19.64999999999999858, -1.800000000000000044, 23.75100000000000833 ) ) ;
#7651 = DIRECTION ( 'NONE',  ( 0.000000000000000000, -1.000000000000000000, -0.000000000000000000 ) ) ;
#7652 = EDGE_CURVE ( 'NONE', #7161, #6243, #9382, .T. ) ;
#7653 = LINE ( 'NONE', #3551, #5329 ) ;
#7654 = AXIS2_PLACEMENT_3D ( 'NONE', #1248, #1349, #8509 ) ;
#7655 = EDGE_CURVE ( 'NONE', #1740, #6993, #6984, .T. ) ;
#7656 = ORIENTED_EDGE ( 'NONE', *, *, #9716, .T. ) ;
#7657 = LINE ( 'NONE', #336, #4233 ) ;
#7658 = ORIENTED_EDGE ( 'NONE', *, *, #8216, .F. ) ;
#7659 = ORIENTED_EDGE ( 'NONE', *, *, #7469, .T. ) ;
#7660 = CARTESIAN_POINT ( 'NONE',  ( 39.25000000000000000, 1.600000000000000089, -14.24999999999999822 ) ) ;
#7661 = AXIS2_PLACEMENT_3D ( 'NONE', #2950, #9290, #6194 ) ;
#7662 = EDGE_CURVE ( 'NONE', #8206, #3359, #7092, .T. ) ;
#7663 = DIRECTION ( 'NONE',  ( -0.000000000000000000, -0.7071067811865474617, -0.7071067811865474617 ) ) ;
#7664 = DIRECTION ( 'NONE',  ( 0.000000000000000000, 1.000000000000000000, -1.387778780781447056E-15 ) ) ;
#7665 = CARTESIAN_POINT ( 'NONE',  ( -23.85000000000000142, -4.999999999999999112, 23.15000000000000568 ) ) ;
#7666 = ORIENTED_EDGE ( 'NONE', *, *, #1558, .F. ) ;
#7667 = AXIS2_PLACEMENT_3D ( 'NONE', #122, #4236, #5989 ) ;
#7668 = DIRECTION ( 'NONE',  ( 0.000000000000000000, 0.000000000000000000, 1.000000000000000000 ) ) ;
#7669 = VECTOR ( 'NONE', #4249, 1000.000000000000000 ) ;
#7670 = VERTEX_POINT ( 'NONE', #6238 ) ;
#7671 = ORIENTED_EDGE ( 'NONE', *, *, #5879, .T. ) ;
#7672 = LINE ( 'NONE', #3134, #3671 ) ;
#7673 = EDGE_CURVE ( 'NONE', #3949, #2416, #2079, .T. ) ;
#7674 = DIRECTION ( 'NONE',  ( -1.000000000000000000, 2.596653838999757010E-16, -0.000000000000000000 ) ) ;
#7675 = CARTESIAN_POINT ( 'NONE',  ( -12.75000000000000178, -5.000000000000000000, -11.14999999999999503 ) ) ;
#7676 = DIRECTION ( 'NONE',  ( 0.000000000000000000, 0.000000000000000000, 1.000000000000000000 ) ) ;
#7677 = LINE ( 'NONE', #3677, #10480 ) ;
#7678 = CARTESIAN_POINT ( 'NONE',  ( 15.00000000000000355, -0.2500000000000000000, -15.94999999999999929 ) ) ;
#7679 = ORIENTED_EDGE ( 'NONE', *, *, #4513, .T. ) ;
#7680 = DIRECTION ( 'NONE',  ( 1.000000000000000000, 0.000000000000000000, 0.000000000000000000 ) ) ;
#7681 = ORIENTED_EDGE ( 'NONE', *, *, #4785, .T. ) ;
#7682 = LINE ( 'NONE', #4581, #6233 ) ;
#7683 = ORIENTED_EDGE ( 'NONE', *, *, #8379, .F. ) ;
#7684 = DIRECTION ( 'NONE',  ( 0.000000000000000000, 0.000000000000000000, 1.000000000000000000 ) ) ;
#7685 = DIRECTION ( 'NONE',  ( 0.000000000000000000, 0.000000000000000000, 1.000000000000000000 ) ) ;
#7686 = CARTESIAN_POINT ( 'NONE',  ( -39.25000000000000000, 1.600000000000000089, -10.00000000000000000 ) ) ;
#7687 = CARTESIAN_POINT ( 'NONE',  ( -24.94999999999999929, 1.600000000000000089, -17.44999999999999929 ) ) ;
#7688 = LINE ( 'NONE', #10138, #908 ) ;
#7689 = AXIS2_PLACEMENT_3D ( 'NONE', #88, #4999, #8938 ) ;
#7690 = DIRECTION ( 'NONE',  ( 0.000000000000000000, 0.000000000000000000, 1.000000000000000000 ) ) ;
#7691 = ORIENTED_EDGE ( 'NONE', *, *, #6507, .F. ) ;
#7692 = ORIENTED_EDGE ( 'NONE', *, *, #2921, .T. ) ;
#7693 = ORIENTED_EDGE ( 'NONE', *, *, #4056, .F. ) ;
#7694 = ORIENTED_EDGE ( 'NONE', *, *, #1825, .F. ) ;
#7695 = LINE ( 'NONE', #2089, #833 ) ;
#7696 = AXIS2_PLACEMENT_3D ( 'NONE', #6916, #1151, #7668 ) ;
#7697 = EDGE_CURVE ( 'NONE', #9000, #6918, #8483, .T. ) ;
#7698 = DIRECTION ( 'NONE',  ( 0.000000000000000000, 1.762134456409849633E-16, -1.000000000000000000 ) ) ;
#7699 = CARTESIAN_POINT ( 'NONE',  ( 34.75000000000000000, -9.000000000000007105, 14.24999999999999645 ) ) ;
#7700 = ORIENTED_EDGE ( 'NONE', *, *, #7761, .F. ) ;
#7701 = CARTESIAN_POINT ( 'NONE',  ( -35.64999999999999858, -0.7000000000000000666, 23.75000000000000711 ) ) ;
#7702 = LINE ( 'NONE', #4395, #8564 ) ;
#7703 = CIRCLE ( 'NONE', #8874, 0.5999999999999998668 ) ;
#7704 = DIRECTION ( 'NONE',  ( 1.000000000000000000, -0.000000000000000000, 0.000000000000000000 ) ) ;
#7705 = ORIENTED_EDGE ( 'NONE', *, *, #4845, .F. ) ;
#7706 = LINE ( 'NONE', #5252, #4057 ) ;
#7707 = UNCERTAINTY_MEASURE_WITH_UNIT (LENGTH_MEASURE( 1.000000000000000082E-05 ), #1093, 'distance_accuracy_value', 'NONE');
#7708 = EDGE_LOOP ( 'NONE', ( #1769, #5064, #7212, #7816 ) ) ;
#7709 = EDGE_CURVE ( 'NONE', #4629, #6191, #3856, .T. ) ;
#7710 = ADVANCED_FACE ( 'NONE', ( #576 ), #9278, .T. ) ;
#7711 = VERTEX_POINT ( 'NONE', #2840 ) ;
#7712 = CIRCLE ( 'NONE', #7363, 0.8500000000000000888 ) ;
#7713 = DIRECTION ( 'NONE',  ( 0.000000000000000000, 1.000000000000000000, 1.762134456409849633E-16 ) ) ;
#7714 = EDGE_CURVE ( 'NONE', #10255, #5080, #5440, .T. ) ;
#7715 = CARTESIAN_POINT ( 'NONE',  ( 5.950000000000005507, 5.000000000000000000, 19.25000000000000000 ) ) ;
#7716 = LINE ( 'NONE', #8070, #4489 ) ;
#7717 = LINE ( 'NONE', #4300, #9243 ) ;
#7718 = VERTEX_POINT ( 'NONE', #2889 ) ;
#7719 = AXIS2_PLACEMENT_3D ( 'NONE', #6496, #9749, #8954 ) ;
#7720 = LINE ( 'NONE', #2815, #6317 ) ;
#7721 = ORIENTED_EDGE ( 'NONE', *, *, #6318, .F. ) ;
#7722 = EDGE_CURVE ( 'NONE', #7864, #4410, #2783, .T. ) ;
#7723 = ORIENTED_EDGE ( 'NONE', *, *, #9800, .F. ) ;
#7724 = VECTOR ( 'NONE', #1376, 1000.000000000000000 ) ;
#7725 = AXIS2_PLACEMENT_3D ( 'NONE', #5123, #8073, #870 ) ;
#7726 = VECTOR ( 'NONE', #6880, 1000.000000000000000 ) ;
#7727 = CARTESIAN_POINT ( 'NONE',  ( -26.64999999999999503, -2.600000000000004974, -20.24999999999999645 ) ) ;
#7728 = FACE_OUTER_BOUND ( 'NONE', #917, .T. ) ;
#7729 = CARTESIAN_POINT ( 'NONE',  ( -29.55000000000000782, -0.3999999999999993006, -3.750000000000000444 ) ) ;
#7730 = FACE_OUTER_BOUND ( 'NONE', #10011, .T. ) ;
#7731 = LINE ( 'NONE', #6925, #7427 ) ;
#7732 = CARTESIAN_POINT ( 'NONE',  ( 33.35000000000000142, 1.600000000000000755, -4.096965511460286535 ) ) ;
#7733 = VERTEX_POINT ( 'NONE', #5391 ) ;
#7734 = CARTESIAN_POINT ( 'NONE',  ( -27.64999999999999858, 7.589415207398531038E-15, -20.74999999999999645 ) ) ;
#7735 = ORIENTED_EDGE ( 'NONE', *, *, #6875, .T. ) ;
#7736 = DIRECTION ( 'NONE',  ( -1.000000000000000000, 0.000000000000000000, 0.000000000000000000 ) ) ;
#7737 = ORIENTED_EDGE ( 'NONE', *, *, #5589, .T. ) ;
#7738 = VECTOR ( 'NONE', #8462, 1000.000000000000000 ) ;
#7739 = EDGE_CURVE ( 'NONE', #6991, #1355, #8949, .T. ) ;
#7740 = CARTESIAN_POINT ( 'NONE',  ( -10.09999999999999787, -2.799999999999999822, -5.049999999999993605 ) ) ;
#7741 = PLANE ( 'NONE',  #6521 ) ;
#7742 = CARTESIAN_POINT ( 'NONE',  ( -20.64999999999999858, -1.799999999999994493, -17.64999999999999858 ) ) ;
#7743 = VECTOR ( 'NONE', #8364, 1000.000000000000000 ) ;
#7744 = DIRECTION ( 'NONE',  ( 0.000000000000000000, 0.000000000000000000, -1.000000000000000000 ) ) ;
#7745 = LINE ( 'NONE', #9441, #8742 ) ;
#7746 = CARTESIAN_POINT ( 'NONE',  ( 38.85000000000000142, 7.500000000000007105, -20.34999999999999787 ) ) ;
#7747 = ORIENTED_EDGE ( 'NONE', *, *, #4066, .F. ) ;
#7748 = ORIENTED_EDGE ( 'NONE', *, *, #8331, .T. ) ;
#7749 = VECTOR ( 'NONE', #1064, 1000.000000000000000 ) ;
#7750 = CYLINDRICAL_SURFACE ( 'NONE', #6633, 0.5999999999999998668 ) ;
#7751 = CARTESIAN_POINT ( 'NONE',  ( -30.94999999999999929, 3.600000000000004974, 17.44999999999999929 ) ) ;
#7752 = AXIS2_PLACEMENT_3D ( 'NONE', #9298, #601, #6252 ) ;
#7753 = FACE_OUTER_BOUND ( 'NONE', #7827, .T. ) ;
#7754 = ORIENTED_EDGE ( 'NONE', *, *, #786, .T. ) ;
#7755 = DIRECTION ( 'NONE',  ( 0.7071067811865533459, 0.7071067811865416886, 0.000000000000000000 ) ) ;
#7756 = CARTESIAN_POINT ( 'NONE',  ( -27.64999999999999858, -1.800000000000000044, 23.75100000000000833 ) ) ;
#7757 = VECTOR ( 'NONE', #2924, 1000.000000000000000 ) ;
#7758 = LINE ( 'NONE', #3756, #9784 ) ;
#7759 = EDGE_LOOP ( 'NONE', ( #2041, #10524, #9535, #4555, #2946, #1973, #10095, #3719, #3091, #8533, #6124, #508, #7114, #482, #7548, #4330, #3880, #3341, #1888, #3040, #6141, #7545, #6954, #5091, #5306, #2816, #873, #9368, #4763, #10506, #3348, #10184, #6192, #1383, #1415, #7185, #4120, #2651 ) ) ;
#7760 = LINE ( 'NONE', #6749, #2022 ) ;
#7761 = EDGE_CURVE ( 'NONE', #10523, #2936, #4586, .T. ) ;
#7762 = AXIS2_PLACEMENT_3D ( 'NONE', #8489, #3642, #320 ) ;
#7763 = ORIENTED_EDGE ( 'NONE', *, *, #4966, .F. ) ;
#7764 = ORIENTED_EDGE ( 'NONE', *, *, #8711, .T. ) ;
#7765 = CIRCLE ( 'NONE', #3167, 0.5999999999999998668 ) ;
#7766 = LINE ( 'NONE', #2913, #2368 ) ;
#7767 = CARTESIAN_POINT ( 'NONE',  ( -39.25000000000000000, -0.3999999999999975797, 23.34999999999999787 ) ) ;
#7768 = CYLINDRICAL_SURFACE ( 'NONE', #9599, 1.000000000000000000 ) ;
#7769 = AXIS2_PLACEMENT_3D ( 'NONE', #5226, #8426, #7838 ) ;
#7770 = FACE_OUTER_BOUND ( 'NONE', #3729, .T. ) ;
#7771 = EDGE_CURVE ( 'NONE', #3362, #1662, #7793, .T. ) ;
#7772 = DIRECTION ( 'NONE',  ( 1.000000000000000000, -0.000000000000000000, -0.000000000000000000 ) ) ;
#7773 = ADVANCED_FACE ( 'NONE', ( #3787 ), #4427, .F. ) ;
#7774 = ORIENTED_EDGE ( 'NONE', *, *, #2459, .F. ) ;
#7775 = VECTOR ( 'NONE', #3138, 1000.000000000000000 ) ;
#7776 = DIRECTION ( 'NONE',  ( -1.000000000000000000, 0.000000000000000000, -0.000000000000000000 ) ) ;
#7777 = APPLICATION_PROTOCOL_DEFINITION ( 'draft international standard', 'automotive_design', 1998, #829 ) ;
#7778 = ORIENTED_EDGE ( 'NONE', *, *, #8610, .T. ) ;
#7779 = ORIENTED_EDGE ( 'NONE', *, *, #8999, .F. ) ;
#7780 = EDGE_CURVE ( 'NONE', #2293, #1892, #7889, .T. ) ;
#7781 = CARTESIAN_POINT ( 'NONE',  ( 0.000000000000000000, 6.200000000000000178, -19.25000000000000000 ) ) ;
#7782 = DIRECTION ( 'NONE',  ( 1.000000000000000000, 0.000000000000000000, 0.000000000000000000 ) ) ;
#7783 = DIRECTION ( 'NONE',  ( -1.000000000000000000, 0.000000000000000000, 0.000000000000000000 ) ) ;
#7784 = FACE_OUTER_BOUND ( 'NONE', #4544, .T. ) ;
#7785 = DIRECTION ( 'NONE',  ( 1.000000000000000000, -0.000000000000000000, -0.000000000000000000 ) ) ;
#7786 = EDGE_CURVE ( 'NONE', #9909, #4626, #1222, .T. ) ;
#7787 = EDGE_LOOP ( 'NONE', ( #8382, #6544, #6396, #2139 ) ) ;
#7788 = CARTESIAN_POINT ( 'NONE',  ( 34.75000000000000000, 9.100000000000006750, -14.24999999999999645 ) ) ;
#7789 = VERTEX_POINT ( 'NONE', #5232 ) ;
#7790 = DIRECTION ( 'NONE',  ( 0.000000000000000000, 0.000000000000000000, -1.000000000000000000 ) ) ;
#7791 = ORIENTED_EDGE ( 'NONE', *, *, #2762, .T. ) ;
#7792 = DIRECTION ( 'NONE',  ( -0.000000000000000000, 1.000000000000000000, -0.000000000000000000 ) ) ;
#7793 = LINE ( 'NONE', #424, #7377 ) ;
#7794 = LINE ( 'NONE', #5441, #7724 ) ;
#7795 = CARTESIAN_POINT ( 'NONE',  ( 34.05000000000001137, 1.600000000000000755, 2.769059892324147842 ) ) ;
#7796 = ADVANCED_FACE ( 'NONE', ( #10133 ), #7741, .F. ) ;
#7797 = EDGE_LOOP ( 'NONE', ( #9903, #653, #876, #1855 ) ) ;
#7798 = LINE ( 'NONE', #3640, #7553 ) ;
#7799 = VECTOR ( 'NONE', #7664, 1000.000000000000000 ) ;
#7800 = ORIENTED_EDGE ( 'NONE', *, *, #9171, .F. ) ;
#7801 = DIRECTION ( 'NONE',  ( 1.000000000000000000, 0.000000000000000000, 0.000000000000000000 ) ) ;
#7802 = ORIENTED_EDGE ( 'NONE', *, *, #6848, .F. ) ;
#7803 = ORIENTED_EDGE ( 'NONE', *, *, #4701, .F. ) ;
#7804 = FACE_OUTER_BOUND ( 'NONE', #4814, .T. ) ;
#7805 = LINE ( 'NONE', #489, #5892 ) ;
#7806 = CYLINDRICAL_SURFACE ( 'NONE', #838, 0.5999999999999998668 ) ;
#7807 = ORIENTED_EDGE ( 'NONE', *, *, #2956, .F. ) ;
#7808 = LINE ( 'NONE', #1138, #4461 ) ;
#7809 = ADVANCED_FACE ( 'NONE', ( #8792 ), #4687, .T. ) ;
#7810 = CARTESIAN_POINT ( 'NONE',  ( 13.50000000000000178, -0.2499999999999998335, -5.249999999999995559 ) ) ;
#7811 = LINE ( 'NONE', #5408, #7579 ) ;
#7812 = VECTOR ( 'NONE', #8129, 1000.000000000000000 ) ;
#7813 = VERTEX_POINT ( 'NONE', #9542 ) ;
#7814 = DIRECTION ( 'NONE',  ( -1.000000000000000000, 0.000000000000000000, -0.000000000000000000 ) ) ;
#7815 = ORIENTED_EDGE ( 'NONE', *, *, #8955, .T. ) ;
#7816 = ORIENTED_EDGE ( 'NONE', *, *, #3413, .F. ) ;
#7817 = CARTESIAN_POINT ( 'NONE',  ( 15.85000000000000320, -0.2499999999999998890, -20.74999999999999645 ) ) ;
#7818 = VECTOR ( 'NONE', #8970, 1000.000000000000000 ) ;
#7819 = DIRECTION ( 'NONE',  ( -0.000000000000000000, -1.000000000000000000, -0.000000000000000000 ) ) ;
#7820 = DIRECTION ( 'NONE',  ( -1.000000000000000000, 0.000000000000000000, 2.168404344971003198E-16 ) ) ;
#7821 = DIRECTION ( 'NONE',  ( 1.000000000000000000, 0.000000000000000000, 0.000000000000000000 ) ) ;
#7822 = DIRECTION ( 'NONE',  ( 0.000000000000000000, 0.000000000000000000, -1.000000000000000000 ) ) ;
#7823 = ORIENTED_EDGE ( 'NONE', *, *, #861, .T. ) ;
#7824 = DIRECTION ( 'NONE',  ( 0.000000000000000000, 0.000000000000000000, -1.000000000000000000 ) ) ;
#7825 = EDGE_LOOP ( 'NONE', ( #4069, #4241, #2052, #3208 ) ) ;
#7826 = CIRCLE ( 'NONE', #6451, 1.000000000000000888 ) ;
#7827 = EDGE_LOOP ( 'NONE', ( #217, #1867, #998, #8248, #4660 ) ) ;
#7828 = CARTESIAN_POINT ( 'NONE',  ( 37.15000000000001279, 58.13995493237317191, 19.80000000000000071 ) ) ;
#7829 = EDGE_CURVE ( 'NONE', #5153, #1196, #9746, .T. ) ;
#7830 = CARTESIAN_POINT ( 'NONE',  ( 12.84999999999999964, -0.9000000000000031308, -5.049999999999995381 ) ) ;
#7831 = DIRECTION ( 'NONE',  ( -1.000000000000000000, 0.000000000000000000, 0.000000000000000000 ) ) ;
#7832 = VECTOR ( 'NONE', #1464, 1000.000000000000000 ) ;
#7833 = CARTESIAN_POINT ( 'NONE',  ( -17.50000000000000355, 6.200000000000000178, -20.74999999999999645 ) ) ;
#7834 = PLANE ( 'NONE',  #4850 ) ;
#7835 = ORIENTED_EDGE ( 'NONE', *, *, #1232, .F. ) ;
#7836 = DIRECTION ( 'NONE',  ( 1.000000000000000000, 0.000000000000000000, -0.000000000000000000 ) ) ;
#7837 = ORIENTED_EDGE ( 'NONE', *, *, #8570, .T. ) ;
#7838 = DIRECTION ( 'NONE',  ( 1.000000000000000000, 0.000000000000000000, 0.000000000000000000 ) ) ;
#7839 = ORIENTED_EDGE ( 'NONE', *, *, #7492, .T. ) ;
#7840 = EDGE_CURVE ( 'NONE', #8983, #10155, #3096, .T. ) ;
#7841 = ADVANCED_FACE ( 'NONE', ( #7192 ), #9594, .T. ) ;
#7842 = DIRECTION ( 'NONE',  ( -0.000000000000000000, -0.000000000000000000, 1.000000000000000000 ) ) ;
#7843 = EDGE_CURVE ( 'NONE', #6674, #6993, #1475, .T. ) ;
#7844 = FACE_BOUND ( 'NONE', #6076, .T. ) ;
#7845 = DIRECTION ( 'NONE',  ( -0.000000000000000000, -0.000000000000000000, 1.000000000000000000 ) ) ;
#7846 = CARTESIAN_POINT ( 'NONE',  ( -26.25000000000001066, 0.000000000000000000, -10.49999999999999112 ) ) ;
#7847 = ORIENTED_EDGE ( 'NONE', *, *, #50, .F. ) ;
#7848 = DIRECTION ( 'NONE',  ( -1.000000000000000000, 0.000000000000000000, 0.000000000000000000 ) ) ;
#7849 = ORIENTED_EDGE ( 'NONE', *, *, #7865, .T. ) ;
#7850 = LINE ( 'NONE', #2086, #8773 ) ;
#7851 = EDGE_LOOP ( 'NONE', ( #1448, #4931, #2908, #158, #2215 ) ) ;
#7852 = ORIENTED_EDGE ( 'NONE', *, *, #5361, .F. ) ;
#7853 = EDGE_CURVE ( 'NONE', #1405, #6735, #8740, .T. ) ;
#7854 = CARTESIAN_POINT ( 'NONE',  ( 6.913961030678924757, -1.799999999999991607, -61.94928997712344199 ) ) ;
#7855 = DIRECTION ( 'NONE',  ( -0.000000000000000000, -1.000000000000000000, 0.000000000000000000 ) ) ;
#7856 = PLANE ( 'NONE',  #2997 ) ;
#7857 = VECTOR ( 'NONE', #6484, 1000.000000000000000 ) ;
#7858 = DIRECTION ( 'NONE',  ( 1.000000000000000000, -0.000000000000000000, 0.000000000000000000 ) ) ;
#7859 = CARTESIAN_POINT ( 'NONE',  ( -20.44999999999999929, 0.9999999999999870104, 20.75000000000000355 ) ) ;
#7860 = DIRECTION ( 'NONE',  ( 0.000000000000000000, 1.000000000000000000, 0.000000000000000000 ) ) ;
#7861 = EDGE_LOOP ( 'NONE', ( #6219, #8862, #10235, #6535, #2586, #6515 ) ) ;
#7862 = DIRECTION ( 'NONE',  ( 0.000000000000000000, 0.000000000000000000, -1.000000000000000000 ) ) ;
#7863 = EDGE_LOOP ( 'NONE', ( #9934, #9182, #5225, #1900 ) ) ;
#7864 = VERTEX_POINT ( 'NONE', #6333 ) ;
#7865 = EDGE_CURVE ( 'NONE', #6145, #3005, #6440, .T. ) ;
#7866 = CARTESIAN_POINT ( 'NONE',  ( 32.95000000000000995, 6.200000000000000178, 0.000000000000000000 ) ) ;
#7867 = CARTESIAN_POINT ( 'NONE',  ( -26.25000000000001066, -1.800000000000000044, -11.49999999999999289 ) ) ;
#7868 = DIRECTION ( 'NONE',  ( 0.000000000000000000, 0.000000000000000000, 1.000000000000000000 ) ) ;
#7869 = CARTESIAN_POINT ( 'NONE',  ( 0.000000000000000000, 1.600000000000000089, -19.25000000000000000 ) ) ;
#7870 = ORIENTED_EDGE ( 'NONE', *, *, #6319, .F. ) ;
#7871 = LINE ( 'NONE', #5627, #3611 ) ;
#7872 = ADVANCED_FACE ( 'NONE', ( #4733 ), #7993, .F. ) ;
#7873 = VECTOR ( 'NONE', #6085, 1000.000000000000000 ) ;
#7874 = VERTEX_POINT ( 'NONE', #4780 ) ;
#7875 = DIRECTION ( 'NONE',  ( -0.000000000000000000, -0.000000000000000000, 1.000000000000000000 ) ) ;
#7876 = DIRECTION ( 'NONE',  ( -0.000000000000000000, -0.000000000000000000, 1.000000000000000000 ) ) ;
#7877 = CARTESIAN_POINT ( 'NONE',  ( 33.94999999999999574, 9.100000000000003197, 4.499999999999999112 ) ) ;
#7878 = VECTOR ( 'NONE', #2452, 1000.000000000000000 ) ;
#7879 = DIRECTION ( 'NONE',  ( -0.000000000000000000, -0.000000000000000000, -1.000000000000000000 ) ) ;
#7880 = VERTEX_POINT ( 'NONE', #5701 ) ;
#7881 = CARTESIAN_POINT ( 'NONE',  ( -39.25000000000000000, 0.9999999999999870104, 20.75000000000000355 ) ) ;
#7882 = VERTEX_POINT ( 'NONE', #679 ) ;
#7883 = CYLINDRICAL_SURFACE ( 'NONE', #1115, 1.100000000000000089 ) ;
#7884 = ORIENTED_EDGE ( 'NONE', *, *, #4574, .T. ) ;
#7885 = EDGE_CURVE ( 'NONE', #8912, #1089, #8055, .T. ) ;
#7886 = AXIS2_PLACEMENT_3D ( 'NONE', #10373, #6213, #2110 ) ;
#7887 = AXIS2_PLACEMENT_3D ( 'NONE', #514, #2983, #7782 ) ;
#7888 = DIRECTION ( 'NONE',  ( 0.000000000000000000, 0.000000000000000000, -1.000000000000000000 ) ) ;
#7889 = LINE ( 'NONE', #3845, #49 ) ;
#7890 = PLANE ( 'NONE',  #3656 ) ;
#7891 = CIRCLE ( 'NONE', #1575, 2.649999999999997691 ) ;
#7892 = AXIS2_PLACEMENT_3D ( 'NONE', #8104, #5494, #5596 ) ;
#7893 = LINE ( 'NONE', #6240, #8271 ) ;
#7894 = EDGE_LOOP ( 'NONE', ( #9514, #7903, #10141, #518 ) ) ;
#7895 = VECTOR ( 'NONE', #6320, 1000.000000000000000 ) ;
#7896 = CARTESIAN_POINT ( 'NONE',  ( 13.16765177981913837, -1.799999999999992051, -16.94999999999999218 ) ) ;
#7897 = ADVANCED_FACE ( 'NONE', ( #10444 ), #4839, .F. ) ;
#7898 = ORIENTED_EDGE ( 'NONE', *, *, #1829, .F. ) ;
#7899 = EDGE_CURVE ( 'NONE', #1204, #3159, #843, .T. ) ;
#7900 = CARTESIAN_POINT ( 'NONE',  ( 10.15000000000000568, 3.600000000000000533, -17.44999999999999929 ) ) ;
#7901 = ORIENTED_EDGE ( 'NONE', *, *, #5036, .F. ) ;
#7902 = ADVANCED_FACE ( 'NONE', ( #1641 ), #8099, .F. ) ;
#7903 = ORIENTED_EDGE ( 'NONE', *, *, #5870, .F. ) ;
#7904 = COLOUR_RGB ( '',0.7921568627450980005, 0.8196078431372548767, 0.9333333333333333481 ) ;
#7905 = PLANE ( 'NONE',  #1485 ) ;
#7906 = CARTESIAN_POINT ( 'NONE',  ( -38.64999999999999858, -0.3999999999999993006, -5.450000000000000178 ) ) ;
#7907 = CYLINDRICAL_SURFACE ( 'NONE', #5714, 0.4000000000000010214 ) ;
#7908 = DIRECTION ( 'NONE',  ( 0.000000000000000000, 0.000000000000000000, 1.000000000000000000 ) ) ;
#7909 = LINE ( 'NONE', #3864, #4988 ) ;
#7910 = EDGE_CURVE ( 'NONE', #7089, #2237, #4096, .T. ) ;
#7911 = CARTESIAN_POINT ( 'NONE',  ( -24.94999999999999929, 1.600000000000000089, -17.44999999999999929 ) ) ;
#7912 = ORIENTED_EDGE ( 'NONE', *, *, #7865, .F. ) ;
#7913 = CARTESIAN_POINT ( 'NONE',  ( -19.64999999999999858, 0.000000000000000000, -19.24999999999999645 ) ) ;
#7914 = VECTOR ( 'NONE', #3896, 1000.000000000000000 ) ;
#7915 = VECTOR ( 'NONE', #9174, 1000.000000000000000 ) ;
#7916 = VERTEX_POINT ( 'NONE', #10348 ) ;
#7917 = ORIENTED_EDGE ( 'NONE', *, *, #5264, .F. ) ;
#7918 = AXIS2_PLACEMENT_3D ( 'NONE', #5063, #307, #8318 ) ;
#7919 = DIRECTION ( 'NONE',  ( -0.000000000000000000, -0.000000000000000000, 1.000000000000000000 ) ) ;
#7920 = FACE_OUTER_BOUND ( 'NONE', #7520, .T. ) ;
#7921 = AXIS2_PLACEMENT_3D ( 'NONE', #5988, #2541, #8242 ) ;
#7922 = CARTESIAN_POINT ( 'NONE',  ( 21.45000000000000284, 0.9999999999999870104, 20.75000000000000355 ) ) ;
#7923 = LINE ( 'NONE', #763, #2627 ) ;
#7924 = LINE ( 'NONE', #7869, #6012 ) ;
#7925 = ADVANCED_FACE ( 'NONE', ( #1527 ), #8041, .F. ) ;
#7926 = ORIENTED_EDGE ( 'NONE', *, *, #8172, .T. ) ;
#7927 = AXIS2_PLACEMENT_3D ( 'NONE', #4485, #1227, #6190 ) ;
#7928 = DIRECTION ( 'NONE',  ( 0.000000000000000000, 1.000000000000000000, 0.000000000000000000 ) ) ;
#7929 = VECTOR ( 'NONE', #1817, 1000.000000000000000 ) ;
#7930 = ORIENTED_EDGE ( 'NONE', *, *, #1012, .T. ) ;
#7931 = CIRCLE ( 'NONE', #5041, 0.5999999999999998668 ) ;
#7932 = FACE_OUTER_BOUND ( 'NONE', #3002, .T. ) ;
#7933 = EDGE_CURVE ( 'NONE', #8557, #3115, #7250, .T. ) ;
#7934 = VECTOR ( 'NONE', #9647, 1000.000000000000000 ) ;
#7935 = FACE_OUTER_BOUND ( 'NONE', #3578, .T. ) ;
#7936 = DIRECTION ( 'NONE',  ( -0.000000000000000000, -1.000000000000000000, 0.000000000000000000 ) ) ;
#7937 = CARTESIAN_POINT ( 'NONE',  ( 37.65000000000000568, 7.500000000000000000, 22.14999999999999858 ) ) ;
#7938 = EDGE_CURVE ( 'NONE', #10464, #9523, #7566, .T. ) ;
#7939 = VERTEX_POINT ( 'NONE', #8363 ) ;
#7940 = CARTESIAN_POINT ( 'NONE',  ( 27.85000000000000853, 7.400000000000004796, 12.92992172241327786 ) ) ;
#7941 = ORIENTED_EDGE ( 'NONE', *, *, #2918, .F. ) ;
#7942 = DIRECTION ( 'NONE',  ( 0.000000000000000000, 0.000000000000000000, -1.000000000000000000 ) ) ;
#7943 = ORIENTED_EDGE ( 'NONE', *, *, #8352, .T. ) ;
#7944 = CARTESIAN_POINT ( 'NONE',  ( -30.95000000000000995, 9.899999999999998579, -3.750000000000000444 ) ) ;
#7945 = DIRECTION ( 'NONE',  ( 0.000000000000000000, -0.000000000000000000, -1.000000000000000000 ) ) ;
#7946 = CARTESIAN_POINT ( 'NONE',  ( 35.75000000000000000, 0.000000000000000000, 22.14999999999999858 ) ) ;
#7947 = ADVANCED_FACE ( 'NONE', ( #5965 ), #6765, .T. ) ;
#7948 = CARTESIAN_POINT ( 'NONE',  ( 12.84999999999999964, -0.9000000000000032419, -15.94999999999999929 ) ) ;
#7949 = EDGE_LOOP ( 'NONE', ( #5450, #9713, #864, #5262, #6640, #7774 ) ) ;
#7950 = PLANE ( 'NONE',  #9249 ) ;
#7951 = EDGE_LOOP ( 'NONE', ( #929, #1534, #8892, #5102, #29, #10560, #1046 ) ) ;
#7952 = CARTESIAN_POINT ( 'NONE',  ( -19.64999999999999858, -1.800000000000000044, -20.74999999999999645 ) ) ;
#7953 = ORIENTED_EDGE ( 'NONE', *, *, #10249, .T. ) ;
#7954 = VERTEX_POINT ( 'NONE', #3465 ) ;
#7955 = DIRECTION ( 'NONE',  ( 0.000000000000000000, -1.000000000000000000, 0.000000000000000000 ) ) ;
#7956 = ADVANCED_FACE ( 'NONE', ( #1858, #5862 ), #6606, .T. ) ;
#7957 = EDGE_CURVE ( 'NONE', #6746, #407, #9161, .T. ) ;
#7958 = DIRECTION ( 'NONE',  ( 0.000000000000000000, 0.000000000000000000, 1.000000000000000000 ) ) ;
#7959 = CARTESIAN_POINT ( 'NONE',  ( 0.000000000000000000, 8.500000000000000000, 21.64999999999999858 ) ) ;
#7960 = AXIS2_PLACEMENT_3D ( 'NONE', #8124, #1551, #3228 ) ;
#7961 = DIRECTION ( 'NONE',  ( 1.000000000000000000, 0.000000000000000000, 0.000000000000000000 ) ) ;
#7962 = CARTESIAN_POINT ( 'NONE',  ( -19.64999999999999858, 0.000000000000000000, -3.949999999999995293 ) ) ;
#7963 = ORIENTED_EDGE ( 'NONE', *, *, #8162, .T. ) ;
#7964 = DIRECTION ( 'NONE',  ( 1.000000000000000000, 0.000000000000000000, 0.000000000000000000 ) ) ;
#7965 = ORIENTED_EDGE ( 'NONE', *, *, #9537, .F. ) ;
#7966 = ORIENTED_EDGE ( 'NONE', *, *, #1890, .T. ) ;
#7967 = DIRECTION ( 'NONE',  ( 0.000000000000000000, 0.000000000000000000, 1.000000000000000000 ) ) ;
#7968 = EDGE_CURVE ( 'NONE', #3855, #1698, #5756, .T. ) ;
#7969 = EDGE_CURVE ( 'NONE', #48, #8334, #9210, .T. ) ;
#7970 = LINE ( 'NONE', #703, #885 ) ;
#7971 = ADVANCED_FACE ( 'NONE', ( #6553 ), #8315, .F. ) ;
#7972 = DIRECTION ( 'NONE',  ( 1.000000000000000000, 0.000000000000000000, 0.000000000000000000 ) ) ;
#7973 = LINE ( 'NONE', #926, #3119 ) ;
#7974 = AXIS2_PLACEMENT_3D ( 'NONE', #1452, #7967, #8974 ) ;
#7975 = LINE ( 'NONE', #5568, #4136 ) ;
#7976 = EDGE_LOOP ( 'NONE', ( #9340, #1798, #1258, #8733, #8086, #2715, #8009, #1646, #5639, #5096, #7849, #2013, #9133, #9170, #8282, #125, #10126, #2103, #10001, #6409, #6891, #10170, #5129, #6686, #7996 ) ) ;
#7977 = DIRECTION ( 'NONE',  ( 1.000000000000000000, -0.000000000000000000, -2.168404344971003198E-16 ) ) ;
#7978 = VERTEX_POINT ( 'NONE', #5160 ) ;
#7979 = EDGE_CURVE ( 'NONE', #2511, #4503, #8738, .T. ) ;
#7980 = CARTESIAN_POINT ( 'NONE',  ( -33.85000000000000853, 9.899999999999998579, 8.448227494413583116 ) ) ;
#7981 = PLANE ( 'NONE',  #2109 ) ;
#7982 = LINE ( 'NONE', #3884, #4081 ) ;
#7983 = DIRECTION ( 'NONE',  ( 0.000000000000000000, 0.000000000000000000, -1.000000000000000000 ) ) ;
#7984 = ORIENTED_EDGE ( 'NONE', *, *, #9875, .F. ) ;
#7985 = AXIS2_PLACEMENT_3D ( 'NONE', #3399, #2755, #9198 ) ;
#7986 = CARTESIAN_POINT ( 'NONE',  ( -26.45000000000000284, 7.400000000000005684, 24.45000000000000639 ) ) ;
#7987 = ORIENTED_EDGE ( 'NONE', *, *, #9449, .F. ) ;
#7988 = FACE_OUTER_BOUND ( 'NONE', #862, .T. ) ;
#7989 = ORIENTED_EDGE ( 'NONE', *, *, #1559, .F. ) ;
#7990 = EDGE_CURVE ( 'NONE', #6370, #6486, #8260, .T. ) ;
#7991 = DIRECTION ( 'NONE',  ( 0.000000000000000000, -0.7071067811865552333, 0.7071067811865398012 ) ) ;
#7992 = VECTOR ( 'NONE', #9607, 1000.000000000000000 ) ;
#7993 = PLANE ( 'NONE',  #3815 ) ;
#7994 = CARTESIAN_POINT ( 'NONE',  ( 13.16765177981913837, -1.799999999999992051, -15.94999999999999929 ) ) ;
#7995 = FACE_OUTER_BOUND ( 'NONE', #1796, .T. ) ;
#7996 = ORIENTED_EDGE ( 'NONE', *, *, #835, .F. ) ;
#7997 = LINE ( 'NONE', #4316, #6528 ) ;
#7998 = ORIENTED_EDGE ( 'NONE', *, *, #1826, .F. ) ;
#7999 = LINE ( 'NONE', #6339, #9124 ) ;
#8000 = ORIENTED_EDGE ( 'NONE', *, *, #4194, .F. ) ;
#8001 = VECTOR ( 'NONE', #2222, 1000.000000000000000 ) ;
#8002 = ADVANCED_FACE ( 'NONE', ( #2506 ), #5109, .T. ) ;
#8003 = EDGE_LOOP ( 'NONE', ( #2831, #8297, #6533, #2040, #520, #2316, #7644, #4295 ) ) ;
#8004 = CARTESIAN_POINT ( 'NONE',  ( -33.85000000000000853, -0.3999999999999999667, 7.000000000000000888 ) ) ;
#8005 = DIRECTION ( 'NONE',  ( 0.000000000000000000, 0.000000000000000000, 1.000000000000000000 ) ) ;
#8006 = DIRECTION ( 'NONE',  ( 1.802310104910968640E-16, 1.762134456409849633E-16, -1.000000000000000000 ) ) ;
#8007 = CARTESIAN_POINT ( 'NONE',  ( 38.85000000000000142, 8.500000000000000000, 23.75000000000000355 ) ) ;
#8008 = PLANE ( 'NONE',  #7243 ) ;
#8009 = ORIENTED_EDGE ( 'NONE', *, *, #5949, .F. ) ;
#8010 = CARTESIAN_POINT ( 'NONE',  ( 37.65000000000001279, 7.500000000000006217, -10.94999999999999929 ) ) ;
#8011 = VERTEX_POINT ( 'NONE', #9002 ) ;
#8012 = ORIENTED_EDGE ( 'NONE', *, *, #5709, .T. ) ;
#8013 = EDGE_CURVE ( 'NONE', #8234, #5729, #4310, .T. ) ;
#8014 = ORIENTED_EDGE ( 'NONE', *, *, #4165, .F. ) ;
#8015 = CARTESIAN_POINT ( 'NONE',  ( 27.45000000000000639, 7.000000000000004441, 23.35100000000000975 ) ) ;
#8016 = LINE ( 'NONE', #3966, #4978 ) ;
#8017 = DIRECTION ( 'NONE',  ( 0.000000000000000000, 0.000000000000000000, 1.000000000000000000 ) ) ;
#8018 = DIRECTION ( 'NONE',  ( 0.000000000000000000, 1.000000000000000000, 0.000000000000000000 ) ) ;
#8019 = FACE_OUTER_BOUND ( 'NONE', #2122, .T. ) ;
#8020 = ORIENTED_EDGE ( 'NONE', *, *, #6835, .T. ) ;
#8021 = ORIENTED_EDGE ( 'NONE', *, *, #4113, .F. ) ;
#8022 = DIRECTION ( 'NONE',  ( 1.000000000000000000, -1.101142831430592166E-16, 0.000000000000000000 ) ) ;
#8023 = AXIS2_PLACEMENT_3D ( 'NONE', #191, #5052, #5748 ) ;
#8024 = EDGE_CURVE ( 'NONE', #10531, #7269, #252, .T. ) ;
#8025 = EDGE_CURVE ( 'NONE', #4637, #8307, #10015, .T. ) ;
#8026 = ORIENTED_EDGE ( 'NONE', *, *, #3360, .T. ) ;
#8027 = EDGE_CURVE ( 'NONE', #3405, #3362, #1757, .T. ) ;
#8028 = EDGE_LOOP ( 'NONE', ( #8443, #8310, #958, #4014 ) ) ;
#8029 = CARTESIAN_POINT ( 'NONE',  ( -18.50000000000000355, -1.800000000000000044, -21.94999999999999574 ) ) ;
#8030 = DIRECTION ( 'NONE',  ( -0.000000000000000000, -1.020425574104002027E-15, 1.000000000000000000 ) ) ;
#8031 = CARTESIAN_POINT ( 'NONE',  ( 33.94999999999999574, 17.01111066297655228, 4.500000000000000000 ) ) ;
#8032 = DIRECTION ( 'NONE',  ( -0.8660254037844399289, 0.000000000000000000, 0.4999999999999978906 ) ) ;
#8033 = ORIENTED_EDGE ( 'NONE', *, *, #5309, .T. ) ;
#8034 = LINE ( 'NONE', #9485, #5640 ) ;
#8035 = ORIENTED_EDGE ( 'NONE', *, *, #9253, .F. ) ;
#8036 = EDGE_CURVE ( 'NONE', #8116, #2024, #7409, .T. ) ;
#8037 = AXIS2_PLACEMENT_3D ( 'NONE', #1775, #5991, #6634 ) ;
#8038 = LINE ( 'NONE', #10437, #4017 ) ;
#8039 = ORIENTED_EDGE ( 'NONE', *, *, #331, .T. ) ;
#8040 = LINE ( 'NONE', #7247, #6721 ) ;
#8041 = PLANE ( 'NONE',  #6698 ) ;
#8042 = CARTESIAN_POINT ( 'NONE',  ( 21.64999999999999858, -2.600000000000004530, -20.24999999999999645 ) ) ;
#8043 = DIRECTION ( 'NONE',  ( 3.750753461571465972E-15, 4.688441826964332465E-16, -1.000000000000000000 ) ) ;
#8044 = ORIENTED_EDGE ( 'NONE', *, *, #7379, .F. ) ;
#8045 = CARTESIAN_POINT ( 'NONE',  ( 18.50000000000000355, 7.762049935181331684, -21.94999999999999574 ) ) ;
#8046 = ORIENTED_EDGE ( 'NONE', *, *, #612, .F. ) ;
#8047 = EDGE_CURVE ( 'NONE', #3115, #9885, #9052, .T. ) ;
#8048 = DIRECTION ( 'NONE',  ( 0.000000000000000000, -0.7071067811865453523, 0.7071067811865496822 ) ) ;
#8049 = ORIENTED_EDGE ( 'NONE', *, *, #599, .F. ) ;
#8050 = VECTOR ( 'NONE', #9085, 1000.000000000000000 ) ;
#8051 = ORIENTED_EDGE ( 'NONE', *, *, #5056, .T. ) ;
#8052 = FACE_OUTER_BOUND ( 'NONE', #6927, .T. ) ;
#8053 = VECTOR ( 'NONE', #6881, 1000.000000000000000 ) ;
#8054 = CARTESIAN_POINT ( 'NONE',  ( 35.35000000000000142, 0.000000000000000000, 0.000000000000000000 ) ) ;
#8055 = CIRCLE ( 'NONE', #6864, 1.249999999999997558 ) ;
#8056 = LINE ( 'NONE', #4009, #1969 ) ;
#8057 = ADVANCED_FACE ( 'NONE', ( #1745 ), #5006, .T. ) ;
#8058 = DIRECTION ( 'NONE',  ( 0.000000000000000000, 0.000000000000000000, 1.000000000000000000 ) ) ;
#8059 = EDGE_CURVE ( 'NONE', #7386, #5825, #464, .T. ) ;
#8060 = DIRECTION ( 'NONE',  ( 0.000000000000000000, 0.000000000000000000, -1.000000000000000000 ) ) ;
#8061 = VERTEX_POINT ( 'NONE', #10118 ) ;
#8062 = LINE ( 'NONE', #4065, #9173 ) ;
#8063 = ORIENTED_EDGE ( 'NONE', *, *, #1307, .T. ) ;
#8064 = VERTEX_POINT ( 'NONE', #5270 ) ;
#8065 = CIRCLE ( 'NONE', #7562, 0.4000000000000010214 ) ;
#8066 = EDGE_LOOP ( 'NONE', ( #2689, #193, #6760, #5548 ) ) ;
#8067 = DIRECTION ( 'NONE',  ( -1.000000000000000000, 2.596653838999757503E-16, -0.000000000000000000 ) ) ;
#8068 = CARTESIAN_POINT ( 'NONE',  ( 0.000000000000000000, 8.500000000000000000, 21.64999999999999858 ) ) ;
#8069 = CARTESIAN_POINT ( 'NONE',  ( -33.85000000000000853, 9.899999999999998579, 6.049999999999999822 ) ) ;
#8070 = CARTESIAN_POINT ( 'NONE',  ( 35.75000000000000000, 1.600000000000000089, -20.74999999999999645 ) ) ;
#8071 = VECTOR ( 'NONE', #1746, 1000.000000000000000 ) ;
#8072 = EDGE_CURVE ( 'NONE', #1916, #2243, #731, .T. ) ;
#8073 = DIRECTION ( 'NONE',  ( -0.000000000000000000, 0.000000000000000000, 1.000000000000000000 ) ) ;
#8074 = EDGE_LOOP ( 'NONE', ( #7681, #3840, #7901, #1546 ) ) ;
#8075 = ORIENTED_EDGE ( 'NONE', *, *, #9036, .F. ) ;
#8076 = CARTESIAN_POINT ( 'NONE',  ( -17.50000000000000355, 6.200000000000000178, -20.74999999999999645 ) ) ;
#8077 = VERTEX_POINT ( 'NONE', #6117 ) ;
#8078 = VERTEX_POINT ( 'NONE', #10227 ) ;
#8079 = VECTOR ( 'NONE', #5057, 1000.000000000000000 ) ;
#8080 = DIRECTION ( 'NONE',  ( 0.000000000000000000, 0.000000000000000000, -1.000000000000000000 ) ) ;
#8081 = EDGE_CURVE ( 'NONE', #3938, #1072, #10282, .T. ) ;
#8082 = DIRECTION ( 'NONE',  ( -1.000000000000000000, -0.000000000000000000, -0.000000000000000000 ) ) ;
#8083 = CIRCLE ( 'NONE', #2467, 2.399999999999990585 ) ;
#8084 = DIRECTION ( 'NONE',  ( -0.000000000000000000, 2.090028284309405749E-16, -1.000000000000000000 ) ) ;
#8085 = DIRECTION ( 'NONE',  ( -2.891205793294679411E-15, -0.000000000000000000, 1.000000000000000000 ) ) ;
#8086 = ORIENTED_EDGE ( 'NONE', *, *, #3691, .F. ) ;
#8087 = DIRECTION ( 'NONE',  ( 0.000000000000000000, 0.000000000000000000, -1.000000000000000000 ) ) ;
#8088 = VECTOR ( 'NONE', #3264, 1000.000000000000000 ) ;
#8089 = VECTOR ( 'NONE', #2717, 1000.000000000000000 ) ;
#8090 = VERTEX_POINT ( 'NONE', #9371 ) ;
#8091 = DIRECTION ( 'NONE',  ( 0.000000000000000000, 0.000000000000000000, 1.000000000000000000 ) ) ;
#8092 = VERTEX_POINT ( 'NONE', #4466 ) ;
#8093 = CIRCLE ( 'NONE', #9459, 2.649999999999998579 ) ;
#8094 = CIRCLE ( 'NONE', #8776, 0.4000000000000010214 ) ;
#8095 = CARTESIAN_POINT ( 'NONE',  ( 35.35000000000000142, 9.100000000000003197, -3.691709623134517226 ) ) ;
#8096 = VECTOR ( 'NONE', #3109, 1000.000000000000000 ) ;
#8097 = EDGE_CURVE ( 'NONE', #4294, #5342, #3674, .T. ) ;
#8098 = CARTESIAN_POINT ( 'NONE',  ( 34.75000000000000000, 1.600000000000000755, 14.24999999999999822 ) ) ;
#8099 = PLANE ( 'NONE',  #4321 ) ;
#8100 = LINE ( 'NONE', #4781, #562 ) ;
#8101 = CARTESIAN_POINT ( 'NONE',  ( -0.5000000000000004441, 6.200000000000000178, -20.74999999999999645 ) ) ;
#8102 = CARTESIAN_POINT ( 'NONE',  ( 28.64999999999999858, 7.589415207398531038E-15, -20.74999999999999645 ) ) ;
#8103 = ORIENTED_EDGE ( 'NONE', *, *, #2381, .F. ) ;
#8104 = CARTESIAN_POINT ( 'NONE',  ( -31.04999999999999716, 7.762049935181331684, -20.74999999999999645 ) ) ;
#8105 = ORIENTED_EDGE ( 'NONE', *, *, #9786, .F. ) ;
#8106 = VECTOR ( 'NONE', #6227, 1000.000000000000000 ) ;
#8107 = DIRECTION ( 'NONE',  ( -2.044391222244499245E-15, -0.7071067811865474617, -0.7071067811865474617 ) ) ;
#8108 = ORIENTED_EDGE ( 'NONE', *, *, #5299, .F. ) ;
#8109 = ORIENTED_EDGE ( 'NONE', *, *, #4079, .F. ) ;
#8110 = DIRECTION ( 'NONE',  ( 1.000000000000000000, 0.000000000000000000, 0.000000000000000000 ) ) ;
#8111 = ADVANCED_FACE ( 'NONE', ( #4572 ), #1157, .T. ) ;
#8112 = DIRECTION ( 'NONE',  ( 1.000000000000000000, 0.000000000000000000, 0.000000000000000000 ) ) ;
#8113 = CARTESIAN_POINT ( 'NONE',  ( -20.64999999999999858, -1.899999999999992362, -19.24999999999999645 ) ) ;
#8114 = FACE_OUTER_BOUND ( 'NONE', #5814, .T. ) ;
#8115 = LINE ( 'NONE', #3268, #2655 ) ;
#8116 = VERTEX_POINT ( 'NONE', #8573 ) ;
#8117 = FACE_OUTER_BOUND ( 'NONE', #4178, .T. ) ;
#8118 = ORIENTED_EDGE ( 'NONE', *, *, #9995, .T. ) ;
#8119 = VERTEX_POINT ( 'NONE', #7020 ) ;
#8120 = EDGE_LOOP ( 'NONE', ( #4320, #5001, #1048, #8813 ) ) ;
#8121 = CARTESIAN_POINT ( 'NONE',  ( -39.25000000000000000, -0.3999999999999999667, 10.00000000000000000 ) ) ;
#8122 = EDGE_CURVE ( 'NONE', #2775, #8077, #3725, .T. ) ;
#8123 = DIRECTION ( 'NONE',  ( -0.000000000000000000, 0.000000000000000000, 1.000000000000000000 ) ) ;
#8124 = CARTESIAN_POINT ( 'NONE',  ( -26.94999999999999929, 7.500000000000000888, 12.92992172241327786 ) ) ;
#8125 = DIRECTION ( 'NONE',  ( -0.000000000000000000, -1.000000000000000000, -0.000000000000000000 ) ) ;
#8126 = DIRECTION ( 'NONE',  ( -0.000000000000000000, -0.000000000000000000, 1.000000000000000000 ) ) ;
#8127 = VERTEX_POINT ( 'NONE', #2118 ) ;
#8128 = EDGE_LOOP ( 'NONE', ( #3974, #8646, #618, #6078, #4229, #8284 ) ) ;
#8129 = DIRECTION ( 'NONE',  ( -2.891205793294679411E-15, 0.000000000000000000, 1.000000000000000000 ) ) ;
#8130 = VECTOR ( 'NONE', #4508, 1000.000000000000000 ) ;
#8131 = VERTEX_POINT ( 'NONE', #1314 ) ;
#8132 = VERTEX_POINT ( 'NONE', #8525 ) ;
#8133 = FACE_OUTER_BOUND ( 'NONE', #7217, .T. ) ;
#8134 = CARTESIAN_POINT ( 'NONE',  ( -28.35000000000000497, -9.000000000000001776, 10.00000000000000000 ) ) ;
#8135 = CARTESIAN_POINT ( 'NONE',  ( -33.25000000000000000, 8.500000000000000000, 23.75000000000000000 ) ) ;
#8136 = DIRECTION ( 'NONE',  ( 1.000000000000000000, 0.000000000000000000, 0.000000000000000000 ) ) ;
#8137 = VERTEX_POINT ( 'NONE', #7729 ) ;
#8138 = DIRECTION ( 'NONE',  ( -1.000000000000000000, -0.000000000000000000, 6.672013369141570147E-16 ) ) ;
#8139 = ORIENTED_EDGE ( 'NONE', *, *, #5577, .F. ) ;
#8140 = FACE_OUTER_BOUND ( 'NONE', #5751, .T. ) ;
#8141 = VERTEX_POINT ( 'NONE', #6867 ) ;
#8142 = VECTOR ( 'NONE', #9300, 1000.000000000000000 ) ;
#8143 = EDGE_CURVE ( 'NONE', #9101, #1709, #3639, .T. ) ;
#8144 = EDGE_CURVE ( 'NONE', #5570, #6035, #9245, .T. ) ;
#8145 = DIRECTION ( 'NONE',  ( -1.000000000000000000, 0.000000000000000000, -0.000000000000000000 ) ) ;
#8146 = ORIENTED_EDGE ( 'NONE', *, *, #6491, .T. ) ;
#8147 = CARTESIAN_POINT ( 'NONE',  ( 35.75000000000000000, 9.100000000000001421, 14.25000000000000000 ) ) ;
#8148 = DIRECTION ( 'NONE',  ( -0.000000000000000000, 1.000000000000000000, -0.000000000000000000 ) ) ;
#8149 = AXIS2_PLACEMENT_3D ( 'NONE', #6643, #184, #6693 ) ;
#8150 = LINE ( 'NONE', #7354, #3827 ) ;
#8151 = CARTESIAN_POINT ( 'NONE',  ( 11.95000000000000639, 1.600000000000000089, -17.44999999999999929 ) ) ;
#8152 = CARTESIAN_POINT ( 'NONE',  ( -18.50000000000000355, 5.400000000000004796, -21.94999999999999574 ) ) ;
#8153 = ORIENTED_EDGE ( 'NONE', *, *, #8072, .T. ) ;
#8154 = PLANE ( 'NONE',  #1576 ) ;
#8155 = ORIENTED_EDGE ( 'NONE', *, *, #6080, .T. ) ;
#8156 = DIRECTION ( 'NONE',  ( 0.000000000000000000, 1.000000000000000000, 0.000000000000000000 ) ) ;
#8157 = ORIENTED_EDGE ( 'NONE', *, *, #4789, .F. ) ;
#8158 = EDGE_CURVE ( 'NONE', #557, #4144, #6168, .T. ) ;
#8159 = EDGE_CURVE ( 'NONE', #5280, #6820, #10062, .T. ) ;
#8160 = ORIENTED_EDGE ( 'NONE', *, *, #5500, .T. ) ;
#8161 = VECTOR ( 'NONE', #2462, 1000.000000000000000 ) ;
#8162 = EDGE_CURVE ( 'NONE', #1405, #338, #9480, .T. ) ;
#8163 = CARTESIAN_POINT ( 'NONE',  ( 0.5500000000000001554, 5.049999999999998046, -5.049999999999995381 ) ) ;
#8164 = LINE ( 'NONE', #8904, #5037 ) ;
#8165 = DIRECTION ( 'NONE',  ( -1.000000000000000000, -0.000000000000000000, -0.000000000000000000 ) ) ;
#8166 = LINE ( 'NONE', #2684, #4297 ) ;
#8167 = AXIS2_PLACEMENT_3D ( 'NONE', #8389, #3495, #330 ) ;
#8168 = VECTOR ( 'NONE', #5049, 1000.000000000000000 ) ;
#8169 = DIRECTION ( 'NONE',  ( 0.7071067811865475727, 0.000000000000000000, -0.7071067811865475727 ) ) ;
#8170 = ORIENTED_EDGE ( 'NONE', *, *, #1639, .T. ) ;
#8171 = DIRECTION ( 'NONE',  ( -0.000000000000000000, -0.000000000000000000, 1.000000000000000000 ) ) ;
#8172 = EDGE_CURVE ( 'NONE', #532, #3044, #7624, .T. ) ;
#8173 = VERTEX_POINT ( 'NONE', #6070 ) ;
#8174 = EDGE_LOOP ( 'NONE', ( #10508, #7242, #5186, #3961 ) ) ;
#8175 = VERTEX_POINT ( 'NONE', #6814 ) ;
#8176 = LINE ( 'NONE', #865, #7138 ) ;
#8177 = PLANE ( 'NONE',  #6330 ) ;
#8178 = LINE ( 'NONE', #1885, #6497 ) ;
#8179 = LINE ( 'NONE', #9836, #8050 ) ;
#8180 = DIRECTION ( 'NONE',  ( -0.000000000000000000, -1.000000000000000000, -0.000000000000000000 ) ) ;
#8181 = ORIENTED_EDGE ( 'NONE', *, *, #722, .T. ) ;
#8182 = EDGE_LOOP ( 'NONE', ( #9216, #3852, #7941, #4954 ) ) ;
#8183 = CARTESIAN_POINT ( 'NONE',  ( 35.75000000000000000, 0.000000000000000000, 22.14999999999999858 ) ) ;
#8184 = EDGE_CURVE ( 'NONE', #7351, #323, #1244, .T. ) ;
#8185 = ORIENTED_EDGE ( 'NONE', *, *, #6564, .T. ) ;
#8186 = ORIENTED_EDGE ( 'NONE', *, *, #4152, .F. ) ;
#8187 = DIRECTION ( 'NONE',  ( -0.000000000000000000, -0.000000000000000000, 1.000000000000000000 ) ) ;
#8188 = CARTESIAN_POINT ( 'NONE',  ( -33.85000000000000853, -9.000000000000001776, 8.448227494413583116 ) ) ;
#8189 = FACE_OUTER_BOUND ( 'NONE', #7376, .T. ) ;
#8190 = AXIS2_PLACEMENT_3D ( 'NONE', #7940, #3836, #8087 ) ;
#8191 = LINE ( 'NONE', #8247, #4191 ) ;
#8192 = EDGE_CURVE ( 'NONE', #372, #2636, #8571, .T. ) ;
#8193 = VERTEX_POINT ( 'NONE', #4523 ) ;
#8194 = LINE ( 'NONE', #4360, #3265 ) ;
#8195 = ORIENTED_EDGE ( 'NONE', *, *, #8158, .F. ) ;
#8196 = DIRECTION ( 'NONE',  ( -1.000000000000000000, 0.000000000000000000, 1.281815376337542394E-16 ) ) ;
#8197 = ORIENTED_EDGE ( 'NONE', *, *, #1525, .F. ) ;
#8198 = VECTOR ( 'NONE', #6965, 1000.000000000000000 ) ;
#8199 = LINE ( 'NONE', #7781, #6734 ) ;
#8200 = VERTEX_POINT ( 'NONE', #410 ) ;
#8201 = CARTESIAN_POINT ( 'NONE',  ( 34.05000000000001137, 1.600000000000000755, -2.769059892324147842 ) ) ;
#8202 = DIRECTION ( 'NONE',  ( 1.000000000000000000, -4.982578746245939314E-31, 4.565061778886303475E-16 ) ) ;
#8203 = LINE ( 'NONE', #897, #3492 ) ;
#8204 = CARTESIAN_POINT ( 'NONE',  ( -30.95000000000000995, -9.000000000000001776, -4.350000000000000533 ) ) ;
#8205 = CARTESIAN_POINT ( 'NONE',  ( 34.75000000000000000, 9.099999999999999645, 19.25000000000000000 ) ) ;
#8206 = VERTEX_POINT ( 'NONE', #10538 ) ;
#8207 = DIRECTION ( 'NONE',  ( 0.000000000000000000, 0.000000000000000000, 1.000000000000000000 ) ) ;
#8208 = EDGE_LOOP ( 'NONE', ( #2760, #5214, #3427, #5141 ) ) ;
#8209 = LINE ( 'NONE', #5813, #7254 ) ;
#8210 = ORIENTED_EDGE ( 'NONE', *, *, #8967, .T. ) ;
#8211 = CIRCLE ( 'NONE', #8722, 1.000000000000000888 ) ;
#8212 = VECTOR ( 'NONE', #479, 1000.000000000000000 ) ;
#8213 = DIRECTION ( 'NONE',  ( 1.000000000000000000, 0.000000000000000000, 0.000000000000000000 ) ) ;
#8214 = CARTESIAN_POINT ( 'NONE',  ( -7.449999999999998401, -9.002000000000000668, -7.699999999999992184 ) ) ;
#8215 = PLANE ( 'NONE',  #1932 ) ;
#8216 = EDGE_CURVE ( 'NONE', #5051, #2775, #8876, .T. ) ;
#8217 = CARTESIAN_POINT ( 'NONE',  ( -33.85000000000000853, 9.899999999999998579, -6.049999999999999822 ) ) ;
#8218 = EDGE_CURVE ( 'NONE', #3444, #7444, #3136, .T. ) ;
#8219 = AXIS2_PLACEMENT_3D ( 'NONE', #3497, #5992, #4652 ) ;
#8220 = PLANE ( 'NONE',  #8932 ) ;
#8221 = VERTEX_POINT ( 'NONE', #9529 ) ;
#8222 = CARTESIAN_POINT ( 'NONE',  ( -24.94999999999999929, 5.000000000000000000, -19.25000000000000000 ) ) ;
#8223 = EDGE_LOOP ( 'NONE', ( #129, #5838, #5414, #5105 ) ) ;
#8224 = ORIENTED_EDGE ( 'NONE', *, *, #7090, .T. ) ;
#8225 = AXIS2_PLACEMENT_3D ( 'NONE', #2571, #3536, #1922 ) ;
#8226 = AXIS2_PLACEMENT_3D ( 'NONE', #4035, #10540, #6756 ) ;
#8227 = ORIENTED_EDGE ( 'NONE', *, *, #1429, .T. ) ;
#8228 = VECTOR ( 'NONE', #1580, 1000.000000000000000 ) ;
#8229 = PLANE ( 'NONE',  #322 ) ;
#8230 = CARTESIAN_POINT ( 'NONE',  ( 27.85000000000000497, -4.999999999999992006, 24.45000000000000639 ) ) ;
#8231 = CARTESIAN_POINT ( 'NONE',  ( -24.94999999999999929, 5.000000000000000000, -17.44999999999999929 ) ) ;
#8232 = EDGE_CURVE ( 'NONE', #9909, #5303, #8727, .T. ) ;
#8233 = DIRECTION ( 'NONE',  ( 1.000000000000000000, 0.000000000000000000, 0.000000000000000000 ) ) ;
#8234 = VERTEX_POINT ( 'NONE', #1565 ) ;
#8235 = VERTEX_POINT ( 'NONE', #5526 ) ;
#8236 = AXIS2_PLACEMENT_3D ( 'NONE', #5364, #5205, #8404 ) ;
#8237 = FILL_AREA_STYLE ('',( #3286 ) ) ;
#8238 = EDGE_CURVE ( 'NONE', #15, #4670, #5632, .T. ) ;
#8239 = ORIENTED_EDGE ( 'NONE', *, *, #6478, .T. ) ;
#8240 = EDGE_LOOP ( 'NONE', ( #8611, #6943, #4292, #5626, #1095, #7561, #1229, #3914 ) ) ;
#8241 = CYLINDRICAL_SURFACE ( 'NONE', #5089, 0.4000000000000001887 ) ;
#8243 = AXIS2_PLACEMENT_3D ( 'NONE', #3308, #2927, #5220 ) ;
#8242 = DIRECTION ( 'NONE',  ( 1.000000000000000000, 0.000000000000000000, 0.000000000000000000 ) ) ;
#8244 = EDGE_CURVE ( 'NONE', #602, #1574, #717, .T. ) ;
#8245 = CARTESIAN_POINT ( 'NONE',  ( 35.35000000000000142, 9.100000000000003197, -0.3499999999999984790 ) ) ;
#8246 = CARTESIAN_POINT ( 'NONE',  ( 27.64999999999999858, -3.399999999999999911, -19.45000000000000284 ) ) ;
#8247 = CARTESIAN_POINT ( 'NONE',  ( -19.64999999999999858, 1.600000000000000089, -5.049999999999995381 ) ) ;
#8248 = ORIENTED_EDGE ( 'NONE', *, *, #6596, .T. ) ;
#8249 = LINE ( 'NONE', #7399, #3769 ) ;
#8250 = ORIENTED_EDGE ( 'NONE', *, *, #9865, .T. ) ;
#8251 =( NAMED_UNIT ( * ) SI_UNIT ( $, .STERADIAN. ) SOLID_ANGLE_UNIT ( ) );
#8252 = ORIENTED_EDGE ( 'NONE', *, *, #1477, .F. ) ;
#8253 = VECTOR ( 'NONE', #4837, 1000.000000000000000 ) ;
#8254 = EDGE_CURVE ( 'NONE', #10453, #10043, #621, .T. ) ;
#8255 = VECTOR ( 'NONE', #8475, 1000.000000000000000 ) ;
#8256 = DIRECTION ( 'NONE',  ( 0.000000000000000000, 0.000000000000000000, -1.000000000000000000 ) ) ;
#8257 = ORIENTED_EDGE ( 'NONE', *, *, #9617, .T. ) ;
#8258 = EDGE_CURVE ( 'NONE', #6154, #1530, #777, .T. ) ;
#8259 = CARTESIAN_POINT ( 'NONE',  ( 5.950000000000004619, 3.600000000000000977, 17.44999999999999929 ) ) ;
#8260 = LINE ( 'NONE', #5060, #5678 ) ;
#8261 = DIRECTION ( 'NONE',  ( 0.000000000000000000, -1.000000000000000000, -1.762134456409849633E-16 ) ) ;
#8262 = VECTOR ( 'NONE', #10116, 1000.000000000000000 ) ;
#8263 = DIRECTION ( 'NONE',  ( 0.000000000000000000, -1.000000000000000000, 0.000000000000000000 ) ) ;
#8264 = DIRECTION ( 'NONE',  ( 0.000000000000000000, -0.000000000000000000, 1.000000000000000000 ) ) ;
#8265 = VERTEX_POINT ( 'NONE', #8782 ) ;
#8266 = CARTESIAN_POINT ( 'NONE',  ( 15.00000000000000355, -0.2500000000000000000, -5.249999999999995559 ) ) ;
#8267 = VERTEX_POINT ( 'NONE', #7233 ) ;
#8268 = DIRECTION ( 'NONE',  ( 1.000000000000000000, 0.000000000000000000, 0.000000000000000000 ) ) ;
#8269 = CIRCLE ( 'NONE', #5030, 0.4000000000000010214 ) ;
#8270 = ORIENTED_EDGE ( 'NONE', *, *, #1171, .T. ) ;
#8271 = VECTOR ( 'NONE', #2396, 1000.000000000000000 ) ;
#8272 = VECTOR ( 'NONE', #2570, 1000.000000000000000 ) ;
#8273 = EDGE_CURVE ( 'NONE', #1497, #248, #2221, .T. ) ;
#8274 = LINE ( 'NONE', #9924, #9104 ) ;
#8275 = EDGE_CURVE ( 'NONE', #4068, #1165, #9580, .T. ) ;
#8276 = LINE ( 'NONE', #3376, #8272 ) ;
#8277 = CIRCLE ( 'NONE', #1288, 0.5999999999999998668 ) ;
#8278 = CARTESIAN_POINT ( 'NONE',  ( -38.85000000000000142, -1.799999999999999600, 23.75000000000000000 ) ) ;
#8279 = CARTESIAN_POINT ( 'NONE',  ( -30.95000000000000995, 9.899999999999998579, 2.249999999999999112 ) ) ;
#8280 = VECTOR ( 'NONE', #7504, 1000.000000000000000 ) ;
#8281 = FACE_OUTER_BOUND ( 'NONE', #9339, .T. ) ;
#8282 = ORIENTED_EDGE ( 'NONE', *, *, #10294, .T. ) ;
#8283 = CARTESIAN_POINT ( 'NONE',  ( 34.75000000000000000, 1.600000000000000755, 19.25000000000000000 ) ) ;
#8284 = ORIENTED_EDGE ( 'NONE', *, *, #10497, .F. ) ;
#8285 = ORIENTED_EDGE ( 'NONE', *, *, #9507, .F. ) ;
#8286 = EDGE_CURVE ( 'NONE', #142, #248, #2275, .T. ) ;
#8287 = EDGE_CURVE ( 'NONE', #5051, #1072, #3239, .T. ) ;
#8288 = VERTEX_POINT ( 'NONE', #3883 ) ;
#8289 = DIRECTION ( 'NONE',  ( -1.802310104910968394E-16, -1.802310104910968394E-16, 1.000000000000000000 ) ) ;
#8290 = ADVANCED_FACE ( 'NONE', ( #10430 ), #2382, .T. ) ;
#8291 = DIRECTION ( 'NONE',  ( -0.000000000000000000, 1.000000000000000000, -0.000000000000000000 ) ) ;
#8292 = DIRECTION ( 'NONE',  ( -0.000000000000000000, -0.000000000000000000, -1.000000000000000000 ) ) ;
#8293 = CARTESIAN_POINT ( 'NONE',  ( 21.64999999999999858, -3.399999999999999911, -19.24999999999999645 ) ) ;
#8294 = ORIENTED_EDGE ( 'NONE', *, *, #5095, .T. ) ;
#8295 = ORIENTED_EDGE ( 'NONE', *, *, #1762, .T. ) ;
#8296 = LINE ( 'NONE', #75, #8819 ) ;
#8297 = ORIENTED_EDGE ( 'NONE', *, *, #7771, .T. ) ;
#8298 = EDGE_CURVE ( 'NONE', #5910, #9165, #55, .T. ) ;
#8299 = EDGE_CURVE ( 'NONE', #260, #796, #7080, .T. ) ;
#8300 = ORIENTED_EDGE ( 'NONE', *, *, #812, .T. ) ;
#8301 = DIRECTION ( 'NONE',  ( 0.000000000000000000, 0.000000000000000000, 1.000000000000000000 ) ) ;
#8302 = ADVANCED_FACE ( 'NONE', ( #5686 ), #1362, .T. ) ;
#8303 = DIRECTION ( 'NONE',  ( -1.000000000000000000, 3.541727096785978127E-15, 0.000000000000000000 ) ) ;
#8304 = CARTESIAN_POINT ( 'NONE',  ( -26.75000000000000000, 3.600000000000004530, 17.44999999999999929 ) ) ;
#8305 = VECTOR ( 'NONE', #3076, 1000.000000000000000 ) ;
#8306 = CARTESIAN_POINT ( 'NONE',  ( -18.50000000000000355, 5.400000000000004796, -21.94999999999999574 ) ) ;
#8307 = VERTEX_POINT ( 'NONE', #7127 ) ;
#8308 = CARTESIAN_POINT ( 'NONE',  ( 13.50000000000000178, -0.2500000000000000000, -16.64999999999999858 ) ) ;
#8309 = LINE ( 'NONE', #4891, #5728 ) ;
#8310 = ORIENTED_EDGE ( 'NONE', *, *, #8785, .F. ) ;
#8311 = ADVANCED_FACE ( 'NONE', ( #7935 ), #7981, .F. ) ;
#8312 = PLANE ( 'NONE',  #6204 ) ;
#8313 = ORIENTED_EDGE ( 'NONE', *, *, #2762, .F. ) ;
#8314 = CYLINDRICAL_SURFACE ( 'NONE', #3220, 1.000000000000000888 ) ;
#8315 = PLANE ( 'NONE',  #6348 ) ;
#8316 = LINE ( 'NONE', #5757, #5011 ) ;
#8317 = DIRECTION ( 'NONE',  ( 1.000000000000000000, 0.000000000000000000, -0.000000000000000000 ) ) ;
#8318 = DIRECTION ( 'NONE',  ( -1.000000000000000000, 0.000000000000000000, -0.000000000000000000 ) ) ;
#8319 = VERTEX_POINT ( 'NONE', #10382 ) ;
#8320 = VECTOR ( 'NONE', #4497, 1000.000000000000000 ) ;
#8321 = DIRECTION ( 'NONE',  ( -0.000000000000000000, -0.000000000000000000, -1.000000000000000000 ) ) ;
#8322 = VERTEX_POINT ( 'NONE', #667 ) ;
#8323 = DIRECTION ( 'NONE',  ( -0.000000000000000000, -0.000000000000000000, 1.000000000000000000 ) ) ;
#8324 = VERTEX_POINT ( 'NONE', #9149 ) ;
#8325 = EDGE_CURVE ( 'NONE', #7711, #8343, #6696, .T. ) ;
#8326 = VECTOR ( 'NONE', #9947, 1000.000000000000000 ) ;
#8327 = PLANE ( 'NONE',  #3151 ) ;
#8328 = FACE_OUTER_BOUND ( 'NONE', #335, .T. ) ;
#8329 = DIRECTION ( 'NONE',  ( 1.000000000000000000, 0.000000000000000000, 0.000000000000000000 ) ) ;
#8330 = LINE ( 'NONE', #7369, #10084 ) ;
#8331 = EDGE_CURVE ( 'NONE', #173, #2293, #6645, .T. ) ;
#8332 = CARTESIAN_POINT ( 'NONE',  ( -23.85000000000000142, -4.999999999999999112, 24.45000000000000639 ) ) ;
#8333 = CIRCLE ( 'NONE', #5601, 0.4000000000000010214 ) ;
#8334 = VERTEX_POINT ( 'NONE', #5099 ) ;
#8335 = DIRECTION ( 'NONE',  ( -0.000000000000000000, -0.000000000000000000, 1.000000000000000000 ) ) ;
#8336 = ORIENTED_EDGE ( 'NONE', *, *, #963, .T. ) ;
#8337 = ORIENTED_EDGE ( 'NONE', *, *, #2886, .T. ) ;
#8338 = VERTEX_POINT ( 'NONE', #1039 ) ;
#8339 = LINE ( 'NONE', #2692, #1015 ) ;
#8340 = CARTESIAN_POINT ( 'NONE',  ( 17.50000000000000355, -1.800000000000000044, -20.74999999999999645 ) ) ;
#8341 = CARTESIAN_POINT ( 'NONE',  ( 0.000000000000000000, 9.900000000000000355, 0.000000000000000000 ) ) ;
#8342 = CARTESIAN_POINT ( 'NONE',  ( -27.64999999999999858, 0.000000000000000000, -19.14999999999999858 ) ) ;
#8343 = VERTEX_POINT ( 'NONE', #6539 ) ;
#8344 = ORIENTED_EDGE ( 'NONE', *, *, #6992, .T. ) ;
#8345 = DIRECTION ( 'NONE',  ( 0.000000000000000000, 0.000000000000000000, -1.000000000000000000 ) ) ;
#8346 = EDGE_CURVE ( 'NONE', #1587, #1623, #8065, .T. ) ;
#8347 = ORIENTED_EDGE ( 'NONE', *, *, #3604, .F. ) ;
#8348 = ORIENTED_EDGE ( 'NONE', *, *, #9136, .F. ) ;
#8349 = LINE ( 'NONE', #989, #6959 ) ;
#8350 = LINE ( 'NONE', #8245, #233 ) ;
#8351 = CARTESIAN_POINT ( 'NONE',  ( -11.75000000000000000, -0.9000000000000050182, -15.94999999999999929 ) ) ;
#8352 = EDGE_CURVE ( 'NONE', #9391, #5495, #8931, .T. ) ;
#8353 = DIRECTION ( 'NONE',  ( -1.000000000000000000, 0.000000000000000000, -0.000000000000000000 ) ) ;
#8354 = EDGE_CURVE ( 'NONE', #10113, #7916, #4938, .T. ) ;
#8355 = VERTEX_POINT ( 'NONE', #3453 ) ;
#8356 = CARTESIAN_POINT ( 'NONE',  ( 0.5500000000000001554, 5.049999999999998046, -13.14999999999999858 ) ) ;
#8357 = EDGE_CURVE ( 'NONE', #8724, #2, #1676, .T. ) ;
#8358 = VERTEX_POINT ( 'NONE', #1788 ) ;
#8359 = ORIENTED_EDGE ( 'NONE', *, *, #2898, .T. ) ;
#8360 = DIRECTION ( 'NONE',  ( 6.195440985631457289E-16, 1.000000000000000000, 0.000000000000000000 ) ) ;
#8361 = VECTOR ( 'NONE', #3140, 1000.000000000000000 ) ;
#8362 = LINE ( 'NONE', #3819, #2859 ) ;
#8363 = CARTESIAN_POINT ( 'NONE',  ( 37.65000000000001279, 9.100000000000006750, -19.25000000000000000 ) ) ;
#8364 = DIRECTION ( 'NONE',  ( 0.000000000000000000, 1.000000000000000000, 1.762134456409849633E-16 ) ) ;
#8365 = DIRECTION ( 'NONE',  ( 0.000000000000000000, 2.090028284309405749E-16, -1.000000000000000000 ) ) ;
#8366 = CARTESIAN_POINT ( 'NONE',  ( 27.95000000000000639, 7.500000000000000888, 23.15000000000000568 ) ) ;
#8367 = ADVANCED_FACE ( 'NONE', ( #2543 ), #9949, .F. ) ;
#8368 = EDGE_LOOP ( 'NONE', ( #9612, #4641, #8625, #4658 ) ) ;
#8369 = CARTESIAN_POINT ( 'NONE',  ( 11.95000000000000639, 1.600000000000000089, -17.44999999999999929 ) ) ;
#8370 = ORIENTED_EDGE ( 'NONE', *, *, #9790, .F. ) ;
#8371 = LINE ( 'NONE', #904, #8446 ) ;
#8372 = ORIENTED_EDGE ( 'NONE', *, *, #1246, .T. ) ;
#8373 = VECTOR ( 'NONE', #2600, 1000.000000000000000 ) ;
#8374 = DIRECTION ( 'NONE',  ( 1.000000000000000000, 0.000000000000000000, 0.000000000000000000 ) ) ;
#8375 = AXIS2_PLACEMENT_3D ( 'NONE', #694, #3063, #4747 ) ;
#8376 = DIRECTION ( 'NONE',  ( 0.8660254037844399289, 0.000000000000000000, 0.4999999999999978906 ) ) ;
#8377 = CARTESIAN_POINT ( 'NONE',  ( 34.75000000000000000, 9.100000000000006750, -19.25000000000000000 ) ) ;
#8378 = CARTESIAN_POINT ( 'NONE',  ( 37.65000000000000568, 7.500000000000000000, 20.25000000000000711 ) ) ;
#8379 = EDGE_CURVE ( 'NONE', #6402, #7882, #8350, .T. ) ;
#8380 = CARTESIAN_POINT ( 'NONE',  ( 5.950000000000004619, 3.600000000000000977, 19.25000000000000000 ) ) ;
#8381 = CARTESIAN_POINT ( 'NONE',  ( -26.45000000000000284, 7.000000000000005329, 12.92992172241327786 ) ) ;
#8382 = ORIENTED_EDGE ( 'NONE', *, *, #10376, .F. ) ;
#8383 = LINE ( 'NONE', #4331, #9679 ) ;
#8384 = ORIENTED_EDGE ( 'NONE', *, *, #6610, .T. ) ;
#8385 = ORIENTED_EDGE ( 'NONE', *, *, #1329, .T. ) ;
#8386 = VERTEX_POINT ( 'NONE', #3351 ) ;
#8387 = DIRECTION ( 'NONE',  ( -0.000000000000000000, 1.000000000000000000, -0.000000000000000000 ) ) ;
#8388 = EDGE_CURVE ( 'NONE', #1165, #5730, #241, .T. ) ;
#8389 = CARTESIAN_POINT ( 'NONE',  ( 15.00000000000000355, -0.2500000000000000000, -0.1499999999999973577 ) ) ;
#8390 = DIRECTION ( 'NONE',  ( 0.000000000000000000, 0.000000000000000000, -1.000000000000000000 ) ) ;
#8391 = EDGE_CURVE ( 'NONE', #4566, #2182, #10004, .T. ) ;
#8392 = DIRECTION ( 'NONE',  ( -0.000000000000000000, 0.000000000000000000, -1.000000000000000000 ) ) ;
#8393 = ORIENTED_EDGE ( 'NONE', *, *, #1245, .T. ) ;
#8394 = EDGE_LOOP ( 'NONE', ( #6578, #3890, #1792, #8186 ) ) ;
#8395 = DIRECTION ( 'NONE',  ( 0.000000000000000000, 1.000000000000000000, 0.000000000000000000 ) ) ;
#8396 = VECTOR ( 'NONE', #1404, 1000.000000000000000 ) ;
#8397 = ORIENTED_EDGE ( 'NONE', *, *, #9489, .F. ) ;
#8398 = VECTOR ( 'NONE', #12, 1000.000000000000000 ) ;
#8399 = ORIENTED_EDGE ( 'NONE', *, *, #5802, .F. ) ;
#8400 = CARTESIAN_POINT ( 'NONE',  ( -37.35000000000000142, 3.700000000000001954, 19.25000000000000000 ) ) ;
#8401 = ADVANCED_FACE ( 'NONE', ( #5048 ), #5794, .F. ) ;
#8402 = VECTOR ( 'NONE', #6391, 1000.000000000000114 ) ;
#8403 = AXIS2_PLACEMENT_3D ( 'NONE', #9698, #6445, #2346 ) ;
#8404 = DIRECTION ( 'NONE',  ( 0.000000000000000000, 0.000000000000000000, -1.000000000000000000 ) ) ;
#8405 = CARTESIAN_POINT ( 'NONE',  ( 13.85000000000000142, -2.356537443294078216, -61.94928997712344199 ) ) ;
#8406 = VECTOR ( 'NONE', #3418, 1000.000000000000000 ) ;
#8407 = DIRECTION ( 'NONE',  ( 0.000000000000000000, 0.000000000000000000, 1.000000000000000000 ) ) ;
#8408 = ORIENTED_EDGE ( 'NONE', *, *, #9729, .T. ) ;
#8409 = CARTESIAN_POINT ( 'NONE',  ( -12.75000000000000178, 9.902000000000001023, -15.94999999999999929 ) ) ;
#8410 = EDGE_LOOP ( 'NONE', ( #6039, #8848 ) ) ;
#8411 = ORIENTED_EDGE ( 'NONE', *, *, #4872, .F. ) ;
#8412 = VECTOR ( 'NONE', #3509, 1000.000000000000000 ) ;
#8413 = EDGE_CURVE ( 'NONE', #9000, #1026, #9770, .T. ) ;
#8414 = FACE_OUTER_BOUND ( 'NONE', #455, .T. ) ;
#8415 = EDGE_CURVE ( 'NONE', #6677, #7536, #827, .T. ) ;
#8416 = DIRECTION ( 'NONE',  ( 0.000000000000000000, 1.000000000000000000, -0.000000000000000000 ) ) ;
#8417 = DIRECTION ( 'NONE',  ( 1.000000000000000000, 0.000000000000000000, 0.000000000000000000 ) ) ;
#8418 = FACE_OUTER_BOUND ( 'NONE', #5127, .T. ) ;
#8419 = CARTESIAN_POINT ( 'NONE',  ( 35.75000000000000000, 17.01111066297655228, 3.460769515458663736 ) ) ;
#8420 = DIRECTION ( 'NONE',  ( -1.000000000000000000, 0.000000000000000000, 0.000000000000000000 ) ) ;
#8421 = EDGE_LOOP ( 'NONE', ( #3248, #831, #2497, #9799, #8692, #8000 ) ) ;
#8422 = VECTOR ( 'NONE', #7783, 1000.000000000000000 ) ;
#8423 = DIRECTION ( 'NONE',  ( 0.000000000000000000, 1.734723475976806108E-16, -1.000000000000000000 ) ) ;
#8424 = CIRCLE ( 'NONE', #247, 1.500000000000001332 ) ;
#8425 = ORIENTED_EDGE ( 'NONE', *, *, #4721, .F. ) ;
#8426 = DIRECTION ( 'NONE',  ( 0.000000000000000000, 0.000000000000000000, 1.000000000000000000 ) ) ;
#8427 = ORIENTED_EDGE ( 'NONE', *, *, #4193, .F. ) ;
#8428 = AXIS2_PLACEMENT_3D ( 'NONE', #3527, #7464, #1911 ) ;
#8429 = ADVANCED_FACE ( 'NONE', ( #7339 ), #3292, .F. ) ;
#8430 = CARTESIAN_POINT ( 'NONE',  ( 18.85185058345960840, 1.599999999999995204, -16.84999999999999787 ) ) ;
#8431 = EDGE_CURVE ( 'NONE', #3187, #5962, #6532, .T. ) ;
#8432 = VECTOR ( 'NONE', #4411, 1000.000000000000000 ) ;
#8433 = LINE ( 'NONE', #3584, #1108 ) ;
#8434 = CARTESIAN_POINT ( 'NONE',  ( -20.85000000000000142, -0.7000000000000000666, 22.14999999999999858 ) ) ;
#8435 = PLANE ( 'NONE',  #5210 ) ;
#8436 = AXIS2_PLACEMENT_3D ( 'NONE', #8810, #10460, #10409 ) ;
#8437 = FACE_OUTER_BOUND ( 'NONE', #8834, .T. ) ;
#8438 = DIRECTION ( 'NONE',  ( -1.000000000000000000, 0.000000000000000000, 4.688441826964323590E-16 ) ) ;
#8439 = ORIENTED_EDGE ( 'NONE', *, *, #8059, .F. ) ;
#8440 = AXIS2_PLACEMENT_3D ( 'NONE', #4914, #2248, #4109 ) ;
#8441 = AXIS2_PLACEMENT_3D ( 'NONE', #6196, #7855, #3061 ) ;
#8442 = ORIENTED_EDGE ( 'NONE', *, *, #10122, .F. ) ;
#8443 = ORIENTED_EDGE ( 'NONE', *, *, #524, .F. ) ;
#8444 = ORIENTED_EDGE ( 'NONE', *, *, #296, .T. ) ;
#8445 = EDGE_CURVE ( 'NONE', #1140, #7130, #7448, .T. ) ;
#8446 = VECTOR ( 'NONE', #961, 1000.000000000000000 ) ;
#8447 = DIRECTION ( 'NONE',  ( -1.000000000000000000, 0.000000000000000000, -0.000000000000000000 ) ) ;
#8448 = VECTOR ( 'NONE', #792, 1000.000000000000000 ) ;
#8449 = DIRECTION ( 'NONE',  ( 1.000000000000000000, -0.000000000000000000, 0.000000000000000000 ) ) ;
#8450 = LINE ( 'NONE', #2745, #370 ) ;
#8451 = ORIENTED_EDGE ( 'NONE', *, *, #2090, .T. ) ;
#8452 = VECTOR ( 'NONE', #2030, 1000.000000000000000 ) ;
#8453 = LINE ( 'NONE', #6198, #6164 ) ;
#8454 = CARTESIAN_POINT ( 'NONE',  ( 35.35000000000000142, 0.000000000000000000, 0.000000000000000000 ) ) ;
#8455 = AXIS2_PLACEMENT_3D ( 'NONE', #1739, #4145, #6651 ) ;
#8456 = ORIENTED_EDGE ( 'NONE', *, *, #10047, .T. ) ;
#8457 = DIRECTION ( 'NONE',  ( -1.000000000000000000, 0.000000000000000000, -6.672013369141570147E-16 ) ) ;
#8458 = ORIENTED_EDGE ( 'NONE', *, *, #8027, .F. ) ;
#8459 = ORIENTED_EDGE ( 'NONE', *, *, #7136, .F. ) ;
#8460 = EDGE_CURVE ( 'NONE', #6735, #10066, #2595, .T. ) ;
#8461 = DIRECTION ( 'NONE',  ( 2.569960705150825398E-16, 1.000000000000000000, 0.000000000000000000 ) ) ;
#8462 = DIRECTION ( 'NONE',  ( 0.000000000000000000, -1.000000000000000000, 0.000000000000000000 ) ) ;
#8463 = DIRECTION ( 'NONE',  ( 0.000000000000000000, 0.000000000000000000, 1.000000000000000000 ) ) ;
#8464 = FACE_OUTER_BOUND ( 'NONE', #5544, .T. ) ;
#8465 = ORIENTED_EDGE ( 'NONE', *, *, #7957, .T. ) ;
#8466 = CARTESIAN_POINT ( 'NONE',  ( -24.94999999999999929, 1.600000000000000089, 17.44999999999999929 ) ) ;
#8467 = ORIENTED_EDGE ( 'NONE', *, *, #8809, .F. ) ;
#8468 = ORIENTED_EDGE ( 'NONE', *, *, #8275, .T. ) ;
#8469 = DIRECTION ( 'NONE',  ( 1.000000000000000000, 0.000000000000000000, 0.000000000000000000 ) ) ;
#8470 = VECTOR ( 'NONE', #6525, 1000.000000000000000 ) ;
#8471 = DIRECTION ( 'NONE',  ( 0.000000000000000000, 0.000000000000000000, -1.000000000000000000 ) ) ;
#8472 = CARTESIAN_POINT ( 'NONE',  ( 13.16765177981913837, -1.799999999999992051, -61.94928997712344199 ) ) ;
#8473 = PLANE ( 'NONE',  #3990 ) ;
#8474 = LINE ( 'NONE', #4526, #1620 ) ;
#8475 = DIRECTION ( 'NONE',  ( -1.000000000000000000, 0.000000000000000000, 0.000000000000000000 ) ) ;
#8476 = ORIENTED_EDGE ( 'NONE', *, *, #9204, .T. ) ;
#8477 = FACE_OUTER_BOUND ( 'NONE', #4281, .T. ) ;
#8478 = ORIENTED_EDGE ( 'NONE', *, *, #6195, .F. ) ;
#8479 = CARTESIAN_POINT ( 'NONE',  ( -24.94999999999999929, 1.600000000000000089, -17.44999999999999929 ) ) ;
#8480 = EDGE_LOOP ( 'NONE', ( #8458, #5068, #1960, #3556 ) ) ;
#8481 = EDGE_CURVE ( 'NONE', #1836, #10364, #6803, .T. ) ;
#8482 = CARTESIAN_POINT ( 'NONE',  ( 15.00000000000000355, -0.2500000000000000000, -5.249999999999995559 ) ) ;
#8483 = LINE ( 'NONE', #526, #5212 ) ;
#8484 = DIRECTION ( 'NONE',  ( 0.000000000000000000, -1.000000000000000000, 0.000000000000000000 ) ) ;
#8485 = DIRECTION ( 'NONE',  ( 0.000000000000000000, -1.000000000000000000, -1.762134456409849633E-16 ) ) ;
#8486 = LINE ( 'NONE', #2944, #1564 ) ;
#8487 = EDGE_CURVE ( 'NONE', #8358, #5584, #397, .T. ) ;
#8488 = EDGE_CURVE ( 'NONE', #4232, #10374, #6026, .T. ) ;
#8489 = CARTESIAN_POINT ( 'NONE',  ( -21.25000000000000000, 7.000000000000006217, 24.45000000000000639 ) ) ;
#8490 = ORIENTED_EDGE ( 'NONE', *, *, #185, .F. ) ;
#8491 = ADVANCED_FACE ( 'NONE', ( #4403 ), #293, .F. ) ;
#8492 = ORIENTED_EDGE ( 'NONE', *, *, #9757, .T. ) ;
#8493 = VERTEX_POINT ( 'NONE', #2864 ) ;
#8494 = AXIS2_PLACEMENT_3D ( 'NONE', #5140, #1837, #9144 ) ;
#8495 = ORIENTED_EDGE ( 'NONE', *, *, #499, .T. ) ;
#8496 = DIRECTION ( 'NONE',  ( 0.000000000000000000, 0.000000000000000000, 1.000000000000000000 ) ) ;
#8497 = CARTESIAN_POINT ( 'NONE',  ( 22.25000000000000355, 7.400000000000004796, 24.45000000000000639 ) ) ;
#8498 = CARTESIAN_POINT ( 'NONE',  ( -12.75000000000000178, -0.9000000000000050182, -16.84999999999999787 ) ) ;
#8499 = ORIENTED_EDGE ( 'NONE', *, *, #3429, .T. ) ;
#8500 = LINE ( 'NONE', #4550, #7535 ) ;
#8501 = DIRECTION ( 'NONE',  ( 1.000000000000000000, 0.000000000000000000, -4.688441826964323590E-16 ) ) ;
#8502 = AXIS2_PLACEMENT_3D ( 'NONE', #2393, #2558, #9808 ) ;
#8503 = ADVANCED_FACE ( 'NONE', ( #10218 ), #10164, .T. ) ;
#8504 = PLANE ( 'NONE',  #8926 ) ;
#8505 = ORIENTED_EDGE ( 'NONE', *, *, #3401, .F. ) ;
#8506 = CARTESIAN_POINT ( 'NONE',  ( 37.65000000000000568, -9.000000000000007105, 19.24999999999999645 ) ) ;
#8507 = ORIENTED_EDGE ( 'NONE', *, *, #1491, .F. ) ;
#8508 = ORIENTED_EDGE ( 'NONE', *, *, #2213, .T. ) ;
#8509 = DIRECTION ( 'NONE',  ( -1.802310104910968394E-16, 0.000000000000000000, 1.000000000000000000 ) ) ;
#8510 = VECTOR ( 'NONE', #8289, 1000.000000000000000 ) ;
#8511 = EDGE_LOOP ( 'NONE', ( #4195, #6585, #6730, #4375 ) ) ;
#8512 = FACE_OUTER_BOUND ( 'NONE', #10546, .T. ) ;
#8513 = DIRECTION ( 'NONE',  ( 0.000000000000000000, 1.000000000000000000, -0.000000000000000000 ) ) ;
#8514 = PLANE ( 'NONE',  #5154 ) ;
#8515 = EDGE_CURVE ( 'NONE', #4303, #5240, #9199, .T. ) ;
#8516 = ORIENTED_EDGE ( 'NONE', *, *, #2510, .T. ) ;
#8517 = AXIS2_PLACEMENT_3D ( 'NONE', #441, #10313, #2093 ) ;
#8518 = CARTESIAN_POINT ( 'NONE',  ( -10.09999999999999787, -1.700000000000000178, -7.699999999999992184 ) ) ;
#8519 = AXIS2_PLACEMENT_3D ( 'NONE', #3192, #6429, #4675 ) ;
#8520 = ORIENTED_EDGE ( 'NONE', *, *, #6745, .F. ) ;
#8521 = ORIENTED_EDGE ( 'NONE', *, *, #4288, .T. ) ;
#8522 = DIRECTION ( 'NONE',  ( -1.000000000000000000, -0.000000000000000000, -9.637352644315578973E-16 ) ) ;
#8523 = ADVANCED_FACE ( 'NONE', ( #8512 ), #10267, .T. ) ;
#8524 = DIRECTION ( 'NONE',  ( -1.000000000000000000, 0.000000000000000000, 0.000000000000000000 ) ) ;
#8525 = CARTESIAN_POINT ( 'NONE',  ( 34.35000000000000142, 8.500000000000000000, -20.74999999999999645 ) ) ;
#8526 = CARTESIAN_POINT ( 'NONE',  ( -37.85000000000000853, 9.899999999999998579, 5.450000000000000178 ) ) ;
#8527 = CARTESIAN_POINT ( 'NONE',  ( -25.09999999999999787, -4.999999999999999112, 24.45000000000000639 ) ) ;
#8528 = DIRECTION ( 'NONE',  ( -0.000000000000000000, -1.000000000000000000, -0.000000000000000000 ) ) ;
#8529 = ORIENTED_EDGE ( 'NONE', *, *, #8736, .F. ) ;
#8530 = CARTESIAN_POINT ( 'NONE',  ( 0.000000000000000000, 0.000000000000000000, -20.24999999999999645 ) ) ;
#8531 = ORIENTED_EDGE ( 'NONE', *, *, #4583, .T. ) ;
#8532 = CARTESIAN_POINT ( 'NONE',  ( 0.000000000000000000, 6.200000000000000178, -21.15000000000000213 ) ) ;
#8533 = ORIENTED_EDGE ( 'NONE', *, *, #8752, .T. ) ;
#8534 = DIRECTION ( 'NONE',  ( 0.000000000000000000, 1.000000000000000000, -0.000000000000000000 ) ) ;
#8535 = CARTESIAN_POINT ( 'NONE',  ( 21.44999999999999929, 24.84296113818832197, 21.15000000000000568 ) ) ;
#8536 = LINE ( 'NONE', #10134, #3124 ) ;
#8537 = EDGE_CURVE ( 'NONE', #3359, #2194, #2810, .T. ) ;
#8538 = LINE ( 'NONE', #5393, #7079 ) ;
#8539 = DIRECTION ( 'NONE',  ( -1.000000000000000000, 0.000000000000000000, -0.000000000000000000 ) ) ;
#8540 = VECTOR ( 'NONE', #28, 1000.000000000000000 ) ;
#8541 = CARTESIAN_POINT ( 'NONE',  ( -35.25000000000000000, 0.000000000000000000, -19.14999999999999858 ) ) ;
#8542 = EDGE_LOOP ( 'NONE', ( #2217, #2317, #9895, #5042 ) ) ;
#8543 = ORIENTED_EDGE ( 'NONE', *, *, #4570, .F. ) ;
#8544 = ORIENTED_EDGE ( 'NONE', *, *, #2327, .F. ) ;
#8545 = CARTESIAN_POINT ( 'NONE',  ( -20.64999999999999858, -1.799999999999994493, -61.94928997712344199 ) ) ;
#8546 = EDGE_CURVE ( 'NONE', #4003, #9523, #3662, .T. ) ;
#8547 = ADVANCED_FACE ( 'NONE', ( #341 ), #8561, .F. ) ;
#8548 = DIRECTION ( 'NONE',  ( -0.000000000000000000, -0.000000000000000000, 1.000000000000000000 ) ) ;
#8549 = DIRECTION ( 'NONE',  ( 0.000000000000000000, 0.000000000000000000, -1.000000000000000000 ) ) ;
#8550 = CARTESIAN_POINT ( 'NONE',  ( 21.85000000000000142, 0.000000000000000000, 22.14999999999999858 ) ) ;
#8551 = LINE ( 'NONE', #9190, #1069 ) ;
#8552 = VECTOR ( 'NONE', #1996, 1000.000000000000000 ) ;
#8553 = CARTESIAN_POINT ( 'NONE',  ( 21.85000000000000497, -4.999999999999992006, 23.35100000000000975 ) ) ;
#8554 = EDGE_LOOP ( 'NONE', ( #1098, #4397, #5523, #1682 ) ) ;
#8555 = LINE ( 'NONE', #4293, #1668 ) ;
#8556 = VERTEX_POINT ( 'NONE', #2107 ) ;
#8557 = VERTEX_POINT ( 'NONE', #4507 ) ;
#8558 = CARTESIAN_POINT ( 'NONE',  ( -20.64999999999999858, 0.000000000000000000, -17.64999999999999858 ) ) ;
#8559 = ADVANCED_FACE ( 'NONE', ( #2756 ), #7768, .T. ) ;
#8560 = CARTESIAN_POINT ( 'NONE',  ( 35.75000000000000000, 7.500000000000004441, -0.3499999999999987566 ) ) ;
#8561 = PLANE ( 'NONE',  #8236 ) ;
#8562 = PLANE ( 'NONE',  #2432 ) ;
#8563 = EDGE_LOOP ( 'NONE', ( #8508, #2780, #7270, #728 ) ) ;
#8564 = VECTOR ( 'NONE', #9297, 1000.000000000000000 ) ;
#8565 = LINE ( 'NONE', #4512, #7176 ) ;
#8566 = ORIENTED_EDGE ( 'NONE', *, *, #7503, .F. ) ;
#8567 = ORIENTED_EDGE ( 'NONE', *, *, #8885, .T. ) ;
#8568 = VECTOR ( 'NONE', #4480, 1000.000000000000000 ) ;
#8569 = VECTOR ( 'NONE', #2657, 1000.000000000000000 ) ;
#8570 = EDGE_CURVE ( 'NONE', #1821, #6577, #8616, .T. ) ;
#8571 = CIRCLE ( 'NONE', #4325, 0.4000000000000001887 ) ;
#8572 = CARTESIAN_POINT ( 'NONE',  ( -10.09999999999999787, -1.700000000000000178, -9.349999999999994316 ) ) ;
#8573 = CARTESIAN_POINT ( 'NONE',  ( 27.45000000000000639, 7.400000000000004796, 24.45000000000000639 ) ) ;
#8574 = DIRECTION ( 'NONE',  ( 1.000000000000000000, 0.000000000000000000, 0.000000000000000000 ) ) ;
#8575 = DIRECTION ( 'NONE',  ( 0.000000000000000000, 1.000000000000000000, 0.000000000000000000 ) ) ;
#8576 = DIRECTION ( 'NONE',  ( -0.000000000000000000, -0.000000000000000000, 1.000000000000000000 ) ) ;
#8577 = ORIENTED_EDGE ( 'NONE', *, *, #10407, .T. ) ;
#8578 = DIRECTION ( 'NONE',  ( 0.000000000000000000, 0.000000000000000000, 1.000000000000000000 ) ) ;
#8579 = VERTEX_POINT ( 'NONE', #451 ) ;
#8580 = CARTESIAN_POINT ( 'NONE',  ( -37.85000000000000853, -1.799999999999999600, -9.999999999999996447 ) ) ;
#8581 = ORIENTED_EDGE ( 'NONE', *, *, #1653, .T. ) ;
#8582 = AXIS2_PLACEMENT_3D ( 'NONE', #4760, #4611, #3920 ) ;
#8583 = EDGE_CURVE ( 'NONE', #1086, #1137, #10051, .T. ) ;
#8584 = FACE_OUTER_BOUND ( 'NONE', #3790, .T. ) ;
#8585 = CARTESIAN_POINT ( 'NONE',  ( -38.64999999999999858, -0.3999999999999999667, 6.049999999999999822 ) ) ;
#8586 = LINE ( 'NONE', #1276, #6184 ) ;
#8587 = AXIS2_PLACEMENT_3D ( 'NONE', #8630, #3572, #8574 ) ;
#8588 = DIRECTION ( 'NONE',  ( 1.734723475976807489E-15, 0.000000000000000000, -1.000000000000000000 ) ) ;
#8589 = ORIENTED_EDGE ( 'NONE', *, *, #6220, .F. ) ;
#8590 = PLANE ( 'NONE',  #1933 ) ;
#8591 = ORIENTED_EDGE ( 'NONE', *, *, #10533, .T. ) ;
#8592 = DIRECTION ( 'NONE',  ( -0.000000000000000000, -1.762134456409849386E-16, 1.000000000000000000 ) ) ;
#8593 = ORIENTED_EDGE ( 'NONE', *, *, #8818, .F. ) ;
#8594 = ORIENTED_EDGE ( 'NONE', *, *, #5851, .T. ) ;
#8595 = CIRCLE ( 'NONE', #3828, 1.249999999999997558 ) ;
#8596 = PLANE ( 'NONE',  #7466 ) ;
#8597 = CYLINDRICAL_SURFACE ( 'NONE', #5204, 0.9999999999999991118 ) ;
#8598 = VECTOR ( 'NONE', #4953, 1000.000000000000000 ) ;
#8599 = CARTESIAN_POINT ( 'NONE',  ( -31.55000000000000782, -9.000000000000001776, 2.249999999999998668 ) ) ;
#8600 = LINE ( 'NONE', #3702, #8552 ) ;
#8601 = CARTESIAN_POINT ( 'NONE',  ( -18.24999999999997868, -0.9000000000000044631, -13.14999999999999858 ) ) ;
#8602 = VECTOR ( 'NONE', #10059, 1000.000000000000000 ) ;
#8603 = CARTESIAN_POINT ( 'NONE',  ( -39.25000000000000000, 1.600000000000000089, -3.949999999999995293 ) ) ;
#8604 = EDGE_LOOP ( 'NONE', ( #5946, #1810, #10128, #10158 ) ) ;
#8605 = CARTESIAN_POINT ( 'NONE',  ( 33.95000000000000284, 7.500000000000007105, -12.80000000000000249 ) ) ;
#8606 = EDGE_CURVE ( 'NONE', #5570, #9958, #1092, .T. ) ;
#8607 = EDGE_CURVE ( 'NONE', #796, #782, #1146, .T. ) ;
#8608 = CIRCLE ( 'NONE', #9792, 0.4000000000000010214 ) ;
#8609 = VERTEX_POINT ( 'NONE', #3609 ) ;
#8610 = EDGE_CURVE ( 'NONE', #9497, #1709, #5259, .T. ) ;
#8611 = ORIENTED_EDGE ( 'NONE', *, *, #1012, .F. ) ;
#8612 = VECTOR ( 'NONE', #5442, 1000.000000000000000 ) ;
#8613 = CARTESIAN_POINT ( 'NONE',  ( 18.50000000000000355, -1.800000000000000044, -20.74999999999999645 ) ) ;
#8614 = VECTOR ( 'NONE', #5452, 1000.000000000000000 ) ;
#8615 = CARTESIAN_POINT ( 'NONE',  ( 34.75000000000000000, -1.800000000000000044, -19.14999999999999858 ) ) ;
#8616 = LINE ( 'NONE', #505, #398 ) ;
#8617 = VECTOR ( 'NONE', #9487, 1000.000000000000000 ) ;
#8618 = CARTESIAN_POINT ( 'NONE',  ( -28.35000000000000497, -1.800000000000000044, 0.000000000000000000 ) ) ;
#8619 = DIRECTION ( 'NONE',  ( -0.000000000000000000, -0.000000000000000000, 1.000000000000000000 ) ) ;
#8620 = ORIENTED_EDGE ( 'NONE', *, *, #10186, .T. ) ;
#8621 = VECTOR ( 'NONE', #6647, 1000.000000000000000 ) ;
#8622 = DIRECTION ( 'NONE',  ( -1.000000000000000000, -0.000000000000000000, -0.000000000000000000 ) ) ;
#8623 = EDGE_CURVE ( 'NONE', #1930, #4828, #7716, .T. ) ;
#8624 = EDGE_CURVE ( 'NONE', #3437, #3565, #6211, .T. ) ;
#8625 = ORIENTED_EDGE ( 'NONE', *, *, #720, .T. ) ;
#8626 = ADVANCED_FACE ( 'NONE', ( #3029 ), #6261, .T. ) ;
#8627 = ORIENTED_EDGE ( 'NONE', *, *, #871, .T. ) ;
#8628 = LINE ( 'NONE', #5318, #8602 ) ;
#8629 = CARTESIAN_POINT ( 'NONE',  ( -29.55000000000000782, 9.899999999999998579, -2.250000000000000444 ) ) ;
#8630 = CARTESIAN_POINT ( 'NONE',  ( 27.45000000000000639, 7.000000000000004441, 23.15100000000000691 ) ) ;
#8631 = DIRECTION ( 'NONE',  ( -1.000000000000000000, -0.000000000000000000, 3.771137991253934983E-16 ) ) ;
#8632 = DIRECTION ( 'NONE',  ( 0.000000000000000000, 0.000000000000000000, 1.000000000000000000 ) ) ;
#8633 = ORIENTED_EDGE ( 'NONE', *, *, #6653, .T. ) ;
#8634 = FACE_OUTER_BOUND ( 'NONE', #6263, .T. ) ;
#8635 = ORIENTED_EDGE ( 'NONE', *, *, #7382, .F. ) ;
#8636 = EDGE_CURVE ( 'NONE', #10402, #941, #7923, .T. ) ;
#8637 = CARTESIAN_POINT ( 'NONE',  ( -36.45000000000000284, -0.3999999999999993006, -8.448227494413584893 ) ) ;
#8638 = VERTEX_POINT ( 'NONE', #3123 ) ;
#8639 = PLANE ( 'NONE',  #4506 ) ;
#8640 = CARTESIAN_POINT ( 'NONE',  ( -20.85000000000000142, 7.000000000000006217, 23.35100000000000264 ) ) ;
#8641 = DIRECTION ( 'NONE',  ( -1.000000000000000000, -1.145572106777137773E-15, 0.000000000000000000 ) ) ;
#8642 = DIRECTION ( 'NONE',  ( 0.000000000000000000, 0.000000000000000000, -1.000000000000000000 ) ) ;
#8643 = EDGE_LOOP ( 'NONE', ( #1604, #10145, #8751, #534 ) ) ;
#8644 = CARTESIAN_POINT ( 'NONE',  ( -38.64999999999999858, 9.899999999999998579, -5.450000000000000178 ) ) ;
#8645 = VECTOR ( 'NONE', #3561, 1000.000000000000000 ) ;
#8646 = ORIENTED_EDGE ( 'NONE', *, *, #1902, .T. ) ;
#8647 = EDGE_CURVE ( 'NONE', #8092, #1587, #7119, .T. ) ;
#8648 = CARTESIAN_POINT ( 'NONE',  ( 21.64999999999999858, 0.000000000000000000, -16.44999999999999574 ) ) ;
#8649 = ORIENTED_EDGE ( 'NONE', *, *, #4383, .T. ) ;
#8650 = ORIENTED_EDGE ( 'NONE', *, *, #5654, .T. ) ;
#8651 = CARTESIAN_POINT ( 'NONE',  ( -37.35000000000000142, 1.600000000000000089, -19.25000000000000000 ) ) ;
#8652 = DIRECTION ( 'NONE',  ( 0.000000000000000000, 1.000000000000000000, 1.762134456409849633E-16 ) ) ;
#8653 = CARTESIAN_POINT ( 'NONE',  ( 22.25000000000000355, 7.000000000000004441, 23.15100000000000691 ) ) ;
#8654 = EDGE_CURVE ( 'NONE', #742, #219, #10419, .T. ) ;
#8655 = CARTESIAN_POINT ( 'NONE',  ( -26.64999999999999503, -3.399999999999999911, -17.64999999999999503 ) ) ;
#8656 = FACE_OUTER_BOUND ( 'NONE', #9309, .T. ) ;
#8657 = CARTESIAN_POINT ( 'NONE',  ( -10.09999999999999787, -9.002000000000000668, -7.699999999999992184 ) ) ;
#8658 = VECTOR ( 'NONE', #5679, 1000.000000000000000 ) ;
#8659 = ORIENTED_EDGE ( 'NONE', *, *, #10544, .F. ) ;
#8660 = FACE_OUTER_BOUND ( 'NONE', #9723, .T. ) ;
#8661 = ORIENTED_EDGE ( 'NONE', *, *, #8925, .T. ) ;
#8662 = ORIENTED_EDGE ( 'NONE', *, *, #10420, .T. ) ;
#8663 = DIRECTION ( 'NONE',  ( -1.000000000000000000, 1.101142831430592166E-16, 0.000000000000000000 ) ) ;
#8664 = VECTOR ( 'NONE', #1949, 1000.000000000000000 ) ;
#8665 = DIRECTION ( 'NONE',  ( -0.000000000000000000, 1.000000000000000000, -0.000000000000000000 ) ) ;
#8666 = LINE ( 'NONE', #10330, #7393 ) ;
#8667 = CARTESIAN_POINT ( 'NONE',  ( -0.5000000000000004441, 5.400000000000004796, -21.94999999999999574 ) ) ;
#8668 = ADVANCED_FACE ( 'NONE', ( #9519 ), #3820, .T. ) ;
#8669 = FACE_OUTER_BOUND ( 'NONE', #9753, .T. ) ;
#8670 = ORIENTED_EDGE ( 'NONE', *, *, #1653, .F. ) ;
#8671 = PLANE ( 'NONE',  #2185 ) ;
#8672 = ORIENTED_EDGE ( 'NONE', *, *, #1501, .F. ) ;
#8673 = VECTOR ( 'NONE', #7486, 1000.000000000000000 ) ;
#8674 = ORIENTED_EDGE ( 'NONE', *, *, #5870, .T. ) ;
#8675 = PLANE ( 'NONE',  #5884 ) ;
#8676 = EDGE_CURVE ( 'NONE', #9023, #6851, #6362, .T. ) ;
#8677 = EDGE_CURVE ( 'NONE', #2, #8556, #5465, .T. ) ;
#8678 = DIRECTION ( 'NONE',  ( -0.000000000000000000, -0.000000000000000000, -1.000000000000000000 ) ) ;
#8679 = CARTESIAN_POINT ( 'NONE',  ( -12.75000000000000178, 9.902000000000001023, -15.94999999999999929 ) ) ;
#8680 = VECTOR ( 'NONE', #4622, 1000.000000000000114 ) ;
#8681 = CARTESIAN_POINT ( 'NONE',  ( 10.15000000000000568, 1.600000000000000089, 17.44999999999999929 ) ) ;
#8682 = ORIENTED_EDGE ( 'NONE', *, *, #9628, .F. ) ;
#8683 = DIRECTION ( 'NONE',  ( -1.000000000000000000, 0.000000000000000000, 0.000000000000000000 ) ) ;
#8684 = EDGE_LOOP ( 'NONE', ( #9473, #5792, #548, #9059 ) ) ;
#8685 = LINE ( 'NONE', #1368, #3173 ) ;
#8686 = ORIENTED_EDGE ( 'NONE', *, *, #9390, .T. ) ;
#8687 = PLANE ( 'NONE',  #240 ) ;
#8688 = EDGE_CURVE ( 'NONE', #5477, #2807, #8666, .T. ) ;
#8689 = DIRECTION ( 'NONE',  ( 0.000000000000000000, 0.000000000000000000, -1.000000000000000000 ) ) ;
#8690 = LINE ( 'NONE', #2841, #4809 ) ;
#8691 = DIRECTION ( 'NONE',  ( -0.8660254037844398178, -0.000000000000000000, -0.4999999999999978906 ) ) ;
#8692 = ORIENTED_EDGE ( 'NONE', *, *, #3605, .F. ) ;
#8693 = LINE ( 'NONE', #7307, #563 ) ;
#8694 = ORIENTED_EDGE ( 'NONE', *, *, #6127, .F. ) ;
#8695 = CARTESIAN_POINT ( 'NONE',  ( -31.55000000000000782, -0.3999999999999999667, -4.350000000000001421 ) ) ;
#8696 = EDGE_LOOP ( 'NONE', ( #448, #32, #5094, #3475, #3580 ) ) ;
#8697 = VERTEX_POINT ( 'NONE', #3968 ) ;
#8698 = CARTESIAN_POINT ( 'NONE',  ( 0.000000000000000000, 1.600000000000000089, 19.25000000000000000 ) ) ;
#8699 = EDGE_CURVE ( 'NONE', #1556, #4975, #9622, .T. ) ;
#8700 = CARTESIAN_POINT ( 'NONE',  ( -11.75000000000000000, -0.9000000000000050182, -10.34999999999999076 ) ) ;
#8701 = FACE_OUTER_BOUND ( 'NONE', #5, .T. ) ;
#8702 = AXIS2_PLACEMENT_3D ( 'NONE', #7630, #6021, #4471 ) ;
#8703 = CARTESIAN_POINT ( 'NONE',  ( 17.50000000000000000, 5.400000000000004796, -21.94999999999999574 ) ) ;
#8704 = CARTESIAN_POINT ( 'NONE',  ( -35.25000000000000000, -1.799999999999999600, 23.34999999999999787 ) ) ;
#8705 = FACE_OUTER_BOUND ( 'NONE', #9548, .T. ) ;
#8706 = ORIENTED_EDGE ( 'NONE', *, *, #9757, .F. ) ;
#8707 = DIRECTION ( 'NONE',  ( 1.000000000000000000, 0.000000000000000000, 0.000000000000000000 ) ) ;
#8708 = ORIENTED_EDGE ( 'NONE', *, *, #10379, .T. ) ;
#8709 = MANIFOLD_SOLID_BREP ( 'Tab 2', #4630 ) ;
#8710 = VECTOR ( 'NONE', #7977, 1000.000000000000000 ) ;
#8711 = EDGE_CURVE ( 'NONE', #485, #5044, #1506, .T. ) ;
#8712 = ORIENTED_EDGE ( 'NONE', *, *, #2356, .T. ) ;
#8713 = DIRECTION ( 'NONE',  ( -0.8660254037844398178, -0.000000000000000000, -0.4999999999999978906 ) ) ;
#8714 = EDGE_CURVE ( 'NONE', #9355, #5081, #5417, .T. ) ;
#8715 = FACE_OUTER_BOUND ( 'NONE', #10557, .T. ) ;
#8716 = FACE_OUTER_BOUND ( 'NONE', #5118, .T. ) ;
#8717 = VECTOR ( 'NONE', #6468, 1000.000000000000000 ) ;
#8718 = SURFACE_STYLE_FILL_AREA ( #3181 ) ;
#8719 = CARTESIAN_POINT ( 'NONE',  ( -37.35000000000000142, -0.3999999999999975797, 23.75000000000000000 ) ) ;
#8720 = ORIENTED_EDGE ( 'NONE', *, *, #1776, .T. ) ;
#8721 = FACE_OUTER_BOUND ( 'NONE', #6832, .T. ) ;
#8722 = AXIS2_PLACEMENT_3D ( 'NONE', #5566, #3278, #867 ) ;
#8723 = AXIS2_PLACEMENT_3D ( 'NONE', #6510, #8058, #748 ) ;
#8724 = VERTEX_POINT ( 'NONE', #1455 ) ;
#8725 = EDGE_CURVE ( 'NONE', #6679, #9143, #7973, .T. ) ;
#8726 = LINE ( 'NONE', #5426, #5371 ) ;
#8727 = LINE ( 'NONE', #7177, #5344 ) ;
#8728 = CARTESIAN_POINT ( 'NONE',  ( -30.04999999999999716, -1.800000000000000044, -20.74999999999999645 ) ) ;
#8729 = VECTOR ( 'NONE', #3755, 1000.000000000000000 ) ;
#8730 = CARTESIAN_POINT ( 'NONE',  ( -30.95000000000000995, -0.3999999999999993006, 1.649999999999999023 ) ) ;
#8731 = VERTEX_POINT ( 'NONE', #8342 ) ;
#8732 = LINE ( 'NONE', #3195, #5469 ) ;
#8733 = ORIENTED_EDGE ( 'NONE', *, *, #6610, .F. ) ;
#8734 = DIRECTION ( 'NONE',  ( 1.000000000000000000, -0.000000000000000000, 0.000000000000000000 ) ) ;
#8735 = EDGE_LOOP ( 'NONE', ( #10403, #5278, #5029, #10410 ) ) ;
#8736 = EDGE_CURVE ( 'NONE', #1204, #4434, #9776, .T. ) ;
#8737 = EDGE_CURVE ( 'NONE', #471, #4697, #816, .T. ) ;
#8738 = CIRCLE ( 'NONE', #10279, 1.500000000000001332 ) ;
#8739 = LINE ( 'NONE', #4632, #2124 ) ;
#8740 = LINE ( 'NONE', #3251, #3476 ) ;
#8741 = DIRECTION ( 'NONE',  ( -1.000000000000000000, 0.000000000000000000, -6.672013369141570147E-16 ) ) ;
#8742 = VECTOR ( 'NONE', #5445, 1000.000000000000000 ) ;
#8743 = LINE ( 'NONE', #2290, #9292 ) ;
#8744 = ORIENTED_EDGE ( 'NONE', *, *, #7697, .F. ) ;
#8745 = AXIS2_PLACEMENT_3D ( 'NONE', #7395, #4199, #8303 ) ;
#8746 = CARTESIAN_POINT ( 'NONE',  ( 27.64999999999999858, -1.899999999999992362, -20.24999999999999645 ) ) ;
#8747 = ORIENTED_EDGE ( 'NONE', *, *, #8725, .T. ) ;
#8748 = DIRECTION ( 'NONE',  ( 0.000000000000000000, -0.000000000000000000, -1.000000000000000000 ) ) ;
#8749 = ORIENTED_EDGE ( 'NONE', *, *, #596, .F. ) ;
#8750 = EDGE_CURVE ( 'NONE', #6502, #3987, #4127, .T. ) ;
#8751 = ORIENTED_EDGE ( 'NONE', *, *, #5619, .F. ) ;
#8752 = EDGE_CURVE ( 'NONE', #5493, #1634, #6857, .T. ) ;
#8753 = MECHANICAL_DESIGN_GEOMETRIC_PRESENTATION_REPRESENTATION (  '', ( #3312 ), #1567 ) ;
#8754 = DIRECTION ( 'NONE',  ( 0.000000000000000000, 0.000000000000000000, -1.000000000000000000 ) ) ;
#8755 = CARTESIAN_POINT ( 'NONE',  ( 12.84999999999999964, -9.002000000000000668, -5.049999999999995381 ) ) ;
#8756 = CARTESIAN_POINT ( 'NONE',  ( -20.64999999999999858, -3.399999999999999911, -17.64999999999999503 ) ) ;
#8757 = FACE_OUTER_BOUND ( 'NONE', #4016, .T. ) ;
#8758 = DIRECTION ( 'NONE',  ( -1.000000000000000000, 1.101142831430592043E-16, -0.000000000000000000 ) ) ;
#8759 = VERTEX_POINT ( 'NONE', #9721 ) ;
#8760 = DIRECTION ( 'NONE',  ( -0.000000000000000000, -0.000000000000000000, -1.000000000000000000 ) ) ;
#8761 = AXIS2_PLACEMENT_3D ( 'NONE', #6879, #9329, #2996 ) ;
#8762 = EDGE_CURVE ( 'NONE', #325, #7481, #981, .T. ) ;
#8763 = ORIENTED_EDGE ( 'NONE', *, *, #1029, .T. ) ;
#8764 = EDGE_LOOP ( 'NONE', ( #9839, #1153, #4567, #9513 ) ) ;
#8765 = CIRCLE ( 'NONE', #5022, 8.450000000000001066 ) ;
#8766 = PLANE ( 'NONE',  #7974 ) ;
#8767 = LINE ( 'NONE', #7867, #3411 ) ;
#8768 = VECTOR ( 'NONE', #716, 1000.000000000000000 ) ;
#8769 = CARTESIAN_POINT ( 'NONE',  ( 33.94999999999999574, 9.100000000000003197, 4.499999999999999112 ) ) ;
#8770 = DIRECTION ( 'NONE',  ( -0.000000000000000000, -0.000000000000000000, -1.000000000000000000 ) ) ;
#8771 = DIRECTION ( 'NONE',  ( -0.000000000000000000, -1.000000000000000000, -0.000000000000000000 ) ) ;
#8772 = ORIENTED_EDGE ( 'NONE', *, *, #7673, .T. ) ;
#8773 = VECTOR ( 'NONE', #6244, 1000.000000000000000 ) ;
#8774 = CARTESIAN_POINT ( 'NONE',  ( -37.05000000000000426, -0.3999999999999993006, 5.450000000000000178 ) ) ;
#8775 = ADVANCED_FACE ( 'NONE', ( #4875 ), #7384, .F. ) ;
#8776 = AXIS2_PLACEMENT_3D ( 'NONE', #4952, #956, #4214 ) ;
#8777 = VECTOR ( 'NONE', #8548, 1000.000000000000000 ) ;
#8778 = ORIENTED_EDGE ( 'NONE', *, *, #10013, .F. ) ;
#8779 = AXIS2_PLACEMENT_3D ( 'NONE', #2241, #5496, #9653 ) ;
#8780 = CARTESIAN_POINT ( 'NONE',  ( -34.25000000000000000, 0.000000000000000000, -12.49999999999999289 ) ) ;
#8781 = VECTOR ( 'NONE', #4264, 1000.000000000000000 ) ;
#8782 = CARTESIAN_POINT ( 'NONE',  ( -26.45000000000000284, 7.400000000000005684, 23.35100000000000264 ) ) ;
#8783 = LINE ( 'NONE', #6225, #3236 ) ;
#8784 = LINE ( 'NONE', #7937, #5900 ) ;
#8785 = EDGE_CURVE ( 'NONE', #780, #7813, #7330, .T. ) ;
#8786 = ORIENTED_EDGE ( 'NONE', *, *, #431, .F. ) ;
#8787 = DIRECTION ( 'NONE',  ( 0.000000000000000000, 0.000000000000000000, 1.000000000000000000 ) ) ;
#8788 = ORIENTED_EDGE ( 'NONE', *, *, #2011, .T. ) ;
#8789 = CARTESIAN_POINT ( 'NONE',  ( 13.85000000000000142, 9.902000000000001023, -11.14999999999999503 ) ) ;
#8790 = VERTEX_POINT ( 'NONE', #7491 ) ;
#8791 = LINE ( 'NONE', #4779, #5363 ) ;
#8792 = FACE_OUTER_BOUND ( 'NONE', #2439, .T. ) ;
#8793 = CARTESIAN_POINT ( 'NONE',  ( -30.94999999999999929, 3.600000000000004974, -19.25000000000000000 ) ) ;
#8794 = LINE ( 'NONE', #8101, #942 ) ;
#8795 = EDGE_LOOP ( 'NONE', ( #9009, #7279, #2919, #6214, #321, #8633, #1193, #3141, #6887, #7174, #933, #9688, #2190, #9920 ) ) ;
#8796 = CARTESIAN_POINT ( 'NONE',  ( -19.64999999999999858, 0.5000000000000000000, -5.049999999999995381 ) ) ;
#8797 = EDGE_CURVE ( 'NONE', #7161, #2428, #2423, .T. ) ;
#8798 = ORIENTED_EDGE ( 'NONE', *, *, #7563, .F. ) ;
#8799 = DIRECTION ( 'NONE',  ( 1.000000000000000000, 0.000000000000000000, 0.000000000000000000 ) ) ;
#8800 = ORIENTED_EDGE ( 'NONE', *, *, #2886, .F. ) ;
#8801 = EDGE_LOOP ( 'NONE', ( #1436, #10319, #1712, #3849, #5887 ) ) ;
#8802 = FACE_OUTER_BOUND ( 'NONE', #3298, .T. ) ;
#8803 = LINE ( 'NONE', #2518, #7601 ) ;
#8804 = LINE ( 'NONE', #747, #4351 ) ;
#8805 = EDGE_CURVE ( 'NONE', #4866, #7509, #6526, .T. ) ;
#8806 = AXIS2_PLACEMENT_3D ( 'NONE', #9263, #6866, #1156 ) ;
#8807 = DIRECTION ( 'NONE',  ( 0.000000000000000000, 1.000000000000000000, 0.000000000000000000 ) ) ;
#8808 = ADVANCED_FACE ( 'NONE', ( #7438 ), #5784, .F. ) ;
#8809 = EDGE_CURVE ( 'NONE', #7718, #374, #4982, .T. ) ;
#8810 = CARTESIAN_POINT ( 'NONE',  ( 20.64999999999999858, -1.800000000000000044, 23.75100000000000833 ) ) ;
#8811 = ORIENTED_EDGE ( 'NONE', *, *, #523, .F. ) ;
#8812 = FACE_OUTER_BOUND ( 'NONE', #8394, .T. ) ;
#8813 = ORIENTED_EDGE ( 'NONE', *, *, #4438, .F. ) ;
#8814 = ORIENTED_EDGE ( 'NONE', *, *, #7885, .F. ) ;
#8815 = CARTESIAN_POINT ( 'NONE',  ( -34.25000000000000000, -1.800000000000000044, 11.49999999999999112 ) ) ;
#8816 = CARTESIAN_POINT ( 'NONE',  ( -39.25000000000000000, -0.3999999999999975797, -20.35000000000000142 ) ) ;
#8817 = DIRECTION ( 'NONE',  ( 0.000000000000000000, -1.000000000000000000, 0.000000000000000000 ) ) ;
#8818 = EDGE_CURVE ( 'NONE', #3184, #4260, #1777, .T. ) ;
#8819 = VECTOR ( 'NONE', #7280, 1000.000000000000000 ) ;
#8820 = LINE ( 'NONE', #10332, #1403 ) ;
#8821 = ORIENTED_EDGE ( 'NONE', *, *, #5301, .T. ) ;
#8822 = ORIENTED_EDGE ( 'NONE', *, *, #3847, .F. ) ;
#8823 = DIRECTION ( 'NONE',  ( 0.000000000000000000, 0.000000000000000000, 1.000000000000000000 ) ) ;
#8824 = VERTEX_POINT ( 'NONE', #9940 ) ;
#8825 = ORIENTED_EDGE ( 'NONE', *, *, #2081, .T. ) ;
#8826 = VECTOR ( 'NONE', #7928, 1000.000000000000000 ) ;
#8827 = CARTESIAN_POINT ( 'NONE',  ( -38.64999999999999858, -0.3999999999999993006, 5.450000000000000178 ) ) ;
#8828 = ADVANCED_FACE ( 'NONE', ( #179 ), #5734, .F. ) ;
#8829 = DIRECTION ( 'NONE',  ( 0.000000000000000000, 0.000000000000000000, -1.000000000000000000 ) ) ;
#8830 = LINE ( 'NONE', #9682, #8680 ) ;
#8831 = CARTESIAN_POINT ( 'NONE',  ( -30.95000000000000995, -9.000000000000001776, -1.649999999999999023 ) ) ;
#8832 = ORIENTED_EDGE ( 'NONE', *, *, #7219, .F. ) ;
#8833 = CARTESIAN_POINT ( 'NONE',  ( -35.64999999999999858, -0.6999999999999992895, 23.34999999999999787 ) ) ;
#8834 = EDGE_LOOP ( 'NONE', ( #6161, #7803, #5882, #10276 ) ) ;
#8835 = DIRECTION ( 'NONE',  ( -1.000000000000000000, 0.000000000000000000, -0.000000000000000000 ) ) ;
#8836 = ORIENTED_EDGE ( 'NONE', *, *, #3800, .T. ) ;
#8837 = EDGE_CURVE ( 'NONE', #7560, #414, #6511, .T. ) ;
#8838 = DIRECTION ( 'NONE',  ( -0.000000000000000000, 0.000000000000000000, 1.000000000000000000 ) ) ;
#8839 = VECTOR ( 'NONE', #9618, 1000.000000000000000 ) ;
#8840 = EDGE_CURVE ( 'NONE', #10113, #3835, #6684, .T. ) ;
#8841 = CARTESIAN_POINT ( 'NONE',  ( -35.25000000000000711, -1.800000000000000044, -20.74999999999999645 ) ) ;
#8842 = CARTESIAN_POINT ( 'NONE',  ( 5.950000000000004619, 3.600000000000000977, -19.25000000000000000 ) ) ;
#8843 = FACE_OUTER_BOUND ( 'NONE', #8900, .T. ) ;
#8844 = ORIENTED_EDGE ( 'NONE', *, *, #2390, .F. ) ;
#8845 = CARTESIAN_POINT ( 'NONE',  ( 15.85000000000000320, -0.2499999999999998890, -5.249999999999995559 ) ) ;
#8846 = ORIENTED_EDGE ( 'NONE', *, *, #10171, .T. ) ;
#8847 = DIRECTION ( 'NONE',  ( 6.195440985631457289E-16, 1.000000000000000000, -0.000000000000000000 ) ) ;
#8848 = ORIENTED_EDGE ( 'NONE', *, *, #296, .F. ) ;
#8849 = AXIS2_PLACEMENT_3D ( 'NONE', #7502, #6540, #9900 ) ;
#8850 = ORIENTED_EDGE ( 'NONE', *, *, #1685, .T. ) ;
#8851 = CARTESIAN_POINT ( 'NONE',  ( 16.50000000000000355, -0.2500000000000000000, -5.249999999999995559 ) ) ;
#8852 = EDGE_CURVE ( 'NONE', #3356, #602, #8179, .T. ) ;
#8853 = FACE_OUTER_BOUND ( 'NONE', #4803, .T. ) ;
#8854 = CARTESIAN_POINT ( 'NONE',  ( -29.35000000000000497, -9.000000000000001776, -10.00000000000000000 ) ) ;
#8855 = CARTESIAN_POINT ( 'NONE',  ( 35.75000000000000000, 0.000000000000000000, 3.460769515458663736 ) ) ;
#8856 = FACE_OUTER_BOUND ( 'NONE', #7976, .T. ) ;
#8857 = VERTEX_POINT ( 'NONE', #9030 ) ;
#8858 = LINE ( 'NONE', #5025, #990 ) ;
#8859 = ORIENTED_EDGE ( 'NONE', *, *, #4616, .F. ) ;
#8860 = ORIENTED_EDGE ( 'NONE', *, *, #2658, .F. ) ;
#8861 = EDGE_CURVE ( 'NONE', #9025, #9355, #2532, .T. ) ;
#8862 = ORIENTED_EDGE ( 'NONE', *, *, #1101, .F. ) ;
#8863 = CARTESIAN_POINT ( 'NONE',  ( 0.5000000000000000000, -1.800000000000000044, -20.74999999999999645 ) ) ;
#8864 = CARTESIAN_POINT ( 'NONE',  ( 21.85000000000000142, -0.6999999999999992895, 22.14999999999999858 ) ) ;
#8865 = CARTESIAN_POINT ( 'NONE',  ( -20.85000000000000142, 8.500000000000000000, 21.64999999999999858 ) ) ;
#8866 = DIRECTION ( 'NONE',  ( 1.000000000000000000, -0.000000000000000000, -0.000000000000000000 ) ) ;
#8867 = ORIENTED_EDGE ( 'NONE', *, *, #2553, .F. ) ;
#8868 = ORIENTED_EDGE ( 'NONE', *, *, #2358, .T. ) ;
#8869 = PLANE ( 'NONE',  #6106 ) ;
#8870 = VECTOR ( 'NONE', #6715, 1000.000000000000000 ) ;
#8871 = ORIENTED_EDGE ( 'NONE', *, *, #10456, .F. ) ;
#8872 = EDGE_CURVE ( 'NONE', #1484, #2170, #6949, .T. ) ;
#8873 = ORIENTED_EDGE ( 'NONE', *, *, #949, .F. ) ;
#8874 = AXIS2_PLACEMENT_3D ( 'NONE', #1505, #3280, #2421 ) ;
#8875 = LINE ( 'NONE', #666, #6379 ) ;
#8876 = LINE ( 'NONE', #3083, #9943 ) ;
#8877 = DIRECTION ( 'NONE',  ( -0.000000000000000000, -1.000000000000000000, -0.000000000000000000 ) ) ;
#8878 = FACE_OUTER_BOUND ( 'NONE', #1144, .T. ) ;
#8879 = ORIENTED_EDGE ( 'NONE', *, *, #9921, .T. ) ;
#8880 = CARTESIAN_POINT ( 'NONE',  ( -24.94999999999999929, 1.600000000000000089, 19.25000000000000000 ) ) ;
#8881 = ORIENTED_EDGE ( 'NONE', *, *, #8036, .T. ) ;
#8882 = AXIS2_PLACEMENT_3D ( 'NONE', #112, #3484, #3379 ) ;
#8883 = CARTESIAN_POINT ( 'NONE',  ( 32.95000000000000995, 4.099999999999998757, -16.75000000000000000 ) ) ;
#8884 = EDGE_LOOP ( 'NONE', ( #2535, #5683, #7018, #2145 ) ) ;
#8885 = EDGE_CURVE ( 'NONE', #6577, #5637, #5300, .T. ) ;
#8886 = DIRECTION ( 'NONE',  ( 0.000000000000000000, -1.000000000000000000, 0.000000000000000000 ) ) ;
#8887 = CARTESIAN_POINT ( 'NONE',  ( 35.75000000000000000, 0.000000000000000000, 0.000000000000000000 ) ) ;
#8888 = CARTESIAN_POINT ( 'NONE',  ( -31.55000000000000782, -9.000000000000001776, -3.750000000000000444 ) ) ;
#8889 = LINE ( 'NONE', #10349, #2442 ) ;
#8890 = CARTESIAN_POINT ( 'NONE',  ( 0.5000000000000004441, -1.800000000000000044, -21.94999999999999574 ) ) ;
#8891 = CARTESIAN_POINT ( 'NONE',  ( 16.50000000000000355, -0.2500000000000000000, -5.249999999999995559 ) ) ;
#8892 = ORIENTED_EDGE ( 'NONE', *, *, #8487, .F. ) ;
#8893 = FACE_OUTER_BOUND ( 'NONE', #8922, .T. ) ;
#8894 = AXIS2_PLACEMENT_3D ( 'NONE', #7166, #5466, #7822 ) ;
#8895 = ORIENTED_EDGE ( 'NONE', *, *, #4894, .T. ) ;
#8896 = PLANE ( 'NONE',  #5888 ) ;
#8897 = VERTEX_POINT ( 'NONE', #1237 ) ;
#8898 = VECTOR ( 'NONE', #2479, 1000.000000000000000 ) ;
#8899 = EDGE_CURVE ( 'NONE', #1584, #231, #7653, .T. ) ;
#8900 = EDGE_LOOP ( 'NONE', ( #3175, #4088, #5337, #8033 ) ) ;
#8901 = CARTESIAN_POINT ( 'NONE',  ( -37.05000000000000426, -0.3999999999999993006, -5.450000000000000178 ) ) ;
#8902 = CIRCLE ( 'NONE', #8225, 2.399999999999992362 ) ;
#8903 = AXIS2_PLACEMENT_3D ( 'NONE', #10301, #10079, #3004 ) ;
#8904 = CARTESIAN_POINT ( 'NONE',  ( -31.55000000000000782, 9.899999999999998579, 1.649999999999999023 ) ) ;
#8905 = VECTOR ( 'NONE', #2342, 1000.000000000000000 ) ;
#8906 = LINE ( 'NONE', #3110, #5334 ) ;
#8907 = PLANE ( 'NONE',  #20 ) ;
#8908 = CARTESIAN_POINT ( 'NONE',  ( -18.50000000000000355, 7.762049935181331684, -20.74999999999999645 ) ) ;
#8909 = ORIENTED_EDGE ( 'NONE', *, *, #7113, .F. ) ;
#8910 = CARTESIAN_POINT ( 'NONE',  ( -35.25000000000000000, -1.800000000000000044, -19.14999999999999858 ) ) ;
#8911 = ORIENTED_EDGE ( 'NONE', *, *, #3605, .T. ) ;
#8912 = VERTEX_POINT ( 'NONE', #2699 ) ;
#8913 = VECTOR ( 'NONE', #9732, 1000.000000000000000 ) ;
#8914 = ORIENTED_EDGE ( 'NONE', *, *, #7368, .T. ) ;
#8915 = CARTESIAN_POINT ( 'NONE',  ( -29.55000000000000782, -9.000000000000001776, -2.250000000000000444 ) ) ;
#8916 = CARTESIAN_POINT ( 'NONE',  ( 18.85185058345960840, 1.599999999999995204, -5.049999999999995381 ) ) ;
#8917 = CARTESIAN_POINT ( 'NONE',  ( -7.449999999999998401, -9.002000000000000668, -6.049999999999992717 ) ) ;
#8918 = CARTESIAN_POINT ( 'NONE',  ( 35.35000000000000142, 7.500000000000004441, -0.3499999999999987566 ) ) ;
#8919 = VECTOR ( 'NONE', #7462, 1000.000000000000000 ) ;
#8920 = DIRECTION ( 'NONE',  ( -0.000000000000000000, -0.000000000000000000, -1.000000000000000000 ) ) ;
#8921 = VECTOR ( 'NONE', #3046, 1000.000000000000000 ) ;
#8922 = EDGE_LOOP ( 'NONE', ( #6126, #5223, #5424, #9843 ) ) ;
#8923 = ORIENTED_EDGE ( 'NONE', *, *, #812, .F. ) ;
#8924 = LINE ( 'NONE', #8076, #7812 ) ;
#8925 = EDGE_CURVE ( 'NONE', #5213, #130, #8551, .T. ) ;
#8926 = AXIS2_PLACEMENT_3D ( 'NONE', #8603, #10260, #6149 ) ;
#8927 = ORIENTED_EDGE ( 'NONE', *, *, #2669, .F. ) ;
#8928 = ORIENTED_EDGE ( 'NONE', *, *, #620, .T. ) ;
#8929 = VECTOR ( 'NONE', #8449, 1000.000000000000000 ) ;
#8930 = DIRECTION ( 'NONE',  ( -0.000000000000000000, -0.000000000000000000, -1.000000000000000000 ) ) ;
#8931 = LINE ( 'NONE', #8987, #3302 ) ;
#8932 = AXIS2_PLACEMENT_3D ( 'NONE', #9072, #9881, #2573 ) ;
#8933 = CARTESIAN_POINT ( 'NONE',  ( -27.64999999999999858, 7.589415207398531038E-15, 23.75100000000000833 ) ) ;
#8934 = EDGE_CURVE ( 'NONE', #9523, #9197, #7702, .T. ) ;
#8935 = DIRECTION ( 'NONE',  ( 1.000000000000000000, 0.000000000000000000, 0.000000000000000000 ) ) ;
#8936 = EDGE_CURVE ( 'NONE', #3615, #4696, #286, .T. ) ;
#8937 = ORIENTED_EDGE ( 'NONE', *, *, #3530, .F. ) ;
#8938 = DIRECTION ( 'NONE',  ( -1.000000000000000000, 0.000000000000000000, -0.000000000000000000 ) ) ;
#8939 = VECTOR ( 'NONE', #2954, 1000.000000000000000 ) ;
#8940 = ADVANCED_FACE ( 'NONE', ( #10094 ), #4494, .T. ) ;
#8941 = AXIS2_PLACEMENT_3D ( 'NONE', #5018, #7582, #5976 ) ;
#8942 = EDGE_LOOP ( 'NONE', ( #9838, #5901, #7723, #9214 ) ) ;
#8943 = DIRECTION ( 'NONE',  ( -3.469446951953756184E-14, -1.000000000000000000, 0.000000000000000000 ) ) ;
#8944 = ORIENTED_EDGE ( 'NONE', *, *, #9500, .T. ) ;
#8945 = AXIS2_PLACEMENT_3D ( 'NONE', #419, #9324, #2025 ) ;
#8946 = AXIS2_PLACEMENT_3D ( 'NONE', #9866, #2612, #9163 ) ;
#8947 = DIRECTION ( 'NONE',  ( 0.000000000000000000, 0.000000000000000000, 1.000000000000000000 ) ) ;
#8948 = ORIENTED_EDGE ( 'NONE', *, *, #8162, .F. ) ;
#8949 = CIRCLE ( 'NONE', #4361, 0.5999999999999998668 ) ;
#8950 = CARTESIAN_POINT ( 'NONE',  ( 34.35000000000000142, 8.500000000000000000, 0.000000000000000000 ) ) ;
#8951 = DIRECTION ( 'NONE',  ( 1.000000000000000000, 0.000000000000000000, 0.000000000000000000 ) ) ;
#8952 = CARTESIAN_POINT ( 'NONE',  ( 21.64999999999999858, -1.899999999999992362, -20.24999999999999645 ) ) ;
#8953 = PLANE ( 'NONE',  #9629 ) ;
#8954 = DIRECTION ( 'NONE',  ( 0.000000000000000000, 0.000000000000000000, -1.000000000000000000 ) ) ;
#8955 = EDGE_CURVE ( 'NONE', #5130, #7351, #1886, .T. ) ;
#8956 = VERTEX_POINT ( 'NONE', #1942 ) ;
#8957 = VECTOR ( 'NONE', #6545, 1000.000000000000000 ) ;
#8958 = LINE ( 'NONE', #8369, #2925 ) ;
#8959 = ORIENTED_EDGE ( 'NONE', *, *, #1724, .F. ) ;
#8960 = FACE_OUTER_BOUND ( 'NONE', #9750, .T. ) ;
#8961 = ORIENTED_EDGE ( 'NONE', *, *, #1038, .T. ) ;
#8962 = ORIENTED_EDGE ( 'NONE', *, *, #3099, .F. ) ;
#8963 = DIRECTION ( 'NONE',  ( 0.000000000000000000, 1.000000000000000000, 0.000000000000000000 ) ) ;
#8964 = CARTESIAN_POINT ( 'NONE',  ( 35.75000000000000000, 7.500000000000006217, -11.95000000000000107 ) ) ;
#8965 = FACE_OUTER_BOUND ( 'NONE', #3767, .T. ) ;
#8966 = CARTESIAN_POINT ( 'NONE',  ( -31.04999999999999716, -1.800000000000000044, -21.54999999999999716 ) ) ;
#8967 = EDGE_CURVE ( 'NONE', #4151, #2170, #334, .T. ) ;
#8968 = CARTESIAN_POINT ( 'NONE',  ( -23.85000000000000142, -4.999999999999999112, 23.35100000000000264 ) ) ;
#8969 = ORIENTED_EDGE ( 'NONE', *, *, #5200, .F. ) ;
#8970 = DIRECTION ( 'NONE',  ( 0.000000000000000000, 0.000000000000000000, 1.000000000000000000 ) ) ;
#8971 = ORIENTED_EDGE ( 'NONE', *, *, #9262, .T. ) ;
#8972 = ORIENTED_EDGE ( 'NONE', *, *, #688, .T. ) ;
#8973 = EDGE_LOOP ( 'NONE', ( #6931, #6625, #4435, #7334 ) ) ;
#8974 = DIRECTION ( 'NONE',  ( 1.000000000000000000, 0.000000000000000000, -0.000000000000000000 ) ) ;
#8975 = EDGE_CURVE ( 'NONE', #10402, #10412, #6147, .T. ) ;
#8976 = CARTESIAN_POINT ( 'NONE',  ( -35.25000000000000000, 0.000000000000000000, 12.49999999999999289 ) ) ;
#8977 = DIRECTION ( 'NONE',  ( 1.000000000000000000, -0.000000000000000000, 0.000000000000000000 ) ) ;
#8978 = DIRECTION ( 'NONE',  ( 1.000000000000000000, 0.000000000000000000, 0.000000000000000000 ) ) ;
#8979 = CARTESIAN_POINT ( 'NONE',  ( -35.25000000000000000, 0.000000000000000000, 22.14999999999999858 ) ) ;
#8980 = EDGE_LOOP ( 'NONE', ( #2489, #8039, #6382, #7943, #8012, #5761, #6836, #1061, #14, #1779, #6463, #6476, #8867, #7324, #3643, #5499, #1357, #2348, #6025, #4654, #9886, #1743, #7512, #3962, #3692 ) ) ;
#8981 = ORIENTED_EDGE ( 'NONE', *, *, #8677, .T. ) ;
#8982 = DIRECTION ( 'NONE',  ( 1.000000000000000000, 0.000000000000000000, 0.000000000000000000 ) ) ;
#8983 = VERTEX_POINT ( 'NONE', #3599 ) ;
#8984 = ORIENTED_EDGE ( 'NONE', *, *, #4571, .T. ) ;
#8985 = CARTESIAN_POINT ( 'NONE',  ( 13.64814941654042535, -0.9000000000000026867, -5.249999999999995559 ) ) ;
#8986 = ADVANCED_FACE ( 'NONE', ( #5136 ), #5194, .T. ) ;
#8987 = CARTESIAN_POINT ( 'NONE',  ( 0.000000000000000000, 0.000000000000000000, 19.24999999999999645 ) ) ;
#8988 = CARTESIAN_POINT ( 'NONE',  ( 35.75000000000000000, 9.100000000000004974, -11.95000000000000107 ) ) ;
#8989 = DIRECTION ( 'NONE',  ( 0.000000000000000000, 0.000000000000000000, -1.000000000000000000 ) ) ;
#8990 = VERTEX_POINT ( 'NONE', #3704 ) ;
#8991 = CARTESIAN_POINT ( 'NONE',  ( -39.25000000000000711, -1.800000000000000044, 11.49999999999998224 ) ) ;
#8992 = ORIENTED_EDGE ( 'NONE', *, *, #4571, .F. ) ;
#8993 = LINE ( 'NONE', #31, #10331 ) ;
#8994 = ORIENTED_EDGE ( 'NONE', *, *, #5346, .F. ) ;
#8995 = AXIS2_PLACEMENT_3D ( 'NONE', #5410, #3116, #10262 ) ;
#8996 = EDGE_CURVE ( 'NONE', #1469, #3224, #5248, .T. ) ;
#8997 = ADVANCED_FACE ( 'NONE', ( #6047 ), #10042, .F. ) ;
#8998 = DIRECTION ( 'NONE',  ( -0.000000000000000000, 0.000000000000000000, 1.000000000000000000 ) ) ;
#8999 = EDGE_CURVE ( 'NONE', #2398, #6165, #4342, .T. ) ;
#9000 = VERTEX_POINT ( 'NONE', #6744 ) ;
#9001 = CARTESIAN_POINT ( 'NONE',  ( -29.35000000000000497, -1.800000000000000044, 10.00000000000000000 ) ) ;
#9002 = CARTESIAN_POINT ( 'NONE',  ( 14.15000000000000213, -0.2500000000000000000, -3.949999999999995293 ) ) ;
#9003 = AXIS2_PLACEMENT_3D ( 'NONE', #5775, #5726, #9767 ) ;
#9004 = DIRECTION ( 'NONE',  ( 1.000000000000000000, 0.000000000000000000, 1.885568995626964287E-16 ) ) ;
#9005 = CARTESIAN_POINT ( 'NONE',  ( -33.25000000000000000, 9.899999999999998579, 6.049999999999999822 ) ) ;
#9006 = CARTESIAN_POINT ( 'NONE',  ( 27.95000000000000639, 7.500000000000000888, 23.15000000000000568 ) ) ;
#9007 = ORIENTED_EDGE ( 'NONE', *, *, #4429, .F. ) ;
#9008 = CARTESIAN_POINT ( 'NONE',  ( 18.50000000000000355, 6.200000000000000178, -21.15000000000000213 ) ) ;
#9009 = ORIENTED_EDGE ( 'NONE', *, *, #5514, .F. ) ;
#9010 = DIRECTION ( 'NONE',  ( 0.000000000000000000, 0.000000000000000000, -1.000000000000000000 ) ) ;
#9011 = ORIENTED_EDGE ( 'NONE', *, *, #6491, .F. ) ;
#9012 = VECTOR ( 'NONE', #6415, 1000.000000000000000 ) ;
#9013 = ADVANCED_FACE ( 'NONE', ( #5350 ), #3652, .F. ) ;
#9014 = DIRECTION ( 'NONE',  ( -0.000000000000000000, -1.000000000000000000, -0.000000000000000000 ) ) ;
#9015 = CARTESIAN_POINT ( 'NONE',  ( 37.65000000000001279, 9.902000000000002800, -0.3499999999999983125 ) ) ;
#9016 = CARTESIAN_POINT ( 'NONE',  ( 34.35000000000000142, 8.500000000000000000, 0.000000000000000000 ) ) ;
#9017 = DIRECTION ( 'NONE',  ( 0.000000000000000000, -1.000000000000000000, 0.000000000000000000 ) ) ;
#9018 = VECTOR ( 'NONE', #9083, 1000.000000000000000 ) ;
#9019 = VECTOR ( 'NONE', #5428, 1000.000000000000000 ) ;
#9020 = CARTESIAN_POINT ( 'NONE',  ( -38.85000000000000142, -1.800000000000000044, -20.74999999999999645 ) ) ;
#9021 = EDGE_LOOP ( 'NONE', ( #6937, #5201, #4941, #9697, #6874, #5106, #2766, #8706 ) ) ;
#9022 = DIRECTION ( 'NONE',  ( 1.000000000000000000, 0.000000000000000000, -0.000000000000000000 ) ) ;
#9023 = VERTEX_POINT ( 'NONE', #7543 ) ;
#9024 = VERTEX_POINT ( 'NONE', #2747 ) ;
#9025 = VERTEX_POINT ( 'NONE', #230 ) ;
#9026 = EDGE_CURVE ( 'NONE', #3576, #1660, #550, .T. ) ;
#9027 = CARTESIAN_POINT ( 'NONE',  ( 22.25000000000000355, 7.400000000000004796, 24.45000000000000639 ) ) ;
#9028 = DIRECTION ( 'NONE',  ( -1.000000000000000000, 0.000000000000000000, 0.000000000000000000 ) ) ;
#9029 = DIRECTION ( 'NONE',  ( 0.000000000000000000, 0.000000000000000000, 1.000000000000000000 ) ) ;
#9030 = CARTESIAN_POINT ( 'NONE',  ( -30.95000000000000995, -0.3999999999999999667, -3.750000000000000000 ) ) ;
#9031 = ORIENTED_EDGE ( 'NONE', *, *, #7159, .T. ) ;
#9032 = EDGE_LOOP ( 'NONE', ( #7336, #9229, #4727, #9205, #2931, #3533, #635 ) ) ;
#9033 = CARTESIAN_POINT ( 'NONE',  ( 27.64999999999999858, -1.899999999999992362, -20.24999999999999645 ) ) ;
#9034 = ORIENTED_EDGE ( 'NONE', *, *, #7159, .F. ) ;
#9035 = ORIENTED_EDGE ( 'NONE', *, *, #3800, .F. ) ;
#9036 = EDGE_CURVE ( 'NONE', #782, #1471, #1645, .T. ) ;
#9037 = LINE ( 'NONE', #1675, #6555 ) ;
#9038 = DIRECTION ( 'NONE',  ( -0.000000000000000000, -1.000000000000000000, -0.000000000000000000 ) ) ;
#9039 = PLANE ( 'NONE',  #2904 ) ;
#9040 = CIRCLE ( 'NONE', #9555, 0.4000000000000010214 ) ;
#9041 = CARTESIAN_POINT ( 'NONE',  ( 38.15000000000001279, 8.500000000000000000, 0.000000000000000000 ) ) ;
#9042 = VERTEX_POINT ( 'NONE', #7053 ) ;
#9043 = DIRECTION ( 'NONE',  ( -0.000000000000000000, -0.000000000000000000, 1.000000000000000000 ) ) ;
#9044 = VERTEX_POINT ( 'NONE', #2201 ) ;
#9045 = DIRECTION ( 'NONE',  ( 1.000000000000000000, 0.000000000000000000, -0.000000000000000000 ) ) ;
#9046 = ORIENTED_EDGE ( 'NONE', *, *, #3347, .T. ) ;
#9047 = ADVANCED_FACE ( 'NONE', ( #7356 ), #6999, .F. ) ;
#9048 = CIRCLE ( 'NONE', #531, 1.650000000000000355 ) ;
#9049 = DIRECTION ( 'NONE',  ( 0.000000000000000000, 0.000000000000000000, -1.000000000000000000 ) ) ;
#9050 = EDGE_LOOP ( 'NONE', ( #3387, #4582, #5535, #4667, #4890, #2483, #5324, #4040, #2364, #9674, #8227, #9337, #6447, #9429 ) ) ;
#9051 = LINE ( 'NONE', #1744, #5591 ) ;
#9052 = LINE ( 'NONE', #1908, #564 ) ;
#9053 = DIRECTION ( 'NONE',  ( 0.8660254037844398178, -0.000000000000000000, -0.4999999999999978906 ) ) ;
#9054 = CARTESIAN_POINT ( 'NONE',  ( 35.35000000000000142, 9.100000000000003197, -4.499999999999998224 ) ) ;
#9055 = DIRECTION ( 'NONE',  ( -0.000000000000000000, -0.000000000000000000, 1.000000000000000000 ) ) ;
#9056 = VECTOR ( 'NONE', #9029, 1000.000000000000000 ) ;
#9057 = ORIENTED_EDGE ( 'NONE', *, *, #7136, .T. ) ;
#9058 = CARTESIAN_POINT ( 'NONE',  ( -39.25000000000000711, -42.37740108089595026, -10.00000000000000000 ) ) ;
#9059 = ORIENTED_EDGE ( 'NONE', *, *, #1172, .F. ) ;
#9060 = EDGE_CURVE ( 'NONE', #2803, #6325, #5456, .T. ) ;
#9061 = EDGE_CURVE ( 'NONE', #8956, #982, #2959, .T. ) ;
#9062 = CARTESIAN_POINT ( 'NONE',  ( -28.35000000000000497, -1.800000000000000044, 0.000000000000000000 ) ) ;
#9063 = ORIENTED_EDGE ( 'NONE', *, *, #4243, .F. ) ;
#9064 = VECTOR ( 'NONE', #1550, 1000.000000000000000 ) ;
#9065 = DIRECTION ( 'NONE',  ( 0.000000000000000000, -0.000000000000000000, -1.000000000000000000 ) ) ;
#9066 = CARTESIAN_POINT ( 'NONE',  ( -31.04999999999999716, -1.800000000000000044, -20.74999999999999645 ) ) ;
#9067 = DIRECTION ( 'NONE',  ( 1.000000000000000000, 0.000000000000000000, 0.000000000000000000 ) ) ;
#9068 = FACE_OUTER_BOUND ( 'NONE', #3685, .T. ) ;
#9069 = VECTOR ( 'NONE', #8770, 1000.000000000000000 ) ;
#9070 = EDGE_CURVE ( 'NONE', #9325, #9206, #2397, .T. ) ;
#9071 = EDGE_CURVE ( 'NONE', #156, #324, #4208, .T. ) ;
#9072 = CARTESIAN_POINT ( 'NONE',  ( 12.84999999999999964, -9.002000000000000668, -6.049999999999995381 ) ) ;
#9073 = EDGE_LOOP ( 'NONE', ( #6736, #7390, #6352, #2537, #6662, #3618, #2598, #1143, #7465, #290, #1621 ) ) ;
#9074 = FACE_OUTER_BOUND ( 'NONE', #5367, .T. ) ;
#9075 = EDGE_CURVE ( 'NONE', #471, #3576, #5760, .T. ) ;
#9076 = ORIENTED_EDGE ( 'NONE', *, *, #8024, .T. ) ;
#9077 = ORIENTED_EDGE ( 'NONE', *, *, #4250, .T. ) ;
#9078 = VECTOR ( 'NONE', #6131, 1000.000000000000000 ) ;
#9079 = CIRCLE ( 'NONE', #4810, 1.100000000000000089 ) ;
#9080 = EDGE_LOOP ( 'NONE', ( #3742, #1690, #3246, #6629 ) ) ;
#9081 = AXIS2_PLACEMENT_3D ( 'NONE', #1692, #2719, #4950 ) ;
#9082 = LINE ( 'NONE', #5031, #8510 ) ;
#9083 = DIRECTION ( 'NONE',  ( -1.000000000000000000, 0.000000000000000000, 0.000000000000000000 ) ) ;
#9084 = FACE_OUTER_BOUND ( 'NONE', #9092, .T. ) ;
#9085 = DIRECTION ( 'NONE',  ( -0.000000000000000000, -0.000000000000000000, 1.000000000000000000 ) ) ;
#9086 = EDGE_CURVE ( 'NONE', #6674, #235, #1342, .T. ) ;
#9087 = VERTEX_POINT ( 'NONE', #8102 ) ;
#9088 = ORIENTED_EDGE ( 'NONE', *, *, #9719, .T. ) ;
#9089 = VECTOR ( 'NONE', #4453, 1000.000000000000000 ) ;
#9090 = CARTESIAN_POINT ( 'NONE',  ( -20.85000000000000142, 8.500000000000000000, 0.000000000000000000 ) ) ;
#9091 = VERTEX_POINT ( 'NONE', #8891 ) ;
#9092 = EDGE_LOOP ( 'NONE', ( #65, #4345, #6037, #1253, #7839, #819 ) ) ;
#9093 = LINE ( 'NONE', #3507, #486 ) ;
#9094 = VECTOR ( 'NONE', #1642, 1000.000000000000000 ) ;
#9095 = DIRECTION ( 'NONE',  ( 0.000000000000000000, 0.000000000000000000, 1.000000000000000000 ) ) ;
#9096 = DIRECTION ( 'NONE',  ( -0.000000000000000000, -0.000000000000000000, -1.000000000000000000 ) ) ;
#9097 = CARTESIAN_POINT ( 'NONE',  ( 32.95000000000001705, 6.200000000000000178, 19.80000000000000071 ) ) ;
#9098 = EDGE_CURVE ( 'NONE', #6483, #10465, #2152, .T. ) ;
#9099 = ORIENTED_EDGE ( 'NONE', *, *, #4936, .F. ) ;
#9100 = DIRECTION ( 'NONE',  ( -1.000000000000000000, 0.000000000000000000, 0.000000000000000000 ) ) ;
#9101 = VERTEX_POINT ( 'NONE', #1391 ) ;
#9102 = DIRECTION ( 'NONE',  ( 1.000000000000000000, -0.000000000000000000, -0.000000000000000000 ) ) ;
#9103 = ORIENTED_EDGE ( 'NONE', *, *, #9171, .T. ) ;
#9104 = VECTOR ( 'NONE', #4223, 1000.000000000000000 ) ;
#9105 = VECTOR ( 'NONE', #2153, 1000.000000000000000 ) ;
#9106 = LINE ( 'NONE', #6550, #3661 ) ;
#9107 = ORIENTED_EDGE ( 'NONE', *, *, #4585, .T. ) ;
#9108 = CARTESIAN_POINT ( 'NONE',  ( 17.50000000000000000, 5.400000000000004796, -21.94999999999999574 ) ) ;
#9109 = CARTESIAN_POINT ( 'NONE',  ( -29.55000000000000782, 9.899999999999998579, 2.250000000000000444 ) ) ;
#9110 = CARTESIAN_POINT ( 'NONE',  ( 27.64999999999999858, 0.000000000000000000, -19.24999999999999645 ) ) ;
#9111 = AXIS2_PLACEMENT_3D ( 'NONE', #3462, #5859, #9159 ) ;
#9112 = CARTESIAN_POINT ( 'NONE',  ( -39.25000000000000000, 1.600000000000000089, -20.74999999999999645 ) ) ;
#9113 = CARTESIAN_POINT ( 'NONE',  ( -10.09999999999999787, 0.5000000000000000000, -9.349999999999994316 ) ) ;
#9114 = VERTEX_POINT ( 'NONE', #7810 ) ;
#9115 = DIRECTION ( 'NONE',  ( -1.000000000000000000, 0.000000000000000000, 0.000000000000000000 ) ) ;
#9116 = ORIENTED_EDGE ( 'NONE', *, *, #5430, .T. ) ;
#9117 = DIRECTION ( 'NONE',  ( 1.000000000000000000, -0.000000000000000000, 0.000000000000000000 ) ) ;
#9118 = VECTOR ( 'NONE', #2294, 1000.000000000000000 ) ;
#9119 = ORIENTED_EDGE ( 'NONE', *, *, #279, .T. ) ;
#9120 = VECTOR ( 'NONE', #9966, 1000.000000000000000 ) ;
#9121 = AXIS2_PLACEMENT_3D ( 'NONE', #6893, #6946, #5403 ) ;
#9122 = CYLINDRICAL_SURFACE ( 'NONE', #7573, 0.4000000000000001887 ) ;
#9123 = CARTESIAN_POINT ( 'NONE',  ( -29.55000000000000782, 9.899999999999998579, 2.250000000000000444 ) ) ;
#9124 = VECTOR ( 'NONE', #8847, 1000.000000000000000 ) ;
#9125 = LINE ( 'NONE', #4274, #9420 ) ;
#9126 = ADVANCED_FACE ( 'NONE', ( #8656 ), #6251, .T. ) ;
#9127 = CARTESIAN_POINT ( 'NONE',  ( 35.75000000000000000, 0.000000000000000000, -3.460769515458667289 ) ) ;
#9128 = CIRCLE ( 'NONE', #6397, 1.650000000000000355 ) ;
#9129 = CARTESIAN_POINT ( 'NONE',  ( 21.64999999999999858, 0.000000000000000000, -16.44999999999999574 ) ) ;
#9130 = EDGE_LOOP ( 'NONE', ( #8442, #1116, #10083, #9271 ) ) ;
#9131 = FACE_OUTER_BOUND ( 'NONE', #3329, .T. ) ;
#9132 = ORIENTED_EDGE ( 'NONE', *, *, #1051, .T. ) ;
#9133 = ORIENTED_EDGE ( 'NONE', *, *, #1184, .T. ) ;
#9134 = EDGE_LOOP ( 'NONE', ( #498, #3408, #3708, #2975, #7533, #9918, #8928, #7142, #10250, #10341, #6217, #7326, #7791, #1256, #4848, #9735, #10231, #3613, #4644, #2193, #385, #8971, #8577, #3868, #7038 ) ) ;
#9135 = DIRECTION ( 'NONE',  ( -1.000000000000000000, -0.000000000000000000, -0.000000000000000000 ) ) ;
#9136 = EDGE_CURVE ( 'NONE', #5342, #8131, #493, .T. ) ;
#9137 = EDGE_CURVE ( 'NONE', #9157, #10402, #846, .T. ) ;
#9138 = DIRECTION ( 'NONE',  ( 0.000000000000000000, -1.000000000000000000, -1.762134456409849633E-16 ) ) ;
#9139 = EDGE_CURVE ( 'NONE', #10374, #4973, #7909, .T. ) ;
#9140 = PLANE ( 'NONE',  #878 ) ;
#9141 = DIRECTION ( 'NONE',  ( -2.569960705150825398E-16, -1.000000000000000000, -0.000000000000000000 ) ) ;
#9142 = ORIENTED_EDGE ( 'NONE', *, *, #7054, .F. ) ;
#9143 = VERTEX_POINT ( 'NONE', #7107 ) ;
#9144 = DIRECTION ( 'NONE',  ( -0.000000000000000000, 0.000000000000000000, 1.000000000000000000 ) ) ;
#9145 = ORIENTED_EDGE ( 'NONE', *, *, #2271, .F. ) ;
#9146 = ORIENTED_EDGE ( 'NONE', *, *, #2285, .F. ) ;
#9147 = LINE ( 'NONE', #2652, #8664 ) ;
#9148 = EDGE_CURVE ( 'NONE', #2500, #3888, #4099, .T. ) ;
#9149 = CARTESIAN_POINT ( 'NONE',  ( -37.35000000000000142, 1.599999999999999645, 10.00000000000000000 ) ) ;
#9150 = DIRECTION ( 'NONE',  ( 1.000000000000000000, -0.000000000000000000, 0.000000000000000000 ) ) ;
#9151 = VECTOR ( 'NONE', #342, 1000.000000000000000 ) ;
#9152 = LINE ( 'NONE', #10166, #9421 ) ;
#9153 = ORIENTED_EDGE ( 'NONE', *, *, #6593, .T. ) ;
#9154 = LINE ( 'NONE', #140, #8373 ) ;
#9155 = DIRECTION ( 'NONE',  ( -1.000000000000000000, 6.934798767493038670E-17, 0.000000000000000000 ) ) ;
#9156 = ORIENTED_EDGE ( 'NONE', *, *, #9277, .F. ) ;
#9157 = VERTEX_POINT ( 'NONE', #6300 ) ;
#9158 = EDGE_CURVE ( 'NONE', #3543, #7432, #793, .T. ) ;
#9159 = DIRECTION ( 'NONE',  ( 0.000000000000000000, 0.000000000000000000, 1.000000000000000000 ) ) ;
#9160 = LINE ( 'NONE', #5108, #3879 ) ;
#9161 = LINE ( 'NONE', #7353, #1406 ) ;
#9162 = DIRECTION ( 'NONE',  ( -0.000000000000000000, 1.000000000000000000, -0.000000000000000000 ) ) ;
#9163 = DIRECTION ( 'NONE',  ( -1.000000000000000000, 0.000000000000000000, -1.131341397376180298E-15 ) ) ;
#9164 = DIRECTION ( 'NONE',  ( -1.000000000000000000, 0.000000000000000000, 0.000000000000000000 ) ) ;
#9165 = VERTEX_POINT ( 'NONE', #3254 ) ;
#9166 = AXIS2_PLACEMENT_3D ( 'NONE', #3501, #10044, #7546 ) ;
#9167 = FACE_OUTER_BOUND ( 'NONE', #427, .T. ) ;
#9168 = ORIENTED_EDGE ( 'NONE', *, *, #1271, .F. ) ;
#9169 = DIRECTION ( 'NONE',  ( 0.000000000000000000, -0.7071067811865474617, 0.7071067811865474617 ) ) ;
#9170 = ORIENTED_EDGE ( 'NONE', *, *, #6635, .T. ) ;
#9171 = EDGE_CURVE ( 'NONE', #6426, #9626, #1741, .T. ) ;
#9172 = EDGE_CURVE ( 'NONE', #859, #1821, #257, .T. ) ;
#9173 = VECTOR ( 'NONE', #8171, 1000.000000000000000 ) ;
#9174 = DIRECTION ( 'NONE',  ( 0.000000000000000000, 0.000000000000000000, 1.000000000000000000 ) ) ;
#9175 = LINE ( 'NONE', #5120, #9285 ) ;
#9176 = DIRECTION ( 'NONE',  ( 0.000000000000000000, -0.000000000000000000, 1.000000000000000000 ) ) ;
#9177 = DIRECTION ( 'NONE',  ( -0.000000000000000000, -1.000000000000000000, 0.000000000000000000 ) ) ;
#9178 = LINE ( 'NONE', #3283, #10098 ) ;
#9179 = CARTESIAN_POINT ( 'NONE',  ( -11.75000000000000000, -9.002000000000000668, -16.84999999999999787 ) ) ;
#9180 = ORIENTED_EDGE ( 'NONE', *, *, #2429, .F. ) ;
#9181 = PLANE ( 'NONE',  #4246 ) ;
#9182 = ORIENTED_EDGE ( 'NONE', *, *, #4883, .F. ) ;
#9183 = VERTEX_POINT ( 'NONE', #8205 ) ;
#9184 = ADVANCED_FACE ( 'NONE', ( #2674 ), #2562, .F. ) ;
#9185 = EDGE_LOOP ( 'NONE', ( #5192, #1310, #809, #9035, #7387, #115, #3081, #9364, #10399, #6050, #589, #3928, #4678, #6380, #5251, #4878, #10070, #6173, #10224, #5841, #701, #8868, #4613, #6485, #7494, #7308, #8682, #2896, #8744, #4460, #3100, #6277, #2088, #8105, #2267, #7802, #4447, #6, #8712, #5387, #7815, #4161, #7737, #8747, #10086, #6246, #9728, #9311, #887, #2177, #5616 ) ) ;
#9186 = DIRECTION ( 'NONE',  ( 0.000000000000000000, 0.000000000000000000, -1.000000000000000000 ) ) ;
#9187 = DIRECTION ( 'NONE',  ( 0.000000000000000000, 0.000000000000000000, 1.000000000000000000 ) ) ;
#9188 = VECTOR ( 'NONE', #7128, 1000.000000000000000 ) ;
#9189 = LINE ( 'NONE', #285, #2244 ) ;
#9190 = CARTESIAN_POINT ( 'NONE',  ( 5.950000000000005507, 5.000000000000000000, 19.25000000000000000 ) ) ;
#9191 = AXIS2_PLACEMENT_3D ( 'NONE', #10217, #5416, #1401 ) ;
#9192 = VERTEX_POINT ( 'NONE', #5919 ) ;
#9193 = EDGE_LOOP ( 'NONE', ( #4987, #7617, #77, #280 ) ) ;
#9194 = CARTESIAN_POINT ( 'NONE',  ( -21.25000000000000000, 7.200000000000009948, 23.15100000000000691 ) ) ;
#9195 = EDGE_CURVE ( 'NONE', #7864, #2054, #2613, .T. ) ;
#9196 = ORIENTED_EDGE ( 'NONE', *, *, #3420, .T. ) ;
#9197 = VERTEX_POINT ( 'NONE', #5009 ) ;
#9198 = DIRECTION ( 'NONE',  ( 1.000000000000000000, 0.000000000000000000, 0.000000000000000000 ) ) ;
#9199 = LINE ( 'NONE', #1250, #2796 ) ;
#9200 = SURFACE_STYLE_USAGE ( .BOTH. , #452 ) ;
#9201 = LINE ( 'NONE', #9308, #7205 ) ;
#9202 = ORIENTED_EDGE ( 'NONE', *, *, #1840, .T. ) ;
#9203 = CARTESIAN_POINT ( 'NONE',  ( 38.85000000000000142, 7.500000000000007105, -20.74999999999999645 ) ) ;
#9204 = EDGE_CURVE ( 'NONE', #2179, #10414, #1110, .T. ) ;
#9205 = ORIENTED_EDGE ( 'NONE', *, *, #1361, .F. ) ;
#9206 = VERTEX_POINT ( 'NONE', #8366 ) ;
#9207 = DIRECTION ( 'NONE',  ( -0.000000000000000000, -0.000000000000000000, -1.000000000000000000 ) ) ;
#9208 = AXIS2_PLACEMENT_3D ( 'NONE', #1570, #3089, #7238 ) ;
#9209 = CARTESIAN_POINT ( 'NONE',  ( 21.85000000000000142, 1.165685424949227889, 20.91568542494924188 ) ) ;
#9210 = LINE ( 'NONE', #4154, #7556 ) ;
#9211 = DIRECTION ( 'NONE',  ( 1.000000000000000000, 0.000000000000000000, 0.000000000000000000 ) ) ;
#9212 = DIRECTION ( 'NONE',  ( 0.000000000000000000, -1.000000000000000000, 0.000000000000000000 ) ) ;
#9213 = LINE ( 'NONE', #7413, #8598 ) ;
#9214 = ORIENTED_EDGE ( 'NONE', *, *, #1876, .F. ) ;
#9215 = DIRECTION ( 'NONE',  ( 0.000000000000000000, 0.000000000000000000, -1.000000000000000000 ) ) ;
#9216 = ORIENTED_EDGE ( 'NONE', *, *, #5047, .F. ) ;
#9217 = EDGE_CURVE ( 'NONE', #7267, #7292, #7519, .T. ) ;
#9218 = LINE ( 'NONE', #8479, #3850 ) ;
#9219 = ORIENTED_EDGE ( 'NONE', *, *, #7739, .T. ) ;
#9220 = AXIS2_PLACEMENT_3D ( 'NONE', #5690, #9796, #4889 ) ;
#9221 = LINE ( 'NONE', #1870, #4335 ) ;
#9222 = AXIS2_PLACEMENT_3D ( 'NONE', #704, #10372, #5517 ) ;
#9223 = CARTESIAN_POINT ( 'NONE',  ( 27.85000000000000497, -4.999999999999992006, 23.15000000000000568 ) ) ;
#9224 = CARTESIAN_POINT ( 'NONE',  ( 34.75000000000000000, 4.099999999999998757, -16.75000000000000000 ) ) ;
#9225 = DIRECTION ( 'NONE',  ( 0.000000000000000000, 1.000000000000000000, 0.000000000000000000 ) ) ;
#9226 = FACE_OUTER_BOUND ( 'NONE', #6563, .T. ) ;
#9227 = ADVANCED_FACE ( 'NONE', ( #2773 ), #1695, .F. ) ;
#9228 = CYLINDRICAL_SURFACE ( 'NONE', #9973, 2.999999999999999112 ) ;
#9229 = ORIENTED_EDGE ( 'NONE', *, *, #3343, .T. ) ;
#9230 = AXIS2_PLACEMENT_3D ( 'NONE', #5336, #4483, #7744 ) ;
#9231 = VERTEX_POINT ( 'NONE', #7569 ) ;
#9232 = ORIENTED_EDGE ( 'NONE', *, *, #1117, .F. ) ;
#9233 = ORIENTED_EDGE ( 'NONE', *, *, #2090, .F. ) ;
#9234 = DIRECTION ( 'NONE',  ( -0.000000000000000000, -1.000000000000000000, -0.000000000000000000 ) ) ;
#9235 = CARTESIAN_POINT ( 'NONE',  ( -30.35000000000000853, 1.100000000000003642, 1.049999999999998490 ) ) ;
#9236 = AXIS2_PLACEMENT_3D ( 'NONE', #8454, #6843, #8392 ) ;
#9237 = DIRECTION ( 'NONE',  ( -1.000000000000000000, 0.000000000000000000, 0.000000000000000000 ) ) ;
#9238 = ORIENTED_EDGE ( 'NONE', *, *, #3794, .F. ) ;
#9239 = DIRECTION ( 'NONE',  ( 1.000000000000000000, -0.000000000000000000, -0.000000000000000000 ) ) ;
#9240 = CARTESIAN_POINT ( 'NONE',  ( -35.25000000000000711, -1.800000000000000044, -20.74999999999999645 ) ) ;
#9241 = EDGE_LOOP ( 'NONE', ( #7524, #5010, #3606, #1929 ) ) ;
#9242 = CARTESIAN_POINT ( 'NONE',  ( 34.75000000000000000, 1.600000000000000089, 0.000000000000000000 ) ) ;
#9243 = VECTOR ( 'NONE', #10007, 1000.000000000000000 ) ;
#9244 = VERTEX_POINT ( 'NONE', #9113 ) ;
#9245 = CIRCLE ( 'NONE', #906, 2.500000000000002220 ) ;
#9246 = ORIENTED_EDGE ( 'NONE', *, *, #9400, .F. ) ;
#9247 = CARTESIAN_POINT ( 'NONE',  ( 21.64999999999999858, -3.399999999999999911, -19.45000000000000284 ) ) ;
#9248 = VECTOR ( 'NONE', #9176, 1000.000000000000000 ) ;
#9249 = AXIS2_PLACEMENT_3D ( 'NONE', #583, #10556, #3851 ) ;
#9250 = DIRECTION ( 'NONE',  ( -2.168404344971003198E-16, 0.000000000000000000, -1.000000000000000000 ) ) ;
#9251 = CARTESIAN_POINT ( 'NONE',  ( -37.85000000000000853, -1.799999999999999600, 10.00000000000000000 ) ) ;
#9252 = VECTOR ( 'NONE', #6001, 1000.000000000000000 ) ;
#9253 = EDGE_CURVE ( 'NONE', #1544, #6628, #10018, .T. ) ;
#9254 = DIRECTION ( 'NONE',  ( 1.000000000000000000, 0.000000000000000000, 0.000000000000000000 ) ) ;
#9255 = ORIENTED_EDGE ( 'NONE', *, *, #5261, .F. ) ;
#9256 = LINE ( 'NONE', #4407, #5822 ) ;
#9257 = ORIENTED_EDGE ( 'NONE', *, *, #2542, .T. ) ;
#9258 = ORIENTED_EDGE ( 'NONE', *, *, #2635, .F. ) ;
#9259 = AXIS2_PLACEMENT_3D ( 'NONE', #2212, #8018, #7868 ) ;
#9260 = LINE ( 'NONE', #7622, #590 ) ;
#9261 = ADVANCED_FACE ( 'NONE', ( #9914 ), #4157, .F. ) ;
#9262 = EDGE_CURVE ( 'NONE', #4457, #10355, #9213, .T. ) ;
#9263 = CARTESIAN_POINT ( 'NONE',  ( 38.85000000000000142, -0.6999999999999998446, 23.34999999999999432 ) ) ;
#9264 = DIRECTION ( 'NONE',  ( 0.000000000000000000, 0.000000000000000000, -1.000000000000000000 ) ) ;
#9265 = CARTESIAN_POINT ( 'NONE',  ( 15.00000000000000355, -0.2500000000000000000, -5.049999999999995381 ) ) ;
#9266 = CARTESIAN_POINT ( 'NONE',  ( -22.60000000000000142, -4.999999999999999112, 23.15100000000000691 ) ) ;
#9267 = FACE_OUTER_BOUND ( 'NONE', #3438, .T. ) ;
#9268 = ORIENTED_EDGE ( 'NONE', *, *, #524, .T. ) ;
#9269 = FACE_OUTER_BOUND ( 'NONE', #2742, .T. ) ;
#9270 = VECTOR ( 'NONE', #2232, 1000.000000000000000 ) ;
#9271 = ORIENTED_EDGE ( 'NONE', *, *, #7578, .F. ) ;
#9272 = DIRECTION ( 'NONE',  ( -1.000000000000000000, 0.000000000000000000, 0.000000000000000000 ) ) ;
#9273 = ORIENTED_EDGE ( 'NONE', *, *, #9086, .F. ) ;
#9274 = VECTOR ( 'NONE', #1599, 1000.000000000000000 ) ;
#9275 = DIRECTION ( 'NONE',  ( 0.000000000000000000, 1.000000000000000000, 0.000000000000000000 ) ) ;
#9276 = VECTOR ( 'NONE', #6603, 1000.000000000000000 ) ;
#9277 = EDGE_CURVE ( 'NONE', #8343, #6370, #102, .T. ) ;
#9278 = PLANE ( 'NONE',  #7082 ) ;
#9279 = DIRECTION ( 'NONE',  ( 1.000000000000000000, 0.000000000000000000, 0.000000000000000000 ) ) ;
#9280 = CARTESIAN_POINT ( 'NONE',  ( 35.75000000000000000, 9.902000000000004576, -11.95000000000000107 ) ) ;
#9281 = VECTOR ( 'NONE', #3695, 1000.000000000000114 ) ;
#9282 = FACE_OUTER_BOUND ( 'NONE', #3950, .T. ) ;
#9283 = DIRECTION ( 'NONE',  ( 1.000000000000000000, 0.000000000000000000, 0.000000000000000000 ) ) ;
#9284 = ORIENTED_EDGE ( 'NONE', *, *, #2459, .T. ) ;
#9285 = VECTOR ( 'NONE', #5332, 1000.000000000000000 ) ;
#9286 = ORIENTED_EDGE ( 'NONE', *, *, #1804, .F. ) ;
#9287 = ORIENTED_EDGE ( 'NONE', *, *, #2971, .F. ) ;
#9288 = ORIENTED_EDGE ( 'NONE', *, *, #5228, .F. ) ;
#9289 = AXIS2_PLACEMENT_3D ( 'NONE', #4039, #3198, #8835 ) ;
#9290 = DIRECTION ( 'NONE',  ( 0.000000000000000000, -0.000000000000000000, -1.000000000000000000 ) ) ;
#9291 = EDGE_CURVE ( 'NONE', #7400, #2663, #9451, .T. ) ;
#9292 = VECTOR ( 'NONE', #7037, 1000.000000000000000 ) ;
#9293 = DIRECTION ( 'NONE',  ( -1.000000000000000000, 0.000000000000000000, -0.000000000000000000 ) ) ;
#9294 = CARTESIAN_POINT ( 'NONE',  ( -35.25000000000000000, -0.7000000000000000666, 23.34999999999999787 ) ) ;
#9295 = ORIENTED_EDGE ( 'NONE', *, *, #2910, .F. ) ;
#9296 = CARTESIAN_POINT ( 'NONE',  ( 33.94999999999999574, 0.000000000000000000, 12.80000000000000071 ) ) ;
#9297 = DIRECTION ( 'NONE',  ( 1.000000000000000000, -0.000000000000000000, 6.672013369141570147E-16 ) ) ;
#9298 = CARTESIAN_POINT ( 'NONE',  ( 15.00000000000000355, -0.2500000000000000000, -16.84999999999999787 ) ) ;
#9299 = ORIENTED_EDGE ( 'NONE', *, *, #1787, .T. ) ;
#9300 = DIRECTION ( 'NONE',  ( -0.000000000000000000, -0.000000000000000000, -1.000000000000000000 ) ) ;
#9301 = VERTEX_POINT ( 'NONE', #5164 ) ;
#9302 = EDGE_CURVE ( 'NONE', #228, #5729, #9959, .T. ) ;
#9303 = ORIENTED_EDGE ( 'NONE', *, *, #5894, .T. ) ;
#9304 = FACE_OUTER_BOUND ( 'NONE', #5412, .T. ) ;
#9305 = ORIENTED_EDGE ( 'NONE', *, *, #8460, .F. ) ;
#9306 = CARTESIAN_POINT ( 'NONE',  ( -28.35000000000000497, 1.100000000000003642, -1.049999999999998934 ) ) ;
#9307 =( NAMED_UNIT ( * ) SI_UNIT ( $, .STERADIAN. ) SOLID_ANGLE_UNIT ( ) );
#9308 = CARTESIAN_POINT ( 'NONE',  ( 27.85000000000000853, 7.400000000000004796, 24.45000000000000639 ) ) ;
#9309 = EDGE_LOOP ( 'NONE', ( #9702, #8393, #5854, #5938 ) ) ;
#9310 = CARTESIAN_POINT ( 'NONE',  ( -34.25000000000000000, 0.000000000000000000, -11.49999999999999289 ) ) ;
#9311 = ORIENTED_EDGE ( 'NONE', *, *, #9385, .T. ) ;
#9312 = ORIENTED_EDGE ( 'NONE', *, *, #4222, .F. ) ;
#9313 = EDGE_CURVE ( 'NONE', #6426, #7560, #4370, .T. ) ;
#9314 = CARTESIAN_POINT ( 'NONE',  ( -19.64999999999999858, 0.5000000000000000000, -5.049999999999995381 ) ) ;
#9315 = CIRCLE ( 'NONE', #7281, 0.4000000000000010214 ) ;
#9316 = CARTESIAN_POINT ( 'NONE',  ( 21.85000000000000142, 1.399999999999982370, 21.15000000000000568 ) ) ;
#9317 = DIRECTION ( 'NONE',  ( -1.000000000000000000, 0.000000000000000000, 0.000000000000000000 ) ) ;
#9318 = DIRECTION ( 'NONE',  ( 0.000000000000000000, -0.000000000000000000, -1.000000000000000000 ) ) ;
#9319 = FACE_OUTER_BOUND ( 'NONE', #7016, .T. ) ;
#9320 = LINE ( 'NONE', #2878, #4511 ) ;
#9321 = ORIENTED_EDGE ( 'NONE', *, *, #6032, .T. ) ;
#9322 = CARTESIAN_POINT ( 'NONE',  ( 11.95000000000000639, 5.000000000000000000, 17.44999999999999929 ) ) ;
#9323 = VERTEX_POINT ( 'NONE', #1809 ) ;
#9324 = DIRECTION ( 'NONE',  ( -1.101142831430592166E-16, -1.000000000000000000, 0.000000000000000000 ) ) ;
#9325 = VERTEX_POINT ( 'NONE', #3422 ) ;
#9326 = ADVANCED_FACE ( 'NONE', ( #6661 ), #7628, .T. ) ;
#9327 = EDGE_CURVE ( 'NONE', #6336, #7386, #1008, .T. ) ;
#9328 = EDGE_CURVE ( 'NONE', #7522, #459, #3468, .T. ) ;
#9329 = DIRECTION ( 'NONE',  ( -4.028467922496720713E-31, -1.000000000000000000, -2.090028284309405749E-16 ) ) ;
#9330 = DIRECTION ( 'NONE',  ( 0.000000000000000000, 1.000000000000000000, 0.000000000000000000 ) ) ;
#9331 = VECTOR ( 'NONE', #9937, 1000.000000000000000 ) ;
#9332 = CARTESIAN_POINT ( 'NONE',  ( -20.64999999999999858, -3.399999999999999911, -19.24999999999999645 ) ) ;
#9333 = EDGE_CURVE ( 'NONE', #2257, #3518, #8765, .T. ) ;
#9334 = PLANE ( 'NONE',  #9230 ) ;
#9335 = FACE_OUTER_BOUND ( 'NONE', #3273, .T. ) ;
#9336 = DIRECTION ( 'NONE',  ( -1.000000000000000000, 0.000000000000000000, -0.000000000000000000 ) ) ;
#9337 = ORIENTED_EDGE ( 'NONE', *, *, #3736, .T. ) ;
#9338 = EDGE_CURVE ( 'NONE', #407, #1140, #5274, .T. ) ;
#9339 = EDGE_LOOP ( 'NONE', ( #337, #5599, #7374, #6604 ) ) ;
#9340 = ORIENTED_EDGE ( 'NONE', *, *, #1643, .T. ) ;
#9341 = VECTOR ( 'NONE', #7964, 1000.000000000000000 ) ;
#9342 = VERTEX_POINT ( 'NONE', #3777 ) ;
#9343 = FACE_OUTER_BOUND ( 'NONE', #1035, .T. ) ;
#9344 = CARTESIAN_POINT ( 'NONE',  ( -29.35000000000000497, -42.37740108089595026, -9.000000000000003553 ) ) ;
#9345 = LINE ( 'NONE', #8599, #4853 ) ;
#9346 = ORIENTED_EDGE ( 'NONE', *, *, #10309, .T. ) ;
#9347 = LINE ( 'NONE', #5405, #4971 ) ;
#9348 = DIRECTION ( 'NONE',  ( -0.000000000000000000, -0.000000000000000000, -1.000000000000000000 ) ) ;
#9349 = VECTOR ( 'NONE', #5143, 1000.000000000000000 ) ;
#9350 = DIRECTION ( 'NONE',  ( -2.569960705150825398E-16, -1.000000000000000000, 0.000000000000000000 ) ) ;
#9351 = EDGE_LOOP ( 'NONE', ( #8529, #3070, #2884, #3425 ) ) ;
#9352 = CARTESIAN_POINT ( 'NONE',  ( -39.25000000000000000, 1.600000000000000089, -20.74999999999999645 ) ) ;
#9353 = ADVANCED_FACE ( 'NONE', ( #468 ), #2987, .F. ) ;
#9354 = ORIENTED_EDGE ( 'NONE', *, *, #10246, .T. ) ;
#9355 = VERTEX_POINT ( 'NONE', #6976 ) ;
#9356 = PLANE ( 'NONE',  #4917 ) ;
#9357 = AXIS2_PLACEMENT_3D ( 'NONE', #7101, #3162, #2245 ) ;
#9358 = CARTESIAN_POINT ( 'NONE',  ( 34.75000000000000000, -9.000000000000001776, -14.25000000000000000 ) ) ;
#9359 = AXIS2_PLACEMENT_3D ( 'NONE', #5362, #7117, #5516 ) ;
#9360 = CARTESIAN_POINT ( 'NONE',  ( -10.09999999999999787, -2.799999999999999822, -7.699999999999992184 ) ) ;
#9361 = CARTESIAN_POINT ( 'NONE',  ( -12.75000000000000178, -1.799999999999985167, -11.14999999999999325 ) ) ;
#9362 = CARTESIAN_POINT ( 'NONE',  ( -31.55000000000000782, 9.899999999999998579, -2.249999999999998668 ) ) ;
#9363 = EDGE_CURVE ( 'NONE', #2329, #6558, #6725, .T. ) ;
#9364 = ORIENTED_EDGE ( 'NONE', *, *, #10152, .F. ) ;
#9365 = DIRECTION ( 'NONE',  ( -2.555489027805624057E-16, 0.7071067811865474617, 0.7071067811865474617 ) ) ;
#9366 = AXIS2_PLACEMENT_3D ( 'NONE', #6321, #1363, #567 ) ;
#9367 = EDGE_CURVE ( 'NONE', #231, #4749, #6374, .T. ) ;
#9368 = ORIENTED_EDGE ( 'NONE', *, *, #8967, .F. ) ;
#9369 = ORIENTED_EDGE ( 'NONE', *, *, #3894, .F. ) ;
#9370 = CARTESIAN_POINT ( 'NONE',  ( 12.84999999999999964, -5.000000000000000000, -13.14999999999999858 ) ) ;
#9371 = CARTESIAN_POINT ( 'NONE',  ( 16.35185058345957998, -0.9000000000000040190, -5.249999999999995559 ) ) ;
#9372 = CARTESIAN_POINT ( 'NONE',  ( 12.85000000000000142, -0.9000000000000084599, -6.049999999999995381 ) ) ;
#9373 = CARTESIAN_POINT ( 'NONE',  ( 15.00000000000000355, -0.2500000000000000000, -5.249999999999995559 ) ) ;
#9374 = CARTESIAN_POINT ( 'NONE',  ( 35.75000000000000000, 4.481339652557141166E-23, 19.24999999999999645 ) ) ;
#9375 = ORIENTED_EDGE ( 'NONE', *, *, #7184, .F. ) ;
#9376 = DIRECTION ( 'NONE',  ( 0.000000000000000000, 0.000000000000000000, 1.000000000000000000 ) ) ;
#9377 = EDGE_CURVE ( 'NONE', #6877, #5254, #4469, .T. ) ;
#9378 = ORIENTED_EDGE ( 'NONE', *, *, #3808, .T. ) ;
#9379 = DIRECTION ( 'NONE',  ( 0.000000000000000000, 0.000000000000000000, 1.000000000000000000 ) ) ;
#9380 = ORIENTED_EDGE ( 'NONE', *, *, #1408, .F. ) ;
#9381 = LINE ( 'NONE', #6237, #416 ) ;
#9382 = LINE ( 'NONE', #8640, #1120 ) ;
#9383 = LINE ( 'NONE', #7686, #2099 ) ;
#9384 = CARTESIAN_POINT ( 'NONE',  ( -29.55000000000000782, 9.899999999999998579, 3.750000000000000444 ) ) ;
#9385 = EDGE_CURVE ( 'NONE', #2622, #9087, #9320, .T. ) ;
#9386 = ADVANCED_FACE ( 'NONE', ( #9267 ), #3728, .F. ) ;
#9387 = ORIENTED_EDGE ( 'NONE', *, *, #5357, .F. ) ;
#9388 = LINE ( 'NONE', #5339, #5674 ) ;
#9389 = VECTOR ( 'NONE', #4037, 1000.000000000000000 ) ;
#9390 = EDGE_CURVE ( 'NONE', #1838, #3314, #10121, .T. ) ;
#9391 = VERTEX_POINT ( 'NONE', #9374 ) ;
#9392 = CARTESIAN_POINT ( 'NONE',  ( -33.25000000000000000, 9.899999999999998579, -6.049999999999999822 ) ) ;
#9393 = ORIENTED_EDGE ( 'NONE', *, *, #6788, .F. ) ;
#9394 = EDGE_LOOP ( 'NONE', ( #3490, #9153, #1000, #6905 ) ) ;
#9395 = DIRECTION ( 'NONE',  ( 1.000000000000000000, 0.000000000000000000, 0.000000000000000000 ) ) ;
#9396 = CARTESIAN_POINT ( 'NONE',  ( 14.18759615953640640, 0.000000000000000000, -0.1499999999999973577 ) ) ;
#9397 = DIRECTION ( 'NONE',  ( -1.000000000000000000, 0.000000000000000000, 0.000000000000000000 ) ) ;
#9398 = EDGE_CURVE ( 'NONE', #3356, #1560, #2070, .T. ) ;
#9399 = DIRECTION ( 'NONE',  ( -0.000000000000000000, -1.000000000000000000, -0.000000000000000000 ) ) ;
#9400 = EDGE_CURVE ( 'NONE', #1072, #4436, #8083, .T. ) ;
#9401 = CARTESIAN_POINT ( 'NONE',  ( 15.00000000000000355, -0.2500000000000000000, -0.1499999999999973577 ) ) ;
#9402 = EDGE_CURVE ( 'NONE', #10453, #2775, #9483, .T. ) ;
#9403 = CIRCLE ( 'NONE', #203, 9.349999999999990763 ) ;
#9404 = DIRECTION ( 'NONE',  ( 1.000000000000000000, -0.000000000000000000, -0.000000000000000000 ) ) ;
#9405 = VERTEX_POINT ( 'NONE', #6171 ) ;
#9406 = PLANE ( 'NONE',  #3392 ) ;
#9407 = ORIENTED_EDGE ( 'NONE', *, *, #535, .T. ) ;
#9408 = ORIENTED_EDGE ( 'NONE', *, *, #7627, .F. ) ;
#9409 = FACE_OUTER_BOUND ( 'NONE', #8801, .T. ) ;
#9410 = CARTESIAN_POINT ( 'NONE',  ( -35.25000000000000711, -1.800000000000000044, -20.74999999999999645 ) ) ;
#9411 = ADVANCED_FACE ( 'NONE', ( #2121 ), #7834, .F. ) ;
#9412 = CARTESIAN_POINT ( 'NONE',  ( 0.5500000000000001554, 5.049999999999998046, -11.14999999999999325 ) ) ;
#9413 = DIRECTION ( 'NONE',  ( -0.000000000000000000, 0.000000000000000000, -1.000000000000000000 ) ) ;
#9414 = CARTESIAN_POINT ( 'NONE',  ( -5.449999999999997513, -0.9000000000000057954, -6.049999999999992717 ) ) ;
#9415 = ORIENTED_EDGE ( 'NONE', *, *, #6635, .F. ) ;
#9416 = AXIS2_PLACEMENT_3D ( 'NONE', #5088, #1667, #4928 ) ;
#9417 = CARTESIAN_POINT ( 'NONE',  ( -39.25000000000000000, -1.800000000000000044, 23.75000000000000000 ) ) ;
#9418 = ORIENTED_EDGE ( 'NONE', *, *, #1295, .F. ) ;
#9419 = ORIENTED_EDGE ( 'NONE', *, *, #5630, .F. ) ;
#9420 = VECTOR ( 'NONE', #6723, 1000.000000000000000 ) ;
#9421 = VECTOR ( 'NONE', #6110, 1000.000000000000000 ) ;
#9422 = AXIS2_PLACEMENT_3D ( 'NONE', #6390, #7139, #632 ) ;
#9423 = DIRECTION ( 'NONE',  ( -0.000000000000000000, 1.000000000000000000, -0.000000000000000000 ) ) ;
#9424 = EDGE_CURVE ( 'NONE', #3456, #4626, #355, .T. ) ;
#9425 = DIRECTION ( 'NONE',  ( 0.000000000000000000, 1.000000000000000000, 1.762134456409849633E-16 ) ) ;
#9426 = DIRECTION ( 'NONE',  ( 0.000000000000000000, 0.000000000000000000, 1.000000000000000000 ) ) ;
#9427 = DIRECTION ( 'NONE',  ( -0.000000000000000000, -0.000000000000000000, -1.000000000000000000 ) ) ;
#9428 = CARTESIAN_POINT ( 'NONE',  ( 21.64999999999999858, 0.000000000000000000, -19.24999999999999645 ) ) ;
#9429 = ORIENTED_EDGE ( 'NONE', *, *, #185, .T. ) ;
#9430 = DIRECTION ( 'NONE',  ( 1.000000000000000000, -1.227398685832646803E-16, 0.000000000000000000 ) ) ;
#9431 = VERTEX_POINT ( 'NONE', #6073 ) ;
#9432 = DIRECTION ( 'NONE',  ( -0.000000000000000000, 0.000000000000000000, -1.000000000000000000 ) ) ;
#9433 = EDGE_LOOP ( 'NONE', ( #3591, #3459, #4903, #9077, #8384, #3838 ) ) ;
#9434 = ADVANCED_FACE ( 'NONE', ( #2096 ), #9508, .T. ) ;
#9435 = DIRECTION ( 'NONE',  ( 0.000000000000000000, 1.000000000000000000, 0.000000000000000000 ) ) ;
#9436 = DIRECTION ( 'NONE',  ( 1.802310104910968640E-16, 1.762134456409849633E-16, -1.000000000000000000 ) ) ;
#9437 = CARTESIAN_POINT ( 'NONE',  ( 12.84999999999999964, -9.002000000000000668, -6.049999999999995381 ) ) ;
#9438 = VECTOR ( 'NONE', #9864, 1000.000000000000000 ) ;
#9439 = DIRECTION ( 'NONE',  ( 0.000000000000000000, 0.000000000000000000, 1.000000000000000000 ) ) ;
#9440 = ORIENTED_EDGE ( 'NONE', *, *, #7697, .T. ) ;
#9441 = CARTESIAN_POINT ( 'NONE',  ( -12.75000000000000178, 9.902000000000001023, -11.14999999999999503 ) ) ;
#9442 = EDGE_LOOP ( 'NONE', ( #1714, #2991 ) ) ;
#9443 = LINE ( 'NONE', #5289, #766 ) ;
#9444 = VERTEX_POINT ( 'NONE', #2907 ) ;
#9445 = ORIENTED_EDGE ( 'NONE', *, *, #9075, .F. ) ;
#9446 = AXIS2_PLACEMENT_3D ( 'NONE', #10026, #2732, #5173 ) ;
#9447 =( GEOMETRIC_REPRESENTATION_CONTEXT ( 3 ) GLOBAL_UNCERTAINTY_ASSIGNED_CONTEXT ( ( #1946 ) ) GLOBAL_UNIT_ASSIGNED_CONTEXT ( ( #192, #5800, #8251 ) ) REPRESENTATION_CONTEXT ( 'NONE', 'WORKASPACE' ) );
#9448 = PLANE ( 'NONE',  #9526 ) ;
#9449 = EDGE_CURVE ( 'NONE', #3056, #3682, #7758, .T. ) ;
#9450 = CARTESIAN_POINT ( 'NONE',  ( 22.25000000000000355, 7.200000000000005507, 23.15100000000000691 ) ) ;
#9451 = CIRCLE ( 'NONE', #8428, 0.2000000000000057288 ) ;
#9452 = DIRECTION ( 'NONE',  ( 0.000000000000000000, 0.000000000000000000, -1.000000000000000000 ) ) ;
#9453 = DIRECTION ( 'NONE',  ( 1.000000000000000000, 0.000000000000000000, 0.000000000000000000 ) ) ;
#9454 = AXIS2_PLACEMENT_3D ( 'NONE', #2407, #7316, #5659 ) ;
#9455 = CIRCLE ( 'NONE', #1610, 1.000000000000000888 ) ;
#9456 = DIRECTION ( 'NONE',  ( -1.000000000000000000, -0.000000000000000000, -0.000000000000000000 ) ) ;
#9457 = ORIENTED_EDGE ( 'NONE', *, *, #2167, .T. ) ;
#9458 = LINE ( 'NONE', #7002, #4402 ) ;
#9459 = AXIS2_PLACEMENT_3D ( 'NONE', #6990, #3588, #10140 ) ;
#9460 = EDGE_LOOP ( 'NONE', ( #1300, #3332, #5812, #5326 ) ) ;
#9461 = ADVANCED_FACE ( 'NONE', ( #8705 ), #4444, .F. ) ;
#9462 = ADVANCED_FACE ( 'NONE', ( #5351 ), #5249, .T. ) ;
#9463 = ORIENTED_EDGE ( 'NONE', *, *, #4830, .T. ) ;
#9464 = VECTOR ( 'NONE', #354, 1000.000000000000000 ) ;
#9465 = CARTESIAN_POINT ( 'NONE',  ( -11.74999999999999822, -0.9000000000000050182, -10.34999999999999076 ) ) ;
#9466 = EDGE_CURVE ( 'NONE', #3362, #4318, #2961, .T. ) ;
#9467 = AXIS2_PLACEMENT_3D ( 'NONE', #1654, #1539, #746 ) ;
#9468 = PLANE ( 'NONE',  #6462 ) ;
#9469 = CARTESIAN_POINT ( 'NONE',  ( 32.95000000000001705, 9.899999999999998579, -19.80000000000000071 ) ) ;
#9470 = VECTOR ( 'NONE', #4319, 1000.000000000000000 ) ;
#9471 = DIRECTION ( 'NONE',  ( 0.000000000000000000, 1.000000000000000000, 0.000000000000000000 ) ) ;
#9472 = LINE ( 'NONE', #8719, #8396 ) ;
#9473 = ORIENTED_EDGE ( 'NONE', *, *, #9398, .F. ) ;
#9474 = AXIS2_PLACEMENT_3D ( 'NONE', #10386, #1414, #2175 ) ;
#9475 = DIRECTION ( 'NONE',  ( 1.000000000000000000, -2.596653838999757503E-16, 0.000000000000000000 ) ) ;
#9476 = ORIENTED_EDGE ( 'NONE', *, *, #50, .T. ) ;
#9477 = ADVANCED_FACE ( 'NONE', ( #5302 ), #8504, .T. ) ;
#9478 = VERTEX_POINT ( 'NONE', #5457 ) ;
#9479 = LINE ( 'NONE', #4619, #2653 ) ;
#9480 = LINE ( 'NONE', #5427, #10441 ) ;
#9481 = CARTESIAN_POINT ( 'NONE',  ( -34.25000000000000000, -0.7000000000000000666, 22.14999999999999858 ) ) ;
#9482 = LINE ( 'NONE', #7451, #3521 ) ;
#9483 = LINE ( 'NONE', #1160, #1956 ) ;
#9484 = ORIENTED_EDGE ( 'NONE', *, *, #725, .F. ) ;
#9485 = CARTESIAN_POINT ( 'NONE',  ( 0.000000000000000000, 6.200000000000000178, 21.64999999999999858 ) ) ;
#9486 = ORIENTED_EDGE ( 'NONE', *, *, #2298, .F. ) ;
#9487 = DIRECTION ( 'NONE',  ( 1.000000000000000000, 0.000000000000000000, -0.000000000000000000 ) ) ;
#9488 = ORIENTED_EDGE ( 'NONE', *, *, #6431, .F. ) ;
#9489 = EDGE_CURVE ( 'NONE', #4690, #10045, #10208, .T. ) ;
#9490 = PLANE ( 'NONE',  #8761 ) ;
#9491 = CARTESIAN_POINT ( 'NONE',  ( -34.25000000000000000, -1.800000000000000044, 12.49999999999999289 ) ) ;
#9492 = CARTESIAN_POINT ( 'NONE',  ( 35.75000000000000000, 7.500000000000004441, -0.3499999999999987566 ) ) ;
#9493 = PLANE ( 'NONE',  #607 ) ;
#9494 = ORIENTED_EDGE ( 'NONE', *, *, #8025, .T. ) ;
#9495 = FACE_OUTER_BOUND ( 'NONE', #9795, .T. ) ;
#9496 = EDGE_CURVE ( 'NONE', #9974, #10092, #3503, .T. ) ;
#9497 = VERTEX_POINT ( 'NONE', #8553 ) ;
#9498 = FACE_OUTER_BOUND ( 'NONE', #8980, .T. ) ;
#9499 = EDGE_LOOP ( 'NONE', ( #2567, #7779, #606, #5945 ) ) ;
#9500 = EDGE_CURVE ( 'NONE', #8334, #1671, #249, .T. ) ;
#9501 = ORIENTED_EDGE ( 'NONE', *, *, #5188, .T. ) ;
#9502 = DIRECTION ( 'NONE',  ( -4.028467922496720713E-31, -1.000000000000000000, -2.090028284309405749E-16 ) ) ;
#9503 = CARTESIAN_POINT ( 'NONE',  ( 39.25000000000000000, 4.099999999999998757, -14.24999999999999822 ) ) ;
#9504 = CARTESIAN_POINT ( 'NONE',  ( 0.5500000000000001554, 5.049999999999998046, -16.84999999999999787 ) ) ;
#9505 = CARTESIAN_POINT ( 'NONE',  ( 0.5500000000000001554, 5.049999999999998046, -3.949999999999995293 ) ) ;
#9506 = DIRECTION ( 'NONE',  ( -0.000000000000000000, -0.000000000000000000, 1.000000000000000000 ) ) ;
#9507 = EDGE_CURVE ( 'NONE', #7398, #6822, #10318, .T. ) ;
#9508 = CYLINDRICAL_SURFACE ( 'NONE', #5527, 2.649999999999998579 ) ;
#9509 = AXIS2_PLACEMENT_3D ( 'NONE', #5092, #3655, #8457 ) ;
#9510 = ORIENTED_EDGE ( 'NONE', *, *, #6057, .T. ) ;
#9511 = FACE_OUTER_BOUND ( 'NONE', #988, .T. ) ;
#9512 = EDGE_CURVE ( 'NONE', #5962, #10302, #6549, .T. ) ;
#9513 = ORIENTED_EDGE ( 'NONE', *, *, #10213, .T. ) ;
#9514 = ORIENTED_EDGE ( 'NONE', *, *, #7709, .F. ) ;
#9515 = CARTESIAN_POINT ( 'NONE',  ( -33.25000000000000000, 8.500000000000000000, 21.64999999999999858 ) ) ;
#9516 = VECTOR ( 'NONE', #7063, 1000.000000000000000 ) ;
#9517 = CARTESIAN_POINT ( 'NONE',  ( 22.04999999999999716, 7.000000000000004441, 23.15100000000000691 ) ) ;
#9518 = DIRECTION ( 'NONE',  ( 0.000000000000000000, -1.000000000000000000, 0.000000000000000000 ) ) ;
#9519 = FACE_OUTER_BOUND ( 'NONE', #4820, .T. ) ;
#9520 = CARTESIAN_POINT ( 'NONE',  ( -37.85000000000000853, 18.24894012161241363, 10.00000000000000000 ) ) ;
#9521 = ADVANCED_FACE ( 'NONE', ( #6200 ), #1190, .T. ) ;
#9522 = EDGE_CURVE ( 'NONE', #4151, #5969, #1344, .T. ) ;
#9523 = VERTEX_POINT ( 'NONE', #6049 ) ;
#9524 = CARTESIAN_POINT ( 'NONE',  ( -11.75000000000000000, -5.000000000000000000, -15.94999999999999929 ) ) ;
#9525 = EDGE_CURVE ( 'NONE', #6035, #6115, #6900, .T. ) ;
#9526 = AXIS2_PLACEMENT_3D ( 'NONE', #2147, #8496, #4437 ) ;
#9527 = EDGE_LOOP ( 'NONE', ( #7498, #160, #9255, #8425, #6175, #9156, #300, #10434, #9295, #1495, #10101, #8359, #1025, #10519, #6702, #6818, #7595, #6256, #1445, #9258, #491, #3346, #9945, #5885, #5935, #6393, #6091, #4100, #180, #5694, #3760, #890, #4206, #3211, #1044, #7544, #1734, #2637 ) ) ;
#9528 = CARTESIAN_POINT ( 'NONE',  ( 24.85000000000000853, -4.999999999999992006, 23.15000000000000568 ) ) ;
#9529 = CARTESIAN_POINT ( 'NONE',  ( 33.94999999999999574, 9.100000000000004974, -4.499999999999998224 ) ) ;
#9530 = LINE ( 'NONE', #3137, #7832 ) ;
#9531 = VECTOR ( 'NONE', #923, 1000.000000000000000 ) ;
#9532 = VECTOR ( 'NONE', #1731, 1000.000000000000000 ) ;
#9533 = LINE ( 'NONE', #7022, #439 ) ;
#9534 = EDGE_CURVE ( 'NONE', #7978, #4019, #1998, .T. ) ;
#9535 = ORIENTED_EDGE ( 'NONE', *, *, #4643, .T. ) ;
#9536 = DIRECTION ( 'NONE',  ( -1.000000000000000000, 0.000000000000000000, 0.000000000000000000 ) ) ;
#9537 = EDGE_CURVE ( 'NONE', #6006, #1319, #1272, .T. ) ;
#9538 = EDGE_LOOP ( 'NONE', ( #3031, #3977, #10123, #5788 ) ) ;
#9539 = CARTESIAN_POINT ( 'NONE',  ( -31.55000000000000782, -0.3999999999999999667, 4.350000000000000533 ) ) ;
#9540 = ORIENTED_EDGE ( 'NONE', *, *, #1611, .F. ) ;
#9541 = LINE ( 'NONE', #2391, #4841 ) ;
#9542 = CARTESIAN_POINT ( 'NONE',  ( -30.95000000000000995, -0.3999999999999999667, 3.750000000000000444 ) ) ;
#9543 = LINE ( 'NONE', #3252, #9948 ) ;
#9544 = CARTESIAN_POINT ( 'NONE',  ( -25.25000000000000711, 0.000000000000000000, 11.50000000000000711 ) ) ;
#9545 = EDGE_CURVE ( 'NONE', #3024, #10010, #7811, .T. ) ;
#9546 = ORIENTED_EDGE ( 'NONE', *, *, #5522, .T. ) ;
#9547 = DIRECTION ( 'NONE',  ( 0.000000000000000000, -1.000000000000000000, 0.000000000000000000 ) ) ;
#9548 = EDGE_LOOP ( 'NONE', ( #313, #9724, #1943, #8439 ) ) ;
#9549 = FACE_OUTER_BOUND ( 'NONE', #1812, .T. ) ;
#9550 = EDGE_LOOP ( 'NONE', ( #9853, #3118, #8109, #1737 ) ) ;
#9551 = ORIENTED_EDGE ( 'NONE', *, *, #4276, .F. ) ;
#9552 = PLANE ( 'NONE',  #3407 ) ;
#9553 = LINE ( 'NONE', #8700, #4184 ) ;
#9554 = CARTESIAN_POINT ( 'NONE',  ( -29.64999999999998437, -0.3999999999999999667, -5.449999999999996625 ) ) ;
#9555 = AXIS2_PLACEMENT_3D ( 'NONE', #8833, #1521, #3986 ) ;
#9556 = FACE_OUTER_BOUND ( 'NONE', #7169, .T. ) ;
#9557 = EDGE_CURVE ( 'NONE', #796, #2243, #3958, .T. ) ;
#9558 = CARTESIAN_POINT ( 'NONE',  ( -21.04999999999999716, -9.000000000000000000, 23.15100000000000691 ) ) ;
#9559 = ORIENTED_EDGE ( 'NONE', *, *, #3738, .T. ) ;
#9560 = PLANE ( 'NONE',  #5587 ) ;
#9561 = ORIENTED_EDGE ( 'NONE', *, *, #8676, .T. ) ;
#9562 = VECTOR ( 'NONE', #3976, 1000.000000000000000 ) ;
#9563 = ORIENTED_EDGE ( 'NONE', *, *, #10200, .T. ) ;
#9564 = LINE ( 'NONE', #551, #9516 ) ;
#9565 = EDGE_CURVE ( 'NONE', #715, #6425, #7266, .T. ) ;
#9566 = CARTESIAN_POINT ( 'NONE',  ( 39.25000000000000000, 1.600000000000000089, -20.34999999999999787 ) ) ;
#9567 = FACE_OUTER_BOUND ( 'NONE', #2978, .T. ) ;
#9568 = AXIS2_PLACEMENT_3D ( 'NONE', #9505, #2853, #9453 ) ;
#9569 = DIRECTION ( 'NONE',  ( -1.000000000000000000, 0.000000000000000000, 0.000000000000000000 ) ) ;
#9570 = VECTOR ( 'NONE', #6156, 1000.000000000000000 ) ;
#9571 =( BOUNDED_CURVE ( )  B_SPLINE_CURVE ( 3, ( #9316, #9209, #2769, #7922 ),
 .UNSPECIFIED., .F., .F. ) 
 B_SPLINE_CURVE_WITH_KNOTS ( ( 4, 4 ),
 ( 4.712388980384696779, 6.283185307179577350 ),
 .UNSPECIFIED. ) 
 CURVE ( )  GEOMETRIC_REPRESENTATION_ITEM ( )  RATIONAL_B_SPLINE_CURVE ( ( 1.000000000000000000, 0.8047378541243667138, 0.8047378541243667138, 1.000000000000000000 ) ) 
 REPRESENTATION_ITEM ( '' )  );
#9572 = DIRECTION ( 'NONE',  ( -0.000000000000000000, -0.000000000000000000, -1.000000000000000000 ) ) ;
#9573 = EDGE_LOOP ( 'NONE', ( #5936, #208, #9941, #1009 ) ) ;
#9574 = CARTESIAN_POINT ( 'NONE',  ( 0.000000000000000000, 8.500000000000000000, 0.000000000000000000 ) ) ;
#9575 = AXIS2_PLACEMENT_3D ( 'NONE', #5191, #3548, #5834 ) ;
#9576 = VECTOR ( 'NONE', #4275, 1000.000000000000000 ) ;
#9577 = ORIENTED_EDGE ( 'NONE', *, *, #4701, .T. ) ;
#9578 = DIRECTION ( 'NONE',  ( -1.000000000000000000, 0.000000000000000000, 0.000000000000000000 ) ) ;
#9579 = EDGE_CURVE ( 'NONE', #10422, #1740, #2311, .T. ) ;
#9580 = LINE ( 'NONE', #6271, #5176 ) ;
#9581 = DIRECTION ( 'NONE',  ( 1.000000000000000000, -0.000000000000000000, -0.000000000000000000 ) ) ;
#9582 = DIRECTION ( 'NONE',  ( 0.000000000000000000, 1.000000000000000000, 1.762134456409849633E-16 ) ) ;
#9583 = ORIENTED_EDGE ( 'NONE', *, *, #1462, .F. ) ;
#9584 = CARTESIAN_POINT ( 'NONE',  ( -26.94999999999999929, -0.7000000000000000666, 23.15000000000000568 ) ) ;
#9585 = ORIENTED_EDGE ( 'NONE', *, *, #10013, .T. ) ;
#9586 = DIRECTION ( 'NONE',  ( -1.000000000000000000, 0.000000000000000000, 0.000000000000000000 ) ) ;
#9587 = VERTEX_POINT ( 'NONE', #7962 ) ;
#9588 = VECTOR ( 'NONE', #2134, 1000.000000000000000 ) ;
#9589 = AXIS2_PLACEMENT_3D ( 'NONE', #2812, #5907, #2710 ) ;
#9590 = VECTOR ( 'NONE', #6922, 1000.000000000000000 ) ;
#9591 = ADVANCED_FACE ( 'NONE', ( #10362 ), #696, .F. ) ;
#9592 = EDGE_CURVE ( 'NONE', #9114, #9091, #2295, .T. ) ;
#9593 = CARTESIAN_POINT ( 'NONE',  ( -26.85000000000000142, 7.200000000000006395, 23.15100000000000691 ) ) ;
#9594 = CYLINDRICAL_SURFACE ( 'NONE', #2102, 2.649999999999998579 ) ;
#9595 = LINE ( 'NONE', #680, #5868 ) ;
#9596 = CIRCLE ( 'NONE', #1410, 0.4000000000000010214 ) ;
#9597 = CARTESIAN_POINT ( 'NONE',  ( 11.95000000000000639, 1.600000000000000089, 17.44999999999999929 ) ) ;
#9598 = ORIENTED_EDGE ( 'NONE', *, *, #3616, .T. ) ;
#9599 = AXIS2_PLACEMENT_3D ( 'NONE', #3560, #6058, #7613 ) ;
#9600 = PLANE ( 'NONE',  #3813 ) ;
#9601 = VERTEX_POINT ( 'NONE', #858 ) ;
#9602 = CARTESIAN_POINT ( 'NONE',  ( -20.64999999999999858, -1.799999999999994493, -19.24999999999999645 ) ) ;
#9603 = ORIENTED_EDGE ( 'NONE', *, *, #10112, .F. ) ;
#9604 = ORIENTED_EDGE ( 'NONE', *, *, #2116, .F. ) ;
#9605 = EDGE_CURVE ( 'NONE', #7481, #7161, #1279, .T. ) ;
#9606 = VECTOR ( 'NONE', #5161, 1000.000000000000000 ) ;
#9607 = DIRECTION ( 'NONE',  ( 0.000000000000000000, 0.000000000000000000, 1.000000000000000000 ) ) ;
#9608 = CARTESIAN_POINT ( 'NONE',  ( -23.85000000000000142, -4.999999999999999112, 23.15100000000000691 ) ) ;
#9609 = CARTESIAN_POINT ( 'NONE',  ( -34.25000000000000000, 0.000000000000000000, 22.14999999999999858 ) ) ;
#9610 = DIRECTION ( 'NONE',  ( -2.569960705150825398E-16, -1.000000000000000000, 0.000000000000000000 ) ) ;
#9611 = FACE_OUTER_BOUND ( 'NONE', #2425, .T. ) ;
#9612 = ORIENTED_EDGE ( 'NONE', *, *, #5253, .F. ) ;
#9613 = CARTESIAN_POINT ( 'NONE',  ( 11.95000000000000639, 1.600000000000000089, 17.44999999999999929 ) ) ;
#9614 = VECTOR ( 'NONE', #8360, 1000.000000000000000 ) ;
#9615 = ORIENTED_EDGE ( 'NONE', *, *, #6945, .T. ) ;
#9616 = VERTEX_POINT ( 'NONE', #3114 ) ;
#9617 = EDGE_CURVE ( 'NONE', #4888, #5477, #2411, .T. ) ;
#9618 = DIRECTION ( 'NONE',  ( 1.000000000000000000, 0.000000000000000000, 0.000000000000000000 ) ) ;
#9619 = CARTESIAN_POINT ( 'NONE',  ( -30.04999999999999716, 6.200000000000000178, -20.74999999999999645 ) ) ;
#9620 = AXIS2_PLACEMENT_3D ( 'NONE', #7980, #1563, #10427 ) ;
#9621 = DIRECTION ( 'NONE',  ( 0.000000000000000000, 1.000000000000000000, 0.000000000000000000 ) ) ;
#9622 = LINE ( 'NONE', #2161, #10115 ) ;
#9623 = CARTESIAN_POINT ( 'NONE',  ( 10.15000000000000568, 3.600000000000000533, 17.44999999999999929 ) ) ;
#9624 = ORIENTED_EDGE ( 'NONE', *, *, #3401, .T. ) ;
#9625 = VECTOR ( 'NONE', #4329, 1000.000000000000000 ) ;
#9626 = VERTEX_POINT ( 'NONE', #6351 ) ;
#9627 = CARTESIAN_POINT ( 'NONE',  ( -28.35000000000000497, -9.000000000000000000, -1.049999999999998934 ) ) ;
#9628 = EDGE_CURVE ( 'NONE', #4595, #2046, #5560, .T. ) ;
#9629 = AXIS2_PLACEMENT_3D ( 'NONE', #9112, #1694, #8317 ) ;
#9630 = EDGE_LOOP ( 'NONE', ( #2993, #5998, #4776, #5394 ) ) ;
#9631 = EDGE_LOOP ( 'NONE', ( #7735, #1547, #7056, #2142, #7926, #8650, #5725, #8063 ) ) ;
#9632 = VECTOR ( 'NONE', #2388, 1000.000000000000000 ) ;
#9633 = DIRECTION ( 'NONE',  ( 0.000000000000000000, 0.000000000000000000, -1.000000000000000000 ) ) ;
#9634 = AXIS2_PLACEMENT_3D ( 'NONE', #8730, #3833, #7083 ) ;
#9635 = DIRECTION ( 'NONE',  ( 0.000000000000000000, -1.000000000000000000, 0.000000000000000000 ) ) ;
#9636 = CARTESIAN_POINT ( 'NONE',  ( -36.45000000000000284, -0.3999999999999993006, 8.448227494413584893 ) ) ;
#9637 = DIRECTION ( 'NONE',  ( -0.000000000000000000, -1.762134456409849386E-16, 1.000000000000000000 ) ) ;
#9638 = EDGE_LOOP ( 'NONE', ( #4557, #872, #8468, #697, #3255 ) ) ;
#9639 = CARTESIAN_POINT ( 'NONE',  ( 32.95000000000001705, 9.899999999999998579, 19.80000000000000071 ) ) ;
#9640 = ORIENTED_EDGE ( 'NONE', *, *, #5996, .F. ) ;
#9641 = CARTESIAN_POINT ( 'NONE',  ( -26.64999999999999858, -0.3999999999999999667, 6.999999999999978684 ) ) ;
#9642 = ORIENTED_EDGE ( 'NONE', *, *, #5851, .F. ) ;
#9643 = EDGE_CURVE ( 'NONE', #9663, #10212, #8115, .T. ) ;
#9644 = CARTESIAN_POINT ( 'NONE',  ( -18.50000000000000355, 5.400000000000004796, -21.94999999999999574 ) ) ;
#9645 = CARTESIAN_POINT ( 'NONE',  ( 27.85000000000000497, 7.000000000000004441, 23.35100000000000975 ) ) ;
#9646 = DIRECTION ( 'NONE',  ( -0.000000000000000000, -1.020425574104002027E-15, 1.000000000000000000 ) ) ;
#9647 = DIRECTION ( 'NONE',  ( -0.000000000000000000, 0.7071067811865426878, 0.7071067811865524577 ) ) ;
#9648 = ORIENTED_EDGE ( 'NONE', *, *, #3209, .F. ) ;
#9649 = CARTESIAN_POINT ( 'NONE',  ( -36.45000000000000284, -0.3999999999999993006, -8.448227494413584893 ) ) ;
#9650 = ADVANCED_FACE ( 'NONE', ( #9611 ), #4062, .T. ) ;
#9651 = EDGE_LOOP ( 'NONE', ( #7594, #1367, #5113, #2700 ) ) ;
#9652 = EDGE_CURVE ( 'NONE', #7508, #10438, #2252, .T. ) ;
#9653 = DIRECTION ( 'NONE',  ( 1.000000000000000000, -1.032573497605241978E-16, 0.000000000000000000 ) ) ;
#9654 = ORIENTED_EDGE ( 'NONE', *, *, #8899, .F. ) ;
#9655 = ORIENTED_EDGE ( 'NONE', *, *, #5443, .T. ) ;
#9656 = CARTESIAN_POINT ( 'NONE',  ( -35.25000000000000000, -1.800000000000000044, 12.49999999999999289 ) ) ;
#9657 = CARTESIAN_POINT ( 'NONE',  ( -20.85000000000000142, 24.84296113818832197, 20.75000000000000355 ) ) ;
#9658 = CARTESIAN_POINT ( 'NONE',  ( -19.64999999999999858, 7.589415207398531038E-15, -20.74999999999999645 ) ) ;
#9659 = AXIS2_PLACEMENT_3D ( 'NONE', #6260, #8524, #9962 ) ;
#9660 = CARTESIAN_POINT ( 'NONE',  ( -28.35000000000000497, -1.800000000000000044, -9.000000000000003553 ) ) ;
#9661 = EDGE_CURVE ( 'NONE', #7718, #9101, #9708, .T. ) ;
#9662 = DIRECTION ( 'NONE',  ( 1.000000000000000000, 0.000000000000000000, -0.000000000000000000 ) ) ;
#9663 = VERTEX_POINT ( 'NONE', #1444 ) ;
#9664 = DIRECTION ( 'NONE',  ( -1.000000000000000000, 0.000000000000000000, 0.000000000000000000 ) ) ;
#9665 = EDGE_LOOP ( 'NONE', ( #1513, #4564, #2164, #10241 ) ) ;
#9666 = ORIENTED_EDGE ( 'NONE', *, *, #2199, .F. ) ;
#9667 = ORIENTED_EDGE ( 'NONE', *, *, #9661, .T. ) ;
#9668 = FACE_BOUND ( 'NONE', #4881, .T. ) ;
#9669 = CARTESIAN_POINT ( 'NONE',  ( -37.85000000000000853, 18.24894012161241363, 10.00000000000000000 ) ) ;
#9670 = CARTESIAN_POINT ( 'NONE',  ( 35.75000000000000000, -1.800000000000000044, -20.74999999999999645 ) ) ;
#9671 = VECTOR ( 'NONE', #1496, 1000.000000000000000 ) ;
#9672 = CARTESIAN_POINT ( 'NONE',  ( 0.000000000000000000, 8.500000000000000000, 19.80000000000000071 ) ) ;
#9673 = ADVANCED_FACE ( 'NONE', ( #7320 ), #1657, .F. ) ;
#9674 = ORIENTED_EDGE ( 'NONE', *, *, #3279, .T. ) ;
#9675 = ORIENTED_EDGE ( 'NONE', *, *, #2960, .T. ) ;
#9676 = DIRECTION ( 'NONE',  ( -1.101142831430592166E-16, -1.000000000000000000, 0.000000000000000000 ) ) ;
#9677 = EDGE_LOOP ( 'NONE', ( #4245, #8451, #5317, #1417, #2278, #347 ) ) ;
#9678 = EDGE_LOOP ( 'NONE', ( #7917, #181, #6809, #915, #7998, #10225 ) ) ;
#9679 = VECTOR ( 'NONE', #5128, 1000.000000000000000 ) ;
#9680 = CARTESIAN_POINT ( 'NONE',  ( 0.5000000000000000000, -1.800000000000000044, -20.74999999999999645 ) ) ;
#9681 = CARTESIAN_POINT ( 'NONE',  ( -26.64999999999999503, -3.399999999999999911, -17.64999999999999503 ) ) ;
#9682 = CARTESIAN_POINT ( 'NONE',  ( 27.45000000000000639, 7.200000000000006395, 23.15100000000000691 ) ) ;
#9683 = CARTESIAN_POINT ( 'NONE',  ( 15.00000000000000355, -0.2500000000000000000, -0.1499999999999973577 ) ) ;
#9684 = EDGE_CURVE ( 'NONE', #9813, #2158, #4705, .T. ) ;
#9685 = EDGE_LOOP ( 'NONE', ( #434, #605, #4189, #10397 ) ) ;
#9686 = VECTOR ( 'NONE', #5669, 1000.000000000000000 ) ;
#9687 = DIRECTION ( 'NONE',  ( 0.000000000000000000, 1.000000000000000000, -0.000000000000000000 ) ) ;
#9688 = ORIENTED_EDGE ( 'NONE', *, *, #1525, .T. ) ;
#9689 = DIRECTION ( 'NONE',  ( 0.000000000000000000, 0.000000000000000000, -1.000000000000000000 ) ) ;
#9690 = ORIENTED_EDGE ( 'NONE', *, *, #3023, .T. ) ;
#9691 = LINE ( 'NONE', #10500, #927 ) ;
#9692 = CARTESIAN_POINT ( 'NONE',  ( -19.64999999999999858, 1.600000000000000089, -16.84999999999999787 ) ) ;
#9693 = CARTESIAN_POINT ( 'NONE',  ( -34.85000000000000142, 3.700000000000001954, 23.75000000000000000 ) ) ;
#9694 = LINE ( 'NONE', #10395, #4834 ) ;
#9695 = DIRECTION ( 'NONE',  ( -1.000000000000000000, 1.445602896647339656E-16, 0.000000000000000000 ) ) ;
#9696 = DIRECTION ( 'NONE',  ( -0.000000000000000000, -1.000000000000000000, -0.000000000000000000 ) ) ;
#9697 = ORIENTED_EDGE ( 'NONE', *, *, #9579, .T. ) ;
#9698 = CARTESIAN_POINT ( 'NONE',  ( -38.85000000000000142, 24.84296113818832197, 23.34999999999999787 ) ) ;
#9699 = EDGE_LOOP ( 'NONE', ( #7147, #2328, #5149, #7157 ) ) ;
#9700 = PLANE ( 'NONE',  #2482 ) ;
#9701 = EDGE_LOOP ( 'NONE', ( #1397, #7629, #4332, #9916 ) ) ;
#9702 = ORIENTED_EDGE ( 'NONE', *, *, #3834, .F. ) ;
#9703 = PLANE ( 'NONE',  #3065 ) ;
#9704 = ADVANCED_FACE ( 'NONE', ( #4748 ), #8008, .F. ) ;
#9705 = CARTESIAN_POINT ( 'NONE',  ( -38.64999999999999858, -1.799999999999999600, 5.450000000000000178 ) ) ;
#9706 = LINE ( 'NONE', #2465, #3506 ) ;
#9707 = DIRECTION ( 'NONE',  ( 0.000000000000000000, 0.000000000000000000, 1.000000000000000000 ) ) ;
#9708 = LINE ( 'NONE', #3219, #84 ) ;
#9709 = ORIENTED_EDGE ( 'NONE', *, *, #9377, .F. ) ;
#9710 = LINE ( 'NONE', #10462, #314 ) ;
#9711 = ORIENTED_EDGE ( 'NONE', *, *, #5536, .F. ) ;
#9712 = ORIENTED_EDGE ( 'NONE', *, *, #9328, .F. ) ;
#9713 = ORIENTED_EDGE ( 'NONE', *, *, #67, .T. ) ;
#9714 = LINE ( 'NONE', #8121, #8839 ) ;
#9715 = AXIS2_PLACEMENT_3D ( 'NONE', #3355, #6598, #10542 ) ;
#9716 = EDGE_CURVE ( 'NONE', #10010, #2847, #2360, .T. ) ;
#9717 = ADVANCED_FACE ( 'NONE', ( #8856 ), #4796, .F. ) ;
#9718 = CARTESIAN_POINT ( 'NONE',  ( 34.45000000000000995, 4.049999999999999822, 1.100000000000000089 ) ) ;
#9719 = EDGE_CURVE ( 'NONE', #6558, #9974, #58, .T. ) ;
#9720 = DIRECTION ( 'NONE',  ( 0.000000000000000000, 0.000000000000000000, -1.000000000000000000 ) ) ;
#9721 = CARTESIAN_POINT ( 'NONE',  ( 28.64999999999999858, 7.589415207398531038E-15, -19.14999999999999858 ) ) ;
#9722 = DIRECTION ( 'NONE',  ( -1.802310104910968394E-16, -1.802310104910968394E-16, 1.000000000000000000 ) ) ;
#9723 = EDGE_LOOP ( 'NONE', ( #852, #4080, #10532, #3780, #10380, #10323 ) ) ;
#9724 = ORIENTED_EDGE ( 'NONE', *, *, #4777, .T. ) ;
#9725 = LINE ( 'NONE', #7495, #5425 ) ;
#9726 = VECTOR ( 'NONE', #6063, 1000.000000000000000 ) ;
#9727 = ORIENTED_EDGE ( 'NONE', *, *, #1125, .T. ) ;
#9728 = ORIENTED_EDGE ( 'NONE', *, *, #6920, .T. ) ;
#9729 = EDGE_CURVE ( 'NONE', #2525, #8078, #262, .T. ) ;
#9730 = VECTOR ( 'NONE', #595, 1000.000000000000000 ) ;
#9731 = CARTESIAN_POINT ( 'NONE',  ( -20.85000000000000142, 6.200000000000001066, 23.75000000000000355 ) ) ;
#9732 = DIRECTION ( 'NONE',  ( -0.000000000000000000, -0.000000000000000000, -1.000000000000000000 ) ) ;
#9733 = CARTESIAN_POINT ( 'NONE',  ( 15.00000000000000355, -0.2500000000000000000, -16.64999999999999858 ) ) ;
#9734 = CARTESIAN_POINT ( 'NONE',  ( -31.55000000000000782, -0.3999999999999993006, -5.449999999999998401 ) ) ;
#9735 = ORIENTED_EDGE ( 'NONE', *, *, #10258, .T. ) ;
#9736 = DIRECTION ( 'NONE',  ( -1.000000000000000000, -0.000000000000000000, -1.734723475976807489E-15 ) ) ;
#9737 = ORIENTED_EDGE ( 'NONE', *, *, #6446, .F. ) ;
#9738 = VECTOR ( 'NONE', #2735, 1000.000000000000000 ) ;
#9739 = CARTESIAN_POINT ( 'NONE',  ( -10.09999999999999787, -2.799999999999999822, -10.34999999999999076 ) ) ;
#9740 = ORIENTED_EDGE ( 'NONE', *, *, #9139, .T. ) ;
#9741 = ADVANCED_FACE ( 'NONE', ( #8281 ), #9228, .F. ) ;
#9742 = VECTOR ( 'NONE', #4902, 1000.000000000000000 ) ;
#9743 = CARTESIAN_POINT ( 'NONE',  ( 37.65000000000001279, 9.100000000000006750, -19.25000000000000000 ) ) ;
#9744 = EDGE_LOOP ( 'NONE', ( #3233, #5738, #1903, #3935 ) ) ;
#9745 = CARTESIAN_POINT ( 'NONE',  ( -0.5000000000000004441, -1.800000000000000044, -21.94999999999999574 ) ) ;
#9746 = LINE ( 'NONE', #10501, #2623 ) ;
#9747 = DIRECTION ( 'NONE',  ( 1.000000000000000000, -0.000000000000000000, -0.000000000000000000 ) ) ;
#9748 = CARTESIAN_POINT ( 'NONE',  ( 24.85000000000000853, -4.999999999999992006, 23.15100000000000691 ) ) ;
#9749 = DIRECTION ( 'NONE',  ( 0.000000000000000000, -1.000000000000000000, 0.000000000000000000 ) ) ;
#9750 = EDGE_LOOP ( 'NONE', ( #6464, #9305, #650, #1555, #4539, #8399, #2415, #2300, #9246, #358 ) ) ;
#9751 = FACE_OUTER_BOUND ( 'NONE', #1178, .T. ) ;
#9752 = AXIS2_PLACEMENT_3D ( 'NONE', #1507, #4761, #6963 ) ;
#9753 = EDGE_LOOP ( 'NONE', ( #5435, #377, #1014, #4864 ) ) ;
#9754 = CARTESIAN_POINT ( 'NONE',  ( -37.35000000000000142, -0.3999999999999999667, 10.00000000000000000 ) ) ;
#9755 = ORIENTED_EDGE ( 'NONE', *, *, #9875, .T. ) ;
#9756 = AXIS2_PLACEMENT_3D ( 'NONE', #4074, #2584, #869 ) ;
#9757 = EDGE_CURVE ( 'NONE', #2170, #4210, #1071, .T. ) ;
#9758 = ORIENTED_EDGE ( 'NONE', *, *, #3955, .T. ) ;
#9759 = LINE ( 'NONE', #10561, #4072 ) ;
#9760 = VECTOR ( 'NONE', #4484, 1000.000000000000000 ) ;
#9761 = DIRECTION ( 'NONE',  ( 0.000000000000000000, 0.000000000000000000, -1.000000000000000000 ) ) ;
#9762 = VECTOR ( 'NONE', #3774, 1000.000000000000000 ) ;
#9763 = DIRECTION ( 'NONE',  ( 1.000000000000000000, 0.000000000000000000, 0.000000000000000000 ) ) ;
#9764 = DIRECTION ( 'NONE',  ( -0.8660254037844370423, 0.000000000000000000, 0.5000000000000027756 ) ) ;
#9765 = CARTESIAN_POINT ( 'NONE',  ( -0.5000000000000004441, -1.800000000000000044, -20.74999999999999645 ) ) ;
#9766 = ORIENTED_EDGE ( 'NONE', *, *, #1232, .T. ) ;
#9767 = DIRECTION ( 'NONE',  ( -0.000000000000000000, 0.000000000000000000, -1.000000000000000000 ) ) ;
#9768 = EDGE_LOOP ( 'NONE', ( #8427, #9145 ) ) ;
#9769 = ORIENTED_EDGE ( 'NONE', *, *, #6220, .T. ) ;
#9770 = CIRCLE ( 'NONE', #2273, 1.000000000000000888 ) ;
#9771 = EDGE_CURVE ( 'NONE', #8200, #1698, #5881, .T. ) ;
#9772 = ORIENTED_EDGE ( 'NONE', *, *, #9158, .T. ) ;
#9773 = DIRECTION ( 'NONE',  ( 0.000000000000000000, 1.000000000000000000, 0.000000000000000000 ) ) ;
#9774 = CARTESIAN_POINT ( 'NONE',  ( -17.50000000000000000, 7.762049935181331684, -21.94999999999999574 ) ) ;
#9775 = CARTESIAN_POINT ( 'NONE',  ( -37.35000000000000142, 3.700000000000001954, -20.74999999999999645 ) ) ;
#9776 = LINE ( 'NONE', #9891, #6179 ) ;
#9777 = AXIS2_PLACEMENT_3D ( 'NONE', #4573, #6815, #1262 ) ;
#9778 = LINE ( 'NONE', #9672, #3637 ) ;
#9779 = AXIS2_PLACEMENT_3D ( 'NONE', #2183, #6180, #6081 ) ;
#9780 = ORIENTED_EDGE ( 'NONE', *, *, #2034, .T. ) ;
#9781 = VERTEX_POINT ( 'NONE', #9020 ) ;
#9782 = ADVANCED_FACE ( 'NONE', ( #7532 ), #5126, .T. ) ;
#9783 = EDGE_CURVE ( 'NONE', #685, #117, #914, .T. ) ;
#9784 = VECTOR ( 'NONE', #3018, 1000.000000000000000 ) ;
#9785 = ORIENTED_EDGE ( 'NONE', *, *, #6265, .T. ) ;
#9786 = EDGE_CURVE ( 'NONE', #5081, #545, #7428, .T. ) ;
#9787 = ORIENTED_EDGE ( 'NONE', *, *, #1925, .F. ) ;
#9788 = VECTOR ( 'NONE', #8522, 1000.000000000000000 ) ;
#9789 = DIRECTION ( 'NONE',  ( -1.000000000000000000, 1.101142831430592043E-16, -0.000000000000000000 ) ) ;
#9790 = EDGE_CURVE ( 'NONE', #4828, #4605, #6623, .T. ) ;
#9791 = CARTESIAN_POINT ( 'NONE',  ( -34.25000000000000000, 0.000000000000000000, -18.14999999999999503 ) ) ;
#9792 = AXIS2_PLACEMENT_3D ( 'NONE', #6574, #9826, #9986 ) ;
#9793 = CARTESIAN_POINT ( 'NONE',  ( 0.000000000000000000, 0.000000000000000000, 17.44999999999999929 ) ) ;
#9794 = CARTESIAN_POINT ( 'NONE',  ( -26.64999999999999503, 0.000000000000000000, -17.64999999999999503 ) ) ;
#9795 = EDGE_LOOP ( 'NONE', ( #7109, #903, #8490, #1378 ) ) ;
#9796 = DIRECTION ( 'NONE',  ( -0.000000000000000000, -1.000000000000000000, -0.000000000000000000 ) ) ;
#9797 = VECTOR ( 'NONE', #6349, 1000.000000000000000 ) ;
#9798 = VECTOR ( 'NONE', #9876, 1000.000000000000000 ) ;
#9799 = ORIENTED_EDGE ( 'NONE', *, *, #2496, .T. ) ;
#9800 = EDGE_CURVE ( 'NONE', #4566, #48, #6052, .T. ) ;
#9801 = DIRECTION ( 'NONE',  ( 0.000000000000000000, 0.000000000000000000, 1.000000000000000000 ) ) ;
#9802 = ORIENTED_EDGE ( 'NONE', *, *, #10046, .F. ) ;
#9803 = VECTOR ( 'NONE', #4682, 1000.000000000000114 ) ;
#9804 = VECTOR ( 'NONE', #9811, 1000.000000000000114 ) ;
#9805 = DIRECTION ( 'NONE',  ( 0.000000000000000000, 0.000000000000000000, -1.000000000000000000 ) ) ;
#9806 = ORIENTED_EDGE ( 'NONE', *, *, #3276, .F. ) ;
#9807 = VECTOR ( 'NONE', #1168, 1000.000000000000114 ) ;
#9808 = DIRECTION ( 'NONE',  ( 0.000000000000000000, 0.000000000000000000, 1.000000000000000000 ) ) ;
#9809 = DIRECTION ( 'NONE',  ( 0.000000000000000000, 0.000000000000000000, 1.000000000000000000 ) ) ;
#9810 = LINE ( 'NONE', #1054, #9438 ) ;
#9811 = DIRECTION ( 'NONE',  ( -0.7071067811865474617, 0.000000000000000000, 0.7071067811865474617 ) ) ;
#9812 = CARTESIAN_POINT ( 'NONE',  ( -26.75000000000000000, 3.600000000000004530, 17.44999999999999929 ) ) ;
#9813 = VERTEX_POINT ( 'NONE', #5023 ) ;
#9814 = CIRCLE ( 'NONE', #5215, 0.5999999999999998668 ) ;
#9815 = DIRECTION ( 'NONE',  ( 1.000000000000000000, 0.000000000000000000, 0.000000000000000000 ) ) ;
#9816 = ORIENTED_EDGE ( 'NONE', *, *, #3664, .T. ) ;
#9817 = EDGE_CURVE ( 'NONE', #5080, #2576, #4171, .T. ) ;
#9818 = DIRECTION ( 'NONE',  ( 0.000000000000000000, 0.000000000000000000, -1.000000000000000000 ) ) ;
#9819 = ORIENTED_EDGE ( 'NONE', *, *, #7968, .F. ) ;
#9820 = LINE ( 'NONE', #2517, #5524 ) ;
#9821 = DIRECTION ( 'NONE',  ( 1.000000000000000000, -0.000000000000000000, -0.000000000000000000 ) ) ;
#9822 = CARTESIAN_POINT ( 'NONE',  ( -29.35000000000000497, -9.000000000000001776, -9.000000000000003553 ) ) ;
#9823 = EDGE_CURVE ( 'NONE', #219, #8556, #7479, .T. ) ;
#9824 = LINE ( 'NONE', #8279, #5144 ) ;
#9825 = EDGE_CURVE ( 'NONE', #7084, #4690, #8608, .T. ) ;
#9826 = DIRECTION ( 'NONE',  ( 0.000000000000000000, 0.000000000000000000, 1.000000000000000000 ) ) ;
#9827 = ORIENTED_EDGE ( 'NONE', *, *, #3085, .T. ) ;
#9828 = DIRECTION ( 'NONE',  ( -1.000000000000000000, 0.000000000000000000, -0.000000000000000000 ) ) ;
#9829 = VERTEX_POINT ( 'NONE', #10031 ) ;
#9830 = ORIENTED_EDGE ( 'NONE', *, *, #620, .F. ) ;
#9831 = ORIENTED_EDGE ( 'NONE', *, *, #1130, .T. ) ;
#9832 = PLANE ( 'NONE',  #6973 ) ;
#9833 = VECTOR ( 'NONE', #7674, 1000.000000000000000 ) ;
#9834 = DIRECTION ( 'NONE',  ( -0.000000000000000000, -0.000000000000000000, -1.000000000000000000 ) ) ;
#9835 = PLANE ( 'NONE',  #8037 ) ;
#9836 = CARTESIAN_POINT ( 'NONE',  ( -20.64999999999999858, -3.399999999999999911, -17.64999999999999503 ) ) ;
#9837 = ADVANCED_FACE ( 'NONE', ( #3433 ), #5981, .F. ) ;
#9838 = ORIENTED_EDGE ( 'NONE', *, *, #9500, .F. ) ;
#9839 = ORIENTED_EDGE ( 'NONE', *, *, #7933, .T. ) ;
#9840 = DIRECTION ( 'NONE',  ( -1.000000000000000000, 0.000000000000000000, 0.000000000000000000 ) ) ;
#9841 = ADVANCED_FACE ( 'NONE', ( #4967 ), #8220, .T. ) ;
#9842 = ORIENTED_EDGE ( 'NONE', *, *, #2910, .T. ) ;
#9843 = ORIENTED_EDGE ( 'NONE', *, *, #7608, .F. ) ;
#9844 = VECTOR ( 'NONE', #10252, 1000.000000000000000 ) ;
#9845 = CARTESIAN_POINT ( 'NONE',  ( -20.84999999999999787, -4.999999999999999112, 23.35100000000000264 ) ) ;
#9846 = EDGE_CURVE ( 'NONE', #4282, #407, #2632, .T. ) ;
#9847 = CARTESIAN_POINT ( 'NONE',  ( -33.25000000000000000, 8.500000000000000000, 23.34999999999999787 ) ) ;
#9848 = LINE ( 'NONE', #9950, #8168 ) ;
#9849 = DIRECTION ( 'NONE',  ( 0.000000000000000000, 1.000000000000000000, 0.000000000000000000 ) ) ;
#9850 = EDGE_LOOP ( 'NONE', ( #3132, #5165, #6177, #5292 ) ) ;
#9851 = EDGE_CURVE ( 'NONE', #3008, #5691, #1789, .T. ) ;
#9852 = CARTESIAN_POINT ( 'NONE',  ( 10.15000000000000568, 3.600000000000000533, -17.44999999999999929 ) ) ;
#9853 = ORIENTED_EDGE ( 'NONE', *, *, #7167, .T. ) ;
#9854 = DIRECTION ( 'NONE',  ( 0.000000000000000000, 0.000000000000000000, 1.000000000000000000 ) ) ;
#9855 = VERTEX_POINT ( 'NONE', #1333 ) ;
#9856 = VECTOR ( 'NONE', #2963, 1000.000000000000000 ) ;
#9857 = LINE ( 'NONE', #1742, #4518 ) ;
#9858 = ADVANCED_FACE ( 'NONE', ( #2844 ), #1987, .F. ) ;
#9859 = EDGE_LOOP ( 'NONE', ( #1467, #6520, #3645, #3796 ) ) ;
#9860 = EDGE_CURVE ( 'NONE', #1930, #9601, #9443, .T. ) ;
#9861 = PLANE ( 'NONE',  #8502 ) ;
#9862 = CARTESIAN_POINT ( 'NONE',  ( 15.00000000000000355, -0.2500000000000000000, -16.64999999999999858 ) ) ;
#9863 = VECTOR ( 'NONE', #5078, 1000.000000000000000 ) ;
#9864 = DIRECTION ( 'NONE',  ( -0.000000000000000000, 1.000000000000000000, -0.000000000000000000 ) ) ;
#9865 = EDGE_CURVE ( 'NONE', #5181, #8759, #483, .T. ) ;
#9866 = CARTESIAN_POINT ( 'NONE',  ( -31.55000000000000782, 9.899999999999998579, -5.449999999999998401 ) ) ;
#9867 = DIRECTION ( 'NONE',  ( 0.000000000000000000, 0.000000000000000000, -1.000000000000000000 ) ) ;
#9868 = VERTEX_POINT ( 'NONE', #4385 ) ;
#9869 = CARTESIAN_POINT ( 'NONE',  ( -20.44999999999999929, 6.200000000000000178, 21.15000000000000568 ) ) ;
#9870 = VERTEX_POINT ( 'NONE', #3745 ) ;
#9871 = DIRECTION ( 'NONE',  ( 0.000000000000000000, 0.000000000000000000, -1.000000000000000000 ) ) ;
#9872 = ORIENTED_EDGE ( 'NONE', *, *, #9684, .F. ) ;
#9873 = VECTOR ( 'NONE', #10513, 1000.000000000000000 ) ;
#9874 = DIRECTION ( 'NONE',  ( -1.000000000000000000, -1.176615829264044977E-15, 0.000000000000000000 ) ) ;
#9875 = EDGE_CURVE ( 'NONE', #6498, #4709, #2036, .T. ) ;
#9876 = DIRECTION ( 'NONE',  ( 0.000000000000000000, 1.000000000000000000, 0.000000000000000000 ) ) ;
#9877 = DIRECTION ( 'NONE',  ( 0.000000000000000000, -1.000000000000000000, 0.000000000000000000 ) ) ;
#9878 = LINE ( 'NONE', #913, #9576 ) ;
#9879 = VECTOR ( 'NONE', #3862, 1000.000000000000000 ) ;
#9880 = AXIS2_PLACEMENT_3D ( 'NONE', #622, #7936, #10339 ) ;
#9881 = DIRECTION ( 'NONE',  ( -1.281815376337542394E-16, 0.000000000000000000, -1.000000000000000000 ) ) ;
#9882 = ORIENTED_EDGE ( 'NONE', *, *, #3873, .F. ) ;
#9883 = CARTESIAN_POINT ( 'NONE',  ( -28.35000000000000497, -9.000000000000001776, 10.00000000000000000 ) ) ;
#9884 = ORIENTED_EDGE ( 'NONE', *, *, #9983, .F. ) ;
#9885 = VERTEX_POINT ( 'NONE', #8695 ) ;
#9886 = ORIENTED_EDGE ( 'NONE', *, *, #4789, .T. ) ;
#9887 = CARTESIAN_POINT ( 'NONE',  ( 21.85000000000000497, -4.999999999999992006, 23.15000000000000568 ) ) ;
#9888 = EDGE_CURVE ( 'NONE', #3999, #5242, #6221, .T. ) ;
#9889 = FACE_OUTER_BOUND ( 'NONE', #2948, .T. ) ;
#9890 = LINE ( 'NONE', #5893, #5828 ) ;
#9891 = CARTESIAN_POINT ( 'NONE',  ( 27.85000000000000497, 7.000000000000004441, 24.45000000000000639 ) ) ;
#9892 = ORIENTED_EDGE ( 'NONE', *, *, #3502, .F. ) ;
#9893 = ORIENTED_EDGE ( 'NONE', *, *, #512, .T. ) ;
#9894 = FACE_OUTER_BOUND ( 'NONE', #9394, .T. ) ;
#9895 = ORIENTED_EDGE ( 'NONE', *, *, #8413, .F. ) ;
#9896 = EDGE_CURVE ( 'NONE', #4605, #4457, #3333, .T. ) ;
#9897 = ORIENTED_EDGE ( 'NONE', *, *, #1029, .F. ) ;
#9898 = LINE ( 'NONE', #7660, #2195 ) ;
#9899 = DIRECTION ( 'NONE',  ( 0.000000000000000000, 0.000000000000000000, 1.000000000000000000 ) ) ;
#9900 = DIRECTION ( 'NONE',  ( 0.000000000000000000, 0.000000000000000000, 1.000000000000000000 ) ) ;
#9901 = AXIS2_PLACEMENT_3D ( 'NONE', #519, #8578, #2073 ) ;
#9902 = CARTESIAN_POINT ( 'NONE',  ( 15.00000000000000355, -0.2500000000000000000, -5.249999999999995559 ) ) ;
#9903 = ORIENTED_EDGE ( 'NONE', *, *, #5116, .F. ) ;
#9904 = CARTESIAN_POINT ( 'NONE',  ( -30.94999999999999929, 3.600000000000004974, 17.44999999999999929 ) ) ;
#9905 = EDGE_LOOP ( 'NONE', ( #2748, #3288, #2076, #8720, #400, #1700 ) ) ;
#9906 = CARTESIAN_POINT ( 'NONE',  ( -10.09999999999999787, -0.9000000000000050182, -10.34999999999999076 ) ) ;
#9907 = ORIENTED_EDGE ( 'NONE', *, *, #6137, .T. ) ;
#9908 = CARTESIAN_POINT ( 'NONE',  ( 10.15000000000000568, 3.600000000000000533, -19.25000000000000000 ) ) ;
#9909 = VERTEX_POINT ( 'NONE', #10303 ) ;
#9910 = FACE_BOUND ( 'NONE', #4103, .T. ) ;
#9911 = DIRECTION ( 'NONE',  ( 1.000000000000000000, 0.000000000000000000, 0.000000000000000000 ) ) ;
#9912 = CARTESIAN_POINT ( 'NONE',  ( -20.64999999999999858, -1.899999999999992362, -19.24999999999999645 ) ) ;
#9913 = FACE_OUTER_BOUND ( 'NONE', #2691, .T. ) ;
#9914 = FACE_OUTER_BOUND ( 'NONE', #6503, .T. ) ;
#9915 = CIRCLE ( 'NONE', #1221, 2.800000000000007372 ) ;
#9916 = ORIENTED_EDGE ( 'NONE', *, *, #7179, .F. ) ;
#9917 = CARTESIAN_POINT ( 'NONE',  ( -10.09999999999999787, -1.700000000000000178, -7.699999999999992184 ) ) ;
#9918 = ORIENTED_EDGE ( 'NONE', *, *, #2873, .T. ) ;
#9919 = CARTESIAN_POINT ( 'NONE',  ( 34.75000000000000000, 9.100000000000006750, -14.24999999999999645 ) ) ;
#9920 = ORIENTED_EDGE ( 'NONE', *, *, #8192, .T. ) ;
#9921 = EDGE_CURVE ( 'NONE', #6061, #6304, #2137, .T. ) ;
#9922 = EDGE_CURVE ( 'NONE', #7161, #3221, #7642, .T. ) ;
#9923 = EDGE_CURVE ( 'NONE', #9626, #6426, #8093, .T. ) ;
#9924 = CARTESIAN_POINT ( 'NONE',  ( -11.75000000000000000, -9.002000000000000668, -10.34999999999999076 ) ) ;
#9925 = CARTESIAN_POINT ( 'NONE',  ( -30.94999999999999929, 3.600000000000004974, -17.44999999999999929 ) ) ;
#9926 = FACE_OUTER_BOUND ( 'NONE', #1865, .T. ) ;
#9927 = FACE_OUTER_BOUND ( 'NONE', #3718, .T. ) ;
#9928 = AXIS2_PLACEMENT_3D ( 'NONE', #2854, #2801, #8501 ) ;
#9929 = DIRECTION ( 'NONE',  ( -0.000000000000000000, -1.000000000000000000, -0.000000000000000000 ) ) ;
#9930 = ORIENTED_EDGE ( 'NONE', *, *, #2821, .T. ) ;
#9931 = DIRECTION ( 'NONE',  ( -0.000000000000000000, 0.000000000000000000, 1.000000000000000000 ) ) ;
#9932 = EDGE_CURVE ( 'NONE', #8265, #325, #4857, .T. ) ;
#9933 = ORIENTED_EDGE ( 'NONE', *, *, #3393, .F. ) ;
#9934 = ORIENTED_EDGE ( 'NONE', *, *, #8636, .T. ) ;
#9935 = VECTOR ( 'NONE', #1706, 1000.000000000000000 ) ;
#9936 = ORIENTED_EDGE ( 'NONE', *, *, #10443, .T. ) ;
#9937 = DIRECTION ( 'NONE',  ( 0.000000000000000000, 0.000000000000000000, 1.000000000000000000 ) ) ;
#9938 = DIRECTION ( 'NONE',  ( -1.000000000000000000, 0.000000000000000000, 0.000000000000000000 ) ) ;
#9939 = LINE ( 'NONE', #925, #2594 ) ;
#9940 = CARTESIAN_POINT ( 'NONE',  ( 37.65000000000000568, 8.500000000000017764, 19.25000000000000000 ) ) ;
#9941 = ORIENTED_EDGE ( 'NONE', *, *, #9922, .F. ) ;
#9942 = EDGE_LOOP ( 'NONE', ( #10555, #2385, #1369, #6589 ) ) ;
#9943 = VECTOR ( 'NONE', #4823, 1000.000000000000000 ) ;
#9944 = EDGE_CURVE ( 'NONE', #3368, #8386, #371, .T. ) ;
#9945 = ORIENTED_EDGE ( 'NONE', *, *, #4570, .T. ) ;
#9946 = ORIENTED_EDGE ( 'NONE', *, *, #6596, .F. ) ;
#9947 = DIRECTION ( 'NONE',  ( 0.000000000000000000, -1.000000000000000000, 0.000000000000000000 ) ) ;
#9948 = VECTOR ( 'NONE', #2288, 1000.000000000000000 ) ;
#9949 = CYLINDRICAL_SURFACE ( 'NONE', #2454, 2.999999999999999112 ) ;
#9950 = CARTESIAN_POINT ( 'NONE',  ( -5.449999999999997513, -0.9000000000000057954, -5.049999999999995381 ) ) ;
#9951 = CARTESIAN_POINT ( 'NONE',  ( -26.75000000000000000, 1.600000000000000977, -17.44999999999999929 ) ) ;
#9952 = ADVANCED_FACE ( 'NONE', ( #6941 ), #4592, .T. ) ;
#9953 = ORIENTED_EDGE ( 'NONE', *, *, #9291, .F. ) ;
#9954 = FACE_OUTER_BOUND ( 'NONE', #5778, .T. ) ;
#9955 = EDGE_CURVE ( 'NONE', #7130, #4282, #2947, .T. ) ;
#9956 = ORIENTED_EDGE ( 'NONE', *, *, #7219, .T. ) ;
#9957 = VECTOR ( 'NONE', #7792, 1000.000000000000000 ) ;
#9958 = VERTEX_POINT ( 'NONE', #2895 ) ;
#9959 = CIRCLE ( 'NONE', #4339, 0.8500000000000000888 ) ;
#9960 = CARTESIAN_POINT ( 'NONE',  ( -36.45000000000000284, -9.000000000000001776, 6.049999999999999822 ) ) ;
#9961 = ORIENTED_EDGE ( 'NONE', *, *, #3927, .F. ) ;
#9962 = DIRECTION ( 'NONE',  ( 0.000000000000000000, 0.000000000000000000, 1.000000000000000000 ) ) ;
#9963 = DIRECTION ( 'NONE',  ( -1.000000000000000000, 0.000000000000000000, -8.673617379884027583E-16 ) ) ;
#9964 = PLANE ( 'NONE',  #2979 ) ;
#9965 = AXIS2_PLACEMENT_3D ( 'NONE', #1964, #5217, #8469 ) ;
#9966 = DIRECTION ( 'NONE',  ( 1.000000000000000000, 7.053253711990485935E-17, 0.000000000000000000 ) ) ;
#9967 = CARTESIAN_POINT ( 'NONE',  ( -20.84999999999999787, 7.500000000000001776, 12.92992172241327786 ) ) ;
#9968 = ORIENTED_EDGE ( 'NONE', *, *, #7652, .T. ) ;
#9969 = CARTESIAN_POINT ( 'NONE',  ( 38.85000000000000142, 8.500000000000000000, -20.74999999999999645 ) ) ;
#9970 = EDGE_CURVE ( 'NONE', #2345, #10058, #7850, .T. ) ;
#9971 = EDGE_LOOP ( 'NONE', ( #4158, #6500, #9299, #2337, #10056, #6966 ) ) ;
#9972 = CARTESIAN_POINT ( 'NONE',  ( -10.09999999999999787, 0.5000000000000000000, -7.699999999999992184 ) ) ;
#9973 = AXIS2_PLACEMENT_3D ( 'NONE', #2522, #3381, #3486 ) ;
#9974 = VERTEX_POINT ( 'NONE', #2790 ) ;
#9975 = VECTOR ( 'NONE', #7094, 1000.000000000000000 ) ;
#9976 = ADVANCED_FACE ( 'NONE', ( #9498 ), #6831, .T. ) ;
#9977 = VECTOR ( 'NONE', #3861, 1000.000000000000000 ) ;
#9978 = CARTESIAN_POINT ( 'NONE',  ( -23.85000000000000142, -4.999999999999999112, 23.15100000000000691 ) ) ;
#9979 = CARTESIAN_POINT ( 'NONE',  ( 34.45000000000000995, 9.899999999999998579, -2.769059892324147842 ) ) ;
#9980 = VECTOR ( 'NONE', #7310, 1000.000000000000000 ) ;
#9981 = DIRECTION ( 'NONE',  ( 0.000000000000000000, 0.000000000000000000, -1.000000000000000000 ) ) ;
#9982 = DIRECTION ( 'NONE',  ( -0.000000000000000000, -1.000000000000000000, 0.000000000000000000 ) ) ;
#9983 = EDGE_CURVE ( 'NONE', #1497, #3902, #6138, .T. ) ;
#9984 = CONICAL_SURFACE ( 'NONE', #5389, 0.2000000000000022593, 0.7853981633974391752 ) ;
#9985 = CARTESIAN_POINT ( 'NONE',  ( -34.25000000000000000, -1.800000000000000044, -19.14999999999999858 ) ) ;
#9986 = DIRECTION ( 'NONE',  ( 1.000000000000000000, 0.000000000000000000, 0.000000000000000000 ) ) ;
#9987 = VERTEX_POINT ( 'NONE', #6034 ) ;
#9988 = DIRECTION ( 'NONE',  ( -0.000000000000000000, -0.000000000000000000, -1.000000000000000000 ) ) ;
#9989 = ORIENTED_EDGE ( 'NONE', *, *, #1839, .F. ) ;
#9990 = ORIENTED_EDGE ( 'NONE', *, *, #996, .F. ) ;
#9991 = ORIENTED_EDGE ( 'NONE', *, *, #2301, .F. ) ;
#9992 = DIRECTION ( 'NONE',  ( -0.000000000000000000, -0.000000000000000000, -1.000000000000000000 ) ) ;
#9993 = FACE_OUTER_BOUND ( 'NONE', #4528, .T. ) ;
#9994 = DIRECTION ( 'NONE',  ( 1.000000000000000000, 0.000000000000000000, 0.000000000000000000 ) ) ;
#9995 = EDGE_CURVE ( 'NONE', #6268, #5290, #8269, .T. ) ;
#9996 = CARTESIAN_POINT ( 'NONE',  ( 0.000000000000000000, 6.200000000000000178, -20.74999999999999645 ) ) ;
#9997 = ORIENTED_EDGE ( 'NONE', *, *, #7500, .F. ) ;
#9998 = VERTEX_POINT ( 'NONE', #1382 ) ;
#9999 = DIRECTION ( 'NONE',  ( -0.000000000000000000, -1.000000000000000000, 0.000000000000000000 ) ) ;
#10000 = ORIENTED_EDGE ( 'NONE', *, *, #6318, .T. ) ;
#10001 = ORIENTED_EDGE ( 'NONE', *, *, #1042, .T. ) ;
#10002 = CARTESIAN_POINT ( 'NONE',  ( -31.04999999999999716, 7.762049935181331684, -20.74999999999999645 ) ) ;
#10003 = EDGE_CURVE ( 'NONE', #8132, #3373, #3210, .T. ) ;
#10004 = LINE ( 'NONE', #8188, #3821 ) ;
#10005 = DIRECTION ( 'NONE',  ( -0.000000000000000000, -0.000000000000000000, 1.000000000000000000 ) ) ;
#10006 = VECTOR ( 'NONE', #7623, 1000.000000000000000 ) ;
#10007 = DIRECTION ( 'NONE',  ( 0.000000000000000000, -1.000000000000000000, 0.000000000000000000 ) ) ;
#10008 = VERTEX_POINT ( 'NONE', #6501 ) ;
#10009 = PLANE ( 'NONE',  #6487 ) ;
#10010 = VERTEX_POINT ( 'NONE', #1482 ) ;
#10011 = EDGE_LOOP ( 'NONE', ( #6611, #7596, #5530, #2704 ) ) ;
#10012 = CARTESIAN_POINT ( 'NONE',  ( 35.75000000000000000, 0.000000000000000000, -14.24999999999999822 ) ) ;
#10013 = EDGE_CURVE ( 'NONE', #10478, #2182, #10354, .T. ) ;
#10014 = CARTESIAN_POINT ( 'NONE',  ( -30.04999999999999716, 5.400000000000004796, -21.54999999999999716 ) ) ;
#10015 = LINE ( 'NONE', #5806, #8406 ) ;
#10016 = CARTESIAN_POINT ( 'NONE',  ( 35.75000000000000000, 7.500000000000002665, 11.95000000000000107 ) ) ;
#10017 = DIRECTION ( 'NONE',  ( -0.000000000000000000, -0.000000000000000000, 1.000000000000000000 ) ) ;
#10018 = LINE ( 'NONE', #899, #2649 ) ;
#10019 = VERTEX_POINT ( 'NONE', #7952 ) ;
#10020 = VECTOR ( 'NONE', #984, 1000.000000000000114 ) ;
#10021 = DIRECTION ( 'NONE',  ( -1.000000000000000000, 0.000000000000000000, 0.000000000000000000 ) ) ;
#10022 = EDGE_LOOP ( 'NONE', ( #1311, #3734, #8507, #90 ) ) ;
#10023 = CARTESIAN_POINT ( 'NONE',  ( 39.25000000000000000, 8.500000000000000000, 23.34999999999999432 ) ) ;
#10024 = ORIENTED_EDGE ( 'NONE', *, *, #10470, .F. ) ;
#10025 = VECTOR ( 'NONE', #842, 1000.000000000000000 ) ;
#10026 = CARTESIAN_POINT ( 'NONE',  ( 39.25001199999999812, 7.500000000000000000, 22.14999999999999858 ) ) ;
#10027 = FACE_OUTER_BOUND ( 'NONE', #10209, .T. ) ;
#10028 = DIRECTION ( 'NONE',  ( 0.000000000000000000, 0.000000000000000000, 1.000000000000000000 ) ) ;
#10029 = DIRECTION ( 'NONE',  ( 1.000000000000000000, -0.000000000000000000, 0.000000000000000000 ) ) ;
#10030 = DIRECTION ( 'NONE',  ( 0.000000000000000000, 1.000000000000000000, 0.000000000000000000 ) ) ;
#10031 = CARTESIAN_POINT ( 'NONE',  ( -19.64999999999999858, 0.5000000000000000000, -5.049999999999995381 ) ) ;
#10032 = ORIENTED_EDGE ( 'NONE', *, *, #8750, .T. ) ;
#10033 = VECTOR ( 'NONE', #8754, 1000.000000000000000 ) ;
#10034 = EDGE_LOOP ( 'NONE', ( #5960, #7061, #3196, #4172 ) ) ;
#10035 = ORIENTED_EDGE ( 'NONE', *, *, #9137, .F. ) ;
#10036 = ORIENTED_EDGE ( 'NONE', *, *, #5330, .T. ) ;
#10037 = FACE_OUTER_BOUND ( 'NONE', #4082, .T. ) ;
#10038 = ADVANCED_FACE ( 'NONE', ( #3901 ), #8896, .T. ) ;
#10039 = DIRECTION ( 'NONE',  ( 1.000000000000000000, -0.000000000000000000, 8.673617379884027583E-16 ) ) ;
#10040 = DIRECTION ( 'NONE',  ( 6.195440985631457289E-16, 1.000000000000000000, 0.000000000000000000 ) ) ;
#10041 = DIRECTION ( 'NONE',  ( 0.000000000000000000, 1.000000000000000000, 0.000000000000000000 ) ) ;
#10042 = CYLINDRICAL_SURFACE ( 'NONE', #719, 0.8500000000000000888 ) ;
#10043 = VERTEX_POINT ( 'NONE', #7146 ) ;
#10044 = DIRECTION ( 'NONE',  ( 0.000000000000000000, -1.000000000000000000, 0.000000000000000000 ) ) ;
#10045 = VERTEX_POINT ( 'NONE', #4740 ) ;
#10046 = EDGE_CURVE ( 'NONE', #5303, #5448, #586, .T. ) ;
#10047 = EDGE_CURVE ( 'NONE', #1239, #6904, #10401, .T. ) ;
#10048 = ORIENTED_EDGE ( 'NONE', *, *, #5723, .T. ) ;
#10049 = LINE ( 'NONE', #6055, #8326 ) ;
#10050 = ADVANCED_FACE ( 'NONE', ( #4695 ), #6290, .F. ) ;
#10051 = LINE ( 'NONE', #1894, #6355 ) ;
#10052 = LINE ( 'NONE', #2108, #8130 ) ;
#10053 = PLANE ( 'NONE',  #3971 ) ;
#10054 = ORIENTED_EDGE ( 'NONE', *, *, #5228, .T. ) ;
#10055 = DIRECTION ( 'NONE',  ( 0.000000000000000000, 2.090028284309405749E-16, -1.000000000000000000 ) ) ;
#10056 = ORIENTED_EDGE ( 'NONE', *, *, #2039, .T. ) ;
#10057 = EDGE_CURVE ( 'NONE', #7416, #8324, #4051, .T. ) ;
#10058 = VERTEX_POINT ( 'NONE', #3258 ) ;
#10059 = DIRECTION ( 'NONE',  ( -0.000000000000000000, -0.000000000000000000, 1.000000000000000000 ) ) ;
#10060 = CIRCLE ( 'NONE', #8, 2.999999999999999112 ) ;
#10061 = DIRECTION ( 'NONE',  ( -1.000000000000000000, 1.032573497605241978E-16, -0.000000000000000000 ) ) ;
#10062 = LINE ( 'NONE', #6224, #4995 ) ;
#10063 = DIRECTION ( 'NONE',  ( -0.000000000000000000, 0.000000000000000000, 1.000000000000000000 ) ) ;
#10064 = PLANE ( 'NONE',  #6223 ) ;
#10065 = CARTESIAN_POINT ( 'NONE',  ( -35.25000000000000000, -0.7000000000000000666, 23.75000000000000711 ) ) ;
#10066 = VERTEX_POINT ( 'NONE', #10558 ) ;
#10067 = CARTESIAN_POINT ( 'NONE',  ( 33.94999999999999574, 0.000000000000000000, -12.80000000000000071 ) ) ;
#10068 = VERTEX_POINT ( 'NONE', #2401 ) ;
#10069 = LINE ( 'NONE', #4422, #7605 ) ;
#10070 = ORIENTED_EDGE ( 'NONE', *, *, #1374, .T. ) ;
#10071 = VECTOR ( 'NONE', #2761, 1000.000000000000000 ) ;
#10072 = EDGE_CURVE ( 'NONE', #5852, #9405, #7999, .T. ) ;
#10073 = DIRECTION ( 'NONE',  ( -0.7071067811865514585, -0.7071067811865435759, 0.000000000000000000 ) ) ;
#10074 = VECTOR ( 'NONE', #4980, 1000.000000000000000 ) ;
#10075 = PLANE ( 'NONE',  #8941 ) ;
#10076 = DIRECTION ( 'NONE',  ( -0.000000000000000000, 1.000000000000000000, -0.000000000000000000 ) ) ;
#10077 = VECTOR ( 'NONE', #7819, 1000.000000000000000 ) ;
#10078 = CARTESIAN_POINT ( 'NONE',  ( 37.65000000000001279, 9.100000000000004974, -10.94999999999999929 ) ) ;
#10079 = DIRECTION ( 'NONE',  ( 0.000000000000000000, -0.000000000000000000, -1.000000000000000000 ) ) ;
#10080 = EDGE_CURVE ( 'NONE', #4067, #1916, #10507, .T. ) ;
#10081 = AXIS2_PLACEMENT_3D ( 'NONE', #4071, #7328, #1028 ) ;
#10082 = DIRECTION ( 'NONE',  ( 0.000000000000000000, 0.000000000000000000, -1.000000000000000000 ) ) ;
#10083 = ORIENTED_EDGE ( 'NONE', *, *, #8325, .T. ) ;
#10084 = VECTOR ( 'NONE', #4965, 1000.000000000000000 ) ;
#10085 = VERTEX_POINT ( 'NONE', #7900 ) ;
#10086 = ORIENTED_EDGE ( 'NONE', *, *, #720, .F. ) ;
#10087 = VERTEX_POINT ( 'NONE', #9602 ) ;
#10088 = LINE ( 'NONE', #591, #9844 ) ;
#10089 = DIRECTION ( 'NONE',  ( 1.000000000000000000, 0.000000000000000000, -0.000000000000000000 ) ) ;
#10090 = VECTOR ( 'NONE', #5672, 1000.000000000000000 ) ;
#10091 = LINE ( 'NONE', #2799, #4934 ) ;
#10092 = VERTEX_POINT ( 'NONE', #3854 ) ;
#10093 = DIRECTION ( 'NONE',  ( 0.000000000000000000, 0.000000000000000000, -1.000000000000000000 ) ) ;
#10094 = FACE_OUTER_BOUND ( 'NONE', #6241, .T. ) ;
#10095 = ORIENTED_EDGE ( 'NONE', *, *, #9507, .T. ) ;
#10096 = PLANE ( 'NONE',  #8494 ) ;
#10097 = ADVANCED_FACE ( 'NONE', ( #3948 ), #9700, .F. ) ;
#10098 = VECTOR ( 'NONE', #7331, 1000.000000000000000 ) ;
#10099 = ORIENTED_EDGE ( 'NONE', *, *, #2789, .T. ) ;
#10100 = AXIS2_PLACEMENT_3D ( 'NONE', #10176, #5320, #9425 ) ;
#10101 = ORIENTED_EDGE ( 'NONE', *, *, #6032, .F. ) ;
#10102 = DIRECTION ( 'NONE',  ( -1.000000000000000000, 0.000000000000000000, -0.000000000000000000 ) ) ;
#10103 = AXIS2_PLACEMENT_3D ( 'NONE', #6188, #2189, #481 ) ;
#10104 = CARTESIAN_POINT ( 'NONE',  ( 21.64999999999999858, -3.399999999999999911, -16.44999999999999574 ) ) ;
#10105 = LINE ( 'NONE', #1251, #5925 ) ;
#10106 = AXIS2_PLACEMENT_3D ( 'NONE', #6157, #7010, #2058 ) ;
#10107 = ADVANCED_FACE ( 'NONE', ( #9549 ), #7199, .F. ) ;
#10108 = CARTESIAN_POINT ( 'NONE',  ( -36.45000000000000284, -0.3999999999999993006, -6.049999999999999822 ) ) ;
#10109 = ADVANCED_FACE ( 'NONE', ( #2349 ), #4787, .T. ) ;
#10110 = VERTEX_POINT ( 'NONE', #5598 ) ;
#10111 = LINE ( 'NONE', #3564, #17 ) ;
#10112 = EDGE_CURVE ( 'NONE', #9405, #130, #741, .T. ) ;
#10113 = VERTEX_POINT ( 'NONE', #10023 ) ;
#10114 = ORIENTED_EDGE ( 'NONE', *, *, #6811, .T. ) ;
#10115 = VECTOR ( 'NONE', #2263, 1000.000000000000000 ) ;
#10116 = DIRECTION ( 'NONE',  ( 0.000000000000000000, 0.000000000000000000, -1.000000000000000000 ) ) ;
#10117 = LINE ( 'NONE', #4413, #3709 ) ;
#10118 = CARTESIAN_POINT ( 'NONE',  ( -10.09999999999999787, -1.700000000000000178, -6.049999999999991829 ) ) ;
#10119 = LINE ( 'NONE', #2771, #6714 ) ;
#10120 = CARTESIAN_POINT ( 'NONE',  ( -26.45000000000000284, 7.000000000000005329, 23.15100000000000691 ) ) ;
#10121 = LINE ( 'NONE', #6870, #8255 ) ;
#10122 = EDGE_CURVE ( 'NONE', #1634, #10058, #2514, .T. ) ;
#10123 = ORIENTED_EDGE ( 'NONE', *, *, #9217, .F. ) ;
#10124 = CARTESIAN_POINT ( 'NONE',  ( 13.85000000000000142, -2.356537443294078216, -11.14999999999999325 ) ) ;
#10125 = VECTOR ( 'NONE', #1688, 1000.000000000000114 ) ;
#10126 = ORIENTED_EDGE ( 'NONE', *, *, #3569, .T. ) ;
#10127 = DIRECTION ( 'NONE',  ( -0.000000000000000000, -1.000000000000000000, 0.000000000000000000 ) ) ;
#10128 = ORIENTED_EDGE ( 'NONE', *, *, #10346, .T. ) ;
#10129 = ADVANCED_FACE ( 'NONE', ( #47 ), #3315, .F. ) ;
#10130 = AXIS2_PLACEMENT_3D ( 'NONE', #413, #5323, #10179 ) ;
#10131 = LINE ( 'NONE', #4426, #6038 ) ;
#10132 = AXIS2_PLACEMENT_3D ( 'NONE', #9528, #1411, #3190 ) ;
#10133 = FACE_OUTER_BOUND ( 'NONE', #8421, .T. ) ;
#10134 = CARTESIAN_POINT ( 'NONE',  ( -19.64999999999999858, -1.800000000000000044, -20.74999999999999645 ) ) ;
#10135 = DIRECTION ( 'NONE',  ( 0.000000000000000000, 0.000000000000000000, -1.000000000000000000 ) ) ;
#10136 = ADVANCED_FACE ( 'NONE', ( #4270 ), #5764, .F. ) ;
#10137 = VECTOR ( 'NONE', #10518, 1000.000000000000000 ) ;
#10138 = CARTESIAN_POINT ( 'NONE',  ( -11.75000000000000000, 9.902000000000001023, -15.94999999999999929 ) ) ;
#10139 = VECTOR ( 'NONE', #5286, 1000.000000000000000 ) ;
#10140 = DIRECTION ( 'NONE',  ( 0.000000000000000000, 0.000000000000000000, -1.000000000000000000 ) ) ;
#10141 = ORIENTED_EDGE ( 'NONE', *, *, #2358, .F. ) ;
#10142 = VECTOR ( 'NONE', #2431, 1000.000000000000000 ) ;
#10143 = ORIENTED_EDGE ( 'NONE', *, *, #8537, .T. ) ;
#10144 = ORIENTED_EDGE ( 'NONE', *, *, #3344, .T. ) ;
#10145 = ORIENTED_EDGE ( 'NONE', *, *, #6924, .F. ) ;
#10146 = AXIS2_PLACEMENT_3D ( 'NONE', #10494, #8734, #9689 ) ;
#10147 = CARTESIAN_POINT ( 'NONE',  ( 21.85000000000000497, 7.500000000000000888, 23.75000000000000711 ) ) ;
#10148 = VECTOR ( 'NONE', #6273, 1000.000000000000000 ) ;
#10149 = CARTESIAN_POINT ( 'NONE',  ( 11.95000000000000639, 1.600000000000000089, 19.25000000000000000 ) ) ;
#10150 = PLANE ( 'NONE',  #1609 ) ;
#10151 = FACE_OUTER_BOUND ( 'NONE', #10034, .T. ) ;
#10152 = EDGE_CURVE ( 'NONE', #2194, #3949, #6718, .T. ) ;
#10153 = CARTESIAN_POINT ( 'NONE',  ( -34.25000000000000000, -1.800000000000000044, -18.14999999999999503 ) ) ;
#10154 = CARTESIAN_POINT ( 'NONE',  ( -39.25000000000000000, -1.799999999999999600, 5.450000000000000178 ) ) ;
#10155 = VERTEX_POINT ( 'NONE', #6772 ) ;
#10156 = CARTESIAN_POINT ( 'NONE',  ( -20.64999999999999858, -3.399999999999999911, -20.24999999999999645 ) ) ;
#10157 = UNCERTAINTY_MEASURE_WITH_UNIT (LENGTH_MEASURE( 1.000000000000000082E-05 ), #4808, 'distance_accuracy_value', 'NONE');
#10158 = ORIENTED_EDGE ( 'NONE', *, *, #5607, .T. ) ;
#10159 = ORIENTED_EDGE ( 'NONE', *, *, #4499, .T. ) ;
#10160 = PLANE ( 'NONE',  #494 ) ;
#10161 = EDGE_CURVE ( 'NONE', #6871, #6133, #1755, .T. ) ;
#10162 = LINE ( 'NONE', #10327, #10216 ) ;
#10163 = EDGE_CURVE ( 'NONE', #1651, #5493, #3372, .T. ) ;
#10164 = CYLINDRICAL_SURFACE ( 'NONE', #7388, 2.649999999999998579 ) ;
#10165 = SURFACE_STYLE_FILL_AREA ( #6158 ) ;
#10166 = CARTESIAN_POINT ( 'NONE',  ( 21.45000000000000284, 1.600000000000000089, 20.75000000000000355 ) ) ;
#10167 = EDGE_LOOP ( 'NONE', ( #6771, #7358, #5409, #3170 ) ) ;
#10168 = DIRECTION ( 'NONE',  ( 1.000000000000000000, 0.000000000000000000, 0.000000000000000000 ) ) ;
#10169 = ORIENTED_EDGE ( 'NONE', *, *, #7616, .T. ) ;
#10170 = ORIENTED_EDGE ( 'NONE', *, *, #7261, .T. ) ;
#10171 = EDGE_CURVE ( 'NONE', #9024, #9616, #8209, .T. ) ;
#10172 = EDGE_CURVE ( 'NONE', #4244, #2055, #2566, .T. ) ;
#10173 = DIRECTION ( 'NONE',  ( 1.000000000000000000, -0.000000000000000000, 0.000000000000000000 ) ) ;
#10174 = EDGE_CURVE ( 'NONE', #1419, #10478, #4907, .T. ) ;
#10175 = AXIS2_PLACEMENT_3D ( 'NONE', #8917, #1612, #5733 ) ;
#10176 = CARTESIAN_POINT ( 'NONE',  ( 37.65000000000001279, 9.902000000000001023, 10.95000000000000284 ) ) ;
#10177 = DIRECTION ( 'NONE',  ( -0.000000000000000000, -0.000000000000000000, -1.000000000000000000 ) ) ;
#10178 = CARTESIAN_POINT ( 'NONE',  ( 3.021350941872542155E-30, 9.100000000000003197, 1.849462726257631029E-15 ) ) ;
#10179 = DIRECTION ( 'NONE',  ( 0.000000000000000000, 0.000000000000000000, 1.000000000000000000 ) ) ;
#10180 = EDGE_LOOP ( 'NONE', ( #3067, #8879, #6862, #751, #6841, #5706 ) ) ;
#10181 = CYLINDRICAL_SURFACE ( 'NONE', #6667, 1.500000000000001332 ) ;
#10182 = ORIENTED_EDGE ( 'NONE', *, *, #9846, .F. ) ;
#10183 = FACE_OUTER_BOUND ( 'NONE', #960, .T. ) ;
#10184 = ORIENTED_EDGE ( 'NONE', *, *, #2246, .T. ) ;
#10185 = EDGE_CURVE ( 'NONE', #7570, #7398, #7931, .T. ) ;
#10186 = EDGE_CURVE ( 'NONE', #6977, #8557, #5067, .T. ) ;
#10187 = LINE ( 'NONE', #2888, #9957 ) ;
#10188 = EDGE_CURVE ( 'NONE', #8731, #1026, #8371, .T. ) ;
#10189 = DIRECTION ( 'NONE',  ( 0.000000000000000000, -0.000000000000000000, 1.000000000000000000 ) ) ;
#10190 = AXIS2_PLACEMENT_3D ( 'NONE', #6586, #9840, #6639 ) ;
#10191 = CARTESIAN_POINT ( 'NONE',  ( 24.85000000000000853, -4.999999999999992006, 23.15000000000000568 ) ) ;
#10192 = DIRECTION ( 'NONE',  ( -1.000000000000000000, 0.000000000000000000, -0.000000000000000000 ) ) ;
#10193 = VERTEX_POINT ( 'NONE', #4219 ) ;
#10194 = PLANE ( 'NONE',  #10103 ) ;
#10195 = VERTEX_POINT ( 'NONE', #6615 ) ;
#10196 = DIRECTION ( 'NONE',  ( 0.000000000000000000, 0.000000000000000000, -1.000000000000000000 ) ) ;
#10197 = VERTEX_POINT ( 'NONE', #6665 ) ;
#10198 = ORIENTED_EDGE ( 'NONE', *, *, #2753, .F. ) ;
#10199 = AXIS2_PLACEMENT_3D ( 'NONE', #7372, #60, #3327 ) ;
#10200 = EDGE_CURVE ( 'NONE', #6678, #5139, #1062, .T. ) ;
#10201 = DIRECTION ( 'NONE',  ( 0.000000000000000000, 0.000000000000000000, -1.000000000000000000 ) ) ;
#10202 = DIRECTION ( 'NONE',  ( 0.000000000000000000, 1.000000000000000000, 0.000000000000000000 ) ) ;
#10203 = FACE_OUTER_BOUND ( 'NONE', #5571, .T. ) ;
#10204 = ORIENTED_EDGE ( 'NONE', *, *, #8232, .T. ) ;
#10205 = CARTESIAN_POINT ( 'NONE',  ( 17.50000000000000355, -1.800000000000000044, -20.74999999999999645 ) ) ;
#10206 = DIRECTION ( 'NONE',  ( 1.000000000000000000, 0.000000000000000000, 0.000000000000000000 ) ) ;
#10207 = VECTOR ( 'NONE', #3607, 1000.000000000000000 ) ;
#10208 = LINE ( 'NONE', #3809, #5190 ) ;
#10209 = EDGE_LOOP ( 'NONE', ( #8467, #8984, #3398, #1591 ) ) ;
#10210 = DIRECTION ( 'NONE',  ( -1.000000000000000000, 3.175912736999268382E-32, -1.802310104910968394E-16 ) ) ;
#10211 = ORIENTED_EDGE ( 'NONE', *, *, #4288, .F. ) ;
#10212 = VERTEX_POINT ( 'NONE', #7523 ) ;
#10213 = EDGE_CURVE ( 'NONE', #3300, #8557, #1649, .T. ) ;
#10214 = CARTESIAN_POINT ( 'NONE',  ( -26.64999999999999858, -0.3999999999999999667, -6.999999999999980460 ) ) ;
#10215 = CIRCLE ( 'NONE', #1681, 0.5999999999999998668 ) ;
#10216 = VECTOR ( 'NONE', #450, 1000.000000000000000 ) ;
#10217 = CARTESIAN_POINT ( 'NONE',  ( -34.25000000000000000, -1.800000000000000044, -18.14999999999999503 ) ) ;
#10218 = FACE_OUTER_BOUND ( 'NONE', #1803, .T. ) ;
#10219 = CARTESIAN_POINT ( 'NONE',  ( -33.85000000000000853, -0.3999999999999999667, 6.049999999999999822 ) ) ;
#10220 = FACE_OUTER_BOUND ( 'NONE', #3272, .T. ) ;
#10221 = ORIENTED_EDGE ( 'NONE', *, *, #8654, .F. ) ;
#10222 = CARTESIAN_POINT ( 'NONE',  ( -26.85000000000000142, 7.000000000000005329, 24.45000000000000639 ) ) ;
#10223 = EDGE_CURVE ( 'NONE', #8078, #6977, #207, .T. ) ;
#10224 = ORIENTED_EDGE ( 'NONE', *, *, #4137, .F. ) ;
#10225 = ORIENTED_EDGE ( 'NONE', *, *, #6573, .F. ) ;
#10226 = LINE ( 'NONE', #6919, #423 ) ;
#10227 = CARTESIAN_POINT ( 'NONE',  ( -33.25000000000000000, -0.3999999999999999667, -5.450000000000001066 ) ) ;
#10228 = CARTESIAN_POINT ( 'NONE',  ( 0.000000000000000000, 0.000000000000000000, 19.75000000000000355 ) ) ;
#10229 = DIRECTION ( 'NONE',  ( -1.000000000000000000, 0.000000000000000000, -0.000000000000000000 ) ) ;
#10230 = DIRECTION ( 'NONE',  ( 0.000000000000000000, 0.7071067811865474617, -0.7071067811865474617 ) ) ;
#10231 = ORIENTED_EDGE ( 'NONE', *, *, #3112, .T. ) ;
#10232 = CARTESIAN_POINT ( 'NONE',  ( 15.00000000000000355, -0.2500000000000000000, -5.249999999999995559 ) ) ;
#10233 = ORIENTED_EDGE ( 'NONE', *, *, #8861, .F. ) ;
#10234 = CARTESIAN_POINT ( 'NONE',  ( 39.25000000000000000, 7.500000000000000000, 22.14999999999999858 ) ) ;
#10235 = ORIENTED_EDGE ( 'NONE', *, *, #1962, .F. ) ;
#10236 = EDGE_CURVE ( 'NONE', #9244, #2188, #2146, .T. ) ;
#10237 = CARTESIAN_POINT ( 'NONE',  ( 35.75000000000000000, 7.500000000000007105, -20.25000000000000711 ) ) ;
#10238 = DIRECTION ( 'NONE',  ( -0.000000000000000000, -0.000000000000000000, 1.000000000000000000 ) ) ;
#10239 = DIRECTION ( 'NONE',  ( 0.000000000000000000, -1.000000000000000000, 0.000000000000000000 ) ) ;
#10240 = DIRECTION ( 'NONE',  ( 0.000000000000000000, 0.000000000000000000, -1.000000000000000000 ) ) ;
#10241 = ORIENTED_EDGE ( 'NONE', *, *, #6861, .F. ) ;
#10242 = LINE ( 'NONE', #2788, #4656 ) ;
#10243 = VECTOR ( 'NONE', #2832, 1000.000000000000000 ) ;
#10244 = ADVANCED_FACE ( 'NONE', ( #8960 ), #3532, .T. ) ;
#10245 = VERTEX_POINT ( 'NONE', #9919 ) ;
#10246 = EDGE_CURVE ( 'NONE', #10333, #5857, #7682, .T. ) ;
#10247 = DIRECTION ( 'NONE',  ( 0.000000000000000000, -1.000000000000000000, 0.000000000000000000 ) ) ;
#10248 = EDGE_LOOP ( 'NONE', ( #5810, #6896, #2487, #2551 ) ) ;
#10249 = EDGE_CURVE ( 'NONE', #3469, #4003, #3629, .T. ) ;
#10250 = ORIENTED_EDGE ( 'NONE', *, *, #7455, .T. ) ;
#10251 = CIRCLE ( 'NONE', #705, 1.500000000000001332 ) ;
#10252 = DIRECTION ( 'NONE',  ( 1.000000000000000000, -0.000000000000000000, 0.000000000000000000 ) ) ;
#10253 = CARTESIAN_POINT ( 'NONE',  ( -37.05000000000000426, -0.3999999999999993006, 6.049999999999999822 ) ) ;
#10254 = DIRECTION ( 'NONE',  ( 0.000000000000000000, 0.000000000000000000, -1.000000000000000000 ) ) ;
#10255 = VERTEX_POINT ( 'NONE', #1976 ) ;
#10256 = FACE_OUTER_BOUND ( 'NONE', #74, .T. ) ;
#10257 = DIRECTION ( 'NONE',  ( 0.000000000000000000, -0.7071067811865475727, 0.7071067811865475727 ) ) ;
#10258 = EDGE_CURVE ( 'NONE', #7444, #10212, #1917, .T. ) ;
#10259 = AXIS2_PLACEMENT_3D ( 'NONE', #57, #1707, #4226 ) ;
#10260 = DIRECTION ( 'NONE',  ( 0.000000000000000000, 0.000000000000000000, 1.000000000000000000 ) ) ;
#10261 = VERTEX_POINT ( 'NONE', #4473 ) ;
#10262 = DIRECTION ( 'NONE',  ( 0.000000000000000000, 0.000000000000000000, 1.000000000000000000 ) ) ;
#10263 = VERTEX_POINT ( 'NONE', #312 ) ;
#10264 = ORIENTED_EDGE ( 'NONE', *, *, #7433, .F. ) ;
#10265 = CARTESIAN_POINT ( 'NONE',  ( 32.95000000000000995, 9.899999999999998579, -3.866025403784434822 ) ) ;
#10266 = DIRECTION ( 'NONE',  ( 0.000000000000000000, 1.000000000000000000, -0.000000000000000000 ) ) ;
#10267 = PLANE ( 'NONE',  #10106 ) ;
#10268 = CARTESIAN_POINT ( 'NONE',  ( 33.35000000000000142, 1.599999999999999867, 4.096965511460287424 ) ) ;
#10269 = VECTOR ( 'NONE', #1678, 1000.000000000000000 ) ;
#10270 = DIRECTION ( 'NONE',  ( 0.000000000000000000, 0.000000000000000000, -1.000000000000000000 ) ) ;
#10271 = ADVANCED_FACE ( 'NONE', ( #1164 ), #2126, .T. ) ;
#10272 = ORIENTED_EDGE ( 'NONE', *, *, #1257, .F. ) ;
#10273 = VECTOR ( 'NONE', #1294, 1000.000000000000000 ) ;
#10274 = DIRECTION ( 'NONE',  ( -2.596653838999757503E-16, -1.000000000000000000, 0.000000000000000000 ) ) ;
#10275 = ORIENTED_EDGE ( 'NONE', *, *, #3279, .F. ) ;
#10276 = ORIENTED_EDGE ( 'NONE', *, *, #3090, .T. ) ;
#10277 = CIRCLE ( 'NONE', #1752, 2.500000000000002220 ) ;
#10278 = CIRCLE ( 'NONE', #8903, 1.249999999999997558 ) ;
#10279 = AXIS2_PLACEMENT_3D ( 'NONE', #9862, #9809, #8417 ) ;
#10280 = CARTESIAN_POINT ( 'NONE',  ( -35.25000000000000000, -1.800000000000000044, -19.14999999999999858 ) ) ;
#10281 = EDGE_CURVE ( 'NONE', #4434, #8116, #3520, .T. ) ;
#10282 = LINE ( 'NONE', #8472, #9762 ) ;
#10283 = LINE ( 'NONE', #1106, #8422 ) ;
#10284 = LINE ( 'NONE', #2986, #8106 ) ;
#10285 = DIRECTION ( 'NONE',  ( 1.000000000000000000, 0.000000000000000000, 0.000000000000000000 ) ) ;
#10286 = ADVANCED_FACE ( 'NONE', ( #5279 ), #3733, .F. ) ;
#10287 = ORIENTED_EDGE ( 'NONE', *, *, #2494, .T. ) ;
#10288 = DIRECTION ( 'NONE',  ( 0.000000000000000000, 0.000000000000000000, -1.000000000000000000 ) ) ;
#10289 = ORIENTED_EDGE ( 'NONE', *, *, #155, .F. ) ;
#10290 = DIRECTION ( 'NONE',  ( 1.000000000000000000, -1.445602896647339656E-16, 0.000000000000000000 ) ) ;
#10291 = VERTEX_POINT ( 'NONE', #5385 ) ;
#10292 = VECTOR ( 'NONE', #8030, 1000.000000000000000 ) ;
#10293 = DIRECTION ( 'NONE',  ( 1.000000000000000000, 0.000000000000000000, 0.000000000000000000 ) ) ;
#10294 = EDGE_CURVE ( 'NONE', #5044, #5305, #2834, .T. ) ;
#10295 = CARTESIAN_POINT ( 'NONE',  ( 24.85000000000000853, -4.999999999999992006, 24.45000000000000639 ) ) ;
#10296 = LINE ( 'NONE', #9332, #5673 ) ;
#10297 = EDGE_CURVE ( 'NONE', #9909, #2237, #10069, .T. ) ;
#10298 = VECTOR ( 'NONE', #892, 1000.000000000000000 ) ;
#10299 = CARTESIAN_POINT ( 'NONE',  ( 37.15000000000001279, 8.500000000000000000, 19.80000000000000071 ) ) ;
#10300 = VERTEX_POINT ( 'NONE', #6980 ) ;
#10301 = CARTESIAN_POINT ( 'NONE',  ( -23.85000000000000142, -4.999999999999999112, 23.15100000000000691 ) ) ;
#10302 = VERTEX_POINT ( 'NONE', #7633 ) ;
#10303 = CARTESIAN_POINT ( 'NONE',  ( 17.50000000000000355, 6.200000000000000178, -20.74999999999999645 ) ) ;
#10304 = VECTOR ( 'NONE', #2830, 1000.000000000000000 ) ;
#10305 = ORIENTED_EDGE ( 'NONE', *, *, #1764, .T. ) ;
#10306 = EDGE_LOOP ( 'NONE', ( #3563, #4333, #4783, #5291 ) ) ;
#10307 = VECTOR ( 'NONE', #826, 1000.000000000000000 ) ;
#10308 = CARTESIAN_POINT ( 'NONE',  ( 3.021350941872542155E-30, 9.100000000000003197, 1.849462726257631029E-15 ) ) ;
#10309 = EDGE_CURVE ( 'NONE', #3902, #7311, #8277, .T. ) ;
#10310 = EDGE_CURVE ( 'NONE', #4068, #5303, #3782, .T. ) ;
#10311 = CARTESIAN_POINT ( 'NONE',  ( -25.25000000000000711, -1.800000000000000044, 10.50000000000000355 ) ) ;
#10312 = VECTOR ( 'NONE', #5772, 1000.000000000000000 ) ;
#10313 = DIRECTION ( 'NONE',  ( -1.000000000000000000, 3.175912736999268382E-32, -1.802310104910968394E-16 ) ) ;
#10314 = DIRECTION ( 'NONE',  ( 0.000000000000000000, -1.000000000000000000, 0.000000000000000000 ) ) ;
#10315 = CARTESIAN_POINT ( 'NONE',  ( 27.95000000000000639, -0.7000000000000000666, 12.92992172241327786 ) ) ;
#10316 = AXIS2_PLACEMENT_3D ( 'NONE', #9504, #9452, #9397 ) ;
#10317 = AXIS2_PLACEMENT_3D ( 'NONE', #9223, #5820, #7474 ) ;
#10318 = LINE ( 'NONE', #10154, #587 ) ;
#10319 = ORIENTED_EDGE ( 'NONE', *, *, #9148, .F. ) ;
#10320 = CARTESIAN_POINT ( 'NONE',  ( 32.95000000000000995, 6.200000000000000178, 19.25000000000000000 ) ) ;
#10321 = VECTOR ( 'NONE', #5481, 1000.000000000000000 ) ;
#10322 = EDGE_LOOP ( 'NONE', ( #1177, #4945, #9378, #139 ) ) ;
#10323 = ORIENTED_EDGE ( 'NONE', *, *, #3176, .T. ) ;
#10324 = CARTESIAN_POINT ( 'NONE',  ( 34.75000000000000000, -9.000000000000007105, 19.24999999999999645 ) ) ;
#10325 = VECTOR ( 'NONE', #2133, 1000.000000000000000 ) ;
#10326 = ADVANCED_FACE ( 'NONE', ( #7028 ), #5170, .T. ) ;
#10327 = CARTESIAN_POINT ( 'NONE',  ( 37.65000000000000568, 9.100000000000004974, -11.95000000000000107 ) ) ;
#10328 = ADVANCED_FACE ( 'NONE', ( #10183 ), #2075, .T. ) ;
#10329 = CARTESIAN_POINT ( 'NONE',  ( 5.950000000000004619, 3.600000000000000977, 17.44999999999999929 ) ) ;
#10330 = CARTESIAN_POINT ( 'NONE',  ( -0.5000000000000004441, -1.800000000000000044, -21.94999999999999574 ) ) ;
#10331 = VECTOR ( 'NONE', #7507, 1000.000000000000000 ) ;
#10332 = CARTESIAN_POINT ( 'NONE',  ( 12.84999999999999964, 0.5000000000000000000, -5.049999999999995381 ) ) ;
#10333 = VERTEX_POINT ( 'NONE', #8580 ) ;
#10334 = CARTESIAN_POINT ( 'NONE',  ( 0.5500000000000001554, 5.049999999999998046, -16.84999999999999787 ) ) ;
#10335 = ORIENTED_EDGE ( 'NONE', *, *, #4477, .F. ) ;
#10336 = ADVANCED_FACE ( 'NONE', ( #1322 ), #1269, .F. ) ;
#10337 = CARTESIAN_POINT ( 'NONE',  ( 32.95000000000001705, 58.13995493237317191, 19.80000000000000071 ) ) ;
#10338 = DIRECTION ( 'NONE',  ( 1.000000000000000000, 0.000000000000000000, 0.000000000000000000 ) ) ;
#10339 = DIRECTION ( 'NONE',  ( 0.000000000000000000, 0.000000000000000000, 1.000000000000000000 ) ) ;
#10340 = LINE ( 'NONE', #7236, #5043 ) ;
#10341 = ORIENTED_EDGE ( 'NONE', *, *, #10544, .T. ) ;
#10342 = DIRECTION ( 'NONE',  ( -6.195440985631457289E-16, -1.000000000000000000, 0.000000000000000000 ) ) ;
#10343 = ORIENTED_EDGE ( 'NONE', *, *, #1487, .T. ) ;
#10344 = CARTESIAN_POINT ( 'NONE',  ( 32.95000000000000995, 4.099999999999997868, 19.25000000000000355 ) ) ;
#10345 = ORIENTED_EDGE ( 'NONE', *, *, #6668, .T. ) ;
#10346 = EDGE_CURVE ( 'NONE', #6656, #2590, #9218, .T. ) ;
#10347 = CARTESIAN_POINT ( 'NONE',  ( -24.94999999999999929, 5.000000000000000000, -17.44999999999999929 ) ) ;
#10348 = CARTESIAN_POINT ( 'NONE',  ( 39.25000000000000000, 8.500000000000000000, -20.34999999999999787 ) ) ;
#10349 = CARTESIAN_POINT ( 'NONE',  ( -29.55000000000000782, -0.3999999999999999667, 7.000000000000000888 ) ) ;
#10350 = CARTESIAN_POINT ( 'NONE',  ( 15.85000000000000320, -0.2499999999999998890, -3.949999999999995293 ) ) ;
#10351 = EDGE_LOOP ( 'NONE', ( #5699, #9884, #7099, #8822 ) ) ;
#10352 = DIRECTION ( 'NONE',  ( 0.000000000000000000, -1.000000000000000000, -0.000000000000000000 ) ) ;
#10353 = ORIENTED_EDGE ( 'NONE', *, *, #5047, .T. ) ;
#10354 = LINE ( 'NONE', #797, #9118 ) ;
#10355 = VERTEX_POINT ( 'NONE', #10234 ) ;
#10356 = ORIENTED_EDGE ( 'NONE', *, *, #1639, .F. ) ;
#10357 = CARTESIAN_POINT ( 'NONE',  ( -20.85000000000000142, 0.000000000000000000, 20.75000000000000355 ) ) ;
#10358 = CARTESIAN_POINT ( 'NONE',  ( 11.95000000000000639, 1.600000000000000089, -19.25000000000000000 ) ) ;
#10359 = CARTESIAN_POINT ( 'NONE',  ( -26.94999999999999929, 7.500000000000000888, 23.75000000000000355 ) ) ;
#10360 = FACE_OUTER_BOUND ( 'NONE', #5933, .T. ) ;
#10361 = CARTESIAN_POINT ( 'NONE',  ( 37.65000000000000568, 7.500000000000000000, 22.14999999999999858 ) ) ;
#10362 = FACE_OUTER_BOUND ( 'NONE', #6432, .T. ) ;
#10363 = VECTOR ( 'NONE', #874, 1000.000000000000000 ) ;
#10364 = VERTEX_POINT ( 'NONE', #6821 ) ;
#10365 = DIRECTION ( 'NONE',  ( 0.7071067811865474617, 0.000000000000000000, -0.7071067811865474617 ) ) ;
#10366 = ORIENTED_EDGE ( 'NONE', *, *, #8688, .F. ) ;
#10367 = EDGE_CURVE ( 'NONE', #6871, #9868, #2779, .T. ) ;
#10368 = ORIENTED_EDGE ( 'NONE', *, *, #5125, .F. ) ;
#10369 = PLANE ( 'NONE',  #5097 ) ;
#10370 = VECTOR ( 'NONE', #8663, 1000.000000000000000 ) ;
#10371 = DIRECTION ( 'NONE',  ( 6.672013369141570147E-16, -0.000000000000000000, 1.000000000000000000 ) ) ;
#10372 = DIRECTION ( 'NONE',  ( -1.000000000000000000, 0.000000000000000000, 0.000000000000000000 ) ) ;
#10373 = CARTESIAN_POINT ( 'NONE',  ( 34.75000000000000000, 4.099999999999998757, 16.75000000000000000 ) ) ;
#10374 = VERTEX_POINT ( 'NONE', #3889 ) ;
#10375 = DIRECTION ( 'NONE',  ( -0.000000000000000000, -1.000000000000000000, -0.000000000000000000 ) ) ;
#10376 = EDGE_CURVE ( 'NONE', #4055, #549, #8685, .T. ) ;
#10377 = EDGE_CURVE ( 'NONE', #6746, #3174, #4628, .T. ) ;
#10378 = AXIS2_PLACEMENT_3D ( 'NONE', #5986, #4338, #1936 ) ;
#10379 = EDGE_CURVE ( 'NONE', #4935, #8141, #7087, .T. ) ;
#10380 = ORIENTED_EDGE ( 'NONE', *, *, #3357, .F. ) ;
#10381 = CARTESIAN_POINT ( 'NONE',  ( 34.75000000000000000, -9.000000000000001776, -14.25000000000000000 ) ) ;
#10382 = CARTESIAN_POINT ( 'NONE',  ( 35.75000000000000000, 7.500000000000004441, 3.460769515458663736 ) ) ;
#10383 = LINE ( 'NONE', #2332, #4425 ) ;
#10384 = AXIS2_PLACEMENT_3D ( 'NONE', #5296, #3805, #8549 ) ;
#10385 = AXIS2_PLACEMENT_3D ( 'NONE', #9793, #135, #85 ) ;
#10386 = CARTESIAN_POINT ( 'NONE',  ( 39.25001199999999812, 7.500000000000000000, 20.25000000000000711 ) ) ;
#10387 = ORIENTED_EDGE ( 'NONE', *, *, #736, .F. ) ;
#10388 = LINE ( 'NONE', #4726, #1206 ) ;
#10389 = ORIENTED_EDGE ( 'NONE', *, *, #6160, .F. ) ;
#10390 = ADVANCED_FACE ( 'NONE', ( #7294 ), #3092, .F. ) ;
#10391 = DIRECTION ( 'NONE',  ( -0.000000000000000000, 1.000000000000000000, -0.000000000000000000 ) ) ;
#10392 = EDGE_LOOP ( 'NONE', ( #5797, #5886, #1235, #6187 ) ) ;
#10393 = CARTESIAN_POINT ( 'NONE',  ( -26.64999999999999858, -0.3999999999999999667, 6.999999999999978684 ) ) ;
#10394 = CARTESIAN_POINT ( 'NONE',  ( -18.50000000000000355, 7.762049935181331684, -21.94999999999999574 ) ) ;
#10395 = CARTESIAN_POINT ( 'NONE',  ( -26.75000000000000000, 3.600000000000004530, 17.44999999999999929 ) ) ;
#10396 = CARTESIAN_POINT ( 'NONE',  ( -21.25000000000000000, 7.000000000000006217, 23.35100000000000264 ) ) ;
#10397 = ORIENTED_EDGE ( 'NONE', *, *, #949, .T. ) ;
#10398 = PLANE ( 'NONE',  #2272 ) ;
#10399 = ORIENTED_EDGE ( 'NONE', *, *, #8537, .F. ) ;
#10400 = ADVANCED_FACE ( 'NONE', ( #3142 ), #7883, .F. ) ;
#10401 = LINE ( 'NONE', #1432, #5386 ) ;
#10402 = VERTEX_POINT ( 'NONE', #2281 ) ;
#10403 = ORIENTED_EDGE ( 'NONE', *, *, #5261, .T. ) ;
#10404 = DIRECTION ( 'NONE',  ( -0.000000000000000000, -0.000000000000000000, 1.000000000000000000 ) ) ;
#10405 = CARTESIAN_POINT ( 'NONE',  ( -34.25000000000000000, -1.800000000000000044, 12.49999999999999289 ) ) ;
#10406 = FACE_OUTER_BOUND ( 'NONE', #9185, .T. ) ;
#10407 = EDGE_CURVE ( 'NONE', #10355, #8386, #8038, .T. ) ;
#10408 = DIRECTION ( 'NONE',  ( -0.000000000000000000, -1.000000000000000000, -0.000000000000000000 ) ) ;
#10409 = DIRECTION ( 'NONE',  ( 0.000000000000000000, 0.000000000000000000, 1.000000000000000000 ) ) ;
#10410 = ORIENTED_EDGE ( 'NONE', *, *, #8481, .T. ) ;
#10411 = CYLINDRICAL_SURFACE ( 'NONE', #146, 2.500000000000002220 ) ;
#10412 = VERTEX_POINT ( 'NONE', #1523 ) ;
#10413 = CIRCLE ( 'NONE', #9220, 0.5999999999999998668 ) ;
#10414 = VERTEX_POINT ( 'NONE', #2992 ) ;
#10415 = CARTESIAN_POINT ( 'NONE',  ( -11.75000000000000000, -0.9000000000000050182, -10.34999999999999076 ) ) ;
#10416 = DIRECTION ( 'NONE',  ( 1.000000000000000000, -0.000000000000000000, 0.000000000000000000 ) ) ;
#10417 = LINE ( 'NONE', #7275, #8470 ) ;
#10418 = AXIS2_PLACEMENT_3D ( 'NONE', #8655, #2957, #3651 ) ;
#10419 = LINE ( 'NONE', #9469, #4159 ) ;
#10420 = EDGE_CURVE ( 'NONE', #9431, #7874, #7241, .T. ) ;
#10421 = CARTESIAN_POINT ( 'NONE',  ( -33.25000000000000000, 6.200000000000001066, 23.75000000000000000 ) ) ;
#10422 = VERTEX_POINT ( 'NONE', #6381 ) ;
#10423 = ORIENTED_EDGE ( 'NONE', *, *, #8805, .F. ) ;
#10424 = CARTESIAN_POINT ( 'NONE',  ( 34.45000000000000995, 4.049999999999999822, -1.100000000000000089 ) ) ;
#10425 = ORIENTED_EDGE ( 'NONE', *, *, #7368, .F. ) ;
#10426 = VERTEX_POINT ( 'NONE', #10344 ) ;
#10427 = DIRECTION ( 'NONE',  ( 0.000000000000000000, 0.000000000000000000, -1.000000000000000000 ) ) ;
#10428 = ADVANCED_FACE ( 'NONE', ( #7988 ), #572, .T. ) ;
#10429 = EDGE_CURVE ( 'NONE', #6642, #1319, #7134, .T. ) ;
#10430 = FACE_OUTER_BOUND ( 'NONE', #7306, .T. ) ;
#10431 = LINE ( 'NONE', #3931, #7497 ) ;
#10432 = VECTOR ( 'NONE', #9055, 1000.000000000000000 ) ;
#10433 = DIRECTION ( 'NONE',  ( 0.000000000000000000, 0.000000000000000000, 1.000000000000000000 ) ) ;
#10434 = ORIENTED_EDGE ( 'NONE', *, *, #155, .T. ) ;
#10435 = CARTESIAN_POINT ( 'NONE',  ( 37.65000000000001279, 7.500000000000004441, 0.3500000000000013656 ) ) ;
#10436 = ORIENTED_EDGE ( 'NONE', *, *, #6982, .T. ) ;
#10437 = CARTESIAN_POINT ( 'NONE',  ( 39.25001199999999812, 7.500000000000000000, 22.14999999999999858 ) ) ;
#10438 = VERTEX_POINT ( 'NONE', #783 ) ;
#10439 = AXIS2_PLACEMENT_3D ( 'NONE', #4537, #527, #3788 ) ;
#10440 = AXIS2_PLACEMENT_3D ( 'NONE', #8306, #6595, #3404 ) ;
#10441 = VECTOR ( 'NONE', #8678, 1000.000000000000000 ) ;
#10442 = CARTESIAN_POINT ( 'NONE',  ( 35.35000000000000142, 7.500000000000004441, 0.3500000000000004774 ) ) ;
#10443 = EDGE_CURVE ( 'NONE', #585, #6268, #3839, .T. ) ;
#10444 = FACE_OUTER_BOUND ( 'NONE', #2473, .T. ) ;
#10445 = LINE ( 'NONE', #4735, #408 ) ;
#10446 = CARTESIAN_POINT ( 'NONE',  ( -26.75000000000000000, 1.600000000000000977, 17.44999999999999929 ) ) ;
#10447 = VERTEX_POINT ( 'NONE', #6232 ) ;
#10448 = AXIS2_PLACEMENT_3D ( 'NONE', #3191, #5474, #1412 ) ;
#10449 = LINE ( 'NONE', #7096, #53 ) ;
#10450 = ORIENTED_EDGE ( 'NONE', *, *, #10564, .F. ) ;
#10451 = DIRECTION ( 'NONE',  ( 0.000000000000000000, 0.000000000000000000, -1.000000000000000000 ) ) ;
#10452 = ORIENTED_EDGE ( 'NONE', *, *, #9424, .F. ) ;
#10453 = VERTEX_POINT ( 'NONE', #2338 ) ;
#10454 = AXIS2_PLACEMENT_3D ( 'NONE', #1807, #3525, #844 ) ;
#10455 = LINE ( 'NONE', #5555, #5272 ) ;
#10456 = EDGE_CURVE ( 'NONE', #6243, #6444, #3043, .T. ) ;
#10457 = LINE ( 'NONE', #1594, #3516 ) ;
#10458 = DIRECTION ( 'NONE',  ( 1.000000000000000000, 0.000000000000000000, 0.000000000000000000 ) ) ;
#10459 = CARTESIAN_POINT ( 'NONE',  ( -37.85000000000000853, -1.799999999999999600, 10.00000000000000000 ) ) ;
#10460 = DIRECTION ( 'NONE',  ( -1.000000000000000000, 0.000000000000000000, 0.000000000000000000 ) ) ;
#10461 = ORIENTED_EDGE ( 'NONE', *, *, #5577, .T. ) ;
#10462 = CARTESIAN_POINT ( 'NONE',  ( 17.08361574849013564, -1.441027041105224171, -61.94928997712344199 ) ) ;
#10463 = VECTOR ( 'NONE', #7842, 1000.000000000000000 ) ;
#10464 = VERTEX_POINT ( 'NONE', #5585 ) ;
#10465 = VERTEX_POINT ( 'NONE', #9539 ) ;
#10466 = EDGE_CURVE ( 'NONE', #9958, #5629, #5638, .T. ) ;
#10467 = ORIENTED_EDGE ( 'NONE', *, *, #1421, .T. ) ;
#10468 = AXIS2_PLACEMENT_3D ( 'NONE', #2802, #4653, #1393 ) ;
#10469 = DIRECTION ( 'NONE',  ( 0.000000000000000000, 0.000000000000000000, -1.000000000000000000 ) ) ;
#10470 = EDGE_CURVE ( 'NONE', #4670, #6820, #6059, .T. ) ;
#10471 = DIRECTION ( 'NONE',  ( 0.7071067811865435759, -0.7071067811865515695, 0.000000000000000000 ) ) ;
#10472 = AXIS2_PLACEMENT_3D ( 'NONE', #2981, #9633, #1461 ) ;
#10473 = PLANE ( 'NONE',  #9222 ) ;
#10474 = DIRECTION ( 'NONE',  ( -0.000000000000000000, 1.000000000000000000, -0.000000000000000000 ) ) ;
#10475 = LINE ( 'NONE', #9985, #902 ) ;
#10476 = EDGE_LOOP ( 'NONE', ( #7852, #1358, #3504, #1217 ) ) ;
#10477 = VECTOR ( 'NONE', #6886, 1000.000000000000000 ) ;
#10478 = VERTEX_POINT ( 'NONE', #1573 ) ;
#10479 = CARTESIAN_POINT ( 'NONE',  ( 34.75000000000000000, 0.000000000000000000, 0.000000000000000000 ) ) ;
#10480 = VECTOR ( 'NONE', #2829, 1000.000000000000000 ) ;
#10481 = ORIENTED_EDGE ( 'NONE', *, *, #5358, .F. ) ;
#10482 = AXIS2_PLACEMENT_3D ( 'NONE', #10562, #6453, #5717 ) ;
#10483 = EDGE_LOOP ( 'NONE', ( #8157, #1330, #8832, #8972, #1522, #3866, #6952, #5053, #1750, #9936, #8118, #4751, #7989, #8348, #2618, #10559 ) ) ;
#10484 = ADVANCED_FACE ( 'NONE', ( #627 ), #5534, .T. ) ;
#10485 = VECTOR ( 'NONE', #6077, 1000.000000000000000 ) ;
#10486 = CARTESIAN_POINT ( 'NONE',  ( 11.95000000000000639, 1.600000000000000089, 17.44999999999999929 ) ) ;
#10487 = VECTOR ( 'NONE', #6430, 1000.000000000000000 ) ;
#10488 = CARTESIAN_POINT ( 'NONE',  ( -0.5000000000000004441, 7.762049935181331684, -21.94999999999999574 ) ) ;
#10489 = LINE ( 'NONE', #7081, #670 ) ;
#10490 = LINE ( 'NONE', #5429, #1801 ) ;
#10491 = ORIENTED_EDGE ( 'NONE', *, *, #3249, .T. ) ;
#10492 = LINE ( 'NONE', #3041, #4778 ) ;
#10493 = ORIENTED_EDGE ( 'NONE', *, *, #2116, .T. ) ;
#10494 = CARTESIAN_POINT ( 'NONE',  ( 34.75000000000000000, -9.000000000000001776, -14.25000000000000000 ) ) ;
#10495 = EDGE_LOOP ( 'NONE', ( #9666, #2097, #8659, #3903, #7683 ) ) ;
#10496 = ADVANCED_FACE ( 'NONE', ( #675 ), #3937, .F. ) ;
#10497 = EDGE_CURVE ( 'NONE', #10195, #3056, #8309, .T. ) ;
#10498 = EDGE_CURVE ( 'NONE', #10085, #1841, #5856, .T. ) ;
#10499 = EDGE_CURVE ( 'NONE', #6628, #10245, #8993, .T. ) ;
#10500 = CARTESIAN_POINT ( 'NONE',  ( 34.45000000000000995, 1.600000000000000755, -2.769059892324147842 ) ) ;
#10501 = CARTESIAN_POINT ( 'NONE',  ( 38.15000000000001279, 58.13995493237317191, 18.80000000000000071 ) ) ;
#10502 = DIRECTION ( 'NONE',  ( 0.000000000000000000, 0.000000000000000000, -1.000000000000000000 ) ) ;
#10503 = DIRECTION ( 'NONE',  ( 1.000000000000000000, 0.000000000000000000, -0.000000000000000000 ) ) ;
#10504 = VERTEX_POINT ( 'NONE', #889 ) ;
#10505 = CYLINDRICAL_SURFACE ( 'NONE', #8403, 0.4000000000000010214 ) ;
#10506 = ORIENTED_EDGE ( 'NONE', *, *, #93, .T. ) ;
#10507 = LINE ( 'NONE', #4640, #5897 ) ;
#10508 = ORIENTED_EDGE ( 'NONE', *, *, #6488, .T. ) ;
#10509 = EDGE_CURVE ( 'NONE', #1574, #6133, #1797, .T. ) ;
#10510 = ADVANCED_FACE ( 'NONE', ( #8140 ), #836, .F. ) ;
#10511 = ORIENTED_EDGE ( 'NONE', *, *, #10310, .T. ) ;
#10512 = EDGE_CURVE ( 'NONE', #8897, #4067, #1123, .T. ) ;
#10513 = DIRECTION ( 'NONE',  ( 1.000000000000000000, 0.000000000000000000, 0.000000000000000000 ) ) ;
#10514 = LINE ( 'NONE', #7423, #600 ) ;
#10515 = CARTESIAN_POINT ( 'NONE',  ( -26.25000000000001421, -1.800000000000000044, -11.49999999999999289 ) ) ;
#10516 = AXIS2_PLACEMENT_3D ( 'NONE', #6014, #9518, #8471 ) ;
#10517 = PLANE ( 'NONE',  #2934 ) ;
#10518 = DIRECTION ( 'NONE',  ( 1.000000000000000000, 0.000000000000000000, 0.000000000000000000 ) ) ;
#10519 = ORIENTED_EDGE ( 'NONE', *, *, #4513, .F. ) ;
#10520 = CARTESIAN_POINT ( 'NONE',  ( 15.00000000000000355, -0.2500000000000000000, -16.84999999999999787 ) ) ;
#10521 = EDGE_CURVE ( 'NONE', #4163, #1497, #9814, .T. ) ;
#10522 = ORIENTED_EDGE ( 'NONE', *, *, #331, .F. ) ;
#10523 = VERTEX_POINT ( 'NONE', #9906 ) ;
#10524 = ORIENTED_EDGE ( 'NONE', *, *, #9026, .T. ) ;
#10525 = CARTESIAN_POINT ( 'NONE',  ( -30.95000000000000995, -0.3999999999999993006, -1.649999999999999023 ) ) ;
#10526 = FACE_OUTER_BOUND ( 'NONE', #10543, .T. ) ;
#10527 = CARTESIAN_POINT ( 'NONE',  ( 11.95000000000000639, 5.000000000000000000, 19.25000000000000000 ) ) ;
#10528 = CARTESIAN_POINT ( 'NONE',  ( -35.25000000000000000, -0.7000000000000000666, 23.75000000000000711 ) ) ;
#10529 = CIRCLE ( 'NONE', #7646, 0.4000000000000010214 ) ;
#10530 = DIRECTION ( 'NONE',  ( 0.000000000000000000, 0.000000000000000000, 1.000000000000000000 ) ) ;
#10531 = VERTEX_POINT ( 'NONE', #1683 ) ;
#10532 = ORIENTED_EDGE ( 'NONE', *, *, #8975, .T. ) ;
#10533 = EDGE_CURVE ( 'NONE', #9626, #414, #997, .T. ) ;
#10534 = VERTEX_POINT ( 'NONE', #2440 ) ;
#10535 = ORIENTED_EDGE ( 'NONE', *, *, #6644, .F. ) ;
#10536 = AXIS2_PLACEMENT_3D ( 'NONE', #3435, #1879, #9931 ) ;
#10537 = CARTESIAN_POINT ( 'NONE',  ( -20.85000000000000142, 6.200000000000001066, 21.15000000000000568 ) ) ;
#10538 = CARTESIAN_POINT ( 'NONE',  ( 35.75000000000000000, 7.500000000000001776, 12.80000000000000249 ) ) ;
#10539 = DIRECTION ( 'NONE',  ( 0.000000000000000000, 0.000000000000000000, -1.000000000000000000 ) ) ;
#10540 = DIRECTION ( 'NONE',  ( 1.000000000000000000, -6.195440985631457289E-16, 0.000000000000000000 ) ) ;
#10541 = ORIENTED_EDGE ( 'NONE', *, *, #4827, .T. ) ;
#10542 = DIRECTION ( 'NONE',  ( 1.000000000000000000, -1.101142831430592166E-16, 0.000000000000000000 ) ) ;
#10543 = EDGE_LOOP ( 'NONE', ( #4258, #2168, #10287, #510 ) ) ;
#10544 = EDGE_CURVE ( 'NONE', #73, #10255, #10545, .T. ) ;
#10545 = LINE ( 'NONE', #91, #7088 ) ;
#10546 = EDGE_LOOP ( 'NONE', ( #4419, #10541, #9463, #3602, #2085 ) ) ;
#10547 = CARTESIAN_POINT ( 'NONE',  ( 0.000000000000000000, 0.000000000000000000, -3.949999999999995293 ) ) ;
#10548 = STYLED_ITEM ( 'NONE', ( #2709 ), #1636 ) ;
#10549 = VERTEX_POINT ( 'NONE', #5750 ) ;
#10550 = CARTESIAN_POINT ( 'NONE',  ( 5.950000000000005507, 5.000000000000000000, -17.44999999999999929 ) ) ;
#10551 = DIRECTION ( 'NONE',  ( 0.8660254037844378194, 0.000000000000000000, 0.5000000000000015543 ) ) ;
#10552 = LINE ( 'NONE', #5702, #1259 ) ;
#10553 = DIRECTION ( 'NONE',  ( 1.000000000000000000, -0.000000000000000000, 0.000000000000000000 ) ) ;
#10554 = DIRECTION ( 'NONE',  ( -0.000000000000000000, -0.7071067811865474617, -0.7071067811865474617 ) ) ;
#10555 = ORIENTED_EDGE ( 'NONE', *, *, #6019, .T. ) ;
#10556 = DIRECTION ( 'NONE',  ( 0.000000000000000000, 1.000000000000000000, 0.000000000000000000 ) ) ;
#10557 = EDGE_LOOP ( 'NONE', ( #10264, #1511, #9585, #7679 ) ) ;
#10558 = CARTESIAN_POINT ( 'NONE',  ( 16.83234822018088295, -1.799999999999971401, -16.94999999999999574 ) ) ;
#10559 = ORIENTED_EDGE ( 'NONE', *, *, #4677, .F. ) ;
#10560 = ORIENTED_EDGE ( 'NONE', *, *, #7957, .F. ) ;
#10561 = CARTESIAN_POINT ( 'NONE',  ( -30.04999999999999716, 7.762049935181331684, -20.74999999999999645 ) ) ;
#10562 = CARTESIAN_POINT ( 'NONE',  ( 22.25000000000000355, 7.000000000000004441, 24.45000000000000639 ) ) ;
#10563 = PLANE ( 'NONE',  #9454 ) ;
#10564 = EDGE_CURVE ( 'NONE', #7522, #62, #3409, .T. ) ;
#10565 = DIRECTION ( 'NONE',  ( -1.000000000000000000, 0.000000000000000000, 0.000000000000000000 ) ) ;
#10566 = EDGE_CURVE ( 'NONE', #5051, #5139, #7401, .T. ) ;
#10567 = ADVANCED_FACE ( 'NONE', ( #1851 ), #6601, .F. ) ;
ENDSEC;
END-ISO-10303-21;
