ISO-10303-21;
HEADER;
FILE_DESCRIPTION (( 'STEP AP214' ),
    '1' );
FILE_NAME ('3d-printed-part.STEP',
    '2026-02-02T19:43:26',
    ( '' ),
    ( '' ),
    '',
    '',
    '' );
FILE_SCHEMA (( 'AUTOMOTIVE_DESIGN' ));
ENDSEC;

DATA;
#1 = ADVANCED_FACE ( 'NONE', ( #3033, #3633, #1639 ), #3590, .F. ) ;
#2 = ORIENTED_EDGE ( 'NONE', *, *, #2536, .T. ) ;
#3 = ORIENTED_EDGE ( 'NONE', *, *, #3499, .T. ) ;
#4 = AXIS2_PLACEMENT_3D ( 'NONE', #184, #587, #539 ) ;
#5 = FACE_OUTER_BOUND ( 'NONE', #2022, .T. ) ;
#6 = CYLINDRICAL_SURFACE ( 'NONE', #2658, 1.749999999999998002 ) ;
#7 = CARTESIAN_POINT ( 'NONE',  ( -31.59394712119210880, 13.93425673164863632, -20.20080457069264313 ) ) ;
#8 = CARTESIAN_POINT ( 'NONE',  ( -21.52852764790517170, 10.07924757077137201, -34.91063275998177318 ) ) ;
#9 = CARTESIAN_POINT ( 'NONE',  ( -19.00000000000000000, 41.50000000000000000, 41.99999999999999289 ) ) ;
#10 = ORIENTED_EDGE ( 'NONE', *, *, #2722, .T. ) ;
#11 = LINE ( 'NONE', #2258, #1719 ) ;
#12 = CYLINDRICAL_SURFACE ( 'NONE', #1276, 1.749999999999998002 ) ;
#13 = CARTESIAN_POINT ( 'NONE',  ( 3.587878787878788778, 0.000000000000000000, 31.79822519895551736 ) ) ;
#14 = ORIENTED_EDGE ( 'NONE', *, *, #349, .F. ) ;
#15 = AXIS2_PLACEMENT_3D ( 'NONE', #2665, #3224, #3493 ) ;
#16 = VERTEX_POINT ( 'NONE', #1582 ) ;
#17 = AXIS2_PLACEMENT_3D ( 'NONE', #2276, #2031, #2897 ) ;
#18 = VERTEX_POINT ( 'NONE', #774 ) ;
#19 = ORIENTED_EDGE ( 'NONE', *, *, #3364, .F. ) ;
#20 = EDGE_CURVE ( 'NONE', #913, #2444, #663, .T. ) ;
#21 = AXIS2_PLACEMENT_3D ( 'NONE', #272, #1918, #533 ) ;
#22 = CARTESIAN_POINT ( 'NONE',  ( 19.00000000000000000, -2.999999999999981792, 45.00000000000000000 ) ) ;
#23 = CARTESIAN_POINT ( 'NONE',  ( 29.76057345823567601, -6.499999999999995559, 11.76045353874408939 ) ) ;
#24 = VECTOR ( 'NONE', #141, 1000.000000000000114 ) ;
#25 = FACE_OUTER_BOUND ( 'NONE', #3366, .T. ) ;
#26 = DIRECTION ( 'NONE',  ( 0.000000000000000000, 0.000000000000000000, 1.000000000000000000 ) ) ;
#27 = DIRECTION ( 'NONE',  ( 0.000000000000000000, 0.4324798857326844215, 0.9016435817087836702 ) ) ;
#28 = DIRECTION ( 'NONE',  ( -0.000000000000000000, 1.000000000000000000, -0.000000000000000000 ) ) ;
#29 = VECTOR ( 'NONE', #1540, 1000.000000000000000 ) ;
#30 = CARTESIAN_POINT ( 'NONE',  ( -26.39175933497208248, 0.000000000000000000, 18.09627141719845866 ) ) ;
#31 = VERTEX_POINT ( 'NONE', #1892 ) ;
#32 = ORIENTED_EDGE ( 'NONE', *, *, #3456, .F. ) ;
#33 = CARTESIAN_POINT ( 'NONE',  ( -29.84362863863176685, -4.499999999999995559, 15.86813882216303639 ) ) ;
#34 = DIRECTION ( 'NONE',  ( -0.000000000000000000, 1.000000000000000000, -0.000000000000000000 ) ) ;
#35 = ORIENTED_EDGE ( 'NONE', *, *, #1141, .T. ) ;
#36 = ORIENTED_EDGE ( 'NONE', *, *, #2297, .F. ) ;
#37 = LINE ( 'NONE', #868, #2647 ) ;
#38 = FACE_OUTER_BOUND ( 'NONE', #3495, .T. ) ;
#39 = EDGE_CURVE ( 'NONE', #1829, #3164, #1861, .T. ) ;
#40 = B_SPLINE_CURVE_WITH_KNOTS ( 'NONE', 3,
 ( #3007, #3025, #2370, #435, #649, #2070, #3219, #922, #1215, #83, #2992, #1557, #2721, #98, #1197, #2704, #2684, #1804 ),
 .UNSPECIFIED., .F., .F.,
 ( 4, 2, 2, 2, 2, 2, 2, 2, 4 ),
 ( 0.000000000000000000, 0.0007040202071573424666, 0.001408040414314684933, 0.002112060621472027291, 0.002816080828629369866, 0.003520101035786712008, 0.004224121242944053715, 0.004928141450101395857, 0.005632161657258737131 ),
 .UNSPECIFIED. ) ;
#41 = CARTESIAN_POINT ( 'NONE',  ( -17.32499999999999929, 0.000000000000000000, -15.02499999999999680 ) ) ;
#42 = CARTESIAN_POINT ( 'NONE',  ( 3.161080601121272426, 10.00016411445546183, -37.37494120449295565 ) ) ;
#43 = AXIS2_PLACEMENT_3D ( 'NONE', #2864, #1029, #3120 ) ;
#44 = CARTESIAN_POINT ( 'NONE',  ( -35.67810946079799805, 13.93425673164863632, -20.20080457069264313 ) ) ;
#45 = EDGE_CURVE ( 'NONE', #655, #3405, #222, .T. ) ;
#46 = DIRECTION ( 'NONE',  ( -0.000000000000000000, 1.000000000000000000, -0.000000000000000000 ) ) ;
#47 = CARTESIAN_POINT ( 'NONE',  ( 9.860761315262647568E-29, 5.900000000000003020, 37.50000000000000000 ) ) ;
#48 = DIRECTION ( 'NONE',  ( -0.000000000000000000, 1.000000000000000000, -0.000000000000000000 ) ) ;
#49 = ORIENTED_EDGE ( 'NONE', *, *, #390, .F. ) ;
#50 = EDGE_LOOP ( 'NONE', ( #735, #1936, #1493, #2937 ) ) ;
#51 = CARTESIAN_POINT ( 'NONE',  ( -31.11120185815366312, -6.499999999999995559, 13.48418032144392953 ) ) ;
#52 = CARTESIAN_POINT ( 'NONE',  ( -22.05148741229817588, -6.499999999999995559, -25.75775422868334630 ) ) ;
#53 = VERTEX_POINT ( 'NONE', #1056 ) ;
#54 = VERTEX_POINT ( 'NONE', #2206 ) ;
#55 = FACE_BOUND ( 'NONE', #1969, .T. ) ;
#56 = CIRCLE ( 'NONE', #594, 17.00000000000000000 ) ;
#57 = CARTESIAN_POINT ( 'NONE',  ( -22.05148741229817588, 5.032001336902015787, -25.75775422868334630 ) ) ;
#58 = DIRECTION ( 'NONE',  ( 0.000000000000000000, 0.000000000000000000, 1.000000000000000000 ) ) ;
#59 = CARTESIAN_POINT ( 'NONE',  ( 3.415702419277542035, 26.66132800422691318, 37.34422605414654583 ) ) ;
#60 = CARTESIAN_POINT ( 'NONE',  ( 17.52206452989863550, 10.23382852487594619, -33.16400458548960728 ) ) ;
#61 = DIRECTION ( 'NONE',  ( -0.7277057891711782300, 0.000000000000000000, -0.6858894112076323601 ) ) ;
#62 = CARTESIAN_POINT ( 'NONE',  ( 29.83593735601835562, 41.50000000000000000, 28.12146585951288102 ) ) ;
#63 = EDGE_CURVE ( 'NONE', #1798, #1109, #2216, .T. ) ;
#64 = CARTESIAN_POINT ( 'NONE',  ( -19.86714152748583118, 0.000000000000000000, -25.59477440987304675 ) ) ;
#65 = EDGE_CURVE ( 'NONE', #1444, #3211, #3487, .T. ) ;
#66 = EDGE_CURVE ( 'NONE', #3525, #2214, #601, .T. ) ;
#67 = CYLINDRICAL_SURFACE ( 'NONE', #1487, 2.299999999999999822 ) ;
#68 = ORIENTED_EDGE ( 'NONE', *, *, #415, .F. ) ;
#69 = VERTEX_POINT ( 'NONE', #2549 ) ;
#70 = DIRECTION ( 'NONE',  ( 0.000000000000000000, 0.000000000000000000, 1.000000000000000000 ) ) ;
#71 = FACE_OUTER_BOUND ( 'NONE', #1702, .T. ) ;
#72 = DIRECTION ( 'NONE',  ( -0.000000000000000000, 1.000000000000000000, -0.000000000000000000 ) ) ;
#73 = CIRCLE ( 'NONE', #2151, 2.700000000000001066 ) ;
#74 = CARTESIAN_POINT ( 'NONE',  ( -16.78819759741753614, 10.18607457740034938, -33.56954017347359098 ) ) ;
#75 = ORIENTED_EDGE ( 'NONE', *, *, #1205, .F. ) ;
#76 = EDGE_LOOP ( 'NONE', ( #3289, #553, #2557, #1075 ) ) ;
#77 = DIRECTION ( 'NONE',  ( 0.000000000000000000, 0.000000000000000000, 1.000000000000000000 ) ) ;
#78 = AXIS2_PLACEMENT_3D ( 'NONE', #3046, #1350, #3681 ) ;
#79 = FACE_OUTER_BOUND ( 'NONE', #1456, .T. ) ;
#80 = CARTESIAN_POINT ( 'NONE',  ( 3.600000000000000533, 25.73806295356177642, 37.32680002357553661 ) ) ;
#81 = AXIS2_PLACEMENT_3D ( 'NONE', #1283, #245, #1078 ) ;
#82 = AXIS2_PLACEMENT_3D ( 'NONE', #1326, #734, #2152 ) ;
#83 = CARTESIAN_POINT ( 'NONE',  ( 2.378567463929905923, 12.21247746193735395, 37.42485969896832643 ) ) ;
#84 = DIRECTION ( 'NONE',  ( 0.000000000000000000, 0.000000000000000000, -1.000000000000000000 ) ) ;
#85 = CARTESIAN_POINT ( 'NONE',  ( 26.39175933497208604, -4.499999999999996447, 18.09627141719845866 ) ) ;
#86 = CARTESIAN_POINT ( 'NONE',  ( 0.000000000000000000, 0.3218369713915980590, 0.000000000000000000 ) ) ;
#87 = ORIENTED_EDGE ( 'NONE', *, *, #1514, .T. ) ;
#88 = ORIENTED_EDGE ( 'NONE', *, *, #2865, .T. ) ;
#89 = EDGE_CURVE ( 'NONE', #3177, #779, #1976, .T. ) ;
#90 = CARTESIAN_POINT ( 'NONE',  ( -16.28124393624079858, -6.499999999999995559, -28.70402577842735781 ) ) ;
#91 = AXIS2_PLACEMENT_3D ( 'NONE', #1140, #2586, #1105 ) ;
#92 = EDGE_CURVE ( 'NONE', #1933, #3150, #1189, .T. ) ;
#93 = CARTESIAN_POINT ( 'NONE',  ( -44.86819013360601360, 21.71970293732107748, -3.969535016523272564 ) ) ;
#94 = ORIENTED_EDGE ( 'NONE', *, *, #875, .F. ) ;
#95 = ORIENTED_EDGE ( 'NONE', *, *, #1179, .T. ) ;
#96 = DIRECTION ( 'NONE',  ( 0.000000000000000000, -1.000000000000000000, 0.000000000000000000 ) ) ;
#97 = ORIENTED_EDGE ( 'NONE', *, *, #567, .F. ) ;
#98 = CARTESIAN_POINT ( 'NONE',  ( 1.160827175891403051, 12.91576920660791750, 37.48265585813151546 ) ) ;
#99 = CARTESIAN_POINT ( 'NONE',  ( 17.32500000000000284, -3.499999999999996003, 15.02500000000000036 ) ) ;
#100 = AXIS2_PLACEMENT_3D ( 'NONE', #1881, #1313, #2469 ) ;
#101 = CARTESIAN_POINT ( 'NONE',  ( -2.712326583635582988, 7.121260349092493058, 37.40215172960287049 ) ) ;
#102 = PLANE ( 'NONE',  #2890 ) ;
#103 = AXIS2_PLACEMENT_3D ( 'NONE', #3277, #701, #1875 ) ;
#104 = ORIENTED_EDGE ( 'NONE', *, *, #479, .F. ) ;
#105 = CARTESIAN_POINT ( 'NONE',  ( -17.32499999999999929, -3.499999999999996003, -17.32499999999999574 ) ) ;
#106 = ORIENTED_EDGE ( 'NONE', *, *, #3621, .T. ) ;
#107 = CYLINDRICAL_SURFACE ( 'NONE', #705, 1.100000000000000311 ) ;
#108 = CARTESIAN_POINT ( 'NONE',  ( -17.32499999999999929, -6.499999999999996447, -17.32499999999999574 ) ) ;
#109 = ORIENTED_EDGE ( 'NONE', *, *, #2722, .F. ) ;
#110 = ORIENTED_EDGE ( 'NONE', *, *, #2886, .T. ) ;
#111 = ADVANCED_FACE ( 'NONE', ( #2470 ), #3643, .F. ) ;
#112 = CARTESIAN_POINT ( 'NONE',  ( 19.86714152748543682, -4.499999999999995559, -30.04477440987333736 ) ) ;
#113 = EDGE_CURVE ( 'NONE', #379, #3194, #1434, .T. ) ;
#114 = EDGE_CURVE ( 'NONE', #444, #3086, #1611, .T. ) ;
#115 = VERTEX_POINT ( 'NONE', #254 ) ;
#116 = DIRECTION ( 'NONE',  ( -0.000000000000000000, 1.000000000000000000, -0.000000000000000000 ) ) ;
#117 = FACE_OUTER_BOUND ( 'NONE', #1308, .T. ) ;
#118 = DIRECTION ( 'NONE',  ( 0.000000000000000000, 0.000000000000000000, -1.000000000000000000 ) ) ;
#119 = CIRCLE ( 'NONE', #3220, 1.000000000000000888 ) ;
#120 = DIRECTION ( 'NONE',  ( 0.000000000000000000, 0.000000000000000000, 1.000000000000000000 ) ) ;
#121 = PRESENTATION_STYLE_ASSIGNMENT (( #2727 ) ) ;
#122 = VECTOR ( 'NONE', #2497, 1000.000000000000000 ) ;
#123 = ADVANCED_FACE ( 'NONE', ( #1919 ), #195, .T. ) ;
#124 = LINE ( 'NONE', #2072, #2005 ) ;
#125 = DIRECTION ( 'NONE',  ( -0.000000000000000000, 1.000000000000000000, -0.000000000000000000 ) ) ;
#126 = DIRECTION ( 'NONE',  ( 0.000000000000000000, 0.000000000000000000, -1.000000000000000000 ) ) ;
#127 = ORIENTED_EDGE ( 'NONE', *, *, #1549, .F. ) ;
#128 = CARTESIAN_POINT ( 'NONE',  ( -1.597152815095624900, 22.26506943453285103, 37.46660738196091245 ) ) ;
#129 = ORIENTED_EDGE ( 'NONE', *, *, #2201, .F. ) ;
#130 = ORIENTED_EDGE ( 'NONE', *, *, #1600, .T. ) ;
#131 = CARTESIAN_POINT ( 'NONE',  ( 0.000000000000000000, -6.499999999999995559, 0.000000000000000000 ) ) ;
#132 = EDGE_LOOP ( 'NONE', ( #3225, #212, #846, #2614, #1622 ) ) ;
#133 = PLANE ( 'NONE',  #218 ) ;
#134 = CIRCLE ( 'NONE', #1617, 1.000000000000000888 ) ;
#135 = ADVANCED_FACE ( 'NONE', ( #3097 ), #175, .F. ) ;
#136 = CARTESIAN_POINT ( 'NONE',  ( 29.84362863863176685, 0.000000000000000000, 17.61813882216303284 ) ) ;
#137 = CIRCLE ( 'NONE', #608, 2.699999999999999734 ) ;
#138 = AXIS2_PLACEMENT_3D ( 'NONE', #1015, #2821, #2742 ) ;
#139 = EDGE_CURVE ( 'NONE', #559, #1224, #2446, .T. ) ;
#140 = DIRECTION ( 'NONE',  ( 1.000000000000000000, 0.000000000000000000, 0.000000000000000000 ) ) ;
#141 = DIRECTION ( 'NONE',  ( 8.659560562354879857E-17, -0.7071067811865517916, 0.7071067811865431318 ) ) ;
#142 = VECTOR ( 'NONE', #1713, 1000.000000000000000 ) ;
#143 = ADVANCED_FACE ( 'NONE', ( #2526 ), #3602, .T. ) ;
#144 = AXIS2_PLACEMENT_3D ( 'NONE', #468, #487, #1320 ) ;
#145 = CARTESIAN_POINT ( 'NONE',  ( -17.68279564267348647, -4.499999999999995559, -28.93179459106274010 ) ) ;
#146 = FACE_OUTER_BOUND ( 'NONE', #3031, .T. ) ;
#147 = ORIENTED_EDGE ( 'NONE', *, *, #2387, .T. ) ;
#148 = ORIENTED_EDGE ( 'NONE', *, *, #161, .T. ) ;
#149 = CARTESIAN_POINT ( 'NONE',  ( 17.32499999999999574, 0.000000000000000000, -17.32499999999999574 ) ) ;
#150 = CARTESIAN_POINT ( 'NONE',  ( 15.78787290786946151, -6.499999999999995559, -27.83420681544494002 ) ) ;
#151 = EDGE_LOOP ( 'NONE', ( #1480, #1045, #2535, #3687 ) ) ;
#152 = CARTESIAN_POINT ( 'NONE',  ( 9.860761315262647568E-29, 5.900000000000003020, 37.50000000000000000 ) ) ;
#153 = CIRCLE ( 'NONE', #2907, 1.000000000000000888 ) ;
#154 = ORIENTED_EDGE ( 'NONE', *, *, #2087, .T. ) ;
#155 = CARTESIAN_POINT ( 'NONE',  ( -37.50000000000000000, 0.000000000000000000, 0.000000000000000000 ) ) ;
#156 = DIRECTION ( 'NONE',  ( -0.000000000000000000, 1.000000000000000000, -0.000000000000000000 ) ) ;
#157 = FACE_OUTER_BOUND ( 'NONE', #814, .T. ) ;
#158 = CARTESIAN_POINT ( 'NONE',  ( -2.713680336945906379, 27.87748094687243849, 37.40206286822167669 ) ) ;
#159 = LINE ( 'NONE', #3264, #2504 ) ;
#160 = LINE ( 'NONE', #2764, #721 ) ;
#161 = EDGE_CURVE ( 'NONE', #2057, #2574, #743, .T. ) ;
#162 = CARTESIAN_POINT ( 'NONE',  ( 19.86714152748543682, 4.286263797015747072E-17, -27.34477440987333452 ) ) ;
#163 = EDGE_CURVE ( 'NONE', #909, #3167, #1013, .T. ) ;
#164 = CARTESIAN_POINT ( 'NONE',  ( -29.83593735601836627, 37.11238433989128538, 28.12146585951288102 ) ) ;
#165 = ORIENTED_EDGE ( 'NONE', *, *, #236, .F. ) ;
#166 = VERTEX_POINT ( 'NONE', #1654 ) ;
#167 = DIRECTION ( 'NONE',  ( 0.5877852522924685852, 0.000000000000000000, -0.8090169943749507819 ) ) ;
#168 = CARTESIAN_POINT ( 'NONE',  ( -3.587878787878788334, -6.499999999999995559, 31.79822519895551736 ) ) ;
#169 = VECTOR ( 'NONE', #1414, 1000.000000000000000 ) ;
#170 = DIRECTION ( 'NONE',  ( 1.826024711554532040E-15, 0.000000000000000000, -1.000000000000000000 ) ) ;
#171 = VERTEX_POINT ( 'NONE', #3375 ) ;
#172 = LINE ( 'NONE', #933, #469 ) ;
#173 = ORIENTED_EDGE ( 'NONE', *, *, #1496, .T. ) ;
#174 = CARTESIAN_POINT ( 'NONE',  ( 14.33163645590128965, 40.16510469285433516, 34.66195383945711228 ) ) ;
#175 = CYLINDRICAL_SURFACE ( 'NONE', #437, 2.700000000000001066 ) ;
#176 = DIRECTION ( 'NONE',  ( -0.000000000000000000, -1.000000000000000000, -0.000000000000000000 ) ) ;
#177 = DIRECTION ( 'NONE',  ( 0.000000000000000000, 0.000000000000000000, -1.000000000000000000 ) ) ;
#178 = CIRCLE ( 'NONE', #1166, 1.000000000000000888 ) ;
#179 = CARTESIAN_POINT ( 'NONE',  ( 17.68279564267306725, 5.032001336902014899, -28.93179459106299944 ) ) ;
#180 = EDGE_CURVE ( 'NONE', #2512, #813, #1076, .T. ) ;
#181 = CARTESIAN_POINT ( 'NONE',  ( -3.599999999999999645, 25.50000000000000355, -41.00099999999999767 ) ) ;
#182 = ORIENTED_EDGE ( 'NONE', *, *, #3349, .T. ) ;
#183 = EDGE_CURVE ( 'NONE', #397, #1714, #3627, .T. ) ;
#184 = CARTESIAN_POINT ( 'NONE',  ( 19.86714152748543682, -4.499999999999995559, -27.34477440987333452 ) ) ;
#185 = EDGE_CURVE ( 'NONE', #1949, #444, #2182, .T. ) ;
#186 = LINE ( 'NONE', #3365, #3552 ) ;
#187 = VERTEX_POINT ( 'NONE', #659 ) ;
#188 = ORIENTED_EDGE ( 'NONE', *, *, #2115, .T. ) ;
#189 = EDGE_CURVE ( 'NONE', #2906, #3462, #2101, .T. ) ;
#190 = CARTESIAN_POINT ( 'NONE',  ( 31.59394712119212301, 13.93425673164863632, -20.20080457069262536 ) ) ;
#191 = ORIENTED_EDGE ( 'NONE', *, *, #3023, .T. ) ;
#192 = ORIENTED_EDGE ( 'NONE', *, *, #915, .T. ) ;
#193 = DIRECTION ( 'NONE',  ( -0.8829475928589277656, 0.000000000000000000, -0.4694715627858890294 ) ) ;
#194 = DIRECTION ( 'NONE',  ( -0.000000000000000000, 1.000000000000000000, -0.000000000000000000 ) ) ;
#195 = CYLINDRICAL_SURFACE ( 'NONE', #3130, 1.000000000000000888 ) ;
#196 = VECTOR ( 'NONE', #3390, 1000.000000000000000 ) ;
#197 = DIRECTION ( 'NONE',  ( 0.000000000000000000, 0.000000000000000000, -1.000000000000000000 ) ) ;
#198 = CONICAL_SURFACE ( 'NONE', #2832, 41.00000000000000000, 0.7853981633974482790 ) ;
#199 = DIRECTION ( 'NONE',  ( 3.469446951953611033E-15, 0.000000000000000000, -1.000000000000000000 ) ) ;
#200 = FACE_BOUND ( 'NONE', #2748, .T. ) ;
#201 = ORIENTED_EDGE ( 'NONE', *, *, #297, .T. ) ;
#202 = AXIS2_PLACEMENT_3D ( 'NONE', #3121, #2245, #590 ) ;
#203 = ORIENTED_EDGE ( 'NONE', *, *, #3663, .F. ) ;
#204 = AXIS2_PLACEMENT_3D ( 'NONE', #2663, #1294, #977 ) ;
#205 = VECTOR ( 'NONE', #657, 1000.000000000000227 ) ;
#206 = PLANE ( 'NONE',  #441 ) ;
#207 = ORIENTED_EDGE ( 'NONE', *, *, #1424, .F. ) ;
#208 = EDGE_CURVE ( 'NONE', #1829, #1798, #2120, .T. ) ;
#209 = CARTESIAN_POINT ( 'NONE',  ( 29.76057345823567601, -4.499999999999996447, 11.76045353874408939 ) ) ;
#210 = ADVANCED_FACE ( 'NONE', ( #1756 ), #2102, .F. ) ;
#211 = ORIENTED_EDGE ( 'NONE', *, *, #2133, .F. ) ;
#212 = ORIENTED_EDGE ( 'NONE', *, *, #2909, .T. ) ;
#213 = EDGE_CURVE ( 'NONE', #1165, #54, #2965, .T. ) ;
#214 = CYLINDRICAL_SURFACE ( 'NONE', #1355, 1.000000000000000888 ) ;
#215 = CARTESIAN_POINT ( 'NONE',  ( 15.49999999999998579, -6.499999999999995559, 45.00000000000000000 ) ) ;
#216 = AXIS2_PLACEMENT_3D ( 'NONE', #3205, #1470, #84 ) ;
#217 = DIRECTION ( 'NONE',  ( -0.8090169943749425663, -0.000000000000000000, 0.5877852522924799095 ) ) ;
#218 = AXIS2_PLACEMENT_3D ( 'NONE', #1252, #1231, #2681 ) ;
#219 = CARTESIAN_POINT ( 'NONE',  ( 3.122771200168513062, 23.69329048641145619, 37.36998418821372070 ) ) ;
#220 = LINE ( 'NONE', #2413, #1430 ) ;
#221 = CYLINDRICAL_SURFACE ( 'NONE', #465, 1.750000000000001554 ) ;
#222 = LINE ( 'NONE', #2495, #2585 ) ;
#223 = PLANE ( 'NONE',  #2934 ) ;
#224 = CARTESIAN_POINT ( 'NONE',  ( -31.11120185815366312, 4.983751639017303781, 13.48418032144392953 ) ) ;
#225 = FILL_AREA_STYLE ('',( #2479 ) ) ;
#226 = CARTESIAN_POINT ( 'NONE',  ( -3.587878787878788334, -4.499999999999996447, 31.79822519895551736 ) ) ;
#227 = VERTEX_POINT ( 'NONE', #150 ) ;
#228 = DIRECTION ( 'NONE',  ( -0.000000000000000000, 1.000000000000000000, -0.000000000000000000 ) ) ;
#229 = AXIS2_PLACEMENT_3D ( 'NONE', #105, #3307, #2129 ) ;
#230 = EDGE_CURVE ( 'NONE', #339, #3104, #2039, .T. ) ;
#231 = VERTEX_POINT ( 'NONE', #396 ) ;
#232 = VERTEX_POINT ( 'NONE', #2357 ) ;
#233 = EDGE_CURVE ( 'NONE', #2433, #1395, #1048, .T. ) ;
#234 = CARTESIAN_POINT ( 'NONE',  ( -22.22739950763819294, 40.74766282600869260, 36.19387075295738043 ) ) ;
#235 = CYLINDRICAL_SURFACE ( 'NONE', #960, 2.299999999999999822 ) ;
#236 = EDGE_CURVE ( 'NONE', #3520, #1686, #2100, .T. ) ;
#237 = ADVANCED_FACE ( 'NONE', ( #3331 ), #206, .F. ) ;
#238 = DIRECTION ( 'NONE',  ( 0.6475741693357626172, -0.3295507215510519727, -0.6870545954538679334 ) ) ;
#239 = DIRECTION ( 'NONE',  ( -0.000000000000000000, 1.000000000000000000, -0.000000000000000000 ) ) ;
#240 = FACE_OUTER_BOUND ( 'NONE', #1244, .T. ) ;
#241 = CARTESIAN_POINT ( 'NONE',  ( 19.56571249232814580, 41.34350464564377603, 39.42867365248031319 ) ) ;
#242 = CARTESIAN_POINT ( 'NONE',  ( -19.00000000000000711, 41.50000000000000000, 41.61672516069964445 ) ) ;
#243 = ORIENTED_EDGE ( 'NONE', *, *, #1631, .F. ) ;
#244 = DIRECTION ( 'NONE',  ( 0.000000000000000000, 0.000000000000000000, 1.000000000000000000 ) ) ;
#245 = DIRECTION ( 'NONE',  ( -0.000000000000000000, -1.000000000000000000, 0.000000000000000000 ) ) ;
#246 = CARTESIAN_POINT ( 'NONE',  ( -22.26796969461537046, -6.499999999999995559, -24.35441491146300663 ) ) ;
#247 = ORIENTED_EDGE ( 'NONE', *, *, #3075, .T. ) ;
#248 = EDGE_LOOP ( 'NONE', ( #1003, #19 ) ) ;
#249 = CIRCLE ( 'NONE', #2693, 1.749999999999998002 ) ;
#250 = EDGE_LOOP ( 'NONE', ( #1516, #541, #3477, #3535 ) ) ;
#251 = ORIENTED_EDGE ( 'NONE', *, *, #2485, .F. ) ;
#252 = CARTESIAN_POINT ( 'NONE',  ( 17.32500000000000284, -3.499999999999995115, 16.22500000000000497 ) ) ;
#253 = LINE ( 'NONE', #1370, #2105 ) ;
#254 = CARTESIAN_POINT ( 'NONE',  ( 22.05148741229780285, -6.499999999999995559, -25.75775422868366960 ) ) ;
#255 = DIRECTION ( 'NONE',  ( -0.000000000000000000, 1.000000000000000000, -0.000000000000000000 ) ) ;
#256 = EDGE_CURVE ( 'NONE', #1705, #2336, #525, .T. ) ;
#257 = CARTESIAN_POINT ( 'NONE',  ( 2.700000000000000178, 4.591545564695379333, 33.79999999999999716 ) ) ;
#258 = AXIS2_PLACEMENT_3D ( 'NONE', #1694, #46, #2898 ) ;
#259 = FACE_OUTER_BOUND ( 'NONE', #1530, .T. ) ;
#260 = CARTESIAN_POINT ( 'NONE',  ( -5.408960859097101448, 40.91879219868097550, 37.11596436795450416 ) ) ;
#261 = VECTOR ( 'NONE', #3546, 1000.000000000000000 ) ;
#262 = DIRECTION ( 'NONE',  ( 0.000000000000000000, 0.000000000000000000, 1.000000000000000000 ) ) ;
#263 = AXIS2_PLACEMENT_3D ( 'NONE', #2487, #782, #516 ) ;
#264 = LINE ( 'NONE', #2282, #1971 ) ;
#265 = VERTEX_POINT ( 'NONE', #2174 ) ;
#266 = VERTEX_POINT ( 'NONE', #3018 ) ;
#267 = CYLINDRICAL_SURFACE ( 'NONE', #1127, 2.700000000000001066 ) ;
#268 = AXIS2_PLACEMENT_3D ( 'NONE', #1171, #2323, #3200 ) ;
#269 = VERTEX_POINT ( 'NONE', #1567 ) ;
#270 = ORIENTED_EDGE ( 'NONE', *, *, #1783, .F. ) ;
#271 = CYLINDRICAL_SURFACE ( 'NONE', #1476, 6.000000000000005329 ) ;
#272 = CARTESIAN_POINT ( 'NONE',  ( -17.32499999999999929, 0.000000000000000000, -17.32499999999999574 ) ) ;
#273 = LINE ( 'NONE', #3134, #3028 ) ;
#274 = CIRCLE ( 'NONE', #2169, 1.749999999999998002 ) ;
#275 = DIRECTION ( 'NONE',  ( -0.000000000000000000, 1.000000000000000000, -0.000000000000000000 ) ) ;
#276 = CARTESIAN_POINT ( 'NONE',  ( 19.18712767958674803, 41.44673983487255242, 40.50117594944172339 ) ) ;
#277 = ORIENTED_EDGE ( 'NONE', *, *, #2384, .T. ) ;
#278 = EDGE_CURVE ( 'NONE', #2214, #1893, #2589, .T. ) ;
#279 = CARTESIAN_POINT ( 'NONE',  ( -17.32499999999999929, -3.499999999999996003, -19.62499999999999645 ) ) ;
#280 = EDGE_CURVE ( 'NONE', #3271, #2322, #186, .T. ) ;
#281 = PLANE ( 'NONE',  #202 ) ;
#282 = EDGE_LOOP ( 'NONE', ( #165, #243, #1384 ) ) ;
#283 = VERTEX_POINT ( 'NONE', #2734 ) ;
#284 = LINE ( 'NONE', #2285, #380 ) ;
#285 = AXIS2_PLACEMENT_3D ( 'NONE', #2205, #1379, #3702 ) ;
#286 = ORIENTED_EDGE ( 'NONE', *, *, #463, .T. ) ;
#287 = EDGE_LOOP ( 'NONE', ( #1457, #1687, #2769, #530, #2045, #3335, #712, #931, #1740, #277, #3371, #2316 ) ) ;
#288 = VECTOR ( 'NONE', #1527, 1000.000000000000000 ) ;
#289 = DIRECTION ( 'NONE',  ( 0.000000000000000000, 0.000000000000000000, -1.000000000000000000 ) ) ;
#290 = VECTOR ( 'NONE', #1286, 1000.000000000000000 ) ;
#291 = DIRECTION ( 'NONE',  ( 0.000000000000000000, 0.000000000000000000, -1.000000000000000000 ) ) ;
#292 = CARTESIAN_POINT ( 'NONE',  ( 29.84362863863176685, 0.000000000000000000, 15.86813882216303639 ) ) ;
#293 = CARTESIAN_POINT ( 'NONE',  ( 3.587878787878788778, -4.499999999999996447, 31.79822519895551736 ) ) ;
#294 = CARTESIAN_POINT ( 'NONE',  ( -28.57605541910986702, -6.499999999999995559, 18.25209732288214326 ) ) ;
#295 = VERTEX_POINT ( 'NONE', #226 ) ;
#296 = LINE ( 'NONE', #2846, #169 ) ;
#297 = EDGE_CURVE ( 'NONE', #266, #3041, #2400, .T. ) ;
#298 = LINE ( 'NONE', #1660, #667 ) ;
#299 = ORIENTED_EDGE ( 'NONE', *, *, #2623, .F. ) ;
#300 = ORIENTED_EDGE ( 'NONE', *, *, #2228, .F. ) ;
#301 = ADVANCED_FACE ( 'NONE', ( #2455 ), #1058, .F. ) ;
#302 = EDGE_CURVE ( 'NONE', #3573, #2850, #2230, .T. ) ;
#303 = AXIS2_PLACEMENT_3D ( 'NONE', #2127, #1274, #726 ) ;
#304 = EDGE_LOOP ( 'NONE', ( #318, #3557, #2434, #2867 ) ) ;
#305 = EDGE_LOOP ( 'NONE', ( #2153, #2496 ) ) ;
#306 = EDGE_CURVE ( 'NONE', #3410, #2376, #2335, .T. ) ;
#307 = FACE_OUTER_BOUND ( 'NONE', #3014, .T. ) ;
#308 = DIRECTION ( 'NONE',  ( -0.000000000000000000, 1.000000000000000000, -0.000000000000000000 ) ) ;
#309 = DIRECTION ( 'NONE',  ( -0.000000000000000000, 1.000000000000000000, -0.000000000000000000 ) ) ;
#310 = CARTESIAN_POINT ( 'NONE',  ( 27.28896709391922215, -6.499999999999995559, 25.72085292028616266 ) ) ;
#311 = CARTESIAN_POINT ( 'NONE',  ( 17.32500000000000284, 0.000000000000000000, 17.32499999999999929 ) ) ;
#312 = CARTESIAN_POINT ( 'NONE',  ( 0.000000000000000000, 0.3218369713915980590, 0.000000000000000000 ) ) ;
#313 = EDGE_LOOP ( 'NONE', ( #2149, #104, #1388, #625 ) ) ;
#314 = CARTESIAN_POINT ( 'NONE',  ( -17.32499999999999929, -13.00538238691623150, 17.32500000000000284 ) ) ;
#315 = DIRECTION ( 'NONE',  ( 0.000000000000000000, 0.000000000000000000, 1.000000000000000000 ) ) ;
#316 = ORIENTED_EDGE ( 'NONE', *, *, #3644, .F. ) ;
#317 = CIRCLE ( 'NONE', #3248, 1.000000000000000888 ) ;
#318 = ORIENTED_EDGE ( 'NONE', *, *, #3618, .F. ) ;
#319 = VECTOR ( 'NONE', #1997, 1000.000000000000000 ) ;
#320 = EDGE_CURVE ( 'NONE', #1866, #1798, #3088, .T. ) ;
#321 = ORIENTED_EDGE ( 'NONE', *, *, #1077, .F. ) ;
#322 = ORIENTED_EDGE ( 'NONE', *, *, #979, .F. ) ;
#323 = VECTOR ( 'NONE', #1466, 1000.000000000000000 ) ;
#324 = ADVANCED_FACE ( 'NONE', ( #3595 ), #1499, .F. ) ;
#325 = CIRCLE ( 'NONE', #3614, 32.00000000000000000 ) ;
#326 = DIRECTION ( 'NONE',  ( -0.000000000000000000, 1.000000000000000000, -0.000000000000000000 ) ) ;
#327 = DIRECTION ( 'NONE',  ( -0.6858894112076323601, 0.000000000000000000, 0.7277057891711782300 ) ) ;
#328 = DIRECTION ( 'NONE',  ( 0.000000000000000000, 0.000000000000000000, 1.000000000000000000 ) ) ;
#329 = DIRECTION ( 'NONE',  ( -0.000000000000000000, 1.000000000000000000, -0.000000000000000000 ) ) ;
#330 = CIRCLE ( 'NONE', #1743, 1.000000000000000888 ) ;
#331 = DIRECTION ( 'NONE',  ( -0.5877852522924689183, 0.000000000000000000, 0.8090169943749505599 ) ) ;
#332 = CIRCLE ( 'NONE', #571, 2.700000000000001066 ) ;
#333 = CYLINDRICAL_SURFACE ( 'NONE', #1124, 1.000000000000000888 ) ;
#334 = ORIENTED_EDGE ( 'NONE', *, *, #1811, .F. ) ;
#335 = EDGE_LOOP ( 'NONE', ( #2385, #1026, #127, #1564 ) ) ;
#336 = CARTESIAN_POINT ( 'NONE',  ( -3.577195947562219924, 25.03118617910534027, 37.32902110957842723 ) ) ;
#337 = B_SPLINE_CURVE_WITH_KNOTS ( 'NONE', 3,
 ( #681, #1529, #336, #411, #2340, #2398, #1458, #1222, #3252, #896, #1477, #2654, #128, #3558, #3536, #2378, #2692, #2023 ),
 .UNSPECIFIED., .F., .F.,
 ( 4, 2, 2, 2, 2, 2, 2, 2, 4 ),
 ( 0.01126171997510184465, 0.01196575555848238340, 0.01266979114186292041, 0.01337382672524345915, 0.01407786230862399790, 0.01478189789200453491, 0.01548593347538507366, 0.01618996905876561240, 0.01689400464214614941 ),
 .UNSPECIFIED. ) ;
#338 = VERTEX_POINT ( 'NONE', #1871 ) ;
#339 = VERTEX_POINT ( 'NONE', #2809 ) ;
#340 = DIRECTION ( 'NONE',  ( -0.000000000000000000, 1.000000000000000000, -0.000000000000000000 ) ) ;
#341 = EDGE_CURVE ( 'NONE', #402, #1333, #1316, .T. ) ;
#342 = CIRCLE ( 'NONE', #2913, 27.19999999999999929 ) ;
#343 = CARTESIAN_POINT ( 'NONE',  ( 29.84362863863176685, -4.499999999999995559, 15.86813882216303639 ) ) ;
#344 = EDGE_CURVE ( 'NONE', #2938, #1132, #756, .T. ) ;
#345 =( BOUNDED_CURVE ( )  B_SPLINE_CURVE ( 3, ( #1681, #3403, #2848, #1129 ),
 .UNSPECIFIED., .F., .F. ) 
 B_SPLINE_CURVE_WITH_KNOTS ( ( 4, 4 ),
 ( 1.769932802791073900, 2.018037701133921669 ),
 .UNSPECIFIED. ) 
 CURVE ( )  GEOMETRIC_REPRESENTATION_ITEM ( )  RATIONAL_B_SPLINE_CURVE ( ( 1.000000000000000000, 0.9948769049566612566, 0.9948769049566612566, 1.000000000000000000 ) ) 
 REPRESENTATION_ITEM ( '' )  );
#346 = VECTOR ( 'NONE', #3184, 1000.000000000000000 ) ;
#347 = VECTOR ( 'NONE', #3206, 1000.000000000000000 ) ;
#348 = FACE_OUTER_BOUND ( 'NONE', #1152, .T. ) ;
#349 = EDGE_CURVE ( 'NONE', #2462, #1148, #1981, .T. ) ;
#350 = CARTESIAN_POINT ( 'NONE',  ( 2.197312767791159249, 28.36144729333101111, 37.43608793129732959 ) ) ;
#351 = CARTESIAN_POINT ( 'NONE',  ( 23.43918517686828196, 10.84972271596451066, -29.28269488085900463 ) ) ;
#352 = AXIS2_PLACEMENT_3D ( 'NONE', #2364, #2988, #2715 ) ;
#353 = DIRECTION ( 'NONE',  ( 0.000000000000000000, 0.000000000000000000, 1.000000000000000000 ) ) ;
#354 = CARTESIAN_POINT ( 'NONE',  ( 0.000000000000000000, 0.000000000000000000, 0.000000000000000000 ) ) ;
#355 = DIRECTION ( 'NONE',  ( 0.7071067811865474617, 0.7071067811865474617, 0.000000000000000000 ) ) ;
#356 = ORIENTED_EDGE ( 'NONE', *, *, #815, .F. ) ;
#357 = ORIENTED_EDGE ( 'NONE', *, *, #770, .F. ) ;
#358 = CARTESIAN_POINT ( 'NONE',  ( 197.4901151310308762, 50.00000000000000000, -37.50000000000000000 ) ) ;
#359 = DIRECTION ( 'NONE',  ( -0.000000000000000000, -1.000000000000000000, -0.000000000000000000 ) ) ;
#360 = DIRECTION ( 'NONE',  ( 0.000000000000000000, 0.000000000000000000, 1.000000000000000000 ) ) ;
#361 = ORIENTED_EDGE ( 'NONE', *, *, #92, .F. ) ;
#362 = ORIENTED_EDGE ( 'NONE', *, *, #1602, .T. ) ;
#363 = DIRECTION ( 'NONE',  ( -0.000000000000000000, 1.000000000000000000, -0.000000000000000000 ) ) ;
#364 = CIRCLE ( 'NONE', #2016, 1.000000000000000888 ) ;
#365 = CIRCLE ( 'NONE', #1292, 17.00000000000000000 ) ;
#366 = FACE_BOUND ( 'NONE', #2135, .T. ) ;
#367 = DIRECTION ( 'NONE',  ( 0.000000000000000000, 0.000000000000000000, 1.000000000000000000 ) ) ;
#368 = DIRECTION ( 'NONE',  ( -0.6858894112076323601, 0.000000000000000000, 0.7277057891711782300 ) ) ;
#369 = EDGE_CURVE ( 'NONE', #2905, #1224, #3026, .T. ) ;
#370 = VERTEX_POINT ( 'NONE', #1965 ) ;
#371 = DIRECTION ( 'NONE',  ( 0.000000000000000000, 0.000000000000000000, -1.000000000000000000 ) ) ;
#372 = DIRECTION ( 'NONE',  ( 0.8829475928589280986, 0.000000000000000000, -0.4694715627858886409 ) ) ;
#373 = CARTESIAN_POINT ( 'NONE',  ( -3.416313406817981235, 10.65951428422466485, 37.34416980294922439 ) ) ;
#374 = ORIENTED_EDGE ( 'NONE', *, *, #457, .F. ) ;
#375 = VERTEX_POINT ( 'NONE', #2594 ) ;
#376 = FACE_OUTER_BOUND ( 'NONE', #1309, .T. ) ;
#377 = AXIS2_PLACEMENT_3D ( 'NONE', #162, #442, #1278 ) ;
#378 = EDGE_LOOP ( 'NONE', ( #1202, #417 ) ) ;
#379 = VERTEX_POINT ( 'NONE', #3145 ) ;
#380 = VECTOR ( 'NONE', #3148, 1000.000000000000000 ) ;
#381 = AXIS2_PLACEMENT_3D ( 'NONE', #1185, #2857, #3067 ) ;
#382 = CIRCLE ( 'NONE', #3429, 1.099999999999996758 ) ;
#383 =( NAMED_UNIT ( * ) SI_UNIT ( $, .STERADIAN. ) SOLID_ANGLE_UNIT ( ) );
#384 = CARTESIAN_POINT ( 'NONE',  ( 5.505144713175352985E-23, 29.10000000000000497, 37.50000000000000000 ) ) ;
#385 = DIRECTION ( 'NONE',  ( 0.000000000000000000, 0.000000000000000000, -1.000000000000000000 ) ) ;
#386 = CARTESIAN_POINT ( 'NONE',  ( 16.28124393624038291, -6.499999999999995559, -28.70402577842760294 ) ) ;
#387 = DIRECTION ( 'NONE',  ( -0.000000000000000000, 1.000000000000000000, -0.000000000000000000 ) ) ;
#388 = CARTESIAN_POINT ( 'NONE',  ( 17.68279564267306725, -4.499999999999995559, -28.93179459106299944 ) ) ;
#389 = CARTESIAN_POINT ( 'NONE',  ( -2.862471738845737246, 11.69572458357570710, 37.39081891206386388 ) ) ;
#390 = EDGE_CURVE ( 'NONE', #3021, #3573, #382, .T. ) ;
#391 = VERTEX_POINT ( 'NONE', #575 ) ;
#392 = DIRECTION ( 'NONE',  ( -0.000000000000000000, 1.000000000000000000, -0.000000000000000000 ) ) ;
#393 = ORIENTED_EDGE ( 'NONE', *, *, #1999, .T. ) ;
#394 = DIRECTION ( 'NONE',  ( 0.000000000000000000, 0.4324798857326844215, 0.9016435817087836702 ) ) ;
#395 = CIRCLE ( 'NONE', #2791, 1.100000000000000311 ) ;
#396 = CARTESIAN_POINT ( 'NONE',  ( 5.505065827084830884E-23, 13.10000000000000320, 37.50000000000000000 ) ) ;
#397 = VERTEX_POINT ( 'NONE', #1455 ) ;
#398 = ORIENTED_EDGE ( 'NONE', *, *, #964, .F. ) ;
#399 =( GEOMETRIC_REPRESENTATION_CONTEXT ( 3 ) GLOBAL_UNCERTAINTY_ASSIGNED_CONTEXT ( ( #2597 ) ) GLOBAL_UNIT_ASSIGNED_CONTEXT ( ( #3279, #920, #383 ) ) REPRESENTATION_CONTEXT ( 'NONE', 'WORKASPACE' ) );
#400 = CARTESIAN_POINT ( 'NONE',  ( -10.73718450109848810, 40.60895052196913468, 35.96364425297109335 ) ) ;
#401 = DIRECTION ( 'NONE',  ( 0.000000000000000000, 0.000000000000000000, 1.000000000000000000 ) ) ;
#402 = VERTEX_POINT ( 'NONE', #557 ) ;
#403 = CYLINDRICAL_SURFACE ( 'NONE', #2660, 2.299999999999999822 ) ;
#404 = CARTESIAN_POINT ( 'NONE',  ( 29.84362863863176685, -4.499999999999995559, 15.86813882216303639 ) ) ;
#405 = CARTESIAN_POINT ( 'NONE',  ( 5.505144713175352985E-23, 29.10000000000000497, 37.50000000000000000 ) ) ;
#406 = VECTOR ( 'NONE', #372, 1000.000000000000114 ) ;
#407 = CARTESIAN_POINT ( 'NONE',  ( -1.161256095793429255, 6.084277944834489915, 37.48264998781112212 ) ) ;
#408 = CARTESIAN_POINT ( 'NONE',  ( 30.22111981601965169, -4.499999999999995559, 13.01091530468876734 ) ) ;
#409 = DIRECTION ( 'NONE',  ( 0.000000000000000000, -1.000000000000000000, 0.000000000000000000 ) ) ;
#410 = ORIENTED_EDGE ( 'NONE', *, *, #431, .T. ) ;
#411 = CARTESIAN_POINT ( 'NONE',  ( -3.484918042149056205, 24.56647791380096635, 37.33774891562305243 ) ) ;
#412 = CARTESIAN_POINT ( 'NONE',  ( -10.93795963310023822, 10.02983928145269488, -35.90460565501812340 ) ) ;
#413 = ORIENTED_EDGE ( 'NONE', *, *, #1851, .F. ) ;
#414 = VERTEX_POINT ( 'NONE', #808 ) ;
#415 = EDGE_CURVE ( 'NONE', #2513, #1536, #1193, .T. ) ;
#416 = DIRECTION ( 'NONE',  ( 0.000000000000000000, 0.000000000000000000, -1.000000000000000000 ) ) ;
#417 = ORIENTED_EDGE ( 'NONE', *, *, #1535, .T. ) ;
#418 = EDGE_CURVE ( 'NONE', #1517, #882, #2573, .T. ) ;
#419 = FACE_OUTER_BOUND ( 'NONE', #1149, .T. ) ;
#420 = LINE ( 'NONE', #2973, #3242 ) ;
#421 = LINE ( 'NONE', #136, #1492 ) ;
#422 = CARTESIAN_POINT ( 'NONE',  ( -1.595518986709965725, 28.73573336674624557, 37.46667700449316385 ) ) ;
#423 = FACE_OUTER_BOUND ( 'NONE', #451, .T. ) ;
#424 = CARTESIAN_POINT ( 'NONE',  ( -0.9352041849212830993, 12.98436553872055654, 37.48904774536562456 ) ) ;
#425 = LINE ( 'NONE', #695, #1941 ) ;
#426 = EDGE_LOOP ( 'NONE', ( #207, #3381, #1474, #445 ) ) ;
#427 = ORIENTED_EDGE ( 'NONE', *, *, #2671, .T. ) ;
#428 = VERTEX_POINT ( 'NONE', #1147 ) ;
#429 = LINE ( 'NONE', #224, #2899 ) ;
#430 = FACE_OUTER_BOUND ( 'NONE', #3276, .T. ) ;
#431 = EDGE_CURVE ( 'NONE', #2456, #18, #2649, .T. ) ;
#432 = ORIENTED_EDGE ( 'NONE', *, *, #3113, .T. ) ;
#433 = ADVANCED_FACE ( 'NONE', ( #2540 ), #281, .T. ) ;
#434 = PLANE ( 'NONE',  #1627 ) ;
#435 = CARTESIAN_POINT ( 'NONE',  ( 3.485031250318083362, 10.43255242700950625, 37.33773792026916283 ) ) ;
#436 = VECTOR ( 'NONE', #2255, 1000.000000000000000 ) ;
#437 = AXIS2_PLACEMENT_3D ( 'NONE', #1903, #1371, #1291 ) ;
#438 = DIRECTION ( 'NONE',  ( -0.000000000000000000, 1.000000000000000000, -0.000000000000000000 ) ) ;
#439 = CARTESIAN_POINT ( 'NONE',  ( 0.000000000000000000, 2.000000000000000000, 0.000000000000000000 ) ) ;
#440 = AXIS2_PLACEMENT_3D ( 'NONE', #1232, #156, #959 ) ;
#441 = AXIS2_PLACEMENT_3D ( 'NONE', #447, #1931, #2480 ) ;
#442 = DIRECTION ( 'NONE',  ( -0.000000000000000000, 1.000000000000000000, -0.000000000000000000 ) ) ;
#443 = FACE_OUTER_BOUND ( 'NONE', #899, .T. ) ;
#444 = VERTEX_POINT ( 'NONE', #3103 ) ;
#445 = ORIENTED_EDGE ( 'NONE', *, *, #493, .F. ) ;
#446 = DIRECTION ( 'NONE',  ( -0.000000000000000000, 1.000000000000000000, -0.000000000000000000 ) ) ;
#447 = CARTESIAN_POINT ( 'NONE',  ( -2.700000000000000178, 4.591545564695379333, 33.79999999999999716 ) ) ;
#448 = ORIENTED_EDGE ( 'NONE', *, *, #1596, .F. ) ;
#449 = AXIS2_PLACEMENT_3D ( 'NONE', #354, #3438, #2624 ) ;
#450 = DIRECTION ( 'NONE',  ( -0.8829475928589280986, 0.000000000000000000, 0.4694715627858886409 ) ) ;
#451 = EDGE_LOOP ( 'NONE', ( #1966, #2834, #88, #1647 ) ) ;
#452 = ORIENTED_EDGE ( 'NONE', *, *, #189, .T. ) ;
#453 = DIRECTION ( 'NONE',  ( -0.000000000000000000, -1.000000000000000000, 0.000000000000000000 ) ) ;
#454 = DIRECTION ( 'NONE',  ( -0.000000000000000000, 1.000000000000000000, -0.000000000000000000 ) ) ;
#455 = EDGE_CURVE ( 'NONE', #2302, #559, #345, .T. ) ;
#456 = CARTESIAN_POINT ( 'NONE',  ( -2.377602697186875336, 28.21357366551896462, 37.42492983538997464 ) ) ;
#457 = EDGE_CURVE ( 'NONE', #1833, #2550, #298, .T. ) ;
#458 = EDGE_CURVE ( 'NONE', #779, #1890, #2828, .T. ) ;
#459 = DIRECTION ( 'NONE',  ( -0.000000000000000000, 1.000000000000000000, -0.000000000000000000 ) ) ;
#460 = DIRECTION ( 'NONE',  ( 0.000000000000000000, 0.000000000000000000, 1.000000000000000000 ) ) ;
#461 = CARTESIAN_POINT ( 'NONE',  ( 16.28124393624038291, 0.000000000000000000, -28.70402577842760294 ) ) ;
#462 = DIRECTION ( 'NONE',  ( -1.000000000000000000, 0.000000000000000000, -0.000000000000000000 ) ) ;
#463 = EDGE_CURVE ( 'NONE', #3038, #2712, #264, .T. ) ;
#464 = ORIENTED_EDGE ( 'NONE', *, *, #180, .T. ) ;
#466 = VECTOR ( 'NONE', #982, 1000.000000000000000 ) ;
#465 = AXIS2_PLACEMENT_3D ( 'NONE', #1357, #2548, #751 ) ;
#467 = CARTESIAN_POINT ( 'NONE',  ( 20.63376526497293284, 41.08888372090528662, 37.88466353275418896 ) ) ;
#468 = CARTESIAN_POINT ( 'NONE',  ( 29.84362863863176685, 0.000000000000000000, 15.86813882216303639 ) ) ;
#469 = VECTOR ( 'NONE', #1226, 1000.000000000000000 ) ;
#470 = DIRECTION ( 'NONE',  ( 0.000000000000000000, -1.000000000000000000, 0.000000000000000000 ) ) ;
#471 = EDGE_LOOP ( 'NONE', ( #3521, #1030, #2150, #3382, #3094 ) ) ;
#472 = LINE ( 'NONE', #1836, #2678 ) ;
#473 = ORIENTED_EDGE ( 'NONE', *, *, #139, .F. ) ;
#474 = DIRECTION ( 'NONE',  ( 0.000000000000000000, 0.000000000000000000, 1.000000000000000000 ) ) ;
#475 = DIRECTION ( 'NONE',  ( -0.000000000000000000, -1.000000000000000000, 0.000000000000000000 ) ) ;
#476 = CARTESIAN_POINT ( 'NONE',  ( -37.50000000000000000, 41.50000000000000000, 0.000000000000000000 ) ) ;
#477 = FACE_OUTER_BOUND ( 'NONE', #304, .T. ) ;
#478 = VECTOR ( 'NONE', #1651, 1000.000000000000227 ) ;
#479 = EDGE_CURVE ( 'NONE', #821, #3411, #2555, .T. ) ;
#480 = DIRECTION ( 'NONE',  ( 0.000000000000000000, 0.000000000000000000, 1.000000000000000000 ) ) ;
#481 = EDGE_LOOP ( 'NONE', ( #592, #2739, #866, #2579, #1240, #1385, #2866, #1305, #3422, #203, #610, #970, #1991, #2870, #3056, #1359, #1327, #2193, #3482, #1926, #1387, #356, #2190, #2251, #1967, #628, #3208, #825, #3, #680, #3127, #2829, #1341, #3062 ) ) ;
#482 = PLANE ( 'NONE',  #3512 ) ;
#483 = CARTESIAN_POINT ( 'NONE',  ( -20.37382813240432000, 41.14454014357575318, 38.16044816085873492 ) ) ;
#484 = VERTEX_POINT ( 'NONE', #3419 ) ;
#485 = EDGE_CURVE ( 'NONE', #1367, #2322, #3542, .T. ) ;
#486 = CARTESIAN_POINT ( 'NONE',  ( 19.86714152748543682, 0.000000000000000000, -29.09477440987333452 ) ) ;
#487 = DIRECTION ( 'NONE',  ( -0.000000000000000000, 1.000000000000000000, -0.000000000000000000 ) ) ;
#488 = DIRECTION ( 'NONE',  ( 0.000000000000000000, 0.000000000000000000, -1.000000000000000000 ) ) ;
#489 = EDGE_LOOP ( 'NONE', ( #1630, #3517 ) ) ;
#490 = DIRECTION ( 'NONE',  ( 0.000000000000000000, 0.000000000000000000, 1.000000000000000000 ) ) ;
#491 = VERTEX_POINT ( 'NONE', #2881 ) ;
#492 = DIRECTION ( 'NONE',  ( 0.000000000000000000, 0.000000000000000000, 1.000000000000000000 ) ) ;
#493 = EDGE_CURVE ( 'NONE', #283, #2304, #2267, .T. ) ;
#494 = FACE_OUTER_BOUND ( 'NONE', #577, .T. ) ;
#495 = AXIS2_PLACEMENT_3D ( 'NONE', #86, #1200, #3247 ) ;
#496 = DIRECTION ( 'NONE',  ( 0.000000000000000000, 0.000000000000000000, 1.000000000000000000 ) ) ;
#497 = AXIS2_PLACEMENT_3D ( 'NONE', #1330, #2501, #2796 ) ;
#498 = CARTESIAN_POINT ( 'NONE',  ( 2.193741137042969580, 22.63595868196951599, 37.43629020185746015 ) ) ;
#499 = CARTESIAN_POINT ( 'NONE',  ( -16.28124393624079858, -4.499999999999995559, -28.70402577842735781 ) ) ;
#500 = CARTESIAN_POINT ( 'NONE',  ( 20.14019656043153361, 41.19930157235894796, 38.46116449154678918 ) ) ;
#501 = VECTOR ( 'NONE', #3081, 1000.000000000000000 ) ;
#502 = CARTESIAN_POINT ( 'NONE',  ( -19.03715503858218838, 41.48920095884166415, 41.23375809187407981 ) ) ;
#503 = ORIENTED_EDGE ( 'NONE', *, *, #567, .T. ) ;
#504 = EDGE_CURVE ( 'NONE', #269, #3693, #1731, .T. ) ;
#505 = AXIS2_PLACEMENT_3D ( 'NONE', #1104, #2468, #3064 ) ;
#506 = ADVANCED_FACE ( 'NONE', ( #2901 ), #333, .T. ) ;
#507 = CARTESIAN_POINT ( 'NONE',  ( -23.44310535448040511, 10.83579523321052918, -29.31109784913575567 ) ) ;
#508 = ORIENTED_EDGE ( 'NONE', *, *, #1693, .T. ) ;
#509 = EDGE_CURVE ( 'NONE', #3089, #655, #3074, .T. ) ;
#510 = ADVANCED_FACE ( 'NONE', ( #3267 ), #67, .F. ) ;
#511 = DIRECTION ( 'NONE',  ( -0.000000000000000000, 1.000000000000000000, -0.000000000000000000 ) ) ;
#512 = ORIENTED_EDGE ( 'NONE', *, *, #1119, .T. ) ;
#513 = ORIENTED_EDGE ( 'NONE', *, *, #2269, .T. ) ;
#514 = AXIS2_PLACEMENT_3D ( 'NONE', #3221, #3511, #996 ) ;
#515 = CARTESIAN_POINT ( 'NONE',  ( -23.76899258399408055, 40.19985465897735111, 34.55829191491233132 ) ) ;
#516 = DIRECTION ( 'NONE',  ( 0.000000000000000000, 0.000000000000000000, 1.000000000000000000 ) ) ;
#517 = CARTESIAN_POINT ( 'NONE',  ( -17.32499999999999929, -3.499999999999996003, 17.32500000000000284 ) ) ;
#518 = DIRECTION ( 'NONE',  ( 0.000000000000000000, -0.000000000000000000, -1.000000000000000000 ) ) ;
#519 = CARTESIAN_POINT ( 'NONE',  ( 17.32500000000000284, 0.000000000000000000, 19.62500000000000000 ) ) ;
#520 = CARTESIAN_POINT ( 'NONE',  ( 3.234701216250172262, 23.90262623817893939, 37.36033793018083315 ) ) ;
#521 = EDGE_LOOP ( 'NONE', ( #3141, #2118 ) ) ;
#522 = CARTESIAN_POINT ( 'NONE',  ( 2.081899558550500280E-15, 0.000000000000000000, -17.00000000000000000 ) ) ;
#523 = ORIENTED_EDGE ( 'NONE', *, *, #2823, .T. ) ;
#524 = VERTEX_POINT ( 'NONE', #1788 ) ;
#525 = LINE ( 'NONE', #3076, #1732 ) ;
#526 = VECTOR ( 'NONE', #1749, 1000.000000000000000 ) ;
#527 = EDGE_LOOP ( 'NONE', ( #2226, #2280, #612, #2401 ) ) ;
#528 = ORIENTED_EDGE ( 'NONE', *, *, #1422, .F. ) ;
#529 = EDGE_CURVE ( 'NONE', #913, #2119, #1542, .T. ) ;
#530 = ORIENTED_EDGE ( 'NONE', *, *, #3547, .T. ) ;
#531 = ORIENTED_EDGE ( 'NONE', *, *, #2067, .F. ) ;
#532 = DIRECTION ( 'NONE',  ( 0.000000000000000000, 0.000000000000000000, -1.000000000000000000 ) ) ;
#533 = DIRECTION ( 'NONE',  ( 0.000000000000000000, 0.000000000000000000, 1.000000000000000000 ) ) ;
#534 = DIRECTION ( 'NONE',  ( -0.000000000000000000, 1.000000000000000000, -0.000000000000000000 ) ) ;
#535 = CARTESIAN_POINT ( 'NONE',  ( -29.84362863863176685, 4.286263797015747072E-17, 14.11813882216303817 ) ) ;
#536 = CARTESIAN_POINT ( 'NONE',  ( 0.000000000000000000, 0.000000000000000000, 0.000000000000000000 ) ) ;
#537 = CARTESIAN_POINT ( 'NONE',  ( 17.32499999999999574, 0.000000000000000000, -17.32499999999999574 ) ) ;
#538 = EDGE_LOOP ( 'NONE', ( #2257, #2337, #1406, #299 ) ) ;
#539 = DIRECTION ( 'NONE',  ( 0.000000000000000000, 0.000000000000000000, -1.000000000000000000 ) ) ;
#540 = CARTESIAN_POINT ( 'NONE',  ( -29.84362863863176685, -4.499999999999995559, 15.86813882216303639 ) ) ;
#541 = ORIENTED_EDGE ( 'NONE', *, *, #1496, .F. ) ;
#542 = ORIENTED_EDGE ( 'NONE', *, *, #1100, .T. ) ;
#543 = DIRECTION ( 'NONE',  ( 0.000000000000000000, 0.000000000000000000, -1.000000000000000000 ) ) ;
#544 = VERTEX_POINT ( 'NONE', #2093 ) ;
#545 = EDGE_LOOP ( 'NONE', ( #1345, #1219, #1084, #1363 ) ) ;
#546 = ADVANCED_FACE ( 'NONE', ( #694 ), #102, .F. ) ;
#547 = EDGE_CURVE ( 'NONE', #797, #3086, #604, .T. ) ;
#548 = CARTESIAN_POINT ( 'NONE',  ( -35.67810946079799805, 13.93425673164863632, -20.20080457069264313 ) ) ;
#549 = DIRECTION ( 'NONE',  ( 0.000000000000000000, 0.000000000000000000, 1.000000000000000000 ) ) ;
#550 = DIRECTION ( 'NONE',  ( 0.000000000000000000, 0.000000000000000000, -1.000000000000000000 ) ) ;
#551 = VECTOR ( 'NONE', #550, 1000.000000000000000 ) ;
#552 = DIRECTION ( 'NONE',  ( 0.000000000000000000, -1.000000000000000000, 0.000000000000000000 ) ) ;
#553 = ORIENTED_EDGE ( 'NONE', *, *, #1857, .F. ) ;
#554 = VECTOR ( 'NONE', #723, 1000.000000000000000 ) ;
#555 = FACE_OUTER_BOUND ( 'NONE', #1131, .T. ) ;
#556 = CIRCLE ( 'NONE', #1074, 1.749999999999998002 ) ;
#557 = CARTESIAN_POINT ( 'NONE',  ( -21.45895270024042745, -6.499999999999995559, -24.94220016375548710 ) ) ;
#558 = ORIENTED_EDGE ( 'NONE', *, *, #2457, .T. ) ;
#559 = VERTEX_POINT ( 'NONE', #1180 ) ;
#560 = PRESENTATION_LAYER_ASSIGNMENT (  '', '', ( #2158 ) ) ;
#561 = VERTEX_POINT ( 'NONE', #2626 ) ;
#562 = ORIENTED_EDGE ( 'NONE', *, *, #1886, .T. ) ;
#563 = DIRECTION ( 'NONE',  ( 0.000000000000000000, 1.000000000000000000, 0.000000000000000000 ) ) ;
#564 = CARTESIAN_POINT ( 'NONE',  ( 3.600000000000000089, 9.500000000000003553, 37.32680002357555082 ) ) ;
#565 = CIRCLE ( 'NONE', #1027, 2.700000000000001066 ) ;
#566 = DIRECTION ( 'NONE',  ( 1.000000000000000000, 0.000000000000000000, 0.000000000000000000 ) ) ;
#567 = EDGE_CURVE ( 'NONE', #231, #53, #1766, .T. ) ;
#568 = CARTESIAN_POINT ( 'NONE',  ( -1.553387462478704739, 41.00746373428631131, 37.50000000000000711 ) ) ;
#569 = DIRECTION ( 'NONE',  ( -0.000000000000000000, -1.000000000000000000, -0.000000000000000000 ) ) ;
#570 = EDGE_CURVE ( 'NONE', #1509, #561, #3182, .T. ) ;
#571 = AXIS2_PLACEMENT_3D ( 'NONE', #937, #958, #992 ) ;
#572 = EDGE_CURVE ( 'NONE', #1031, #2712, #2351, .T. ) ;
#573 = DIRECTION ( 'NONE',  ( 0.000000000000000000, -1.000000000000000000, 0.000000000000000000 ) ) ;
#574 = ORIENTED_EDGE ( 'NONE', *, *, #185, .F. ) ;
#575 = CARTESIAN_POINT ( 'NONE',  ( 17.32499999999999574, -6.499999999999996447, -16.22500000000000142 ) ) ;
#576 = ORIENTED_EDGE ( 'NONE', *, *, #962, .T. ) ;
#577 = EDGE_LOOP ( 'NONE', ( #1544, #357, #3404, #3034 ) ) ;
#578 = ORIENTED_EDGE ( 'NONE', *, *, #3342, .T. ) ;
#579 = EDGE_LOOP ( 'NONE', ( #2464, #2651 ) ) ;
#580 = CARTESIAN_POINT ( 'NONE',  ( -3.599999999999999645, 25.50000000000000355, 37.32680002357555082 ) ) ;
#581 = AXIS2_PLACEMENT_3D ( 'NONE', #1534, #1248, #2968 ) ;
#582 = CARTESIAN_POINT ( 'NONE',  ( 2.193741137042968692, 6.635958681969514217, 37.43629020185744594 ) ) ;
#583 = CARTESIAN_POINT ( 'NONE',  ( 1.803600155767354440, 28.62459445210500419, 37.45712067788233668 ) ) ;
#584 = CARTESIAN_POINT ( 'NONE',  ( -17.60023300328819218, 9.999999999999992895, -37.04708937172013350 ) ) ;
#585 = CARTESIAN_POINT ( 'NONE',  ( 0.000000000000000000, -6.499999999999995559, 0.000000000000000000 ) ) ;
#586 = ORIENTED_EDGE ( 'NONE', *, *, #320, .F. ) ;
#587 = DIRECTION ( 'NONE',  ( -0.000000000000000000, 1.000000000000000000, -0.000000000000000000 ) ) ;
#588 = EDGE_CURVE ( 'NONE', #1545, #3251, #2116, .T. ) ;
#589 = CARTESIAN_POINT ( 'NONE',  ( 33.42754317327451474, 12.42058349723780175, -23.76390381139081498 ) ) ;
#590 = DIRECTION ( 'NONE',  ( 0.000000000000000000, 0.000000000000000000, 1.000000000000000000 ) ) ;
#591 = EDGE_CURVE ( 'NONE', #559, #2700, #926, .T. ) ;
#592 = ORIENTED_EDGE ( 'NONE', *, *, #673, .F. ) ;
#593 = ORIENTED_EDGE ( 'NONE', *, *, #878, .T. ) ;
#594 = AXIS2_PLACEMENT_3D ( 'NONE', #1259, #2448, #3324 ) ;
#595 = VERTEX_POINT ( 'NONE', #408 ) ;
#596 = VERTEX_POINT ( 'NONE', #3475 ) ;
#597 = CARTESIAN_POINT ( 'NONE',  ( 3.483645302962412149, 8.561649776804989287, 37.33786814577990754 ) ) ;
#598 = CYLINDRICAL_SURFACE ( 'NONE', #1674, 40.00000000000000711 ) ;
#599 = CARTESIAN_POINT ( 'NONE',  ( -24.31199849496474741, 10.22534148249690666, -33.08845506723683627 ) ) ;
#600 = CARTESIAN_POINT ( 'NONE',  ( -29.84362863863176685, 4.286263797015747072E-17, 17.61813882216303284 ) ) ;
#601 = LINE ( 'NONE', #861, #787 ) ;
#602 = DIRECTION ( 'NONE',  ( -0.000000000000000000, 1.000000000000000000, -0.000000000000000000 ) ) ;
#603 = ORIENTED_EDGE ( 'NONE', *, *, #1489, .T. ) ;
#604 = CIRCLE ( 'NONE', #670, 32.00000000000000000 ) ;
#605 = ORIENTED_EDGE ( 'NONE', *, *, #2697, .T. ) ;
#606 = DIRECTION ( 'NONE',  ( 0.000000000000000000, 0.000000000000000000, -1.000000000000000000 ) ) ;
#607 = EDGE_CURVE ( 'NONE', #54, #1662, #2995, .T. ) ;
#608 = AXIS2_PLACEMENT_3D ( 'NONE', #1773, #2653, #1560 ) ;
#609 = AXIS2_PLACEMENT_3D ( 'NONE', #2762, #1954, #2198 ) ;
#610 = ORIENTED_EDGE ( 'NONE', *, *, #962, .F. ) ;
#611 = EDGE_CURVE ( 'NONE', #3596, #2094, #658, .T. ) ;
#612 = ORIENTED_EDGE ( 'NONE', *, *, #3461, .F. ) ;
#613 = EDGE_CURVE ( 'NONE', #750, #3654, #2784, .T. ) ;
#614 = VECTOR ( 'NONE', #3171, 999.9999999999998863 ) ;
#615 = FACE_BOUND ( 'NONE', #1263, .T. ) ;
#616 = CARTESIAN_POINT ( 'NONE',  ( 4.639417720066364873E-15, 0.000000000000000000, -37.76399233727723725 ) ) ;
#617 = CARTESIAN_POINT ( 'NONE',  ( 3.122771200168515282, 7.693290486411447304, 37.36998418821371359 ) ) ;
#618 = CARTESIAN_POINT ( 'NONE',  ( 20.63376526497292929, -2.999999999999981792, 37.88466353275418896 ) ) ;
#619 = LINE ( 'NONE', #3490, #436 ) ;
#620 = LINE ( 'NONE', #3190, #3256 ) ;
#621 = CIRCLE ( 'NONE', #2600, 1.000000000000000888 ) ;
#622 = LINE ( 'NONE', #675, #347 ) ;
#623 = CARTESIAN_POINT ( 'NONE',  ( -3.600000000000000533, 9.734967157384284420, 37.32680002357555082 ) ) ;
#624 = EDGE_LOOP ( 'NONE', ( #3165, #603, #2171, #1988, #2341, #2981, #182, #188, #2966, #503, #2595, #374 ) ) ;
#625 = ORIENTED_EDGE ( 'NONE', *, *, #3384, .F. ) ;
#626 = CARTESIAN_POINT ( 'NONE',  ( -3.099818118766743069, 40.98687970352550991, 37.40384741954516556 ) ) ;
#627 = DIRECTION ( 'NONE',  ( -0.5877852522924685852, 0.000000000000000000, 0.8090169943749507819 ) ) ;
#628 = ORIENTED_EDGE ( 'NONE', *, *, #3362, .T. ) ;
#629 = ORIENTED_EDGE ( 'NONE', *, *, #1451, .T. ) ;
#630 = FACE_BOUND ( 'NONE', #3209, .T. ) ;
#631 = EDGE_CURVE ( 'NONE', #3255, #760, #709, .T. ) ;
#632 = DIRECTION ( 'NONE',  ( -0.000000000000000000, 1.000000000000000000, -0.000000000000000000 ) ) ;
#633 = CARTESIAN_POINT ( 'NONE',  ( -29.76057345823567246, -6.499999999999995559, 11.76045353874408939 ) ) ;
#634 = CARTESIAN_POINT ( 'NONE',  ( 15.37951737092450522, 10.13401774473375916, -34.21043889337350663 ) ) ;
#635 = AXIS2_PLACEMENT_3D ( 'NONE', #1698, #1111, #2259 ) ;
#636 = PLANE ( 'NONE',  #2774 ) ;
#637 = LINE ( 'NONE', #2933, #2969 ) ;
#638 = DIRECTION ( 'NONE',  ( -0.000000000000000000, 1.000000000000000000, -0.000000000000000000 ) ) ;
#639 = ORIENTED_EDGE ( 'NONE', *, *, #2201, .T. ) ;
#640 = ORIENTED_EDGE ( 'NONE', *, *, #3218, .F. ) ;
#641 = CARTESIAN_POINT ( 'NONE',  ( -17.32499999999999929, -13.00538238691623150, -19.62499999999999645 ) ) ;
#642 = DIRECTION ( 'NONE',  ( 0.000000000000000000, 0.000000000000000000, 1.000000000000000000 ) ) ;
#643 = ORIENTED_EDGE ( 'NONE', *, *, #859, .T. ) ;
#644 = ORIENTED_EDGE ( 'NONE', *, *, #1378, .F. ) ;
#645 = AXIS2_PLACEMENT_3D ( 'NONE', #2904, #359, #606 ) ;
#646 = CARTESIAN_POINT ( 'NONE',  ( -22.26796969461537046, 0.000000000000000000, -24.35441491146300663 ) ) ;
#647 = CARTESIAN_POINT ( 'NONE',  ( 0.000000000000000000, -4.499999999999995559, 35.54999999999999716 ) ) ;
#648 = CARTESIAN_POINT ( 'NONE',  ( 0.2350144737666127470, 29.10000000000000497, 37.50000000000000711 ) ) ;
#649 = CARTESIAN_POINT ( 'NONE',  ( 3.415702419277542923, 10.66132800422690252, 37.34422605414654583 ) ) ;
#650 = ADVANCED_FACE ( 'NONE', ( #2729 ), #2474, .F. ) ;
#651 = PLANE ( 'NONE',  #1389 ) ;
#652 = CYLINDRICAL_SURFACE ( 'NONE', #1460, 2.700000000000001066 ) ;
#653 = CARTESIAN_POINT ( 'NONE',  ( 17.32500000000000284, -13.00538238691623150, 17.32499999999999929 ) ) ;
#654 = ORIENTED_EDGE ( 'NONE', *, *, #2697, .F. ) ;
#655 = VERTEX_POINT ( 'NONE', #3285 ) ;
#656 = CARTESIAN_POINT ( 'NONE',  ( 17.32499999999999574, 0.000000000000000000, -17.32499999999999574 ) ) ;
#657 = DIRECTION ( 'NONE',  ( -0.5877852522924797984, 0.000000000000000000, -0.8090169943749424553 ) ) ;
#658 = CIRCLE ( 'NONE', #3603, 1.100000000000000311 ) ;
#659 = CARTESIAN_POINT ( 'NONE',  ( -19.86714152748583118, 4.286263797015747072E-17, -25.59477440987304675 ) ) ;
#660 = ORIENTED_EDGE ( 'NONE', *, *, #230, .T. ) ;
#661 = ORIENTED_EDGE ( 'NONE', *, *, #2823, .F. ) ;
#662 = AXIS2_PLACEMENT_3D ( 'NONE', #1708, #61, #368 ) ;
#663 = CIRCLE ( 'NONE', #2397, 1.099999999999996758 ) ;
#664 = CARTESIAN_POINT ( 'NONE',  ( -31.11120185815366312, -4.499999999999995559, 13.48418032144392953 ) ) ;
#665 = AXIS2_PLACEMENT_3D ( 'NONE', #2788, #2254, #3630 ) ;
#666 = VERTEX_POINT ( 'NONE', #749 ) ;
#667 = VECTOR ( 'NONE', #824, 1000.000000000000000 ) ;
#668 = CARTESIAN_POINT ( 'NONE',  ( -31.11120185815366312, -4.499999999999995559, 13.48418032144392953 ) ) ;
#669 = VECTOR ( 'NONE', #2113, 1000.000000000000000 ) ;
#670 = AXIS2_PLACEMENT_3D ( 'NONE', #3207, #638, #1238 ) ;
#671 = CARTESIAN_POINT ( 'NONE',  ( 27.21650181418996084, 0.000000000000000000, 18.66177989898590539 ) ) ;
#672 = CARTESIAN_POINT ( 'NONE',  ( 0.000000000000000000, -5.900000000000012790, 0.000000000000000000 ) ) ;
#673 = EDGE_CURVE ( 'NONE', #1103, #3622, #2958, .T. ) ;
#674 = CARTESIAN_POINT ( 'NONE',  ( -17.32499999999999929, 0.000000000000000000, -18.42499999999999716 ) ) ;
#675 = CARTESIAN_POINT ( 'NONE',  ( 0.000000000000000000, 0.000000000000000000, 27.19999999999999929 ) ) ;
#676 = CARTESIAN_POINT ( 'NONE',  ( 31.11120185815366312, 4.983751639017303781, 13.48418032144392953 ) ) ;
#677 = AXIS2_PLACEMENT_3D ( 'NONE', #2447, #3066, #2471 ) ;
#678 = ORIENTED_EDGE ( 'NONE', *, *, #793, .T. ) ;
#679 = LINE ( 'NONE', #3032, #288 ) ;
#680 = ORIENTED_EDGE ( 'NONE', *, *, #2772, .F. ) ;
#681 = CARTESIAN_POINT ( 'NONE',  ( -3.599999999999999645, 25.50000000000000355, 37.32680002357555082 ) ) ;
#682 = VECTOR ( 'NONE', #438, 1000.000000000000000 ) ;
#683 = DIRECTION ( 'NONE',  ( 1.000000000000000000, 0.000000000000000000, 0.000000000000000000 ) ) ;
#684 = ORIENTED_EDGE ( 'NONE', *, *, #1032, .F. ) ;
#685 = ORIENTED_EDGE ( 'NONE', *, *, #183, .F. ) ;
#686 = AXIS2_PLACEMENT_3D ( 'NONE', #3507, #2971, #1271 ) ;
#687 = CARTESIAN_POINT ( 'NONE',  ( 24.25778983599400718, 10.23987637978905418, -33.07250129919568593 ) ) ;
#688 = ORIENTED_EDGE ( 'NONE', *, *, #3050, .F. ) ;
#689 = FACE_BOUND ( 'NONE', #1325, .T. ) ;
#690 = CARTESIAN_POINT ( 'NONE',  ( 17.32499999999999574, 0.000000000000000000, -15.02499999999999680 ) ) ;
#691 = DIRECTION ( 'NONE',  ( -0.000000000000000000, -1.000000000000000000, -0.000000000000000000 ) ) ;
#692 = CARTESIAN_POINT ( 'NONE',  ( 0.000000000000000000, 4.286263797015747072E-17, 33.79999999999999716 ) ) ;
#693 = CARTESIAN_POINT ( 'NONE',  ( 15.49999999999999289, -6.499999999999995559, 41.99999999999999289 ) ) ;
#694 = FACE_OUTER_BOUND ( 'NONE', #2967, .T. ) ;
#695 = CARTESIAN_POINT ( 'NONE',  ( 19.00000000000000000, 41.50000000000000000, 45.00000000000000000 ) ) ;
#696 = ORIENTED_EDGE ( 'NONE', *, *, #20, .F. ) ;
#697 = EDGE_LOOP ( 'NONE', ( #2596, #2617 ) ) ;
#698 = EDGE_CURVE ( 'NONE', #2421, #3533, #2279, .T. ) ;
#699 = EDGE_CURVE ( 'NONE', #1686, #2433, #2147, .T. ) ;
#700 = ORIENTED_EDGE ( 'NONE', *, *, #66, .F. ) ;
#701 = DIRECTION ( 'NONE',  ( -0.000000000000000000, 1.000000000000000000, -0.000000000000000000 ) ) ;
#702 = FACE_BOUND ( 'NONE', #305, .T. ) ;
#703 = AXIS2_PLACEMENT_3D ( 'NONE', #2505, #3355, #3656 ) ;
#704 = CARTESIAN_POINT ( 'NONE',  ( 17.32499999999999574, -13.00538238691623150, -17.32499999999999574 ) ) ;
#705 = AXIS2_PLACEMENT_3D ( 'NONE', #149, #2478, #2417 ) ;
#706 = EDGE_CURVE ( 'NONE', #1545, #3405, #317, .T. ) ;
#707 = CARTESIAN_POINT ( 'NONE',  ( -17.32499999999999929, -13.00538238691623150, 15.02500000000000391 ) ) ;
#708 = CARTESIAN_POINT ( 'NONE',  ( 2.326828918379971365E-15, -6.499999999999995559, 19.00000000000000355 ) ) ;
#709 = LINE ( 'NONE', #3030, #2465 ) ;
#710 = DIRECTION ( 'NONE',  ( 0.000000000000000000, -1.000000000000000000, 0.000000000000000000 ) ) ;
#711 = ORIENTED_EDGE ( 'NONE', *, *, #2297, .T. ) ;
#712 = ORIENTED_EDGE ( 'NONE', *, *, #829, .T. ) ;
#713 = ADVANCED_BREP_SHAPE_REPRESENTATION ( '3d-printed-part', ( #1835, #738 ), #399 ) ;
#714 = CARTESIAN_POINT ( 'NONE',  ( 0.000000000000000000, 10.00000000000003908, 0.000000000000000000 ) ) ;
#715 = ORIENTED_EDGE ( 'NONE', *, *, #3384, .T. ) ;
#716 = EDGE_CURVE ( 'NONE', #1148, #1509, #1067, .T. ) ;
#717 = CARTESIAN_POINT ( 'NONE',  ( 27.27546628700075715, 10.59493260668102188, -30.61627734294051351 ) ) ;
#718 = ADVANCED_FACE ( 'NONE', ( #2747 ), #3571, .F. ) ;
#719 = EDGE_CURVE ( 'NONE', #1085, #1007, #220, .T. ) ;
#720 = ORIENTED_EDGE ( 'NONE', *, *, #3358, .T. ) ;
#721 = VECTOR ( 'NONE', #2429, 1000.000000000000000 ) ;
#722 = CARTESIAN_POINT ( 'NONE',  ( -18.08679500287380648, -6.499999999999995559, 35.48405059352749902 ) ) ;
#723 = DIRECTION ( 'NONE',  ( -0.000000000000000000, 1.000000000000000000, -0.000000000000000000 ) ) ;
#724 = AXIS2_PLACEMENT_3D ( 'NONE', #1196, #3217, #2945 ) ;
#725 = DIRECTION ( 'NONE',  ( -0.000000000000000000, 1.000000000000000000, -0.000000000000000000 ) ) ;
#726 = DIRECTION ( 'NONE',  ( 1.000000000000000000, 0.000000000000000000, 0.000000000000000000 ) ) ;
#727 = AXIS2_PLACEMENT_3D ( 'NONE', #1284, #796, #1847 ) ;
#728 = DIRECTION ( 'NONE',  ( -0.000000000000000000, 1.000000000000000000, -0.000000000000000000 ) ) ;
#729 = DIRECTION ( 'NONE',  ( 1.000000000000000000, 0.000000000000000000, 0.000000000000000000 ) ) ;
#730 = LINE ( 'NONE', #3609, #466 ) ;
#731 = ORIENTED_EDGE ( 'NONE', *, *, #1646, .F. ) ;
#732 = VERTEX_POINT ( 'NONE', #1561 ) ;
#733 = DIRECTION ( 'NONE',  ( 0.000000000000000000, 0.000000000000000000, 1.000000000000000000 ) ) ;
#734 = DIRECTION ( 'NONE',  ( -0.000000000000000000, 1.000000000000000000, -0.000000000000000000 ) ) ;
#735 = ORIENTED_EDGE ( 'NONE', *, *, #1119, .F. ) ;
#736 = AXIS2_PLACEMENT_3D ( 'NONE', #3397, #745, #518 ) ;
#737 = CARTESIAN_POINT ( 'NONE',  ( 29.32057608036819119, 10.94037944894555814, -28.74410914476263201 ) ) ;
#738 = AXIS2_PLACEMENT_3D ( 'NONE', #3372, #1063, #1087 ) ;
#739 = ORIENTED_EDGE ( 'NONE', *, *, #1934, .F. ) ;
#740 = LINE ( 'NONE', #1879, #3352 ) ;
#741 = ADVANCED_FACE ( 'NONE', ( #1322, #3052 ), #3327, .F. ) ;
#742 = CARTESIAN_POINT ( 'NONE',  ( 0.000000000000000000, -6.499999999999995559, 0.000000000000000000 ) ) ;
#743 = LINE ( 'NONE', #3065, #2646 ) ;
#744 = ADVANCED_FACE ( 'NONE', ( #980 ), #1020, .F. ) ;
#745 = DIRECTION ( 'NONE',  ( 0.000000000000000000, -1.000000000000000000, 0.000000000000000000 ) ) ;
#746 = DIRECTION ( 'NONE',  ( 0.000000000000000000, 0.000000000000000000, 1.000000000000000000 ) ) ;
#747 = DIRECTION ( 'NONE',  ( -0.000000000000000000, 1.000000000000000000, -0.000000000000000000 ) ) ;
#748 = VECTOR ( 'NONE', #1198, 1000.000000000000114 ) ;
#749 = CARTESIAN_POINT ( 'NONE',  ( 3.599999999999999645, 25.50000000000000355, 37.32680002357555082 ) ) ;
#750 = VERTEX_POINT ( 'NONE', #2128 ) ;
#751 = DIRECTION ( 'NONE',  ( 0.000000000000000000, 0.000000000000000000, 1.000000000000000000 ) ) ;
#752 = DIRECTION ( 'NONE',  ( 0.000000000000000000, 0.000000000000000000, 1.000000000000000000 ) ) ;
#753 = EDGE_LOOP ( 'NONE', ( #1416, #2321 ) ) ;
#754 = VECTOR ( 'NONE', #2036, 1000.000000000000000 ) ;
#755 = VECTOR ( 'NONE', #876, 1000.000000000000000 ) ;
#756 = LINE ( 'NONE', #2753, #3611 ) ;
#757 = VERTEX_POINT ( 'NONE', #1595 ) ;
#758 = CARTESIAN_POINT ( 'NONE',  ( -19.86714152748583118, -4.499999999999995559, -27.34477440987304320 ) ) ;
#759 = LINE ( 'NONE', #2281, #2300 ) ;
#760 = VERTEX_POINT ( 'NONE', #3011 ) ;
#761 = VERTEX_POINT ( 'NONE', #1420 ) ;
#762 = DIRECTION ( 'NONE',  ( -0.000000000000000000, 1.000000000000000000, -0.000000000000000000 ) ) ;
#763 = DIRECTION ( 'NONE',  ( -1.000000000000000000, 0.000000000000000000, 0.000000000000000000 ) ) ;
#764 = EDGE_CURVE ( 'NONE', #1714, #2097, #2391, .T. ) ;
#765 = DIRECTION ( 'NONE',  ( 0.000000000000000000, 0.000000000000000000, 1.000000000000000000 ) ) ;
#766 = CARTESIAN_POINT ( 'NONE',  ( 0.000000000000000000, 9.500000000000003553, -41.00099999999999767 ) ) ;
#767 = EDGE_CURVE ( 'NONE', #3251, #813, #1366, .T. ) ;
#768 = AXIS2_PLACEMENT_3D ( 'NONE', #2831, #34, #1968 ) ;
#769 = CARTESIAN_POINT ( 'NONE',  ( 0.4718702134260768233, 21.92336411233679883, 37.49773663573175497 ) ) ;
#770 = EDGE_CURVE ( 'NONE', #3194, #379, #1724, .T. ) ;
#771 = DIRECTION ( 'NONE',  ( 0.000000000000000000, 0.000000000000000000, -1.000000000000000000 ) ) ;
#772 = EDGE_CURVE ( 'NONE', #1498, #1949, #134, .T. ) ;
#773 = CARTESIAN_POINT ( 'NONE',  ( 20.63376526497293284, 41.08888372090528662, 37.88466353275418896 ) ) ;
#774 = CARTESIAN_POINT ( 'NONE',  ( 21.59318273417213518, -6.499999999999995559, -23.61640233838868852 ) ) ;
#775 = EDGE_LOOP ( 'NONE', ( #711, #660 ) ) ;
#776 = CARTESIAN_POINT ( 'NONE',  ( -21.54217971560632705, 10.57852973066439439, -30.70507945839318609 ) ) ;
#777 = EDGE_LOOP ( 'NONE', ( #944, #2634, #2592, #1288 ) ) ;
#778 = EDGE_LOOP ( 'NONE', ( #1667, #1207, #2317, #2178 ) ) ;
#779 = VERTEX_POINT ( 'NONE', #2079 ) ;
#780 = PRODUCT_CONTEXT ( 'NONE', #1168, 'mechanical' ) ;
#781 = CARTESIAN_POINT ( 'NONE',  ( 0.000000000000000000, -4.499999999999995559, 0.000000000000000000 ) ) ;
#782 = DIRECTION ( 'NONE',  ( -0.000000000000000000, 1.000000000000000000, -0.000000000000000000 ) ) ;
#783 = CARTESIAN_POINT ( 'NONE',  ( 25.00000000000000000, -2.999999999999981792, 41.99999999999999289 ) ) ;
#784 = AXIS2_PLACEMENT_3D ( 'NONE', #1619, #2168, #480 ) ;
#785 = PLANE ( 'NONE',  #736 ) ;
#786 = DIRECTION ( 'NONE',  ( 0.000000000000000000, 0.000000000000000000, 1.000000000000000000 ) ) ;
#787 = VECTOR ( 'NONE', #2570, 1000.000000000000114 ) ;
#788 = DIRECTION ( 'NONE',  ( -0.000000000000000000, 1.000000000000000000, -0.000000000000000000 ) ) ;
#789 = AXIS2_PLACEMENT_3D ( 'NONE', #1272, #2141, #1502 ) ;
#790 = CARTESIAN_POINT ( 'NONE',  ( -25.00000000000000000, -2.999999999999981792, 41.99999999999999289 ) ) ;
#791 = EDGE_LOOP ( 'NONE', ( #3591, #2902, #3105, #700 ) ) ;
#792 = DIRECTION ( 'NONE',  ( -0.000000000000000000, 1.000000000000000000, -0.000000000000000000 ) ) ;
#793 = EDGE_CURVE ( 'NONE', #402, #428, #3228, .T. ) ;
#794 = SURFACE_SIDE_STYLE ('',( #2209 ) ) ;
#795 = AXIS2_PLACEMENT_3D ( 'NONE', #1706, #2872, #2908 ) ;
#796 = DIRECTION ( 'NONE',  ( -0.000000000000000000, 1.000000000000000000, -0.000000000000000000 ) ) ;
#797 = VERTEX_POINT ( 'NONE', #3587 ) ;
#798 = ORIENTED_EDGE ( 'NONE', *, *, #2886, .F. ) ;
#799 = DIRECTION ( 'NONE',  ( 1.284980352575412107E-15, 0.000000000000000000, -1.000000000000000000 ) ) ;
#800 = ORIENTED_EDGE ( 'NONE', *, *, #2435, .F. ) ;
#801 = CIRCLE ( 'NONE', #677, 9.500000000000001776 ) ;
#802 = APPLICATION_PROTOCOL_DEFINITION ( 'draft international standard', 'automotive_design', 1998, #1168 ) ;
#803 = CARTESIAN_POINT ( 'NONE',  ( -29.76057345823567246, 0.000000000000000000, 11.76045353874408939 ) ) ;
#804 = FACE_OUTER_BOUND ( 'NONE', #1588, .T. ) ;
#805 = CARTESIAN_POINT ( 'NONE',  ( -19.86714152748583118, -6.499999999999995559, -27.34477440987304320 ) ) ;
#806 = CARTESIAN_POINT ( 'NONE',  ( 0.000000000000000000, 2.000000000000000000, 0.000000000000000000 ) ) ;
#807 = DIRECTION ( 'NONE',  ( 0.000000000000000000, 0.000000000000000000, 1.000000000000000000 ) ) ;
#808 = CARTESIAN_POINT ( 'NONE',  ( -17.32499999999999929, -3.499999999999996003, -15.02499999999999680 ) ) ;
#809 = ORIENTED_EDGE ( 'NONE', *, *, #1873, .F. ) ;
#810 = EDGE_LOOP ( 'NONE', ( #1899, #2516, #3638, #654 ) ) ;
#811 = EDGE_CURVE ( 'NONE', #1333, #797, #999, .T. ) ;
#812 = EDGE_CURVE ( 'NONE', #524, #2879, #1546, .T. ) ;
#813 = VERTEX_POINT ( 'NONE', #3051 ) ;
#814 = EDGE_LOOP ( 'NONE', ( #3617, #2923, #286, #2040 ) ) ;
#815 = EDGE_CURVE ( 'NONE', #2602, #2057, #73, .T. ) ;
#816 = DIRECTION ( 'NONE',  ( -0.000000000000000000, 1.000000000000000000, -0.000000000000000000 ) ) ;
#817 = CARTESIAN_POINT ( 'NONE',  ( 27.28896709391922215, -6.499999999999995559, 25.72085292028616266 ) ) ;
#818 = CARTESIAN_POINT ( 'NONE',  ( 0.000000000000000000, 0.000000000000000000, 0.000000000000000000 ) ) ;
#819 = CARTESIAN_POINT ( 'NONE',  ( 2.378847907661880257, 22.78778374834435283, 37.42484127581686693 ) ) ;
#820 = CARTESIAN_POINT ( 'NONE',  ( -32.00000000000000000, -6.499999999999995559, 0.000000000000000000 ) ) ;
#821 = VERTEX_POINT ( 'NONE', #3399 ) ;
#822 = DIRECTION ( 'NONE',  ( -0.000000000000000000, 1.000000000000000000, -0.000000000000000000 ) ) ;
#823 = DIRECTION ( 'NONE',  ( -0.000000000000000000, 1.000000000000000000, -0.000000000000000000 ) ) ;
#824 = DIRECTION ( 'NONE',  ( -0.000000000000000000, 1.000000000000000000, -0.000000000000000000 ) ) ;
#825 = ORIENTED_EDGE ( 'NONE', *, *, #2203, .T. ) ;
#826 = ORIENTED_EDGE ( 'NONE', *, *, #1096, .T. ) ;
#827 = VERTEX_POINT ( 'NONE', #2167 ) ;
#828 = ORIENTED_EDGE ( 'NONE', *, *, #2271, .T. ) ;
#829 = EDGE_CURVE ( 'NONE', #2759, #666, #1364, .T. ) ;
#830 = EDGE_CURVE ( 'NONE', #16, #375, #1636, .T. ) ;
#831 = EDGE_CURVE ( 'NONE', #1085, #227, #2453, .T. ) ;
#832 = CARTESIAN_POINT ( 'NONE',  ( 3.234701216250173594, 7.902626238178941165, 37.36033793018082605 ) ) ;
#833 = FACE_OUTER_BOUND ( 'NONE', #2008, .T. ) ;
#834 = ADVANCED_FACE ( 'NONE', ( #240 ), #1356, .F. ) ;
#835 = DIRECTION ( 'NONE',  ( 0.000000000000000000, 0.000000000000000000, -1.000000000000000000 ) ) ;
#836 = AXIS2_PLACEMENT_3D ( 'NONE', #257, #3685, #1091 ) ;
#837 = CARTESIAN_POINT ( 'NONE',  ( 15.78787290786946151, -4.499999999999996447, -27.83420681544494002 ) ) ;
#838 = EDGE_LOOP ( 'NONE', ( #3448, #3650, #2502, #2628 ) ) ;
#839 = VECTOR ( 'NONE', #3407, 1000.000000000000000 ) ;
#840 = CARTESIAN_POINT ( 'NONE',  ( 17.32500000000000284, 0.000000000000000000, 15.02500000000000036 ) ) ;
#841 = DIRECTION ( 'NONE',  ( 0.000000000000000000, 1.000000000000000000, 0.000000000000000000 ) ) ;
#842 = CIRCLE ( 'NONE', #263, 32.00000000000000000 ) ;
#843 = CARTESIAN_POINT ( 'NONE',  ( 35.67810946079799805, 13.93425673164863632, -20.20080457069264313 ) ) ;
#844 = AXIS2_PLACEMENT_3D ( 'NONE', #3658, #1066, #2219 ) ;
#845 = VERTEX_POINT ( 'NONE', #3116 ) ;
#846 = ORIENTED_EDGE ( 'NONE', *, *, #1928, .T. ) ;
#847 = AXIS2_PLACEMENT_3D ( 'NONE', #1742, #2891, #2582 ) ;
#848 = DIRECTION ( 'NONE',  ( 0.000000000000000000, 0.000000000000000000, 1.000000000000000000 ) ) ;
#849 = VECTOR ( 'NONE', #2260, 1000.000000000000000 ) ;
#850 = CARTESIAN_POINT ( 'NONE',  ( -17.80583389405904171, 39.45387863972694475, 33.00306469613355631 ) ) ;
#851 = ORIENTED_EDGE ( 'NONE', *, *, #912, .F. ) ;
#852 = EDGE_LOOP ( 'NONE', ( #739, #3249, #2213, #1789 ) ) ;
#853 = CYLINDRICAL_SURFACE ( 'NONE', #795, 17.00000000000000000 ) ;
#854 = CARTESIAN_POINT ( 'NONE',  ( 2.710718377127273371, 7.119445391628912212, 37.40226821688462877 ) ) ;
#855 = EDGE_CURVE ( 'NONE', #3462, #3520, #1005, .T. ) ;
#856 = AXIS2_PLACEMENT_3D ( 'NONE', #1634, #255, #2199 ) ;
#857 = CARTESIAN_POINT ( 'NONE',  ( 3.576618611672801595, 25.97211878955476649, 37.32907600149025029 ) ) ;
#858 = CARTESIAN_POINT ( 'NONE',  ( -17.32499999999999929, -6.499999999999996447, 16.22500000000000853 ) ) ;
#859 = EDGE_CURVE ( 'NONE', #31, #2833, #1306, .T. ) ;
#860 = CARTESIAN_POINT ( 'NONE',  ( 2.700000000000000622, -4.499999999999995559, 32.79191973642287650 ) ) ;
#861 = CARTESIAN_POINT ( 'NONE',  ( 18.08679500287380293, -6.499999999999995559, 35.48405059352746349 ) ) ;
#862 = CARTESIAN_POINT ( 'NONE',  ( 34.61091771359010494, 13.11111968977486164, -22.00472999110104411 ) ) ;
#863 = DIRECTION ( 'NONE',  ( 0.8829475928589277656, 0.000000000000000000, 0.4694715627858890294 ) ) ;
#864 = ORIENTED_EDGE ( 'NONE', *, *, #1535, .F. ) ;
#865 = VERTEX_POINT ( 'NONE', #3156 ) ;
#866 = ORIENTED_EDGE ( 'NONE', *, *, #2017, .F. ) ;
#867 = ORIENTED_EDGE ( 'NONE', *, *, #2457, .F. ) ;
#868 = CARTESIAN_POINT ( 'NONE',  ( 0.000000000000000000, 0.000000000000000000, 35.54999999999999716 ) ) ;
#869 = CARTESIAN_POINT ( 'NONE',  ( 9.860761315262647568E-29, 5.900000000000003020, 37.50000000000000000 ) ) ;
#870 = CARTESIAN_POINT ( 'NONE',  ( 0.4687698734973820280, 29.07720923413224412, 37.49779078234850260 ) ) ;
#871 = CARTESIAN_POINT ( 'NONE',  ( 19.59352779624619245, 10.37057811238553739, -32.01311372926658549 ) ) ;
#872 = CARTESIAN_POINT ( 'NONE',  ( 197.4901151310308762, 39.45387863972694475, 33.00306469613355631 ) ) ;
#873 = ADVANCED_FACE ( 'NONE', ( #1484 ), #1765, .F. ) ;
#874 = DIRECTION ( 'NONE',  ( 0.000000000000000000, -1.000000000000000000, 0.000000000000000000 ) ) ;
#875 = EDGE_CURVE ( 'NONE', #397, #3124, #619, .T. ) ;
#876 = DIRECTION ( 'NONE',  ( 0.000000000000000000, -1.000000000000000000, 0.000000000000000000 ) ) ;
#877 = ADVANCED_FACE ( 'NONE', ( #1123 ), #2052, .F. ) ;
#878 = EDGE_CURVE ( 'NONE', #69, #1866, #1452, .T. ) ;
#879 = CARTESIAN_POINT ( 'NONE',  ( 29.83593735601835206, 37.11238433989129248, 28.12146585951288102 ) ) ;
#880 = ORIENTED_EDGE ( 'NONE', *, *, #2532, .F. ) ;
#881 = EDGE_LOOP ( 'NONE', ( #1113, #2, #1300, #2736 ) ) ;
#882 = VERTEX_POINT ( 'NONE', #293 ) ;
#883 = ORIENTED_EDGE ( 'NONE', *, *, #2292, .F. ) ;
#884 = FACE_BOUND ( 'NONE', #3696, .T. ) ;
#885 = DIRECTION ( 'NONE',  ( 0.000000000000000000, 0.000000000000000000, -1.000000000000000000 ) ) ;
#886 = DIRECTION ( 'NONE',  ( 0.000000000000000000, -1.000000000000000000, 0.000000000000000000 ) ) ;
#887 = DIRECTION ( 'NONE',  ( 0.000000000000000000, 0.000000000000000000, 1.000000000000000000 ) ) ;
#888 = DIRECTION ( 'NONE',  ( -0.000000000000000000, 1.000000000000000000, -0.000000000000000000 ) ) ;
#889 = DIRECTION ( 'NONE',  ( -0.6858894112076312499, 0.000000000000000000, -0.7277057891711793403 ) ) ;
#890 = CARTESIAN_POINT ( 'NONE',  ( -1.803907285698046259, 6.375694055999864496, 37.45709965777903960 ) ) ;
#891 = DIRECTION ( 'NONE',  ( 0.4694715627858882523, -0.000000000000000000, 0.8829475928589283207 ) ) ;
#892 = ORIENTED_EDGE ( 'NONE', *, *, #3436, .F. ) ;
#893 = VECTOR ( 'NONE', #3188, 1000.000000000000000 ) ;
#894 = ORIENTED_EDGE ( 'NONE', *, *, #1696, .F. ) ;
#895 = EDGE_CURVE ( 'NONE', #1395, #3462, #2609, .T. ) ;
#896 = CARTESIAN_POINT ( 'NONE',  ( -2.380411408534516049, 22.78914047777931984, 37.42474196339435366 ) ) ;
#897 = AXIS2_PLACEMENT_3D ( 'NONE', #311, #2014, #328 ) ;
#898 = ORIENTED_EDGE ( 'NONE', *, *, #1213, .F. ) ;
#899 = EDGE_LOOP ( 'NONE', ( #3443, #2919, #1432, #1270, #2944 ) ) ;
#900 = CARTESIAN_POINT ( 'NONE',  ( 0.000000000000000000, -5.900000000000012790, 27.19999999999999929 ) ) ;
#901 = CARTESIAN_POINT ( 'NONE',  ( -15.78787290786986475, -4.499999999999996447, -27.83420681544471265 ) ) ;
#902 = DIRECTION ( 'NONE',  ( 0.000000000000000000, 0.000000000000000000, -1.000000000000000000 ) ) ;
#903 = CARTESIAN_POINT ( 'NONE',  ( 19.86714152748543682, 0.000000000000000000, -27.34477440987333452 ) ) ;
#904 = DIRECTION ( 'NONE',  ( -0.000000000000000000, 1.000000000000000000, -0.000000000000000000 ) ) ;
#905 = CARTESIAN_POINT ( 'NONE',  ( 19.00000000000000000, -2.999999999999981792, 41.99999999999999289 ) ) ;
#906 = CIRCLE ( 'NONE', #91, 17.00000000000000000 ) ;
#907 = LINE ( 'NONE', #1162, #2354 ) ;
#908 = DIRECTION ( 'NONE',  ( 0.000000000000000000, 0.000000000000000000, 1.000000000000000000 ) ) ;
#909 = VERTEX_POINT ( 'NONE', #3455 ) ;
#910 = ORIENTED_EDGE ( 'NONE', *, *, #698, .T. ) ;
#911 = DIRECTION ( 'NONE',  ( 1.224646799147349509E-16, 0.000000000000000000, -1.000000000000000000 ) ) ;
#912 = EDGE_CURVE ( 'NONE', #882, #3255, #2272, .T. ) ;
#913 = VERTEX_POINT ( 'NONE', #858 ) ;
#914 = VERTEX_POINT ( 'NONE', #1144 ) ;
#915 = EDGE_CURVE ( 'NONE', #2938, #544, #1692, .T. ) ;
#916 = CARTESIAN_POINT ( 'NONE',  ( -18.08679500287379938, -6.499999999999995559, 35.48405059352749191 ) ) ;
#917 = CARTESIAN_POINT ( 'NONE',  ( 0.000000000000000000, 10.00000000000000178, -37.50000000000000711 ) ) ;
#918 = EDGE_CURVE ( 'NONE', #761, #1061, #1107, .T. ) ;
#919 = CIRCLE ( 'NONE', #3513, 1.000000000000000888 ) ;
#920 =( NAMED_UNIT ( * ) PLANE_ANGLE_UNIT ( ) SI_UNIT ( $, .RADIAN. ) );
#921 = CIRCLE ( 'NONE', #1578, 2.700000000000001066 ) ;
#922 = CARTESIAN_POINT ( 'NONE',  ( 2.862768682314214441, 11.69543196660545448, 37.39079765769858454 ) ) ;
#923 = EDGE_LOOP ( 'NONE', ( #2287, #1299, #2544, #3013 ) ) ;
#924 = CARTESIAN_POINT ( 'NONE',  ( -3.235748337043584666, 27.09549470956346440, 37.36024823611894874 ) ) ;
#925 = LINE ( 'NONE', #1525, #526 ) ;
#926 = LINE ( 'NONE', #2315, #3234 ) ;
#927 = ORIENTED_EDGE ( 'NONE', *, *, #964, .T. ) ;
#928 = ORIENTED_EDGE ( 'NONE', *, *, #1720, .F. ) ;
#929 = LINE ( 'NONE', #2061, #3059 ) ;
#930 = ORIENTED_EDGE ( 'NONE', *, *, #979, .T. ) ;
#931 = ORIENTED_EDGE ( 'NONE', *, *, #1469, .T. ) ;
#932 = AXIS2_PLACEMENT_3D ( 'NONE', #947, #2940, #3179 ) ;
#933 = CARTESIAN_POINT ( 'NONE',  ( 21.45895270024006507, -4.499999999999996447, -24.94220016375579974 ) ) ;
#934 = B_SPLINE_CURVE_WITH_KNOTS ( 'NONE', 3,
 ( #850, #1665, #1898, #1210, #400, #1247, #1675, #3139, #260, #626, #568, #2053 ),
 .UNSPECIFIED., .F., .F.,
 ( 4, 2, 2, 2, 2, 4 ),
 ( 3.800588715305073520E-17, 0.004644985859385368336, 0.009289971718770698508, 0.01161246464846335882, 0.01393495757815601914, 0.01857994343754133804 ),
 .UNSPECIFIED. ) ;
#935 = ADVANCED_FACE ( 'NONE', ( #2912 ), #198, .T. ) ;
#936 = ORIENTED_EDGE ( 'NONE', *, *, #607, .F. ) ;
#937 = CARTESIAN_POINT ( 'NONE',  ( 0.000000000000000000, -4.499999999999995559, 33.79999999999999716 ) ) ;
#938 = ADVANCED_FACE ( 'NONE', ( #3204 ), #3137, .F. ) ;
#939 = ADVANCED_FACE ( 'NONE', ( #2590 ), #636, .T. ) ;
#940 = DIRECTION ( 'NONE',  ( -0.000000000000000000, 1.000000000000000000, -0.000000000000000000 ) ) ;
#941 = CARTESIAN_POINT ( 'NONE',  ( 29.84362863863176685, 4.286263797015747072E-17, 15.86813882216303639 ) ) ;
#942 = DIRECTION ( 'NONE',  ( 0.6475741693357616180, 0.3295507215510523058, 0.6870545954538685995 ) ) ;
#943 = CARTESIAN_POINT ( 'NONE',  ( -3.576455179061561740, 9.973635760934284278, 37.32909196275360131 ) ) ;
#944 = ORIENTED_EDGE ( 'NONE', *, *, #280, .F. ) ;
#945 = DIRECTION ( 'NONE',  ( 1.000000000000000000, 0.000000000000000000, 0.000000000000000000 ) ) ;
#946 = ORIENTED_EDGE ( 'NONE', *, *, #113, .F. ) ;
#947 = CARTESIAN_POINT ( 'NONE',  ( -29.84362863863176685, -6.499999999999995559, 15.86813882216303639 ) ) ;
#948 = VECTOR ( 'NONE', #355, 1000.000000000000114 ) ;
#949 = CARTESIAN_POINT ( 'NONE',  ( -1.578273141743013142, 9.999999999999996447, -37.50000000000000000 ) ) ;
#950 = EDGE_LOOP ( 'NONE', ( #1914, #192, #2499, #334 ) ) ;
#951 = ORIENTED_EDGE ( 'NONE', *, *, #2604, .T. ) ;
#952 = TOROIDAL_SURFACE ( 'NONE', #2215, 37.76399233727723725, 0.2500000000000000000 ) ;
#953 = AXIS2_PLACEMENT_3D ( 'NONE', #790, #3458, #2534 ) ;
#954 = CARTESIAN_POINT ( 'NONE',  ( 18.62692856826325638, 9.999999999999996447, -36.59327393049217392 ) ) ;
#955 = AXIS2_PLACEMENT_3D ( 'NONE', #766, #3084, #1978 ) ;
#956 = ORIENTED_EDGE ( 'NONE', *, *, #3091, .T. ) ;
#957 = VECTOR ( 'NONE', #2673, 1000.000000000000000 ) ;
#958 = DIRECTION ( 'NONE',  ( -0.000000000000000000, 1.000000000000000000, -0.000000000000000000 ) ) ;
#959 = DIRECTION ( 'NONE',  ( 0.000000000000000000, 0.000000000000000000, -1.000000000000000000 ) ) ;
#960 = AXIS2_PLACEMENT_3D ( 'NONE', #2506, #1939, #3096 ) ;
#961 = CARTESIAN_POINT ( 'NONE',  ( 19.00000000000000000, 41.50000000000000000, 41.99999999999999289 ) ) ;
#962 = EDGE_CURVE ( 'NONE', #2336, #3582, #2661, .T. ) ;
#963 = CARTESIAN_POINT ( 'NONE',  ( -3.416313406817981679, 26.65951428422466307, 37.34416980294922439 ) ) ;
#964 = EDGE_CURVE ( 'NONE', #171, #732, #2395, .T. ) ;
#965 = CARTESIAN_POINT ( 'NONE',  ( -3.577195947562220368, 9.031186179105342049, 37.32902110957842723 ) ) ;
#966 = CARTESIAN_POINT ( 'NONE',  ( -17.32499999999999929, 0.000000000000000000, 16.22500000000000497 ) ) ;
#967 = AXIS2_PLACEMENT_3D ( 'NONE', #1504, #120, #140 ) ;
#968 = ADVANCED_FACE ( 'NONE', ( #1838 ), #2348, .T. ) ;
#969 = DIRECTION ( 'NONE',  ( -0.000000000000000000, -0.000000000000000000, 1.000000000000000000 ) ) ;
#970 = ORIENTED_EDGE ( 'NONE', *, *, #1934, .T. ) ;
#971 = EDGE_LOOP ( 'NONE', ( #398, #2381 ) ) ;
#972 = CARTESIAN_POINT ( 'NONE',  ( 16.57558445425076954, 10.00000000000000178, -37.50000000000000711 ) ) ;
#973 = EDGE_LOOP ( 'NONE', ( #191, #3122, #3149, #3000 ) ) ;
#974 = DIRECTION ( 'NONE',  ( -0.000000000000000000, 1.000000000000000000, -0.000000000000000000 ) ) ;
#975 = LINE ( 'NONE', #1539, #261 ) ;
#976 = CARTESIAN_POINT ( 'NONE',  ( -3.576455179061561740, 25.97363576093429316, 37.32909196275360841 ) ) ;
#977 = DIRECTION ( 'NONE',  ( 0.000000000000000000, 0.000000000000000000, 1.000000000000000000 ) ) ;
#978 = CIRCLE ( 'NONE', #103, 1.100000000000000311 ) ;
#979 = EDGE_CURVE ( 'NONE', #2094, #3596, #1246, .T. ) ;
#980 = FACE_OUTER_BOUND ( 'NONE', #287, .T. ) ;
#981 = EDGE_CURVE ( 'NONE', #3087, #2421, #1254, .T. ) ;
#982 = DIRECTION ( 'NONE',  ( -1.000000000000000000, 0.000000000000000000, 0.000000000000000000 ) ) ;
#983 = EDGE_LOOP ( 'NONE', ( #2405, #2075, #1044, #3005, #2130, #1640 ) ) ;
#984 = ORIENTED_EDGE ( 'NONE', *, *, #2269, .F. ) ;
#985 = EDGE_CURVE ( 'NONE', #3109, #1545, #975, .T. ) ;
#986 = CARTESIAN_POINT ( 'NONE',  ( 22.05148741229780285, 5.032001336902014899, -25.75775422868366960 ) ) ;
#987 = DIRECTION ( 'NONE',  ( 1.000000000000000000, 0.000000000000000000, 0.000000000000000000 ) ) ;
#988 = EDGE_LOOP ( 'NONE', ( #2415, #2830, #1212, #2883 ) ) ;
#989 = CARTESIAN_POINT ( 'NONE',  ( 23.35624450529627794, 10.17483799284195811, -33.71513233861742265 ) ) ;
#990 = ORIENTED_EDGE ( 'NONE', *, *, #185, .T. ) ;
#991 = ORIENTED_EDGE ( 'NONE', *, *, #3570, .F. ) ;
#992 = DIRECTION ( 'NONE',  ( 0.000000000000000000, 0.000000000000000000, -1.000000000000000000 ) ) ;
#993 = CIRCLE ( 'NONE', #2196, 1.749999999999998002 ) ;
#994 = CARTESIAN_POINT ( 'NONE',  ( 1.553689187202959232, 41.00217901154712763, 37.47593932807546224 ) ) ;
#995 = DIRECTION ( 'NONE',  ( 0.4694715627858890850, 0.000000000000000000, -0.8829475928589278766 ) ) ;
#996 = DIRECTION ( 'NONE',  ( 0.000000000000000000, 0.000000000000000000, 1.000000000000000000 ) ) ;
#997 = DIRECTION ( 'NONE',  ( 0.000000000000000000, 0.000000000000000000, 1.000000000000000000 ) ) ;
#998 = CARTESIAN_POINT ( 'NONE',  ( 0.000000000000000000, 0.2500000000000000000, 0.000000000000000000 ) ) ;
#999 = LINE ( 'NONE', #3606, #2707 ) ;
#1000 = DIRECTION ( 'NONE',  ( 0.000000000000000000, -1.000000000000000000, 0.000000000000000000 ) ) ;
#1001 = AXIS2_PLACEMENT_3D ( 'NONE', #1679, #822, #2552 ) ;
#1002 = CARTESIAN_POINT ( 'NONE',  ( -17.32499999999999929, 0.000000000000000000, -17.32499999999999574 ) ) ;
#1003 = ORIENTED_EDGE ( 'NONE', *, *, #1973, .F. ) ;
#1004 = ORIENTED_EDGE ( 'NONE', *, *, #719, .T. ) ;
#1005 = B_SPLINE_CURVE_WITH_KNOTS ( 'NONE', 3,
 ( #44, #3172, #3415, #1175, #1723, #3701, #2568, #1410, #599, #8, #1468, #2294, #584, #2877 ),
 .UNSPECIFIED., .F., .F.,
 ( 4, 2, 2, 2, 2, 2, 4 ),
 ( 0.000000000000000000, 0.006624803116120614281, 0.009937204674180922723, 0.01324960623224122856, 0.01987440934836183851, 0.02318681090642214088, 0.02649921246448244672 ),
 .UNSPECIFIED. ) ;
#1006 = CARTESIAN_POINT ( 'NONE',  ( -20.63376526497293639, 41.08888372090528662, 37.88466353275421739 ) ) ;
#1007 = VERTEX_POINT ( 'NONE', #2125 ) ;
#1008 = EDGE_CURVE ( 'NONE', #2444, #914, #1858, .T. ) ;
#1009 = AXIS2_PLACEMENT_3D ( 'NONE', #1038, #1863, #3345 ) ;
#1010 = CARTESIAN_POINT ( 'NONE',  ( 0.000000000000000000, -4.499999999999968914, 17.00000000000000000 ) ) ;
#1011 = EDGE_LOOP ( 'NONE', ( #3393, #106, #147, #3465, #129, #2675, #2547, #3226, #3692, #3278, #644, #2284, #2758, #508, #410, #542, #1497, #1666, #1264, #892, #1462, #2104, #2696, #2188, #1734, #1952, #2871, #3563, #1098, #2521, #3291, #2440, #2286, #211 ) ) ;
#1012 = VECTOR ( 'NONE', #691, 1000.000000000000000 ) ;
#1013 = CIRCLE ( 'NONE', #844, 1.749999999999998002 ) ;
#1014 = DIRECTION ( 'NONE',  ( 0.000000000000000000, 0.000000000000000000, -1.000000000000000000 ) ) ;
#1015 = CARTESIAN_POINT ( 'NONE',  ( 0.000000000000000000, -4.499999999999995559, 33.79999999999999716 ) ) ;
#1016 = AXIS2_PLACEMENT_3D ( 'NONE', #1036, #2840, #3700 ) ;
#1017 = PLANE ( 'NONE',  #1623 ) ;
#1018 = CARTESIAN_POINT ( 'NONE',  ( 17.32499999999999574, -6.499999999999996447, -17.32499999999999574 ) ) ;
#1019 = CIRCLE ( 'NONE', #2403, 2.299999999999999822 ) ;
#1020 = CYLINDRICAL_SURFACE ( 'NONE', #784, 37.50000000000000000 ) ;
#1021 = LINE ( 'NONE', #1813, #1998 ) ;
#1022 = ORIENTED_EDGE ( 'NONE', *, *, #1255, .T. ) ;
#1023 = ORIENTED_EDGE ( 'NONE', *, *, #1378, .T. ) ;
#1024 = CYLINDRICAL_SURFACE ( 'NONE', #81, 2.700000000000001066 ) ;
#1025 = DIRECTION ( 'NONE',  ( -0.000000000000000000, -1.000000000000000000, 9.912705577010316675E-16 ) ) ;
#1026 = ORIENTED_EDGE ( 'NONE', *, *, #2271, .F. ) ;
#1027 = AXIS2_PLACEMENT_3D ( 'NONE', #3170, #886, #1122 ) ;
#1028 = CARTESIAN_POINT ( 'NONE',  ( 4.592425496802574367E-15, 2.000000000000000000, 37.50000000000000000 ) ) ;
#1029 = DIRECTION ( 'NONE',  ( 0.7277057891711793403, 0.000000000000000000, -0.6858894112076312499 ) ) ;
#1030 = ORIENTED_EDGE ( 'NONE', *, *, #591, .F. ) ;
#1031 = VERTEX_POINT ( 'NONE', #3262 ) ;
#1032 = EDGE_CURVE ( 'NONE', #2756, #231, #40, .T. ) ;
#1033 = CARTESIAN_POINT ( 'NONE',  ( -17.32499999999999929, -3.499999999999995115, 17.32500000000000284 ) ) ;
#1034 = CARTESIAN_POINT ( 'NONE',  ( 0.000000000000000000, -6.499999999999995559, -19.00000000000000355 ) ) ;
#1035 = FACE_BOUND ( 'NONE', #2925, .T. ) ;
#1036 = CARTESIAN_POINT ( 'NONE',  ( -27.21650181418996439, -4.499999999999995559, 18.66177989898590894 ) ) ;
#1037 = DIRECTION ( 'NONE',  ( 0.000000000000000000, 0.000000000000000000, -1.000000000000000000 ) ) ;
#1038 = CARTESIAN_POINT ( 'NONE',  ( 0.000000000000000000, -4.499999999999996447, 0.000000000000000000 ) ) ;
#1039 = DIRECTION ( 'NONE',  ( 0.000000000000000000, -1.000000000000000000, 0.000000000000000000 ) ) ;
#1040 = CARTESIAN_POINT ( 'NONE',  ( -19.84146909346653942, 41.27285411948133032, 38.93004327922911045 ) ) ;
#1041 = LINE ( 'NONE', #3272, #2818 ) ;
#1042 = VECTOR ( 'NONE', #450, 1000.000000000000227 ) ;
#1043 = DIRECTION ( 'NONE',  ( 1.776356839400250465E-15, 9.731375596943064573E-16, 1.000000000000000000 ) ) ;
#1044 = ORIENTED_EDGE ( 'NONE', *, *, #3023, .F. ) ;
#1045 = ORIENTED_EDGE ( 'NONE', *, *, #504, .T. ) ;
#1046 = VERTEX_POINT ( 'NONE', #1503 ) ;
#1047 = DIRECTION ( 'NONE',  ( 0.000000000000000000, 9.912705577010316675E-16, 1.000000000000000000 ) ) ;
#1048 = B_SPLINE_CURVE_WITH_KNOTS ( 'NONE', 3,
 ( #1243, #949, #1265, #1515, #2418, #1478, #3253, #412, #2694, #2633, #74, #3500, #2192, #3351, #776, #507, #3312, #1343, #2515, #3636, #1913, #3058, #1304, #3616 ),
 .UNSPECIFIED., .F., .F.,
 ( 4, 2, 2, 2, 2, 2, 2, 2, 2, 2, 2, 4 ),
 ( 0.03778729666779502561, 0.04251411942089743795, 0.04487753079744864759, 0.04724094217399985723, 0.05196776492710228346, 0.05669458768020470274, 0.05905799905675590544, 0.06142141043330712202, 0.06614823318640954131, 0.07087505593951196059, 0.07323846731606314941, 0.07560187869261436600 ),
 .UNSPECIFIED. ) ;
#1049 = DIRECTION ( 'NONE',  ( 0.000000000000000000, -1.000000000000000000, 0.000000000000000000 ) ) ;
#1050 = PRODUCT_DEFINITION ( 'UNKNOWN', '', #3562, #2713 ) ;
#1051 = CARTESIAN_POINT ( 'NONE',  ( 17.32499999999999574, 0.000000000000000000, -19.62499999999999645 ) ) ;
#1052 = ADVANCED_FACE ( 'NONE', ( #157 ), #2086, .F. ) ;
#1053 = AXIS2_PLACEMENT_3D ( 'NONE', #3043, #2785, #492 ) ;
#1054 = CARTESIAN_POINT ( 'NONE',  ( 3.576659915996981187, 25.02693596255615915, 37.32907293402553250 ) ) ;
#1055 = CARTESIAN_POINT ( 'NONE',  ( -17.32499999999999929, -6.499999999999996447, 17.32500000000000284 ) ) ;
#1056 = CARTESIAN_POINT ( 'NONE',  ( -3.600000000000000089, 9.500000000000003553, 37.32680002357555082 ) ) ;
#1057 = ORIENTED_EDGE ( 'NONE', *, *, #2627, .F. ) ;
#1058 = CYLINDRICAL_SURFACE ( 'NONE', #1853, 2.700000000000001066 ) ;
#1059 = ORIENTED_EDGE ( 'NONE', *, *, #2607, .F. ) ;
#1060 = ORIENTED_EDGE ( 'NONE', *, *, #2843, .T. ) ;
#1061 = VERTEX_POINT ( 'NONE', #2142 ) ;
#1062 = ORIENTED_EDGE ( 'NONE', *, *, #1008, .T. ) ;
#1063 = DIRECTION ( 'NONE',  ( 0.000000000000000000, 0.000000000000000000, 1.000000000000000000 ) ) ;
#1064 = FACE_OUTER_BOUND ( 'NONE', #545, .T. ) ;
#1065 = DIRECTION ( 'NONE',  ( 0.000000000000000000, 0.000000000000000000, -1.000000000000000000 ) ) ;
#1066 = DIRECTION ( 'NONE',  ( -0.000000000000000000, 1.000000000000000000, -0.000000000000000000 ) ) ;
#1067 = CIRCLE ( 'NONE', #3432, 0.2500000000000002220 ) ;
#1068 = CARTESIAN_POINT ( 'NONE',  ( 22.26796969461501163, 0.000000000000000000, -24.35441491146332993 ) ) ;
#1069 = VECTOR ( 'NONE', #2060, 999.9999999999998863 ) ;
#1070 = AXIS2_PLACEMENT_3D ( 'NONE', #517, #1336, #1882 ) ;
#1071 = CARTESIAN_POINT ( 'NONE',  ( 27.21650181418996084, -4.499999999999995559, 18.66177989898590539 ) ) ;
#1072 = EDGE_CURVE ( 'NONE', #3164, #1109, #1782, .T. ) ;
#1073 = FACE_BOUND ( 'NONE', #579, .T. ) ;
#1074 = AXIS2_PLACEMENT_3D ( 'NONE', #1142, #1746, #3435 ) ;
#1075 = ORIENTED_EDGE ( 'NONE', *, *, #611, .T. ) ;
#1076 = CIRCLE ( 'NONE', #1130, 2.700000000000001066 ) ;
#1077 = EDGE_CURVE ( 'NONE', #2833, #31, #2522, .T. ) ;
#1078 = DIRECTION ( 'NONE',  ( 0.000000000000000000, 0.000000000000000000, -1.000000000000000000 ) ) ;
#1079 = EDGE_CURVE ( 'NONE', #375, #3177, #2388, .T. ) ;
#1080 = DIRECTION ( 'NONE',  ( -0.000000000000000000, 1.000000000000000000, -0.000000000000000000 ) ) ;
#1081 = ORIENTED_EDGE ( 'NONE', *, *, #2797, .F. ) ;
#1082 = ORIENTED_EDGE ( 'NONE', *, *, #3162, .T. ) ;
#1083 = FACE_OUTER_BOUND ( 'NONE', #527, .T. ) ;
#1084 = ORIENTED_EDGE ( 'NONE', *, *, #2431, .T. ) ;
#1085 = VERTEX_POINT ( 'NONE', #1824 ) ;
#1086 = AXIS2_PLACEMENT_3D ( 'NONE', #3082, #239, #197 ) ;
#1087 = DIRECTION ( 'NONE',  ( 1.000000000000000000, 0.000000000000000000, 0.000000000000000000 ) ) ;
#1088 = CARTESIAN_POINT ( 'NONE',  ( -20.63376526497293639, 41.08888372090528662, 37.88466353275421739 ) ) ;
#1089 = CIRCLE ( 'NONE', #1809, 1.000000000000000888 ) ;
#1090 = DIRECTION ( 'NONE',  ( 0.000000000000000000, 0.000000000000000000, 1.000000000000000000 ) ) ;
#1091 = DIRECTION ( 'NONE',  ( 4.531410798447630266E-16, 0.000000000000000000, -1.000000000000000000 ) ) ;
#1092 = FACE_BOUND ( 'NONE', #521, .T. ) ;
#1093 = CARTESIAN_POINT ( 'NONE',  ( -17.32499999999999929, 0.000000000000000000, -17.32499999999999574 ) ) ;
#1094 = ORIENTED_EDGE ( 'NONE', *, *, #698, .F. ) ;
#1095 = CARTESIAN_POINT ( 'NONE',  ( 38.29450360512491613, 34.15171867195874711, 21.94900493094401028 ) ) ;
#1096 = EDGE_CURVE ( 'NONE', #31, #3410, #421, .T. ) ;
#1097 = CARTESIAN_POINT ( 'NONE',  ( 0.000000000000000000, -6.499999999999995559, 0.000000000000000000 ) ) ;
#1098 = ORIENTED_EDGE ( 'NONE', *, *, #793, .F. ) ;
#1099 = ORIENTED_EDGE ( 'NONE', *, *, #306, .F. ) ;
#1100 = EDGE_CURVE ( 'NONE', #18, #166, #3425, .T. ) ;
#1101 = FACE_OUTER_BOUND ( 'NONE', #1332, .T. ) ;
#1102 = EDGE_LOOP ( 'NONE', ( #1059, #1250, #3439, #3417 ) ) ;
#1103 = VERTEX_POINT ( 'NONE', #209 ) ;
#1104 = CARTESIAN_POINT ( 'NONE',  ( 0.000000000000000000, -6.499999999999995559, 33.79999999999999716 ) ) ;
#1105 = DIRECTION ( 'NONE',  ( 0.000000000000000000, 0.000000000000000000, 1.000000000000000000 ) ) ;
#1106 = CARTESIAN_POINT ( 'NONE',  ( 0.000000000000000000, 9.500000000000003553, 45.00000000000000000 ) ) ;
#1107 = LINE ( 'NONE', #3472, #893 ) ;
#1108 = CARTESIAN_POINT ( 'NONE',  ( 19.73684137143958495, 41.29863811948119690, 39.09479648256083095 ) ) ;
#1109 = VERTEX_POINT ( 'NONE', #2458 ) ;
#1110 = VECTOR ( 'NONE', #2098, 1000.000000000000000 ) ;
#1111 = DIRECTION ( 'NONE',  ( -0.000000000000000000, 1.000000000000000000, -0.000000000000000000 ) ) ;
#1112 = CARTESIAN_POINT ( 'NONE',  ( 42.62941491193131327, 30.60177913149808404, 14.54801286702871899 ) ) ;
#1113 = ORIENTED_EDGE ( 'NONE', *, *, #2136, .T. ) ;
#1114 = ORIENTED_EDGE ( 'NONE', *, *, #418, .F. ) ;
#1115 = DIRECTION ( 'NONE',  ( 0.000000000000000000, -1.000000000000000000, -0.000000000000000000 ) ) ;
#1116 = ADVANCED_FACE ( 'NONE', ( #1628 ), #2096, .T. ) ;
#1117 = ORIENTED_EDGE ( 'NONE', *, *, #208, .F. ) ;
#1118 = ORIENTED_EDGE ( 'NONE', *, *, #1205, .T. ) ;
#1119 = EDGE_CURVE ( 'NONE', #1833, #1509, #1874, .T. ) ;
#1120 = CARTESIAN_POINT ( 'NONE',  ( 19.86714152748543682, 4.286263797015747072E-17, -27.34477440987333452 ) ) ;
#1121 = EDGE_CURVE ( 'NONE', #3251, #2602, #2519, .T. ) ;
#1122 = DIRECTION ( 'NONE',  ( -0.8829475928589280986, 0.000000000000000000, -0.4694715627858886409 ) ) ;
#1123 = FACE_OUTER_BOUND ( 'NONE', #2301, .T. ) ;
#1124 = AXIS2_PLACEMENT_3D ( 'NONE', #1508, #3515, #908 ) ;
#1125 = CYLINDRICAL_SURFACE ( 'NONE', #449, 41.00000000000000000 ) ;
#1126 = ORIENTED_EDGE ( 'NONE', *, *, #3628, .F. ) ;
#1127 = AXIS2_PLACEMENT_3D ( 'NONE', #2885, #1115, #543 ) ;
#1128 = DIRECTION ( 'NONE',  ( -0.000000000000000000, -1.000000000000000000, -0.000000000000000000 ) ) ;
#1129 = CARTESIAN_POINT ( 'NONE',  ( 25.23485131049561758, 39.45387863972694475, 33.00306469613355631 ) ) ;
#1130 = AXIS2_PLACEMENT_3D ( 'NONE', #805, #2163, #3395 ) ;
#1131 = EDGE_LOOP ( 'NONE', ( #864, #3608, #629, #1876 ) ) ;
#1132 = VERTEX_POINT ( 'NONE', #2518 ) ;
#1133 =( GEOMETRIC_REPRESENTATION_CONTEXT ( 3 ) GLOBAL_UNCERTAINTY_ASSIGNED_CONTEXT ( ( #2318 ) ) GLOBAL_UNIT_ASSIGNED_CONTEXT ( ( #1860, #2144, #2994 ) ) REPRESENTATION_CONTEXT ( 'NONE', 'WORKASPACE' ) );
#1134 = AXIS2_PLACEMENT_3D ( 'NONE', #2430, #1260, #729 ) ;
#1135 = ORIENTED_EDGE ( 'NONE', *, *, #2431, .F. ) ;
#1136 = ORIENTED_EDGE ( 'NONE', *, *, #1072, .T. ) ;
#1137 = CARTESIAN_POINT ( 'NONE',  ( 17.32500000000000284, -3.499999999999995115, 17.32499999999999929 ) ) ;
#1138 = CIRCLE ( 'NONE', #2110, 32.00000000000000000 ) ;
#1139 = ADVANCED_FACE ( 'NONE', ( #1083 ), #3389, .F. ) ;
#1140 = CARTESIAN_POINT ( 'NONE',  ( 0.000000000000000000, 0.000000000000000000, 0.000000000000000000 ) ) ;
#1141 = EDGE_CURVE ( 'NONE', #2214, #779, #284, .T. ) ;
#1142 = CARTESIAN_POINT ( 'NONE',  ( -19.86714152748583118, 4.286263797015747072E-17, -27.34477440987304320 ) ) ;
#1143 = ADVANCED_FACE ( 'NONE', ( #2598 ), #267, .F. ) ;
#1144 = CARTESIAN_POINT ( 'NONE',  ( -17.32499999999999929, -3.499999999999995115, 18.42500000000000426 ) ) ;
#1145 = FACE_OUTER_BOUND ( 'NONE', #2690, .T. ) ;
#1146 = CARTESIAN_POINT ( 'NONE',  ( 35.16678051386470827, 13.50108055491155490, -21.10389979520802584 ) ) ;
#1147 = CARTESIAN_POINT ( 'NONE',  ( -22.05148741229817588, -6.499999999999995559, -25.75775422868334630 ) ) ;
#1148 = VERTEX_POINT ( 'NONE', #3424 ) ;
#1149 = EDGE_LOOP ( 'NONE', ( #32, #1648, #1358, #1848 ) ) ;
#1150 = FACE_OUTER_BOUND ( 'NONE', #2262, .T. ) ;
#1151 = DIRECTION ( 'NONE',  ( -0.000000000000000000, 1.000000000000000000, -0.000000000000000000 ) ) ;
#1152 = EDGE_LOOP ( 'NONE', ( #851, #1114, #1281, #2207 ) ) ;
#1153 = ORIENTED_EDGE ( 'NONE', *, *, #3199, .F. ) ;
#1154 = CIRCLE ( 'NONE', #3274, 32.00000000000000000 ) ;
#1155 = CARTESIAN_POINT ( 'NONE',  ( 0.000000000000000000, 0.000000000000000000, 17.00000000000000000 ) ) ;
#1156 = CARTESIAN_POINT ( 'NONE',  ( 0.000000000000000000, -4.499999999999996447, 0.000000000000000000 ) ) ;
#1157 = CYLINDRICAL_SURFACE ( 'NONE', #2527, 1.749999999999998002 ) ;
#1158 = DIRECTION ( 'NONE',  ( 8.673617379884027583E-16, 0.000000000000000000, -1.000000000000000000 ) ) ;
#1159 = ORIENTED_EDGE ( 'NONE', *, *, #2362, .T. ) ;
#1160 = EDGE_CURVE ( 'NONE', #2456, #1103, #3106, .T. ) ;
#1161 = CYLINDRICAL_SURFACE ( 'NONE', #2773, 1.099999999999996758 ) ;
#1162 = CARTESIAN_POINT ( 'NONE',  ( -28.89958272689390029, 37.58889553855777166, 29.11490689125500353 ) ) ;
#1163 = CARTESIAN_POINT ( 'NONE',  ( 17.32500000000000284, -6.499999999999996447, 17.32499999999999929 ) ) ;
#1164 = ORIENTED_EDGE ( 'NONE', *, *, #2889, .F. ) ;
#1165 = VERTEX_POINT ( 'NONE', #1441 ) ;
#1166 = AXIS2_PLACEMENT_3D ( 'NONE', #90, #1204, #1241 ) ;
#1167 = CARTESIAN_POINT ( 'NONE',  ( 18.08679500287381003, -6.499999999999995559, 35.48405059352745639 ) ) ;
#1168 = APPLICATION_CONTEXT ( 'automotive_design' ) ;
#1169 = ORIENTED_EDGE ( 'NONE', *, *, #306, .T. ) ;
#1170 = EDGE_LOOP ( 'NONE', ( #3463, #2246, #2484, #1710 ) ) ;
#1171 = CARTESIAN_POINT ( 'NONE',  ( -27.19999999999999929, -6.499999999999995559, 0.000000000000000000 ) ) ;
#1172 = DIRECTION ( 'NONE',  ( -1.000000000000000000, 0.000000000000000000, 0.000000000000000000 ) ) ;
#1173 = CARTESIAN_POINT ( 'NONE',  ( 2.710706534924157918, 27.88058548334302600, 37.40226967377045497 ) ) ;
#1174 = CARTESIAN_POINT ( 'NONE',  ( 12.43670819433850205, 10.05011405970883231, -35.41322201794804414 ) ) ;
#1175 = CARTESIAN_POINT ( 'NONE',  ( -31.48868690071850196, 11.59586094863634642, -26.27949675049584854 ) ) ;
#1176 = VERTEX_POINT ( 'NONE', #2868 ) ;
#1177 = EDGE_LOOP ( 'NONE', ( #1987, #2659 ) ) ;
#1178 = CARTESIAN_POINT ( 'NONE',  ( 4.592425496802574367E-15, 2.000000000000000000, -37.50000000000000000 ) ) ;
#1179 = EDGE_CURVE ( 'NONE', #1536, #2513, #2329, .T. ) ;
#1180 = CARTESIAN_POINT ( 'NONE',  ( 25.23485131049561758, 39.45387863972694475, 33.00306469613355631 ) ) ;
#1181 = EDGE_CURVE ( 'NONE', #3021, #2063, #3479, .T. ) ;
#1182 = EDGE_LOOP ( 'NONE', ( #3444, #95 ) ) ;
#1183 = AXIS2_PLACEMENT_3D ( 'NONE', #358, #1594, #2145 ) ;
#1184 = ORIENTED_EDGE ( 'NONE', *, *, #2044, .T. ) ;
#1185 = CARTESIAN_POINT ( 'NONE',  ( -25.00000000000000000, -2.999999999999981792, 41.99999999999999289 ) ) ;
#1186 = DIRECTION ( 'NONE',  ( 0.000000000000000000, 0.9016435817087837812, -0.4324798857326844770 ) ) ;
#1187 = ADVANCED_FACE ( 'NONE', ( #1101 ), #952, .F. ) ;
#1188 = VECTOR ( 'NONE', #1673, 1000.000000000000000 ) ;
#1189 = CIRCLE ( 'NONE', #138, 1.750000000000001554 ) ;
#1190 = ORIENTED_EDGE ( 'NONE', *, *, #455, .T. ) ;
#1191 = ORIENTED_EDGE ( 'NONE', *, *, #716, .T. ) ;
#1192 = VECTOR ( 'NONE', #3131, 1000.000000000000000 ) ;
#1193 = CIRCLE ( 'NONE', #2160, 1.749999999999998002 ) ;
#1194 = LINE ( 'NONE', #916, #1192 ) ;
#1195 = DIRECTION ( 'NONE',  ( -0.000000000000000000, 1.000000000000000000, -0.000000000000000000 ) ) ;
#1196 = CARTESIAN_POINT ( 'NONE',  ( 17.32500000000000284, -6.499999999999996447, 17.32499999999999929 ) ) ;
#1197 = CARTESIAN_POINT ( 'NONE',  ( 0.9336993223615962512, 12.98487828689629353, 37.48909527217883664 ) ) ;
#1198 = DIRECTION ( 'NONE',  ( -0.8829475928589283207, 0.000000000000000000, 0.4694715627858882523 ) ) ;
#1199 = DIRECTION ( 'NONE',  ( -0.000000000000000000, -1.000000000000000000, -0.000000000000000000 ) ) ;
#1200 = DIRECTION ( 'NONE',  ( 0.000000000000000000, -1.000000000000000000, 0.000000000000000000 ) ) ;
#1201 = EDGE_LOOP ( 'NONE', ( #880, #2264 ) ) ;
#1202 = ORIENTED_EDGE ( 'NONE', *, *, #163, .T. ) ;
#1203 = CARTESIAN_POINT ( 'NONE',  ( -15.78787290786986475, 0.000000000000000000, -27.83420681544471265 ) ) ;
#1204 = DIRECTION ( 'NONE',  ( 0.000000000000000000, -1.000000000000000000, 0.000000000000000000 ) ) ;
#1205 = EDGE_CURVE ( 'NONE', #2561, #1109, #2939, .T. ) ;
#1206 = DIRECTION ( 'NONE',  ( -0.000000000000000000, 1.000000000000000000, -0.000000000000000000 ) ) ;
#1207 = ORIENTED_EDGE ( 'NONE', *, *, #509, .F. ) ;
#1208 = EDGE_CURVE ( 'NONE', #1821, #1165, #160, .T. ) ;
#1209 = VERTEX_POINT ( 'NONE', #1793 ) ;
#1210 = CARTESIAN_POINT ( 'NONE',  ( -12.20693485805262135, 40.46434821556390204, 35.49081741379342958 ) ) ;
#1211 = DIRECTION ( 'NONE',  ( -0.000000000000000000, 1.000000000000000000, -0.000000000000000000 ) ) ;
#1212 = ORIENTED_EDGE ( 'NONE', *, *, #1955, .F. ) ;
#1213 = EDGE_CURVE ( 'NONE', #2655, #596, #2947, .T. ) ;
#1214 = CARTESIAN_POINT ( 'NONE',  ( -3.700000000000000178, -4.499999999999995559, 32.79191973642287650 ) ) ;
#1215 = CARTESIAN_POINT ( 'NONE',  ( 2.710706534924157474, 11.88058548334302067, 37.40226967377045497 ) ) ;
#1216 = CARTESIAN_POINT ( 'NONE',  ( -3.484380026647063922, 26.43512475733191280, 37.33779900103184701 ) ) ;
#1217 = CARTESIAN_POINT ( 'NONE',  ( -0.4719233679856885133, 5.923355174659312716, 37.49773740819420453 ) ) ;
#1218 = CARTESIAN_POINT ( 'NONE',  ( -0.4735163471134824498, 13.07647764482514674, 37.49772113063426104 ) ) ;
#1219 = ORIENTED_EDGE ( 'NONE', *, *, #815, .T. ) ;
#1220 = CYLINDRICAL_SURFACE ( 'NONE', #3039, 1.000000000000000888 ) ;
#1221 = ORIENTED_EDGE ( 'NONE', *, *, #1741, .T. ) ;
#1222 = CARTESIAN_POINT ( 'NONE',  ( -2.861325608969257139, 23.30252332300829465, 37.39091130231059878 ) ) ;
#1223 = DIRECTION ( 'NONE',  ( -0.000000000000000000, 1.000000000000000000, -0.000000000000000000 ) ) ;
#1224 = VERTEX_POINT ( 'NONE', #2745 ) ;
#1225 = ORIENTED_EDGE ( 'NONE', *, *, #2435, .T. ) ;
#1226 = DIRECTION ( 'NONE',  ( -0.000000000000000000, 1.000000000000000000, -0.000000000000000000 ) ) ;
#1227 = EDGE_CURVE ( 'NONE', #1893, #3177, #2962, .T. ) ;
#1228 = ORIENTED_EDGE ( 'NONE', *, *, #772, .F. ) ;
#1229 = VECTOR ( 'NONE', #1342, 1000.000000000000000 ) ;
#1230 = EDGE_CURVE ( 'NONE', #1475, #827, #137, .T. ) ;
#1231 = DIRECTION ( 'NONE',  ( -0.4694715627858886409, 0.000000000000000000, -0.8829475928589280986 ) ) ;
#1232 = CARTESIAN_POINT ( 'NONE',  ( -19.86714152748583118, -4.499999999999995559, -27.34477440987304320 ) ) ;
#1233 = CARTESIAN_POINT ( 'NONE',  ( 0.000000000000000000, 10.00000000000000178, -37.50000000000000711 ) ) ;
#1234 = DIRECTION ( 'NONE',  ( -0.000000000000000000, 1.000000000000000000, -0.000000000000000000 ) ) ;
#1235 = DIRECTION ( 'NONE',  ( -0.000000000000000000, 1.000000000000000000, -0.000000000000000000 ) ) ;
#1236 = CARTESIAN_POINT ( 'NONE',  ( -29.83593735601836627, -2.999999999999981792, 28.12146585951288102 ) ) ;
#1237 = CARTESIAN_POINT ( 'NONE',  ( -31.11120185815366312, -6.499999999999995559, 13.48418032144392953 ) ) ;
#1238 = DIRECTION ( 'NONE',  ( 0.000000000000000000, 0.000000000000000000, 1.000000000000000000 ) ) ;
#1239 = DIRECTION ( 'NONE',  ( 0.000000000000000000, 0.000000000000000000, 1.000000000000000000 ) ) ;
#1240 = ORIENTED_EDGE ( 'NONE', *, *, #1979, .F. ) ;
#1241 = DIRECTION ( 'NONE',  ( 0.000000000000000000, 0.000000000000000000, -1.000000000000000000 ) ) ;
#1242 = VECTOR ( 'NONE', #3460, 1000.000000000000000 ) ;
#1243 = CARTESIAN_POINT ( 'NONE',  ( 0.000000000000000000, 10.00000000000000178, -37.50000000000000711 ) ) ;
#1244 = EDGE_LOOP ( 'NONE', ( #1245, #1830, #951, #2615 ) ) ;
#1245 = ORIENTED_EDGE ( 'NONE', *, *, #1854, .T. ) ;
#1246 = CIRCLE ( 'NONE', #3605, 1.100000000000000311 ) ;
#1247 = CARTESIAN_POINT ( 'NONE',  ( -8.475112856337643663, 40.77114925920299981, 36.53803048624217098 ) ) ;
#1248 = DIRECTION ( 'NONE',  ( -0.000000000000000000, 1.000000000000000000, -0.000000000000000000 ) ) ;
#1249 = CIRCLE ( 'NONE', #21, 2.299999999999999822 ) ;
#1250 = ORIENTED_EDGE ( 'NONE', *, *, #699, .T. ) ;
#1251 = AXIS2_PLACEMENT_3D ( 'NONE', #246, #470, #1585 ) ;
#1252 = CARTESIAN_POINT ( 'NONE',  ( -31.11120185815366312, 4.983751639017303781, 13.48418032144392953 ) ) ;
#1253 = EDGE_CURVE ( 'NONE', #2751, #3211, #2339, .T. ) ;
#1254 = LINE ( 'NONE', #3528, #2034 ) ;
#1255 = EDGE_CURVE ( 'NONE', #2477, #3089, #2472, .T. ) ;
#1256 = FACE_OUTER_BOUND ( 'NONE', #2231, .T. ) ;
#1257 = ADVANCED_FACE ( 'NONE', ( #376 ), #1275, .F. ) ;
#1258 = ADVANCED_FACE ( 'NONE', ( #3304 ), #2630, .T. ) ;
#1259 = CARTESIAN_POINT ( 'NONE',  ( 0.000000000000000000, -4.499999999999968914, 0.000000000000000000 ) ) ;
#1260 = DIRECTION ( 'NONE',  ( 0.000000000000000000, 0.000000000000000000, 1.000000000000000000 ) ) ;
#1261 = VECTOR ( 'NONE', #3604, 1000.000000000000000 ) ;
#1262 = DIRECTION ( 'NONE',  ( 0.000000000000000000, 0.000000000000000000, -1.000000000000000000 ) ) ;
#1263 = EDGE_LOOP ( 'NONE', ( #2024, #154 ) ) ;
#1264 = ORIENTED_EDGE ( 'NONE', *, *, #1230, .F. ) ;
#1265 = CARTESIAN_POINT ( 'NONE',  ( -3.151140984951476209, 9.999629019328379442, -37.40075819355249820 ) ) ;
#1266 = ORIENTED_EDGE ( 'NONE', *, *, #45, .T. ) ;
#1267 = CYLINDRICAL_SURFACE ( 'NONE', #1945, 2.299999999999999822 ) ;
#1268 = AXIS2_PLACEMENT_3D ( 'NONE', #1597, #2792, #1943 ) ;
#1269 = ORIENTED_EDGE ( 'NONE', *, *, #2312, .T. ) ;
#1270 = ORIENTED_EDGE ( 'NONE', *, *, #3526, .T. ) ;
#1271 = DIRECTION ( 'NONE',  ( 1.000000000000000000, 0.000000000000000000, 0.000000000000000000 ) ) ;
#1272 = CARTESIAN_POINT ( 'NONE',  ( 27.21650181418996084, -6.499999999999995559, 18.66177989898590539 ) ) ;
#1273 = DIRECTION ( 'NONE',  ( 0.000000000000000000, 0.000000000000000000, -1.000000000000000000 ) ) ;
#1274 = DIRECTION ( 'NONE',  ( 0.000000000000000000, 0.000000000000000000, 1.000000000000000000 ) ) ;
#1275 = CYLINDRICAL_SURFACE ( 'NONE', #1183, 40.00000000000000711 ) ;
#1276 = AXIS2_PLACEMENT_3D ( 'NONE', #3334, #3689, #490 ) ;
#1277 = ADVANCED_FACE ( 'NONE', ( #1295 ), #1980, .F. ) ;
#1278 = DIRECTION ( 'NONE',  ( 0.000000000000000000, 0.000000000000000000, 1.000000000000000000 ) ) ;
#1279 = DIRECTION ( 'NONE',  ( -0.000000000000000000, -1.000000000000000000, -0.000000000000000000 ) ) ;
#1280 = ORIENTED_EDGE ( 'NONE', *, *, #2984, .T. ) ;
#1281 = ORIENTED_EDGE ( 'NONE', *, *, #2949, .F. ) ;
#1282 = FACE_OUTER_BOUND ( 'NONE', #624, .T. ) ;
#1283 = CARTESIAN_POINT ( 'NONE',  ( 19.86714152748543682, 5.032001336902014899, -27.34477440987333452 ) ) ;
#1284 = CARTESIAN_POINT ( 'NONE',  ( 29.84362863863176685, 4.286263797015747072E-17, 15.86813882216303639 ) ) ;
#1285 = ORIENTED_EDGE ( 'NONE', *, *, #1762, .F. ) ;
#1286 = DIRECTION ( 'NONE',  ( -4.531410798447630266E-16, -0.000000000000000000, 1.000000000000000000 ) ) ;
#1287 = VERTEX_POINT ( 'NONE', #2492 ) ;
#1288 = ORIENTED_EDGE ( 'NONE', *, *, #485, .T. ) ;
#1289 = VECTOR ( 'NONE', #193, 1000.000000000000114 ) ;
#1290 = CARTESIAN_POINT ( 'NONE',  ( -29.84362863863176685, -4.499999999999995559, 14.11813882216303817 ) ) ;
#1291 = DIRECTION ( 'NONE',  ( 0.000000000000000000, 0.000000000000000000, -1.000000000000000000 ) ) ;
#1292 = AXIS2_PLACEMENT_3D ( 'NONE', #1868, #1584, #2752 ) ;
#1293 = CARTESIAN_POINT ( 'NONE',  ( 3.599999999999999645, 25.50000000000000355, -41.00099999999999767 ) ) ;
#1294 = DIRECTION ( 'NONE',  ( -1.000000000000000000, 0.000000000000000000, 0.000000000000000000 ) ) ;
#1295 = FACE_OUTER_BOUND ( 'NONE', #2261, .T. ) ;
#1296 = CARTESIAN_POINT ( 'NONE',  ( -30.69059137880553934, -6.499999999999995559, 12.12796771182984124 ) ) ;
#1297 = DIRECTION ( 'NONE',  ( -0.8090169943749505599, 0.000000000000000000, -0.5877852522924689183 ) ) ;
#1298 = CARTESIAN_POINT ( 'NONE',  ( -19.00000000000000000, 41.50000000000000000, 45.00000000000000000 ) ) ;
#1299 = ORIENTED_EDGE ( 'NONE', *, *, #1079, .T. ) ;
#1300 = ORIENTED_EDGE ( 'NONE', *, *, #3387, .T. ) ;
#1301 = ADVANCED_FACE ( 'NONE', ( #833 ), #1409, .F. ) ;
#1302 = DIRECTION ( 'NONE',  ( -0.000000000000000000, -1.000000000000000000, -0.000000000000000000 ) ) ;
#1303 = EDGE_CURVE ( 'NONE', #2751, #414, #2951, .T. ) ;
#1304 = CARTESIAN_POINT ( 'NONE',  ( -31.19382365448990413, 13.63409158668514287, -20.82659546950059237 ) ) ;
#1305 = ORIENTED_EDGE ( 'NONE', *, *, #912, .T. ) ;
#1306 = CIRCLE ( 'NONE', #3010, 1.749999999999998002 ) ;
#1307 = DIRECTION ( 'NONE',  ( -0.6858894112076312499, 0.000000000000000000, -0.7277057891711793403 ) ) ;
#1308 = EDGE_LOOP ( 'NONE', ( #1867, #1519, #270, #3707 ) ) ;
#1309 = EDGE_LOOP ( 'NONE', ( #3229, #3579, #3447, #1405 ) ) ;
#1310 = VECTOR ( 'NONE', #2920, 1000.000000000000000 ) ;
#1311 = CARTESIAN_POINT ( 'NONE',  ( -3.587878787878788334, 0.000000000000000000, 31.79822519895551736 ) ) ;
#1312 = LINE ( 'NONE', #2197, #3132 ) ;
#1313 = DIRECTION ( 'NONE',  ( -0.000000000000000000, 1.000000000000000000, -0.000000000000000000 ) ) ;
#1314 = DIRECTION ( 'NONE',  ( -0.000000000000000000, 1.000000000000000000, 0.000000000000000000 ) ) ;
#1315 = CIRCLE ( 'NONE', #2645, 3.600000000000000089 ) ;
#1316 = CIRCLE ( 'NONE', #1251, 1.000000000000000888 ) ;
#1317 = CARTESIAN_POINT ( 'NONE',  ( -17.32499999999999929, 0.000000000000000000, 19.62500000000000355 ) ) ;
#1318 = MECHANICAL_DESIGN_GEOMETRIC_PRESENTATION_REPRESENTATION (  '', ( #2158 ), #1133 ) ;
#1319 = AXIS2_PLACEMENT_3D ( 'NONE', #2576, #1151, #2814 ) ;
#1320 = DIRECTION ( 'NONE',  ( 0.000000000000000000, 0.000000000000000000, 1.000000000000000000 ) ) ;
#1321 = CARTESIAN_POINT ( 'NONE',  ( -1.972152263052529514E-28, 21.90000000000000568, 37.50000000000000000 ) ) ;
#1322 = FACE_OUTER_BOUND ( 'NONE', #2123, .T. ) ;
#1323 = FACE_OUTER_BOUND ( 'NONE', #3655, .T. ) ;
#1324 = CARTESIAN_POINT ( 'NONE',  ( -19.57552531038152210, 41.34119638048351675, 39.42886729979726113 ) ) ;
#1325 = EDGE_LOOP ( 'NONE', ( #1094, #1285 ) ) ;
#1326 = CARTESIAN_POINT ( 'NONE',  ( 0.000000000000000000, 0.2500000000000000000, 0.000000000000000000 ) ) ;
#1327 = ORIENTED_EDGE ( 'NONE', *, *, #2558, .F. ) ;
#1328 = VECTOR ( 'NONE', #3114, 1000.000000000000000 ) ;
#1329 = EDGE_CURVE ( 'NONE', #2979, #757, #1315, .T. ) ;
#1330 = CARTESIAN_POINT ( 'NONE',  ( 0.000000000000000000, -5.900000000000012790, 0.000000000000000000 ) ) ;
#1331 = ADVANCED_FACE ( 'NONE', ( #2223 ), #1392, .F. ) ;
#1332 = EDGE_LOOP ( 'NONE', ( #300, #2131, #1191, #1153 ) ) ;
#1333 = VERTEX_POINT ( 'NONE', #1923 ) ;
#1334 = PLANE ( 'NONE',  #1655 ) ;
#1335 = DIRECTION ( 'NONE',  ( 0.000000000000000000, 0.000000000000000000, 1.000000000000000000 ) ) ;
#1336 = DIRECTION ( 'NONE',  ( -0.000000000000000000, 1.000000000000000000, -0.000000000000000000 ) ) ;
#1337 = CARTESIAN_POINT ( 'NONE',  ( -26.39175933497208604, -4.499999999999996447, 18.09627141719845511 ) ) ;
#1338 = DIRECTION ( 'NONE',  ( -0.000000000000000000, -1.000000000000000000, -0.000000000000000000 ) ) ;
#1339 = CARTESIAN_POINT ( 'NONE',  ( 3.414459048827239052, 24.33536945890703151, 37.34433841453882508 ) ) ;
#1340 = CARTESIAN_POINT ( 'NONE',  ( -15.78787290786986475, -6.499999999999995559, -27.83420681544471265 ) ) ;
#1341 = ORIENTED_EDGE ( 'NONE', *, *, #3387, .F. ) ;
#1342 = DIRECTION ( 'NONE',  ( -0.000000000000000000, 1.000000000000000000, -0.000000000000000000 ) ) ;
#1343 = CARTESIAN_POINT ( 'NONE',  ( -26.88787210338097466, 11.61777416241121763, -26.18563794582810189 ) ) ;
#1344 = ORIENTED_EDGE ( 'NONE', *, *, #1303, .T. ) ;
#1345 = ORIENTED_EDGE ( 'NONE', *, *, #2841, .F. ) ;
#1346 = EDGE_LOOP ( 'NONE', ( #1023, #828, #2452, #3093 ) ) ;
#1347 = DIRECTION ( 'NONE',  ( -0.000000000000000000, -1.000000000000000000, -0.000000000000000000 ) ) ;
#1348 = CARTESIAN_POINT ( 'NONE',  ( -19.00000000000000000, 41.50000000000000000, 45.00000000000000000 ) ) ;
#1349 = ADVANCED_FACE ( 'NONE', ( #3414 ), #2185, .F. ) ;
#1350 = DIRECTION ( 'NONE',  ( -0.000000000000000000, 1.000000000000000000, -0.000000000000000000 ) ) ;
#1351 = ADVANCED_FACE ( 'NONE', ( #1657 ), #3343, .F. ) ;
#1352 = CIRCLE ( 'NONE', #768, 1.099999999999996758 ) ;
#1353 = CARTESIAN_POINT ( 'NONE',  ( -22.05148741229817588, 5.032001336902015787, -25.75775422868334630 ) ) ;
#1354 = LINE ( 'NONE', #2239, #1188 ) ;
#1355 = AXIS2_PLACEMENT_3D ( 'NONE', #2445, #3319, #474 ) ;
#1356 = PLANE ( 'NONE',  #836 ) ;
#1357 = CARTESIAN_POINT ( 'NONE',  ( 0.000000000000000000, 0.000000000000000000, 33.79999999999999716 ) ) ;
#1358 = ORIENTED_EDGE ( 'NONE', *, *, #1696, .T. ) ;
#1359 = ORIENTED_EDGE ( 'NONE', *, *, #2164, .F. ) ;
#1360 = CARTESIAN_POINT ( 'NONE',  ( 30.79446102318281575, 13.33449720621230128, -21.45119642593981979 ) ) ;
#1361 = DIRECTION ( 'NONE',  ( 0.000000000000000000, 0.000000000000000000, -1.000000000000000000 ) ) ;
#1362 = ORIENTED_EDGE ( 'NONE', *, *, #2607, .T. ) ;
#1363 = ORIENTED_EDGE ( 'NONE', *, *, #1555, .T. ) ;
#1364 = B_SPLINE_CURVE_WITH_KNOTS ( 'NONE', 3,
 ( #1321, #3344, #769, #3068, #1959, #2202, #1924, #498, #819, #2531, #1618, #219, #520, #1339, #2493, #1054, #3326, #3379 ),
 .UNSPECIFIED., .F., .F.,
 ( 4, 2, 2, 2, 2, 2, 2, 2, 4 ),
 ( 0.01689400464214614941, 0.01759735479381548812, 0.01830070494548483029, 0.01900405509715416899, 0.01970740524882350769, 0.02041075540049284986, 0.02111410555216218857, 0.02181745570383152727, 0.02252080585550086944 ),
 .UNSPECIFIED. ) ;
#1365 = DIRECTION ( 'NONE',  ( 3.518996683005866023E-17, -0.9578262852211508749, 0.2873478855663468279 ) ) ;
#1366 = LINE ( 'NONE', #2233, #196 ) ;
#1367 = VERTEX_POINT ( 'NONE', #519 ) ;
#1368 = EDGE_LOOP ( 'NONE', ( #1269, #2443, #2520, #1715 ) ) ;
#1369 = CARTESIAN_POINT ( 'NONE',  ( 0.000000000000000000, -6.499999999999995559, 0.000000000000000000 ) ) ;
#1370 = CARTESIAN_POINT ( 'NONE',  ( 0.000000000000000000, 0.000000000000000000, 37.50000000000000000 ) ) ;
#1371 = DIRECTION ( 'NONE',  ( -0.000000000000000000, -1.000000000000000000, 0.000000000000000000 ) ) ;
#1372 = VECTOR ( 'NONE', #1365, 1000.000000000000114 ) ;
#1373 = FACE_OUTER_BOUND ( 'NONE', #3369, .T. ) ;
#1374 = DIRECTION ( 'NONE',  ( -0.000000000000000000, 1.000000000000000000, -0.000000000000000000 ) ) ;
#1375 = ADVANCED_FACE ( 'NONE', ( #3378 ), #3308, .F. ) ;
#1376 = AXIS2_PLACEMENT_3D ( 'NONE', #618, #1428, #327 ) ;
#1377 = EDGE_CURVE ( 'NONE', #3622, #18, #1354, .T. ) ;
#1378 = EDGE_CURVE ( 'NONE', #1061, #338, #2825, .T. ) ;
#1379 = DIRECTION ( 'NONE',  ( -0.000000000000000000, 1.000000000000000000, -0.000000000000000000 ) ) ;
#1380 = AXIS2_PLACEMENT_3D ( 'NONE', #3101, #1374, #1691 ) ;
#1381 = EDGE_LOOP ( 'NONE', ( #1551, #1569, #2081, #1843 ) ) ;
#1382 = CARTESIAN_POINT ( 'NONE',  ( 44.13483132565810507, 23.34219362730067004, -0.5869307260971956541 ) ) ;
#1383 = CARTESIAN_POINT ( 'NONE',  ( 17.32500000000000284, 0.000000000000000000, 17.32499999999999929 ) ) ;
#1384 = ORIENTED_EDGE ( 'NONE', *, *, #699, .F. ) ;
#1385 = ORIENTED_EDGE ( 'NONE', *, *, #812, .T. ) ;
#1386 = DIRECTION ( 'NONE',  ( -0.000000000000000000, 1.000000000000000000, -0.000000000000000000 ) ) ;
#1387 = ORIENTED_EDGE ( 'NONE', *, *, #161, .F. ) ;
#1388 = ORIENTED_EDGE ( 'NONE', *, *, #3621, .F. ) ;
#1389 = AXIS2_PLACEMENT_3D ( 'NONE', #1859, #2685, #2743 ) ;
#1390 = DIRECTION ( 'NONE',  ( 0.000000000000000000, 0.000000000000000000, -1.000000000000000000 ) ) ;
#1391 = CARTESIAN_POINT ( 'NONE',  ( 3.576659915996983408, 9.026935962556160931, 37.32907293402553961 ) ) ;
#1392 = CYLINDRICAL_SURFACE ( 'NONE', #665, 2.299999999999999822 ) ;
#1393 = CARTESIAN_POINT ( 'NONE',  ( 16.28124393624038291, -6.499999999999995559, -28.70402577842760294 ) ) ;
#1394 = CARTESIAN_POINT ( 'NONE',  ( 20.37393122156934311, 41.14451807064571653, 38.16033878669290402 ) ) ;
#1395 = VERTEX_POINT ( 'NONE', #3684 ) ;
#1396 = EDGE_CURVE ( 'NONE', #3411, #1132, #1436, .T. ) ;
#1397 = FACE_OUTER_BOUND ( 'NONE', #2047, .T. ) ;
#1398 = DIRECTION ( 'NONE',  ( 0.6858894112076323601, 0.000000000000000000, -0.7277057891711782300 ) ) ;
#1399 = ADVANCED_FACE ( 'NONE', ( #3136 ), #1905, .T. ) ;
#1401 = AXIS2_PLACEMENT_3D ( 'NONE', #2170, #2450, #3534 ) ;
#1400 = AXIS2_PLACEMENT_3D ( 'NONE', #537, #3380, #807 ) ;
#1402 = EDGE_LOOP ( 'NONE', ( #2997, #3426, #1062, #3392 ) ) ;
#1403 = ORIENTED_EDGE ( 'NONE', *, *, #189, .F. ) ;
#1404 = CIRCLE ( 'NONE', #581, 1.099999999999996758 ) ;
#1405 = ORIENTED_EDGE ( 'NONE', *, *, #1631, .T. ) ;
#1406 = ORIENTED_EDGE ( 'NONE', *, *, #1693, .F. ) ;
#1407 = CARTESIAN_POINT ( 'NONE',  ( 17.32500000000000284, 0.000000000000000000, 17.32499999999999929 ) ) ;
#1408 = CARTESIAN_POINT ( 'NONE',  ( 3.600000000000000977, 9.262163624293393127, 37.32680002357554372 ) ) ;
#1409 = CYLINDRICAL_SURFACE ( 'NONE', #2588, 1.749999999999998002 ) ;
#1410 = CARTESIAN_POINT ( 'NONE',  ( -26.05628889631298506, 10.38883852931542151, -31.73264649152979899 ) ) ;
#1411 = LINE ( 'NONE', #62, #2066 ) ;
#1412 = ORIENTED_EDGE ( 'NONE', *, *, #65, .F. ) ;
#1413 = CIRCLE ( 'NONE', #2874, 2.700000000000001066 ) ;
#1414 = DIRECTION ( 'NONE',  ( -0.000000000000000000, -1.000000000000000000, 0.000000000000000000 ) ) ;
#1415 = CARTESIAN_POINT ( 'NONE',  ( 29.83593735601835562, -2.999999999999980904, 28.12146585951288102 ) ) ;
#1416 = ORIENTED_EDGE ( 'NONE', *, *, #3431, .T. ) ;
#1417 = ORIENTED_EDGE ( 'NONE', *, *, #297, .F. ) ;
#1418 = EDGE_CURVE ( 'NONE', #3525, #1890, #3115, .T. ) ;
#1419 = ADVANCED_FACE ( 'NONE', ( #2894 ), #3186, .T. ) ;
#1420 = CARTESIAN_POINT ( 'NONE',  ( 28.57605541910986702, -4.499999999999995559, 18.25209732288214326 ) ) ;
#1421 = EDGE_LOOP ( 'NONE', ( #2888, #894 ) ) ;
#1422 = EDGE_CURVE ( 'NONE', #1395, #3330, #3281, .T. ) ;
#1423 = ORIENTED_EDGE ( 'NONE', *, *, #3001, .F. ) ;
#1424 = EDGE_CURVE ( 'NONE', #596, #283, #2928, .T. ) ;
#1425 = LINE ( 'NONE', #900, #2782 ) ;
#1426 = DIRECTION ( 'NONE',  ( 0.000000000000000000, 0.000000000000000000, 1.000000000000000000 ) ) ;
#1427 = DIRECTION ( 'NONE',  ( 0.000000000000000000, 0.000000000000000000, -1.000000000000000000 ) ) ;
#1428 = DIRECTION ( 'NONE',  ( 0.5145656982316488826, -0.7071067811865466846, 0.4849970538089658501 ) ) ;
#1429 = CARTESIAN_POINT ( 'NONE',  ( 0.000000000000000000, -2.999999999999985345, 0.000000000000000000 ) ) ;
#1430 = VECTOR ( 'NONE', #2766, 1000.000000000000000 ) ;
#1431 = CYLINDRICAL_SURFACE ( 'NONE', #2029, 1.100000000000000311 ) ;
#1432 = ORIENTED_EDGE ( 'NONE', *, *, #1469, .F. ) ;
#1433 = AXIS2_PLACEMENT_3D ( 'NONE', #404, #1521, #118 ) ;
#1434 = CIRCLE ( 'NONE', #1070, 2.299999999999999822 ) ;
#1435 = CARTESIAN_POINT ( 'NONE',  ( 17.80583389405907013, 39.45387863972694475, 33.00306469613355631 ) ) ;
#1436 = CIRCLE ( 'NONE', #1016, 1.000000000000000888 ) ;
#1437 = CARTESIAN_POINT ( 'NONE',  ( 17.09026093061533302, -6.499999999999995559, -28.11624052613513314 ) ) ;
#1438 = AXIS2_PLACEMENT_3D ( 'NONE', #2794, #3671, #170 ) ;
#1439 = ORIENTED_EDGE ( 'NONE', *, *, #1377, .T. ) ;
#1440 = ORIENTED_EDGE ( 'NONE', *, *, #1486, .T. ) ;
#1441 = CARTESIAN_POINT ( 'NONE',  ( -15.49999999999998934, -6.499999999999996447, 45.00000000000000000 ) ) ;
#1442 = AXIS2_PLACEMENT_3D ( 'NONE', #2820, #2760, #1065 ) ;
#1443 = FACE_OUTER_BOUND ( 'NONE', #753, .T. ) ;
#1444 = VERTEX_POINT ( 'NONE', #41 ) ;
#1445 = ORIENTED_EDGE ( 'NONE', *, *, #570, .T. ) ;
#1446 = CARTESIAN_POINT ( 'NONE',  ( 0.000000000000000000, -6.499999999999995559, -19.00000000000000355 ) ) ;
#1447 = ADVANCED_FACE ( 'NONE', ( #2274 ), #598, .F. ) ;
#1448 = VECTOR ( 'NONE', #2238, 1000.000000000000000 ) ;
#1449 = DIRECTION ( 'NONE',  ( 0.000000000000000000, 0.000000000000000000, 1.000000000000000000 ) ) ;
#1450 = CARTESIAN_POINT ( 'NONE',  ( -38.29450360512491613, 34.15171867195874711, 21.94900493094400318 ) ) ;
#1451 = EDGE_CURVE ( 'NONE', #370, #187, #556, .T. ) ;
#1452 = LINE ( 'NONE', #2621, #1791 ) ;
#1453 = FACE_OUTER_BOUND ( 'NONE', #1779, .T. ) ;
#1454 = CARTESIAN_POINT ( 'NONE',  ( -0.2379263872939635927, 5.900000000000004796, 37.50000000000000000 ) ) ;
#1455 = CARTESIAN_POINT ( 'NONE',  ( 2.081899558550500280E-15, -4.499999999999968914, -17.00000000000000000 ) ) ;
#1456 = EDGE_LOOP ( 'NONE', ( #1081, #3332, #578, #867, #3108 ) ) ;
#1457 = ORIENTED_EDGE ( 'NONE', *, *, #1489, .F. ) ;
#1458 = CARTESIAN_POINT ( 'NONE',  ( -3.124545791775621861, 23.69630890073631946, 37.36983604262801606 ) ) ;
#1459 = CIRCLE ( 'NONE', #100, 37.50000000000000000 ) ;
#1460 = AXIS2_PLACEMENT_3D ( 'NONE', #2900, #1199, #2611 ) ;
#1461 = ORIENTED_EDGE ( 'NONE', *, *, #1077, .T. ) ;
#1462 = ORIENTED_EDGE ( 'NONE', *, *, #3292, .T. ) ;
#1463 = CIRCLE ( 'NONE', #2917, 1.099999999999996758 ) ;
#1464 = DIRECTION ( 'NONE',  ( -0.000000000000000000, 1.000000000000000000, -0.000000000000000000 ) ) ;
#1465 = CYLINDRICAL_SURFACE ( 'NONE', #1864, 1.000000000000000888 ) ;
#1466 = DIRECTION ( 'NONE',  ( -0.000000000000000000, 1.000000000000000000, -0.000000000000000000 ) ) ;
#1467 = CARTESIAN_POINT ( 'NONE',  ( 22.81960280901288840, 10.75156178709782573, -29.76799998253191504 ) ) ;
#1468 = CARTESIAN_POINT ( 'NONE',  ( -20.57240709142292090, 10.04730634841007308, -35.48282043068872582 ) ) ;
#1469 = EDGE_CURVE ( 'NONE', #666, #1287, #1961, .T. ) ;
#1470 = DIRECTION ( 'NONE',  ( -0.7071067811865479058, -0.7071067811865472397, -0.000000000000000000 ) ) ;
#1471 = ADVANCED_FACE ( 'NONE', ( #2606 ), #1157, .F. ) ;
#1472 = CARTESIAN_POINT ( 'NONE',  ( 0.000000000000000000, 0.000000000000000000, 37.50000000000000000 ) ) ;
#1473 = DIRECTION ( 'NONE',  ( -0.000000000000000000, 1.000000000000000000, -0.000000000000000000 ) ) ;
#1474 = ORIENTED_EDGE ( 'NONE', *, *, #2869, .T. ) ;
#1475 = VERTEX_POINT ( 'NONE', #2876 ) ;
#1476 = AXIS2_PLACEMENT_3D ( 'NONE', #3624, #1347, #1014 ) ;
#1477 = CARTESIAN_POINT ( 'NONE',  ( -2.195249070833854788, 22.63709052813188549, 37.43620276931395097 ) ) ;
#1478 = CARTESIAN_POINT ( 'NONE',  ( -7.846613560801966258, 10.00815572328262526, -36.67850903160623233 ) ) ;
#1479 = ORIENTED_EDGE ( 'NONE', *, *, #673, .T. ) ;
#1480 = ORIENTED_EDGE ( 'NONE', *, *, #2772, .T. ) ;
#1481 = DIRECTION ( 'NONE',  ( 0.000000000000000000, 1.000000000000000000, 0.000000000000000000 ) ) ;
#1482 = CARTESIAN_POINT ( 'NONE',  ( -44.13483132565812639, 23.34219362730067004, -0.5869307260971956541 ) ) ;
#1483 = CARTESIAN_POINT ( 'NONE',  ( 6.327721384751205491, 10.00265860372742388, -36.99662577322117585 ) ) ;
#1484 = FACE_OUTER_BOUND ( 'NONE', #1812, .T. ) ;
#1485 = CARTESIAN_POINT ( 'NONE',  ( -29.83593735601836272, -2.999999999999981792, 28.12146585951288102 ) ) ;
#1486 = EDGE_CURVE ( 'NONE', #491, #3124, #3551, .T. ) ;
#1487 = AXIS2_PLACEMENT_3D ( 'NONE', #653, #125, #1750 ) ;
#1488 = LINE ( 'NONE', #2392, #3099 ) ;
#1489 = EDGE_CURVE ( 'NONE', #3159, #2433, #3203, .T. ) ;
#1490 = CARTESIAN_POINT ( 'NONE',  ( -3.484380026647063922, 10.43512475733191458, 37.33779900103184701 ) ) ;
#1491 = ORIENTED_EDGE ( 'NONE', *, *, #1230, .T. ) ;
#1492 = VECTOR ( 'NONE', #511, 1000.000000000000000 ) ;
#1493 = ORIENTED_EDGE ( 'NONE', *, *, #2863, .T. ) ;
#1494 = CARTESIAN_POINT ( 'NONE',  ( 29.84362863863176685, 0.000000000000000000, 14.11813882216303817 ) ) ;
#1495 = AXIS2_PLACEMENT_3D ( 'NONE', #1669, #2836, #1390 ) ;
#1496 = EDGE_CURVE ( 'NONE', #3573, #3021, #2037, .T. ) ;
#1497 = ORIENTED_EDGE ( 'NONE', *, *, #2136, .F. ) ;
#1498 = VERTEX_POINT ( 'NONE', #633 ) ;
#1499 = TOROIDAL_SURFACE ( 'NONE', #82, 37.76399233727723725, 0.2500000000000000000 ) ;
#1500 = ORIENTED_EDGE ( 'NONE', *, *, #2577, .T. ) ;
#1501 = DIRECTION ( 'NONE',  ( 0.000000000000000000, 0.000000000000000000, 1.000000000000000000 ) ) ;
#1502 = DIRECTION ( 'NONE',  ( 0.000000000000000000, 0.000000000000000000, -1.000000000000000000 ) ) ;
#1503 = CARTESIAN_POINT ( 'NONE',  ( 17.32499999999999574, -6.499999999999996447, -18.42499999999999361 ) ) ;
#1504 = CARTESIAN_POINT ( 'NONE',  ( 0.000000000000000000, 9.500000000000003553, 45.00000000000000000 ) ) ;
#1505 = CONICAL_SURFACE ( 'NONE', #1992, 27.19999999999999929, 0.7853981633974511656 ) ;
#1506 = CARTESIAN_POINT ( 'NONE',  ( 29.83593735601835562, -2.999999999999981792, 28.12146585951288102 ) ) ;
#1507 = LINE ( 'NONE', #388, #2740 ) ;
#1508 = CARTESIAN_POINT ( 'NONE',  ( 30.69059137880554289, 0.000000000000000000, 12.12796771182984124 ) ) ;
#1509 = VERTEX_POINT ( 'NONE', #1763 ) ;
#1510 = DIRECTION ( 'NONE',  ( -0.000000000000000000, 1.000000000000000000, -0.000000000000000000 ) ) ;
#1511 = ORIENTED_EDGE ( 'NONE', *, *, #1602, .F. ) ;
#1512 = EDGE_CURVE ( 'NONE', #3167, #370, #3544, .T. ) ;
#1513 = CARTESIAN_POINT ( 'NONE',  ( 3.294299889706380771E-15, -6.499999999999995559, -26.60000000000001208 ) ) ;
#1514 = EDGE_CURVE ( 'NONE', #2500, #827, #420, .T. ) ;
#1515 = CARTESIAN_POINT ( 'NONE',  ( -5.502305517732527740, 10.00185116510411198, -37.10254350754725294 ) ) ;
#1516 = ORIENTED_EDGE ( 'NONE', *, *, #1181, .F. ) ;
#1517 = VERTEX_POINT ( 'NONE', #3044 ) ;
#1518 = CARTESIAN_POINT ( 'NONE',  ( 3.331039293680800447E-15, -5.900000000000012790, -27.19999999999999929 ) ) ;
#1519 = ORIENTED_EDGE ( 'NONE', *, *, #2048, .T. ) ;
#1520 = FACE_OUTER_BOUND ( 'NONE', #3193, .T. ) ;
#1521 = DIRECTION ( 'NONE',  ( -0.000000000000000000, 1.000000000000000000, -0.000000000000000000 ) ) ;
#1522 = B_SPLINE_CURVE_WITH_KNOTS ( 'NONE', 3,
 ( #1856, #2974, #994, #1556, #2703, #2407, #2741, #2761, #3545, #174, #1572, #3006, #3601, #3045 ),
 .UNSPECIFIED., .F., .F.,
 ( 4, 2, 2, 2, 2, 2, 4 ),
 ( 0.01857994343754133804, 0.02090028133962522350, 0.02322061924170910896, 0.02786129504587687294, 0.03250197085004463693, 0.03482230875212852239, 0.03714264665421240091 ),
 .UNSPECIFIED. ) ;
#1523 = EDGE_CURVE ( 'NONE', #1148, #2462, #2399, .T. ) ;
#1524 = DIRECTION ( 'NONE',  ( 0.000000000000000000, -1.000000000000000000, 0.000000000000000000 ) ) ;
#1525 = CARTESIAN_POINT ( 'NONE',  ( -19.86714152748583118, 5.032001336902015787, -30.04477440987304604 ) ) ;
#1526 = CARTESIAN_POINT ( 'NONE',  ( 19.00000000000000000, -2.999999999999981792, 45.00000000000000000 ) ) ;
#1527 = DIRECTION ( 'NONE',  ( -0.000000000000000000, -1.000000000000000000, -0.000000000000000000 ) ) ;
#1528 = EDGE_LOOP ( 'NONE', ( #640, #97, #684, #558, #2481 ) ) ;
#1529 = CARTESIAN_POINT ( 'NONE',  ( -3.600000000000000089, 25.26491904993686077, 37.32680002357554372 ) ) ;
#1530 = EDGE_LOOP ( 'NONE', ( #2007, #2374, #1479, #1439 ) ) ;
#1531 = EDGE_LOOP ( 'NONE', ( #2211, #1266, #3346, #3019 ) ) ;
#1532 = ADVANCED_FACE ( 'NONE', ( #2683 ), #3565, .F. ) ;
#1533 = AXIS2_PLACEMENT_3D ( 'NONE', #2166, #3029, #997 ) ;
#1534 = CARTESIAN_POINT ( 'NONE',  ( 17.32500000000000284, -3.499999999999995115, 17.32499999999999929 ) ) ;
#1535 = EDGE_CURVE ( 'NONE', #3167, #909, #3129, .T. ) ;
#1536 = VERTEX_POINT ( 'NONE', #1290 ) ;
#1537 = CIRCLE ( 'NONE', #3288, 1.099999999999996758 ) ;
#1538 = CARTESIAN_POINT ( 'NONE',  ( 17.09026093061533302, -6.499999999999995559, -28.11624052613513314 ) ) ;
#1539 = CARTESIAN_POINT ( 'NONE',  ( -17.09026093061573803, -4.499999999999996447, -28.11624052613488089 ) ) ;
#1540 = DIRECTION ( 'NONE',  ( -0.000000000000000000, 1.000000000000000000, -0.000000000000000000 ) ) ;
#1541 = CYLINDRICAL_SURFACE ( 'NONE', #1711, 1.749999999999998002 ) ;
#1542 = LINE ( 'NONE', #966, #2091 ) ;
#1543 = DIRECTION ( 'NONE',  ( 0.000000000000000000, 0.000000000000000000, -1.000000000000000000 ) ) ;
#1544 = ORIENTED_EDGE ( 'NONE', *, *, #3358, .F. ) ;
#1545 = VERTEX_POINT ( 'NONE', #3320 ) ;
#1546 = CIRCLE ( 'NONE', #2032, 1.000000000000000888 ) ;
#1547 = ORIENTED_EDGE ( 'NONE', *, *, #2387, .F. ) ;
#1548 = DIRECTION ( 'NONE',  ( 0.000000000000000000, 1.000000000000000000, 0.000000000000000000 ) ) ;
#1549 = EDGE_CURVE ( 'NONE', #1176, #338, #3016, .T. ) ;
#1550 = AXIS2_PLACEMENT_3D ( 'NONE', #818, #275, #1958 ) ;
#1551 = ORIENTED_EDGE ( 'NONE', *, *, #2466, .T. ) ;
#1552 = PRODUCT ( '3d-printed-part', '3d-printed-part', '', ( #780 ) ) ;
#1553 = CYLINDRICAL_SURFACE ( 'NONE', #686, 3.600000000000000089 ) ;
#1554 = DIRECTION ( 'NONE',  ( -0.000000000000000000, 1.000000000000000000, -0.000000000000000000 ) ) ;
#1555 = EDGE_CURVE ( 'NONE', #428, #2512, #3486, .T. ) ;
#1556 = CARTESIAN_POINT ( 'NONE',  ( 3.112685417358179940, 40.98028130650389045, 37.37875289659341149 ) ) ;
#1557 = CARTESIAN_POINT ( 'NONE',  ( 1.803600155767354885, 12.62459445210500419, 37.45712067788233668 ) ) ;
#1558 = DIRECTION ( 'NONE',  ( -0.000000000000000000, 1.000000000000000000, -0.000000000000000000 ) ) ;
#1559 = DIRECTION ( 'NONE',  ( 0.000000000000000000, -1.000000000000000000, 0.000000000000000000 ) ) ;
#1560 = DIRECTION ( 'NONE',  ( -0.5877852522924686962, 0.000000000000000000, 0.8090169943749506709 ) ) ;
#1561 = CARTESIAN_POINT ( 'NONE',  ( 2.143131898507863614E-16, 4.286263797015747072E-17, 32.04999999999999716 ) ) ;
#1562 = CARTESIAN_POINT ( 'NONE',  ( 3.600000000000000089, 9.500000000000003553, 45.00000000000000000 ) ) ;
#1563 = ORIENTED_EDGE ( 'NONE', *, *, #256, .T. ) ;
#1564 = ORIENTED_EDGE ( 'NONE', *, *, #1817, .F. ) ;
#1565 = DIRECTION ( 'NONE',  ( 0.8090169943749507819, 0.000000000000000000, 0.5877852522924685852 ) ) ;
#1566 = DIRECTION ( 'NONE',  ( 0.000000000000000000, -1.000000000000000000, 0.000000000000000000 ) ) ;
#1567 = CARTESIAN_POINT ( 'NONE',  ( 17.09026093061533302, -4.499999999999995559, -28.11624052613513314 ) ) ;
#1568 = ORIENTED_EDGE ( 'NONE', *, *, #89, .F. ) ;
#1569 = ORIENTED_EDGE ( 'NONE', *, *, #572, .T. ) ;
#1570 = CARTESIAN_POINT ( 'NONE',  ( 0.000000000000000000, 0.000000000000000000, 0.000000000000000000 ) ) ;
#1571 = CARTESIAN_POINT ( 'NONE',  ( -19.86714152748583118, -6.499999999999995559, -30.04477440987304604 ) ) ;
#1572 = CARTESIAN_POINT ( 'NONE',  ( 15.04643109617550323, 40.04856214541919002, 34.35767436707843103 ) ) ;
#1573 = DIRECTION ( 'NONE',  ( 0.000000000000000000, 0.000000000000000000, -1.000000000000000000 ) ) ;
#1574 = EDGE_CURVE ( 'NONE', #3411, #295, #842, .T. ) ;
#1575 = DIRECTION ( 'NONE',  ( 0.000000000000000000, 0.000000000000000000, 1.000000000000000000 ) ) ;
#1576 = DIRECTION ( 'NONE',  ( -0.000000000000000000, 1.000000000000000000, -0.000000000000000000 ) ) ;
#1577 = DIRECTION ( 'NONE',  ( -0.000000000000000000, 1.000000000000000000, -0.000000000000000000 ) ) ;
#1578 = AXIS2_PLACEMENT_3D ( 'NONE', #343, #2324, #3485 ) ;
#1579 = EDGE_CURVE ( 'NONE', #3211, #1444, #1249, .T. ) ;
#1580 = DIRECTION ( 'NONE',  ( -0.000000000000000000, 1.000000000000000000, -0.000000000000000000 ) ) ;
#1581 = DIRECTION ( 'NONE',  ( 0.000000000000000000, 0.000000000000000000, 1.000000000000000000 ) ) ;
#1582 = CARTESIAN_POINT ( 'NONE',  ( 19.00000000000000000, 41.50000000000000000, 45.00000000000000000 ) ) ;
#1583 = ORIENTED_EDGE ( 'NONE', *, *, #2183, .T. ) ;
#1584 = DIRECTION ( 'NONE',  ( -0.000000000000000000, -1.000000000000000000, -0.000000000000000000 ) ) ;
#1585 = DIRECTION ( 'NONE',  ( 0.000000000000000000, 0.000000000000000000, -1.000000000000000000 ) ) ;
#1586 = ORIENTED_EDGE ( 'NONE', *, *, #3160, .F. ) ;
#1587 = CARTESIAN_POINT ( 'NONE',  ( 35.67810946079799805, 13.93425673164863632, -20.20080457069264313 ) ) ;
#1588 = EDGE_LOOP ( 'NONE', ( #2798, #512, #1445, #3270 ) ) ;
#1589 = AXIS2_PLACEMENT_3D ( 'NONE', #3195, #1186, #394 ) ;
#1590 = CARTESIAN_POINT ( 'NONE',  ( -30.22111981601965169, -6.499999999999995559, 13.01091530468876734 ) ) ;
#1591 = DIRECTION ( 'NONE',  ( -0.000000000000000000, 1.000000000000000000, -0.000000000000000000 ) ) ;
#1592 = CARTESIAN_POINT ( 'NONE',  ( -27.21650181418996439, 0.000000000000000000, 18.66177989898590894 ) ) ;
#1593 = CARTESIAN_POINT ( 'NONE',  ( 17.68279564267306725, -6.499999999999995559, -28.93179459106299944 ) ) ;
#1594 = DIRECTION ( 'NONE',  ( -1.000000000000000000, 0.000000000000000000, 0.000000000000000000 ) ) ;
#1595 = CARTESIAN_POINT ( 'NONE',  ( -3.600000000000000089, 9.500000000000003553, 45.00000000000000000 ) ) ;
#1596 = EDGE_CURVE ( 'NONE', #3466, #115, #3657, .T. ) ;
#1597 = CARTESIAN_POINT ( 'NONE',  ( 0.000000000000000000, 0.000000000000000000, 0.000000000000000000 ) ) ;
#1598 = CARTESIAN_POINT ( 'NONE',  ( -19.74791585627022528, 41.29657082069808638, 39.09289470993128646 ) ) ;
#1599 = ORIENTED_EDGE ( 'NONE', *, *, #2228, .T. ) ;
#1600 = EDGE_CURVE ( 'NONE', #3041, #266, #2331, .T. ) ;
#1601 = CARTESIAN_POINT ( 'NONE',  ( 27.68597337697585203, -4.499999999999996447, 17.77883230612697929 ) ) ;
#1602 = EDGE_CURVE ( 'NONE', #1893, #54, #3337, .T. ) ;
#1603 = CARTESIAN_POINT ( 'NONE',  ( 29.84362863863176685, 4.983751639017303781, 15.86813882216303639 ) ) ;
#1604 = ORIENTED_EDGE ( 'NONE', *, *, #3663, .T. ) ;
#1605 = ADVANCED_FACE ( 'NONE', ( #2252 ), #2545, .T. ) ;
#1606 = AXIS2_PLACEMENT_3D ( 'NONE', #3691, #602, #315 ) ;
#1607 = FACE_OUTER_BOUND ( 'NONE', #3640, .T. ) ;
#1608 = EDGE_LOOP ( 'NONE', ( #14, #1599, #3212, #2080 ) ) ;
#1609 = ORIENTED_EDGE ( 'NONE', *, *, #1418, .F. ) ;
#1610 = AXIS2_PLACEMENT_3D ( 'NONE', #2778, #3333, #2812 ) ;
#1611 = CIRCLE ( 'NONE', #78, 1.000000000000000888 ) ;
#1612 = DIRECTION ( 'NONE',  ( -0.000000000000000000, 1.000000000000000000, -0.000000000000000000 ) ) ;
#1613 = VECTOR ( 'NONE', #475, 1000.000000000000000 ) ;
#1614 = AXIS2_PLACEMENT_3D ( 'NONE', #3578, #2985, #987 ) ;
#1615 = PLANE ( 'NONE',  #3498 ) ;
#1616 = AXIS2_PLACEMENT_3D ( 'NONE', #1018, #2686, #746 ) ;
#1617 = AXIS2_PLACEMENT_3D ( 'NONE', #1296, #1775, #1737 ) ;
#1618 = CARTESIAN_POINT ( 'NONE',  ( 2.859656232818802213, 23.30039424778124157, 37.39103882517903088 ) ) ;
#1619 = CARTESIAN_POINT ( 'NONE',  ( 0.000000000000000000, 0.000000000000000000, 0.000000000000000000 ) ) ;
#1620 = CYLINDRICAL_SURFACE ( 'NONE', #1268, 32.00000000000000000 ) ;
#1621 = CARTESIAN_POINT ( 'NONE',  ( -19.00000000000000000, 41.50000000000000000, 41.99999999999999289 ) ) ;
#1622 = ORIENTED_EDGE ( 'NONE', *, *, #829, .F. ) ;
#1623 = AXIS2_PLACEMENT_3D ( 'NONE', #1353, #217, #2491 ) ;
#1624 = DIRECTION ( 'NONE',  ( -0.000000000000000000, 1.000000000000000000, -0.000000000000000000 ) ) ;
#1625 = ORIENTED_EDGE ( 'NONE', *, *, #2984, .F. ) ;
#1626 = ADVANCED_FACE ( 'NONE', ( #804 ), #3368, .F. ) ;
#1627 = AXIS2_PLACEMENT_3D ( 'NONE', #155, #2386, #3564 ) ;
#1628 = FACE_OUTER_BOUND ( 'NONE', #2483, .T. ) ;
#1629 = EDGE_CURVE ( 'NONE', #3104, #265, #3680, .T. ) ;
#1630 = ORIENTED_EDGE ( 'NONE', *, *, #1523, .T. ) ;
#1631 = EDGE_CURVE ( 'NONE', #2433, #3520, #1312, .T. ) ;
#1632 = DIRECTION ( 'NONE',  ( 0.000000000000000000, -1.000000000000000000, 0.000000000000000000 ) ) ;
#1633 = DIRECTION ( 'NONE',  ( 0.000000000000000000, 0.000000000000000000, 1.000000000000000000 ) ) ;
#1634 = CARTESIAN_POINT ( 'NONE',  ( 17.32500000000000284, -3.499999999999996003, 17.32499999999999929 ) ) ;
#1635 = DIRECTION ( 'NONE',  ( 0.000000000000000000, 0.000000000000000000, -1.000000000000000000 ) ) ;
#1636 = LINE ( 'NONE', #3662, #551 ) ;
#1637 = AXIS2_PLACEMENT_3D ( 'NONE', #1055, #788, #1960 ) ;
#1638 = FACE_OUTER_BOUND ( 'NONE', #3147, .T. ) ;
#1639 = FACE_OUTER_BOUND ( 'NONE', #983, .T. ) ;
#1640 = ORIENTED_EDGE ( 'NONE', *, *, #1208, .T. ) ;
#1641 = CIRCLE ( 'NONE', #3098, 19.00000000000000355 ) ;
#1642 = FACE_OUTER_BOUND ( 'NONE', #3353, .T. ) ;
#1643 = CARTESIAN_POINT ( 'NONE',  ( -20.63376526497293639, -2.999999999999981792, 37.88466353275421739 ) ) ;
#1644 = ORIENTED_EDGE ( 'NONE', *, *, #981, .F. ) ;
#1645 = ORIENTED_EDGE ( 'NONE', *, *, #2046, .F. ) ;
#1646 = EDGE_CURVE ( 'NONE', #3164, #2918, #1902, .T. ) ;
#1647 = ORIENTED_EDGE ( 'NONE', *, *, #3003, .T. ) ;
#1648 = ORIENTED_EDGE ( 'NONE', *, *, #280, .T. ) ;
#1649 = EDGE_CURVE ( 'NONE', #1678, #845, #1922, .T. ) ;
#1650 = PRODUCT_DEFINITION_SHAPE ( 'NONE', 'NONE',  #1050 ) ;
#1651 = DIRECTION ( 'NONE',  ( 0.8829475928589280986, 0.000000000000000000, 0.4694715627858886409 ) ) ;
#1652 = ADVANCED_FACE ( 'NONE', ( #494 ), #235, .F. ) ;
#1653 = EDGE_CURVE ( 'NONE', #1287, #1209, #253, .T. ) ;
#1654 = CARTESIAN_POINT ( 'NONE',  ( 21.45895270024006507, -6.499999999999995559, -24.94220016375579974 ) ) ;
#1655 = AXIS2_PLACEMENT_3D ( 'NONE', #2486, #3641, #1047 ) ;
#1656 = LINE ( 'NONE', #3323, #2847 ) ;
#1657 = FACE_OUTER_BOUND ( 'NONE', #1528, .T. ) ;
#1658 = DIRECTION ( 'NONE',  ( -0.000000000000000000, 1.000000000000000000, -0.000000000000000000 ) ) ;
#1659 = DIRECTION ( 'NONE',  ( 0.000000000000000000, 0.000000000000000000, -1.000000000000000000 ) ) ;
#1660 = CARTESIAN_POINT ( 'NONE',  ( 0.000000000000000000, 0.000000000000000000, 37.50000000000000000 ) ) ;
#1661 = ORIENTED_EDGE ( 'NONE', *, *, #764, .T. ) ;
#1662 = VERTEX_POINT ( 'NONE', #22 ) ;
#1663 = DIRECTION ( 'NONE',  ( -0.000000000000000000, 1.000000000000000000, -0.000000000000000000 ) ) ;
#1664 = DIRECTION ( 'NONE',  ( 0.000000000000000000, 0.000000000000000000, -1.000000000000000000 ) ) ;
#1665 = CARTESIAN_POINT ( 'NONE',  ( -16.45821425980701846, 39.80262235892755740, 33.73013327539420914 ) ) ;
#1666 = ORIENTED_EDGE ( 'NONE', *, *, #1785, .F. ) ;
#1667 = ORIENTED_EDGE ( 'NONE', *, *, #45, .F. ) ;
#1668 = DIRECTION ( 'NONE',  ( 0.000000000000000000, 0.000000000000000000, 1.000000000000000000 ) ) ;
#1669 = CARTESIAN_POINT ( 'NONE',  ( 17.32499999999999574, -3.499999999999996003, -17.32499999999999574 ) ) ;
#1670 = AXIS2_PLACEMENT_3D ( 'NONE', #3301, #940, #3280 ) ;
#1671 = CARTESIAN_POINT ( 'NONE',  ( -27.19999999999999929, -3.499999999999995115, 0.000000000000000000 ) ) ;
#1672 = ADVANCED_FACE ( 'NONE', ( #307 ), #3484, .F. ) ;
#1673 = DIRECTION ( 'NONE',  ( 0.000000000000000000, -1.000000000000000000, 0.000000000000000000 ) ) ;
#1674 = AXIS2_PLACEMENT_3D ( 'NONE', #2030, #2566, #26 ) ;
#1675 = CARTESIAN_POINT ( 'NONE',  ( -7.709214787509055533, 40.81600848384991309, 36.70729937208220406 ) ) ;
#1676 = CYLINDRICAL_SURFACE ( 'NONE', #1753, 5.999999999999991118 ) ;
#1677 = COLOUR_RGB ( '',0.7921568627450980005, 0.8196078431372548767, 0.9333333333333333481 ) ;
#1678 = VERTEX_POINT ( 'NONE', #2305 ) ;
#1679 = CARTESIAN_POINT ( 'NONE',  ( 0.000000000000000000, -4.499999999999996447, 0.000000000000000000 ) ) ;
#1680 = CYLINDRICAL_SURFACE ( 'NONE', #2803, 2.299999999999999822 ) ;
#1681 = CARTESIAN_POINT ( 'NONE',  ( 20.63376526497293284, 41.08888372090528662, 37.88466353275418896 ) ) ;
#1682 = VERTEX_POINT ( 'NONE', #580 ) ;
#1683 = ORIENTED_EDGE ( 'NONE', *, *, #1600, .F. ) ;
#1684 = CARTESIAN_POINT ( 'NONE',  ( 29.76057345823567601, 0.000000000000000000, 11.76045353874408939 ) ) ;
#1685 = DIRECTION ( 'NONE',  ( 0.000000000000000000, -1.000000000000000000, 0.000000000000000000 ) ) ;
#1686 = VERTEX_POINT ( 'NONE', #2026 ) ;
#1687 = ORIENTED_EDGE ( 'NONE', *, *, #3524, .F. ) ;
#1688 = VECTOR ( 'NONE', #2976, 1000.000000000000000 ) ;
#1689 = CARTESIAN_POINT ( 'NONE',  ( 0.000000000000000000, -6.499999999999995559, 0.000000000000000000 ) ) ;
#1690 = CARTESIAN_POINT ( 'NONE',  ( -27.21650181418996439, -6.499999999999995559, 18.66177989898590894 ) ) ;
#1691 = DIRECTION ( 'NONE',  ( 0.000000000000000000, 0.000000000000000000, -1.000000000000000000 ) ) ;
#1692 = LINE ( 'NONE', #1747, #2584 ) ;
#1693 = EDGE_CURVE ( 'NONE', #3038, #2456, #3079, .T. ) ;
#1694 = CARTESIAN_POINT ( 'NONE',  ( 0.000000000000000000, 0.000000000000000000, 0.000000000000000000 ) ) ;
#1695 = EDGE_LOOP ( 'NONE', ( #1136, #1159, #1799, #731 ) ) ;
#1696 = EDGE_CURVE ( 'NONE', #2322, #1367, #3370, .T. ) ;
#1697 = VECTOR ( 'NONE', #392, 1000.000000000000000 ) ;
#1698 = CARTESIAN_POINT ( 'NONE',  ( -22.26796969461537046, -4.499999999999995559, -24.35441491146300663 ) ) ;
#1699 = ADVANCED_FACE ( 'NONE', ( #2343 ), #853, .F. ) ;
#1700 = DIRECTION ( 'NONE',  ( 0.000000000000000000, 0.000000000000000000, 1.000000000000000000 ) ) ;
#1701 = EDGE_LOOP ( 'NONE', ( #1877, #2941, #464, #2781 ) ) ;
#1702 = EDGE_LOOP ( 'NONE', ( #413, #2716, #1778, #3296 ) ) ;
#1703 = AXIS2_PLACEMENT_3D ( 'NONE', #2122, #3002, #2082 ) ;
#1704 = ORIENTED_EDGE ( 'NONE', *, *, #2927, .F. ) ;
#1705 = VERTEX_POINT ( 'NONE', #2289 ) ;
#1706 = CARTESIAN_POINT ( 'NONE',  ( 0.000000000000000000, 0.000000000000000000, 0.000000000000000000 ) ) ;
#1707 = CARTESIAN_POINT ( 'NONE',  ( 31.59394712119212301, 13.93425673164863632, -20.20080457069262536 ) ) ;
#1708 = CARTESIAN_POINT ( 'NONE',  ( 20.63376526497292929, 41.50000000000000000, 37.88466353275418896 ) ) ;
#1709 = CARTESIAN_POINT ( 'NONE',  ( -17.32499999999999929, 0.000000000000000000, 17.32500000000000284 ) ) ;
#1710 = ORIENTED_EDGE ( 'NONE', *, *, #1629, .F. ) ;
#1711 = AXIS2_PLACEMENT_3D ( 'NONE', #2706, #2744, #2411 ) ;
#1712 = CARTESIAN_POINT ( 'NONE',  ( 30.22111981601965169, -6.499999999999995559, 13.01091530468876734 ) ) ;
#1713 = DIRECTION ( 'NONE',  ( -0.000000000000000000, 1.000000000000000000, -0.000000000000000000 ) ) ;
#1714 = VERTEX_POINT ( 'NONE', #1446 ) ;
#1715 = ORIENTED_EDGE ( 'NONE', *, *, #1738, .F. ) ;
#1716 = EDGE_CURVE ( 'NONE', #1933, #171, #37, .T. ) ;
#1717 = ORIENTED_EDGE ( 'NONE', *, *, #1208, .F. ) ;
#1718 = ORIENTED_EDGE ( 'NONE', *, *, #1486, .F. ) ;
#1719 = VECTOR ( 'NONE', #244, 1000.000000000000000 ) ;
#1720 = EDGE_CURVE ( 'NONE', #484, #2655, #1425, .T. ) ;
#1721 = DIRECTION ( 'NONE',  ( 0.000000000000000000, 0.000000000000000000, 1.000000000000000000 ) ) ;
#1722 = CARTESIAN_POINT ( 'NONE',  ( 2.378567463929905923, 28.21247746193735395, 37.42485969896832643 ) ) ;
#1723 = CARTESIAN_POINT ( 'NONE',  ( -30.78401531718693818, 11.36614324980544666, -27.10247704876559283 ) ) ;
#1724 = CIRCLE ( 'NONE', #1801, 2.299999999999999822 ) ;
#1725 = LINE ( 'NONE', #1805, #3144 ) ;
#1726 = AXIS2_PLACEMENT_3D ( 'NONE', #2042, #3325, #1754 ) ;
#1727 = AXIS2_PLACEMENT_3D ( 'NONE', #783, #1049, #1573 ) ;
#1728 =( BOUNDED_CURVE ( )  B_SPLINE_CURVE ( 3, ( #1435, #1095, #1382, #190 ),
 .UNSPECIFIED., .F., .T. ) 
 B_SPLINE_CURVE_WITH_KNOTS ( ( 4, 4 ),
 ( 0.4947620362565960384, 2.139675544014302488 ),
 .UNSPECIFIED. ) 
 CURVE ( )  GEOMETRIC_REPRESENTATION_ITEM ( )  RATIONAL_B_SPLINE_CURVE ( ( 1.000000000000000000, 0.7869486032811332521, 0.7869486032811332521, 1.000000000000000000 ) ) 
 REPRESENTATION_ITEM ( '' )  );
#1729 = FACE_OUTER_BOUND ( 'NONE', #3350, .T. ) ;
#1730 = VECTOR ( 'NONE', #2639, 1000.000000000000000 ) ;
#1731 = LINE ( 'NONE', #1437, #1242 ) ;
#1732 = VECTOR ( 'NONE', #1624, 1000.000000000000000 ) ;
#1733 = ORIENTED_EDGE ( 'NONE', *, *, #3053, .T. ) ;
#1734 = ORIENTED_EDGE ( 'NONE', *, *, #2154, .T. ) ;
#1735 = VECTOR ( 'NONE', #1566, 1000.000000000000000 ) ;
#1736 = FACE_OUTER_BOUND ( 'NONE', #471, .T. ) ;
#1737 = DIRECTION ( 'NONE',  ( 0.000000000000000000, 0.000000000000000000, -1.000000000000000000 ) ) ;
#1738 = EDGE_CURVE ( 'NONE', #2517, #491, #2562, .T. ) ;
#1739 = ORIENTED_EDGE ( 'NONE', *, *, #3694, .T. ) ;
#1740 = ORIENTED_EDGE ( 'NONE', *, *, #1653, .T. ) ;
#1741 = EDGE_CURVE ( 'NONE', #3466, #2500, #3554, .T. ) ;
#1742 = CARTESIAN_POINT ( 'NONE',  ( 30.69059137880554289, -6.499999999999995559, 12.12796771182984124 ) ) ;
#1743 = AXIS2_PLACEMENT_3D ( 'NONE', #3530, #1558, #2088 ) ;
#1744 = ADVANCED_FACE ( 'NONE', ( #884, #55, #2049, #5, #615, #630 ), #2636, .T. ) ;
#1745 = CARTESIAN_POINT ( 'NONE',  ( 0.9318518007001631576, 6.014797280964709891, 37.48912597704233463 ) ) ;
#1746 = DIRECTION ( 'NONE',  ( -0.000000000000000000, 1.000000000000000000, -0.000000000000000000 ) ) ;
#1747 = CARTESIAN_POINT ( 'NONE',  ( -28.57605541910986702, 4.983751639017303781, 18.25209732288214326 ) ) ;
#1748 = CARTESIAN_POINT ( 'NONE',  ( 19.86714152748543682, -4.499999999999995559, -27.34477440987333452 ) ) ;
#1749 = DIRECTION ( 'NONE',  ( 0.000000000000000000, -1.000000000000000000, -0.000000000000000000 ) ) ;
#1750 = DIRECTION ( 'NONE',  ( 0.000000000000000000, 0.000000000000000000, 1.000000000000000000 ) ) ;
#1751 = ORIENTED_EDGE ( 'NONE', *, *, #66, .T. ) ;
#1752 = EDGE_LOOP ( 'NONE', ( #1547, #3309, #2852, #393 ) ) ;
#1753 = AXIS2_PLACEMENT_3D ( 'NONE', #3400, #3102, #1659 ) ;
#1754 = DIRECTION ( 'NONE',  ( 0.000000000000000000, 0.000000000000000000, -1.000000000000000000 ) ) ;
#1755 = DIRECTION ( 'NONE',  ( -0.000000000000000000, 1.000000000000000000, -0.000000000000000000 ) ) ;
#1756 = FACE_OUTER_BOUND ( 'NONE', #132, .T. ) ;
#1757 = EDGE_LOOP ( 'NONE', ( #2234, #3599, #2396, #3128 ) ) ;
#1758 = ORIENTED_EDGE ( 'NONE', *, *, #2087, .F. ) ;
#1759 = CARTESIAN_POINT ( 'NONE',  ( -17.32499999999999929, 0.000000000000000000, 17.32500000000000284 ) ) ;
#1760 = EDGE_CURVE ( 'NONE', #2793, #3420, #1019, .T. ) ;
#1761 = CARTESIAN_POINT ( 'NONE',  ( 0.4718702134260772674, 5.923364112336797938, 37.49773663573175497 ) ) ;
#1762 = EDGE_CURVE ( 'NONE', #3533, #2421, #1800, .T. ) ;
#1763 = CARTESIAN_POINT ( 'NONE',  ( 4.654080206245556197E-15, 0.3218369713915980590, 38.00344890858252711 ) ) ;
#1764 = EDGE_CURVE ( 'NONE', #1932, #1798, #1194, .T. ) ;
#1765 = CYLINDRICAL_SURFACE ( 'NONE', #897, 1.099999999999996758 ) ;
#1766 = B_SPLINE_CURVE_WITH_KNOTS ( 'NONE', 3,
 ( #2648, #2957, #1218, #424, #3532, #2708, #2073, #1769, #2038, #2393, #389, #3192, #2373, #373, #1490, #943, #623, #3555 ),
 .UNSPECIFIED., .F., .F.,
 ( 4, 2, 2, 2, 2, 2, 2, 2, 4 ),
 ( 0.005632161657258737131, 0.006335856446989125354, 0.007039551236719514445, 0.007743246026449903535, 0.008446940816180291758, 0.009150635605910679982, 0.009854330395641069940, 0.01055802518537145816, 0.01126171997510184639 ),
 .UNSPECIFIED. ) ;
#1767 = CYLINDRICAL_SURFACE ( 'NONE', #258, 32.00000000000000000 ) ;
#1768 = CARTESIAN_POINT ( 'NONE',  ( -3.415746314310678322, 8.339095546278906923, 37.34422041354338262 ) ) ;
#1769 = CARTESIAN_POINT ( 'NONE',  ( -2.195871410060298512, 12.36236211624273018, 37.43616224184193442 ) ) ;
#1770 = EDGE_LOOP ( 'NONE', ( #35, #1568, #3653, #1970 ) ) ;
#1771 = ORIENTED_EDGE ( 'NONE', *, *, #1720, .T. ) ;
#1772 = CIRCLE ( 'NONE', #3469, 26.60000000000001208 ) ;
#1773 = CARTESIAN_POINT ( 'NONE',  ( 19.86714152748543682, -6.499999999999995559, -27.34477440987333452 ) ) ;
#1774 = FACE_OUTER_BOUND ( 'NONE', #76, .T. ) ;
#1775 = DIRECTION ( 'NONE',  ( 0.000000000000000000, -1.000000000000000000, 0.000000000000000000 ) ) ;
#1776 = CARTESIAN_POINT ( 'NONE',  ( -29.83593735601836627, 37.11238433989128538, 28.12146585951288102 ) ) ;
#1777 = EDGE_LOOP ( 'NONE', ( #2194, #2578, #3073, #685 ) ) ;
#1778 = ORIENTED_EDGE ( 'NONE', *, *, #183, .T. ) ;
#1779 = EDGE_LOOP ( 'NONE', ( #2359, #1022, #1818, #2987 ) ) ;
#1780 = FACE_BOUND ( 'NONE', #2303, .T. ) ;
#1781 = CARTESIAN_POINT ( 'NONE',  ( 3.234840171261892383, 27.09734617940208423, 37.36032724249944437 ) ) ;
#1782 = LINE ( 'NONE', #2975, #2642 ) ;
#1783 = EDGE_CURVE ( 'NONE', #1333, #1498, #325, .T. ) ;
#1784 = CARTESIAN_POINT ( 'NONE',  ( -3.599999999999999645, 25.50000000000000355, 37.32680002357555082 ) ) ;
#1785 = EDGE_CURVE ( 'NONE', #827, #115, #2956, .T. ) ;
#1786 = AXIS2_PLACEMENT_3D ( 'NONE', #3607, #1841, #2187 ) ;
#1787 = CARTESIAN_POINT ( 'NONE',  ( -2.195249070833856564, 6.637090528131886380, 37.43620276931395097 ) ) ;
#1788 = CARTESIAN_POINT ( 'NONE',  ( 27.68597337697585203, -4.499999999999995559, 17.77883230612697929 ) ) ;
#1789 = ORIENTED_EDGE ( 'NONE', *, *, #1999, .F. ) ;
#1790 = CARTESIAN_POINT ( 'NONE',  ( 17.32499999999999574, -13.00538238691623150, -15.02499999999999680 ) ) ;
#1791 = VECTOR ( 'NONE', #1982, 1000.000000000000000 ) ;
#1792 = ORIENTED_EDGE ( 'NONE', *, *, #2488, .T. ) ;
#1793 = CARTESIAN_POINT ( 'NONE',  ( -1.133750892983638167E-23, 41.00746373428630420, 37.50000000000000000 ) ) ;
#1794 = LINE ( 'NONE', #2921, #2754 ) ;
#1795 = VECTOR ( 'NONE', #1972, 1000.000000000000000 ) ;
#1796 = AXIS2_PLACEMENT_3D ( 'NONE', #1097, #2299, #1700 ) ;
#1797 = CARTESIAN_POINT ( 'NONE',  ( -20.63376526497293639, 41.50000000000000000, 37.88466353275421739 ) ) ;
#1798 = VERTEX_POINT ( 'NONE', #2363 ) ;
#1799 = ORIENTED_EDGE ( 'NONE', *, *, #2650, .F. ) ;
#1800 = CIRCLE ( 'NONE', #2334, 1.749999999999998002 ) ;
#1801 = AXIS2_PLACEMENT_3D ( 'NONE', #2632, #72, #2356 ) ;
#1802 = CARTESIAN_POINT ( 'NONE',  ( -21.45895270024042745, -4.499999999999995559, -24.94220016375548710 ) ) ;
#1803 = APPLICATION_CONTEXT ( 'automotive_design' ) ;
#1804 = CARTESIAN_POINT ( 'NONE',  ( 5.505065827084830884E-23, 13.10000000000000320, 37.50000000000000000 ) ) ;
#1805 = CARTESIAN_POINT ( 'NONE',  ( 2.700000000000000178, 4.591545564695379333, 33.79999999999999716 ) ) ;
#1806 = AXIS2_PLACEMENT_3D ( 'NONE', #1921, #2165, #496 ) ;
#1807 = FACE_OUTER_BOUND ( 'NONE', #1752, .T. ) ;
#1808 = CARTESIAN_POINT ( 'NONE',  ( 29.84362863863176685, -4.499999999999995559, 14.11813882216303817 ) ) ;
#1809 = AXIS2_PLACEMENT_3D ( 'NONE', #1690, #2856, #291 ) ;
#1810 = DIRECTION ( 'NONE',  ( -0.000000000000000000, -1.000000000000000000, -0.000000000000000000 ) ) ;
#1811 = EDGE_CURVE ( 'NONE', #3673, #2212, #429, .T. ) ;
#1812 = EDGE_LOOP ( 'NONE', ( #49, #2961, #1500, #2666 ) ) ;
#1813 = CARTESIAN_POINT ( 'NONE',  ( -29.84362863863176685, 0.000000000000000000, 14.11813882216303817 ) ) ;
#1814 = VERTEX_POINT ( 'NONE', #3613 ) ;
#1815 = ADVANCED_FACE ( 'NONE', ( #1642 ), #1024, .F. ) ;
#1816 = DIRECTION ( 'NONE',  ( -3.469446951953611033E-15, 0.000000000000000000, -1.000000000000000000 ) ) ;
#1817 = EDGE_CURVE ( 'NONE', #2879, #1176, #3670, .T. ) ;
#1818 = ORIENTED_EDGE ( 'NONE', *, *, #2699, .F. ) ;
#1819 = VERTEX_POINT ( 'NONE', #168 ) ;
#1820 = DIRECTION ( 'NONE',  ( 0.8829475928589280986, 0.000000000000000000, 0.4694715627858886409 ) ) ;
#1821 = VERTEX_POINT ( 'NONE', #1894 ) ;
#1822 = CARTESIAN_POINT ( 'NONE',  ( -29.84362863863176685, 0.000000000000000000, 15.86813882216303639 ) ) ;
#1823 = CARTESIAN_POINT ( 'NONE',  ( 0.000000000000000000, 0.000000000000000000, 0.000000000000000000 ) ) ;
#1824 = CARTESIAN_POINT ( 'NONE',  ( 16.28124393624038291, -6.499999999999995559, -27.70402577842759939 ) ) ;
#1825 = FACE_OUTER_BOUND ( 'NONE', #1170, .T. ) ;
#1826 = DIRECTION ( 'NONE',  ( 0.000000000000000000, -1.000000000000000000, 0.000000000000000000 ) ) ;
#1827 = DIRECTION ( 'NONE',  ( -0.5877852522924802425, 0.000000000000000000, -0.8090169943749422332 ) ) ;
#1828 = CARTESIAN_POINT ( 'NONE',  ( 0.000000000000000000, -5.900000000000012790, 0.000000000000000000 ) ) ;
#1829 = VERTEX_POINT ( 'NONE', #1006 ) ;
#1830 = ORIENTED_EDGE ( 'NONE', *, *, #631, .T. ) ;
#1831 = CARTESIAN_POINT ( 'NONE',  ( -17.32499999999999929, -3.499999999999995115, -18.42499999999999716 ) ) ;
#1832 = AXIS2_PLACEMENT_3D ( 'NONE', #1214, #2368, #2682 ) ;
#1833 = VERTEX_POINT ( 'NONE', #1869 ) ;
#1834 = ADVANCED_FACE ( 'NONE', ( #2172 ), #3057, .F. ) ;
#1835 = MANIFOLD_SOLID_BREP ( 'Cut-Extrude8', #2332 ) ;
#1836 = CARTESIAN_POINT ( 'NONE',  ( -21.45895270024042745, -6.499999999999995559, -24.94220016375548710 ) ) ;
#1837 = ADVANCED_FACE ( 'NONE', ( #2372 ), #2473, .F. ) ;
#1838 = FACE_OUTER_BOUND ( 'NONE', #335, .T. ) ;
#1839 = LINE ( 'NONE', #2143, #29 ) ;
#1840 = LINE ( 'NONE', #674, #3169 ) ;
#1841 = DIRECTION ( 'NONE',  ( 0.000000000000000000, -1.000000000000000000, 0.000000000000000000 ) ) ;
#1842 = LINE ( 'NONE', #3269, #1697 ) ;
#1843 = ORIENTED_EDGE ( 'NONE', *, *, #918, .F. ) ;
#1844 = ORIENTED_EDGE ( 'NONE', *, *, #2843, .F. ) ;
#1845 = DIRECTION ( 'NONE',  ( 0.000000000000000000, 0.000000000000000000, 1.000000000000000000 ) ) ;
#1846 = AXIS2_PLACEMENT_3D ( 'NONE', #671, #1234, #3567 ) ;
#1847 = DIRECTION ( 'NONE',  ( 0.000000000000000000, 0.000000000000000000, 1.000000000000000000 ) ) ;
#1848 = ORIENTED_EDGE ( 'NONE', *, *, #2004, .F. ) ;
#1849 = AXIS2_PLACEMENT_3D ( 'NONE', #1855, #453, #3235 ) ;
#1850 = DIRECTION ( 'NONE',  ( 8.659560562354957510E-17, 0.7071067811865454633, -0.7071067811865495711 ) ) ;
#1851 = EDGE_CURVE ( 'NONE', #2517, #2097, #3283, .T. ) ;
#1852 = VECTOR ( 'NONE', #1464, 1000.000000000000000 ) ;
#1853 = AXIS2_PLACEMENT_3D ( 'NONE', #1603, #2210, #488 ) ;
#1854 = EDGE_CURVE ( 'NONE', #865, #3255, #3241, .T. ) ;
#1855 = CARTESIAN_POINT ( 'NONE',  ( -19.86714152748583118, -6.499999999999995559, -27.34477440987304320 ) ) ;
#1856 = CARTESIAN_POINT ( 'NONE',  ( -1.133750892983638167E-23, 41.00746373428630420, 37.50000000000000000 ) ) ;
#1857 = EDGE_CURVE ( 'NONE', #391, #1046, #3246, .T. ) ;
#1858 = LINE ( 'NONE', #2409, #554 ) ;
#1859 = CARTESIAN_POINT ( 'NONE',  ( -17.68279564267348647, 5.032001336902015787, -28.93179459106274010 ) ) ;
#1860 =( LENGTH_UNIT ( ) NAMED_UNIT ( * ) SI_UNIT ( .MILLI., .METRE. ) );
#1861 = B_SPLINE_CURVE_WITH_KNOTS ( 'NONE', 3,
 ( #3055, #483, #3360, #1040, #1598, #1324, #2476, #3348, #1909, #502, #242, #1621 ),
 .UNSPECIFIED., .F., .F.,
 ( 4, 2, 2, 2, 2, 4 ),
 ( 0.000000000000000000, 0.001133278575357549297, 0.001699917863036331210, 0.002266557150715113340, 0.003399835726072652446, 0.004533114301430191118 ),
 .UNSPECIFIED. ) ;
#1862 = CARTESIAN_POINT ( 'NONE',  ( -3.700000000000000178, 0.000000000000000000, 32.79191973642287650 ) ) ;
#1863 = DIRECTION ( 'NONE',  ( -0.000000000000000000, 1.000000000000000000, -0.000000000000000000 ) ) ;
#1864 = AXIS2_PLACEMENT_3D ( 'NONE', #1977, #326, #1449 ) ;
#1865 = DIRECTION ( 'NONE',  ( -0.000000000000000000, 1.000000000000000000, -0.000000000000000000 ) ) ;
#1866 = VERTEX_POINT ( 'NONE', #1236 ) ;
#1867 = ORIENTED_EDGE ( 'NONE', *, *, #547, .T. ) ;
#1868 = CARTESIAN_POINT ( 'NONE',  ( 0.000000000000000000, -4.499999999999968914, 0.000000000000000000 ) ) ;
#1869 = CARTESIAN_POINT ( 'NONE',  ( 0.000000000000000000, 2.000000000000000000, 37.50000000000000000 ) ) ;
#1870 = AXIS2_PLACEMENT_3D ( 'NONE', #1822, #974, #2990 ) ;
#1871 = CARTESIAN_POINT ( 'NONE',  ( 27.68597337697585203, -6.499999999999995559, 17.77883230612697929 ) ) ;
#1872 = ORIENTED_EDGE ( 'NONE', *, *, #2482, .F. ) ;
#1873 = EDGE_CURVE ( 'NONE', #339, #2250, #1840, .T. ) ;
#1874 = LINE ( 'NONE', #1028, #1372 ) ;
#1875 = DIRECTION ( 'NONE',  ( 0.000000000000000000, 0.000000000000000000, -1.000000000000000000 ) ) ;
#1876 = ORIENTED_EDGE ( 'NONE', *, *, #2865, .F. ) ;
#1877 = ORIENTED_EDGE ( 'NONE', *, *, #1121, .T. ) ;
#1878 =( BOUNDED_CURVE ( )  B_SPLINE_CURVE ( 3, ( #1917, #515, #234, #1088 ),
 .UNSPECIFIED., .F., .F. ) 
 B_SPLINE_CURVE_WITH_KNOTS ( ( 4, 4 ),
 ( 1.123554952455870115, 1.371659850798719216 ),
 .UNSPECIFIED. ) 
 CURVE ( )  GEOMETRIC_REPRESENTATION_ITEM ( )  RATIONAL_B_SPLINE_CURVE ( ( 1.000000000000000000, 0.9948769049566612566, 0.9948769049566612566, 1.000000000000000000 ) ) 
 REPRESENTATION_ITEM ( '' )  );
#1879 = CARTESIAN_POINT ( 'NONE',  ( 17.32500000000000284, -13.00538238691623150, 19.62500000000000000 ) ) ;
#1880 = DIRECTION ( 'NONE',  ( -0.000000000000000000, -1.000000000000000000, 0.000000000000000000 ) ) ;
#1881 = CARTESIAN_POINT ( 'NONE',  ( 0.000000000000000000, 2.000000000000000000, 0.000000000000000000 ) ) ;
#1882 = DIRECTION ( 'NONE',  ( 0.000000000000000000, 0.000000000000000000, -1.000000000000000000 ) ) ;
#1883 = ADVANCED_FACE ( 'NONE', ( #1807 ), #3550, .F. ) ;
#1884 = DIRECTION ( 'NONE',  ( 0.000000000000000000, -1.000000000000000000, 0.000000000000000000 ) ) ;
#1885 = EDGE_CURVE ( 'NONE', #414, #1444, #159, .T. ) ;
#1886 = EDGE_CURVE ( 'NONE', #397, #2517, #56, .T. ) ;
#1887 = DIRECTION ( 'NONE',  ( -0.7071067811865472397, 0.7071067811865479058, 0.000000000000000000 ) ) ;
#1888 = VECTOR ( 'NONE', #3561, 1000.000000000000000 ) ;
#1889 = DIRECTION ( 'NONE',  ( -1.000000000000000000, 0.000000000000000000, 0.000000000000000000 ) ) ;
#1890 = VERTEX_POINT ( 'NONE', #1506 ) ;
#1891 = CARTESIAN_POINT ( 'NONE',  ( -17.09026093061573803, -6.499999999999995559, -28.11624052613488089 ) ) ;
#1892 = CARTESIAN_POINT ( 'NONE',  ( 29.84362863863176685, -4.499999999999995559, 17.61813882216303284 ) ) ;
#1893 = VERTEX_POINT ( 'NONE', #693 ) ;
#1894 = CARTESIAN_POINT ( 'NONE',  ( -19.00000000000000000, -2.999999999999981792, 45.00000000000000000 ) ) ;
#1895 = DIRECTION ( 'NONE',  ( 0.8829475928589283207, 0.000000000000000000, -0.4694715627858882523 ) ) ;
#1896 = EDGE_LOOP ( 'NONE', ( #1718, #991 ) ) ;
#1897 = LINE ( 'NONE', #2461, #3396 ) ;
#1898 = CARTESIAN_POINT ( 'NONE',  ( -15.06743977057602990, 40.06097336190692459, 34.37411290619770199 ) ) ;
#1899 = ORIENTED_EDGE ( 'NONE', *, *, #1179, .F. ) ;
#1900 = AXIS2_PLACEMENT_3D ( 'NONE', #2320, #3497, #911 ) ;
#1901 = LINE ( 'NONE', #2161, #478 ) ;
#1902 = LINE ( 'NONE', #1348, #2222 ) ;
#1903 = CARTESIAN_POINT ( 'NONE',  ( 19.86714152748543682, 5.032001336902014899, -27.34477440987333452 ) ) ;
#1904 = CARTESIAN_POINT ( 'NONE',  ( 16.28124393624038291, -4.499999999999995559, -28.70402577842760294 ) ) ;
#1905 = CYLINDRICAL_SURFACE ( 'NONE', #1550, 27.19999999999999929 ) ;
#1906 = EDGE_CURVE ( 'NONE', #1819, #1705, #364, .T. ) ;
#1907 = CARTESIAN_POINT ( 'NONE',  ( 0.000000000000000000, 0.2500000000000000000, 37.76399233727723725 ) ) ;
#1908 = CARTESIAN_POINT ( 'NONE',  ( -17.32499999999999929, -6.499999999999996447, -16.22500000000000142 ) ) ;
#1909 = CARTESIAN_POINT ( 'NONE',  ( -19.18030853174266070, 41.44860042079373841, 40.49207496540212503 ) ) ;
#1910 = ORIENTED_EDGE ( 'NONE', *, *, #1008, .F. ) ;
#1911 = ADVANCED_FACE ( 'NONE', ( #423 ), #1541, .F. ) ;
#1912 = EDGE_CURVE ( 'NONE', #3385, #3180, #993, .T. ) ;
#1913 = CARTESIAN_POINT ( 'NONE',  ( -29.88147134419472906, 12.84484824058295516, -22.66980620788393708 ) ) ;
#1914 = ORIENTED_EDGE ( 'NONE', *, *, #2164, .T. ) ;
#1915 = EDGE_LOOP ( 'NONE', ( #1412, #2717 ) ) ;
#1916 = AXIS2_PLACEMENT_3D ( 'NONE', #33, #1663, #2319 ) ;
#1917 = CARTESIAN_POINT ( 'NONE',  ( -25.23485131049563890, 39.45387863972694475, 33.00306469613355631 ) ) ;
#1918 = DIRECTION ( 'NONE',  ( 0.000000000000000000, 1.000000000000000000, 0.000000000000000000 ) ) ;
#1919 = FACE_OUTER_BOUND ( 'NONE', #313, .T. ) ;
#1920 = AXIS2_PLACEMENT_3D ( 'NONE', #2051, #3471, #887 ) ;
#1921 = CARTESIAN_POINT ( 'NONE',  ( 0.000000000000000000, -6.499999999999995559, 0.000000000000000000 ) ) ;
#1922 = CIRCLE ( 'NONE', #505, 2.700000000000001066 ) ;
#1923 = CARTESIAN_POINT ( 'NONE',  ( -21.59318273417247980, -6.499999999999995559, -23.61640233838836878 ) ) ;
#1924 = CARTESIAN_POINT ( 'NONE',  ( 1.802765776488324034, 22.37505705606281836, 37.45715365332988966 ) ) ;
#1925 = FACE_BOUND ( 'NONE', #1177, .T. ) ;
#1926 = ORIENTED_EDGE ( 'NONE', *, *, #2627, .T. ) ;
#1927 = ORIENTED_EDGE ( 'NONE', *, *, #2746, .T. ) ;
#1928 = EDGE_CURVE ( 'NONE', #3654, #750, #3107, .T. ) ;
#1929 = CIRCLE ( 'NONE', #2538, 37.50000000000000000 ) ;
#1930 = ADVANCED_FACE ( 'NONE', ( #2428 ), #2998, .F. ) ;
#1931 = DIRECTION ( 'NONE',  ( -1.000000000000000000, 0.000000000000000000, 0.000000000000000000 ) ) ;
#1932 = VERTEX_POINT ( 'NONE', #722 ) ;
#1933 = VERTEX_POINT ( 'NONE', #647 ) ;
#1934 = EDGE_CURVE ( 'NONE', #2336, #295, #2691, .T. ) ;
#1935 = ADVANCED_FACE ( 'NONE', ( #117 ), #2800, .F. ) ;
#1936 = ORIENTED_EDGE ( 'NONE', *, *, #3524, .T. ) ;
#1937 = ORIENTED_EDGE ( 'NONE', *, *, #1716, .T. ) ;
#1938 = DIRECTION ( 'NONE',  ( 0.000000000000000000, -1.000000000000000000, 0.000000000000000000 ) ) ;
#1939 = DIRECTION ( 'NONE',  ( -0.000000000000000000, 1.000000000000000000, -0.000000000000000000 ) ) ;
#1940 = DIRECTION ( 'NONE',  ( 0.5877852522924799095, 0.000000000000000000, 0.8090169943749425663 ) ) ;
#1941 = VECTOR ( 'NONE', #1279, 1000.000000000000000 ) ;
#1942 = DIRECTION ( 'NONE',  ( -0.000000000000000000, 1.000000000000000000, -0.000000000000000000 ) ) ;
#1943 = DIRECTION ( 'NONE',  ( 0.000000000000000000, 0.000000000000000000, 1.000000000000000000 ) ) ;
#1944 = ORIENTED_EDGE ( 'NONE', *, *, #20, .T. ) ;
#1945 = AXIS2_PLACEMENT_3D ( 'NONE', #2657, #1211, #2698 ) ;
#1946 = VECTOR ( 'NONE', #3191, 1000.000000000000000 ) ;
#1947 = DIRECTION ( 'NONE',  ( 0.000000000000000000, 0.000000000000000000, -1.000000000000000000 ) ) ;
#1948 = ORIENTED_EDGE ( 'NONE', *, *, #878, .F. ) ;
#1949 = VERTEX_POINT ( 'NONE', #1590 ) ;
#1950 = ADVANCED_FACE ( 'NONE', ( #1064 ), #2835, .F. ) ;
#1951 = ORIENTED_EDGE ( 'NONE', *, *, #2927, .T. ) ;
#1952 = ORIENTED_EDGE ( 'NONE', *, *, #3694, .F. ) ;
#1953 = FACE_OUTER_BOUND ( 'NONE', #2235, .T. ) ;
#1954 = DIRECTION ( 'NONE',  ( -0.000000000000000000, -1.000000000000000000, -0.000000000000000000 ) ) ;
#1955 = EDGE_CURVE ( 'NONE', #2304, #283, #2134, .T. ) ;
#1956 = AXIS2_PLACEMENT_3D ( 'NONE', #2851, #2263, #848 ) ;
#1957 = LINE ( 'NONE', #1293, #1261 ) ;
#1958 = DIRECTION ( 'NONE',  ( 0.000000000000000000, 0.000000000000000000, 1.000000000000000000 ) ) ;
#1959 = CARTESIAN_POINT ( 'NONE',  ( 1.160288445773898003, 22.08395309235899617, 37.48267980100182939 ) ) ;
#1960 = DIRECTION ( 'NONE',  ( 0.000000000000000000, 0.000000000000000000, 1.000000000000000000 ) ) ;
#1961 = B_SPLINE_CURVE_WITH_KNOTS ( 'NONE', 3,
 ( #1995, #80, #857, #2013, #59, #1781, #3155, #3508, #1173, #1722, #350, #583, #2293, #3453, #2326, #870, #648, #384 ),
 .UNSPECIFIED., .F., .F.,
 ( 4, 2, 2, 2, 2, 2, 2, 2, 4 ),
 ( 0.000000000000000000, 0.0007040202071573419245, 0.001408040414314683849, 0.002112060621472025557, 0.002816080828629367698, 0.003520101035786709406, 0.004224121242944051981, 0.004928141450101394122, 0.005632161657258736263 ),
 .UNSPECIFIED. ) ;
#1962 = VERTEX_POINT ( 'NONE', #3600 ) ;
#1963 = CARTESIAN_POINT ( 'NONE',  ( 25.23979573737610593, 11.20362625217543773, -27.74548945325129168 ) ) ;
#1964 = DIRECTION ( 'NONE',  ( -1.000000000000000000, 0.000000000000000000, 0.000000000000000000 ) ) ;
#1965 = CARTESIAN_POINT ( 'NONE',  ( -19.86714152748583118, 4.286263797015747072E-17, -29.09477440987304320 ) ) ;
#1966 = ORIENTED_EDGE ( 'NONE', *, *, #1512, .F. ) ;
#1967 = ORIENTED_EDGE ( 'NONE', *, *, #706, .T. ) ;
#1968 = DIRECTION ( 'NONE',  ( 0.000000000000000000, 0.000000000000000000, 1.000000000000000000 ) ) ;
#1969 = EDGE_LOOP ( 'NONE', ( #173, #2041 ) ) ;
#1970 = ORIENTED_EDGE ( 'NONE', *, *, #278, .F. ) ;
#1971 = VECTOR ( 'NONE', #863, 1000.000000000000114 ) ;
#1972 = DIRECTION ( 'NONE',  ( 0.000000000000000000, 0.000000000000000000, 1.000000000000000000 ) ) ;
#1973 = EDGE_CURVE ( 'NONE', #914, #2119, #2622, .T. ) ;
#1974 = ADVANCED_FACE ( 'NONE', ( #3394 ), #271, .F. ) ;
#1975 = AXIS2_PLACEMENT_3D ( 'NONE', #1570, #2737, #3314 ) ;
#1976 = CIRCLE ( 'NONE', #1727, 6.000000000000005329 ) ;
#1977 = CARTESIAN_POINT ( 'NONE',  ( 3.700000000000000622, 0.000000000000000000, 32.79191973642287650 ) ) ;
#1978 = DIRECTION ( 'NONE',  ( 1.000000000000000000, 0.000000000000000000, 0.000000000000000000 ) ) ;
#1979 = EDGE_CURVE ( 'NONE', #524, #761, #1901, .T. ) ;
#1980 = CONICAL_SURFACE ( 'NONE', #381, 5.999999999999991118, 0.7853981633974473908 ) ;
#1981 = CIRCLE ( 'NONE', #2838, 37.76399233727723725 ) ;
#1982 = DIRECTION ( 'NONE',  ( -0.5145656982316486605, 0.7071067811865482389, 0.4849970538089639072 ) ) ;
#1983 = DIRECTION ( 'NONE',  ( -0.000000000000000000, -1.000000000000000000, -0.000000000000000000 ) ) ;
#1984 = VERTEX_POINT ( 'NONE', #3679 ) ;
#1985 = CARTESIAN_POINT ( 'NONE',  ( 31.59394712119212301, 13.93425673164863632, -20.20080457069262536 ) ) ;
#1986 = CARTESIAN_POINT ( 'NONE',  ( 44.86819013360601360, 21.71970293732108104, -3.969535016523261461 ) ) ;
#1987 = ORIENTED_EDGE ( 'NONE', *, *, #92, .T. ) ;
#1988 = ORIENTED_EDGE ( 'NONE', *, *, #1422, .T. ) ;
#1989 = CARTESIAN_POINT ( 'NONE',  ( 17.32499999999999574, -3.499999999999995115, -18.42499999999999716 ) ) ;
#1990 = ORIENTED_EDGE ( 'NONE', *, *, #1885, .T. ) ;
#1991 = ORIENTED_EDGE ( 'NONE', *, *, #1574, .F. ) ;
#1992 = AXIS2_PLACEMENT_3D ( 'NONE', #672, #1235, #3263 ) ;
#1993 = DIRECTION ( 'NONE',  ( 0.000000000000000000, -1.000000000000000000, -0.000000000000000000 ) ) ;
#1994 = CARTESIAN_POINT ( 'NONE',  ( 21.59318273417213518, -4.499999999999996447, -23.61640233838868852 ) ) ;
#1995 = CARTESIAN_POINT ( 'NONE',  ( 3.599999999999999645, 25.50000000000000355, 37.32680002357555082 ) ) ;
#1996 = ADVANCED_FACE ( 'NONE', ( #1953 ), #214, .T. ) ;
#1997 = DIRECTION ( 'NONE',  ( -1.000000000000000000, 0.000000000000000000, 0.000000000000000000 ) ) ;
#1998 = VECTOR ( 'NONE', #1865, 1000.000000000000000 ) ;
#1999 = EDGE_CURVE ( 'NONE', #295, #1819, #3373, .T. ) ;
#2000 = CARTESIAN_POINT ( 'NONE',  ( 2.143131898507862874E-16, -4.499999999999995559, 32.04999999999999716 ) ) ;
#2001 = ORIENTED_EDGE ( 'NONE', *, *, #2384, .F. ) ;
#2002 = CARTESIAN_POINT ( 'NONE',  ( 0.000000000000000000, -5.900000000000012790, 27.19999999999999929 ) ) ;
#2003 = DIRECTION ( 'NONE',  ( 0.000000000000000000, 0.000000000000000000, 1.000000000000000000 ) ) ;
#2004 = EDGE_CURVE ( 'NONE', #1962, #1367, #740, .T. ) ;
#2005 = VECTOR ( 'NONE', #2687, 1000.000000000000114 ) ;
#2006 = ORIENTED_EDGE ( 'NONE', *, *, #1716, .F. ) ;
#2007 = ORIENTED_EDGE ( 'NONE', *, *, #431, .F. ) ;
#2008 = EDGE_LOOP ( 'NONE', ( #321, #1583, #2342, #2714 ) ) ;
#2009 = ORIENTED_EDGE ( 'NONE', *, *, #1811, .T. ) ;
#2010 = DIRECTION ( 'NONE',  ( -0.000000000000000000, 1.000000000000000000, -0.000000000000000000 ) ) ;
#2011 = DIRECTION ( 'NONE',  ( 0.000000000000000000, 0.000000000000000000, -1.000000000000000000 ) ) ;
#2012 = DIRECTION ( 'NONE',  ( -0.000000000000000000, 1.000000000000000000, -0.000000000000000000 ) ) ;
#2013 = CARTESIAN_POINT ( 'NONE',  ( 3.485031250318082918, 26.43255242700950447, 37.33773792026916993 ) ) ;
#2014 = DIRECTION ( 'NONE',  ( -0.000000000000000000, 1.000000000000000000, -0.000000000000000000 ) ) ;
#2015 = DIRECTION ( 'NONE',  ( 0.000000000000000000, 0.000000000000000000, 1.000000000000000000 ) ) ;
#2016 = AXIS2_PLACEMENT_3D ( 'NONE', #3009, #1826, #2950 ) ;
#2017 = EDGE_CURVE ( 'NONE', #1031, #595, #3095, .T. ) ;
#2018 = FACE_OUTER_BOUND ( 'NONE', #2732, .T. ) ;
#2019 = DIRECTION ( 'NONE',  ( 0.000000000000000000, 1.000000000000000000, 0.000000000000000000 ) ) ;
#2020 = ADVANCED_FACE ( 'NONE', ( #2236 ), #1334, .T. ) ;
#2021 = ORIENTED_EDGE ( 'NONE', *, *, #3162, .F. ) ;
#2022 = EDGE_LOOP ( 'NONE', ( #3060, #3612 ) ) ;
#2023 = CARTESIAN_POINT ( 'NONE',  ( -1.972152263052529514E-28, 21.90000000000000568, 37.50000000000000000 ) ) ;
#2024 = ORIENTED_EDGE ( 'NONE', *, *, #1857, .T. ) ;
#2025 = ORIENTED_EDGE ( 'NONE', *, *, #3597, .F. ) ;
#2026 = CARTESIAN_POINT ( 'NONE',  ( 16.57558445425076954, 10.00000000000000178, -37.50000000000000711 ) ) ;
#2027 = LINE ( 'NONE', #2290, #346 ) ;
#2028 = CARTESIAN_POINT ( 'NONE',  ( 197.4901151310308762, 41.50000000000000000, 41.99999999999999289 ) ) ;
#2029 = AXIS2_PLACEMENT_3D ( 'NONE', #1709, #28, #3457 ) ;
#2030 = CARTESIAN_POINT ( 'NONE',  ( 197.4901151310308762, 50.00000000000000000, -37.50000000000000000 ) ) ;
#2031 = DIRECTION ( 'NONE',  ( -0.000000000000000000, 1.000000000000000000, -0.000000000000000000 ) ) ;
#2032 = AXIS2_PLACEMENT_3D ( 'NONE', #1071, #1658, #1037 ) ;
#2033 = DIRECTION ( 'NONE',  ( 0.000000000000000000, -0.000000000000000000, -1.000000000000000000 ) ) ;
#2034 = VECTOR ( 'NONE', #2641, 1000.000000000000000 ) ;
#2035 = AXIS2_PLACEMENT_3D ( 'NONE', #3329, #2807, #462 ) ;
#2036 = DIRECTION ( 'NONE',  ( -0.000000000000000000, 1.000000000000000000, -0.000000000000000000 ) ) ;
#2037 = CIRCLE ( 'NONE', #724, 1.099999999999996758 ) ;
#2038 = CARTESIAN_POINT ( 'NONE',  ( -2.377602697186876668, 12.21357366551896106, 37.42492983538998175 ) ) ;
#2039 = CIRCLE ( 'NONE', #2952, 1.099999999999996758 ) ;
#2040 = ORIENTED_EDGE ( 'NONE', *, *, #572, .F. ) ;
#2041 = ORIENTED_EDGE ( 'NONE', *, *, #390, .T. ) ;
#2042 = CARTESIAN_POINT ( 'NONE',  ( 0.000000000000000000, -5.900000000000012790, 0.000000000000000000 ) ) ;
#2043 = PLANE ( 'NONE',  #1589 ) ;
#2044 = EDGE_CURVE ( 'NONE', #1814, #1829, #1878, .T. ) ;
#2045 = ORIENTED_EDGE ( 'NONE', *, *, #1032, .T. ) ;
#2046 = EDGE_CURVE ( 'NONE', #3150, #1933, #2310, .T. ) ;
#2047 = EDGE_LOOP ( 'NONE', ( #946, #720, #2121, #2352 ) ) ;
#2048 = EDGE_CURVE ( 'NONE', #3086, #1498, #2217, .T. ) ;
#2049 = FACE_BOUND ( 'NONE', #775, .T. ) ;
#2050 = CARTESIAN_POINT ( 'NONE',  ( 0.2376947480208471408, 5.900000000000004796, 37.50000000000000711 ) ) ;
#2051 = CARTESIAN_POINT ( 'NONE',  ( 0.000000000000000000, 0.000000000000000000, 0.000000000000000000 ) ) ;
#2052 = CYLINDRICAL_SURFACE ( 'NONE', #17, 1.750000000000001554 ) ;
#2053 = CARTESIAN_POINT ( 'NONE',  ( -1.133750892983638167E-23, 41.00746373428630420, 37.50000000000000000 ) ) ;
#2054 = DIRECTION ( 'NONE',  ( -0.5145656982316496597, -0.7071067811865466846, 0.4849970538089650729 ) ) ;
#2055 = DIRECTION ( 'NONE',  ( -0.000000000000000000, -1.000000000000000000, -0.000000000000000000 ) ) ;
#2056 = DIRECTION ( 'NONE',  ( -0.000000000000000000, 1.000000000000000000, -0.000000000000000000 ) ) ;
#2057 = VERTEX_POINT ( 'NONE', #2819 ) ;
#2058 = EDGE_LOOP ( 'NONE', ( #1221, #87, #2265, #448 ) ) ;
#2059 = AXIS2_PLACEMENT_3D ( 'NONE', #1748, #329, #2569 ) ;
#2060 = DIRECTION ( 'NONE',  ( 0.7071067811865464625, 0.7071067811865486830, 0.000000000000000000 ) ) ;
#2061 = CARTESIAN_POINT ( 'NONE',  ( 22.05148741229780285, -6.499999999999995559, -25.75775422868366960 ) ) ;
#2062 = CIRCLE ( 'NONE', #1400, 2.299999999999999822 ) ;
#2063 = VERTEX_POINT ( 'NONE', #252 ) ;
#2064 = ORIENTED_EDGE ( 'NONE', *, *, #114, .F. ) ;
#2065 = CIRCLE ( 'NONE', #1703, 26.60000000000001208 ) ;
#2066 = VECTOR ( 'NONE', #1983, 1000.000000000000000 ) ;
#2067 = EDGE_CURVE ( 'NONE', #2139, #484, #1772, .T. ) ;
#2068 = LINE ( 'NONE', #2124, #2725 ) ;
#2069 = CARTESIAN_POINT ( 'NONE',  ( 4.592425496802574367E-15, 0.000000000000000000, -37.50000000000000000 ) ) ;
#2070 = CARTESIAN_POINT ( 'NONE',  ( 3.234840171261893715, 11.09734617940207890, 37.36032724249945147 ) ) ;
#2071 = CARTESIAN_POINT ( 'NONE',  ( -3.600000000000000533, 25.73496715738428975, 37.32680002357555793 ) ) ;
#2072 = CARTESIAN_POINT ( 'NONE',  ( 0.000000000000000000, 2.000000000000000000, -37.50000000000000000 ) ) ;
#2073 = CARTESIAN_POINT ( 'NONE',  ( -1.806070518899293598, 12.62299174106890476, 37.45699138916251769 ) ) ;
#2074 = ORIENTED_EDGE ( 'NONE', *, *, #1227, .T. ) ;
#2075 = ORIENTED_EDGE ( 'NONE', *, *, #607, .T. ) ;
#2076 = AXIS2_PLACEMENT_3D ( 'NONE', #1033, #762, #532 ) ;
#2077 = CARTESIAN_POINT ( 'NONE',  ( -15.49999999999998934, -6.499999999999995559, 41.99999999999999289 ) ) ;
#2078 = DIRECTION ( 'NONE',  ( 0.000000000000000000, 0.000000000000000000, -1.000000000000000000 ) ) ;
#2079 = CARTESIAN_POINT ( 'NONE',  ( 20.63376526497293284, -2.999999999999981792, 37.88466353275418896 ) ) ;
#2080 = ORIENTED_EDGE ( 'NONE', *, *, #716, .F. ) ;
#2081 = ORIENTED_EDGE ( 'NONE', *, *, #3592, .T. ) ;
#2082 = DIRECTION ( 'NONE',  ( 0.000000000000000000, 0.000000000000000000, -1.000000000000000000 ) ) ;
#2083 = ORIENTED_EDGE ( 'NONE', *, *, #3244, .F. ) ;
#2084 = FACE_BOUND ( 'NONE', #2159, .T. ) ;
#2085 = DIRECTION ( 'NONE',  ( 0.000000000000000000, 0.000000000000000000, 1.000000000000000000 ) ) ;
#2086 = PLANE ( 'NONE',  #3126 ) ;
#2087 = EDGE_CURVE ( 'NONE', #1046, #391, #1352, .T. ) ;
#2088 = DIRECTION ( 'NONE',  ( 0.000000000000000000, 0.000000000000000000, -1.000000000000000000 ) ) ;
#2089 = ADVANCED_FACE ( 'NONE', ( #1443, #3464 ), #2599, .F. ) ;
#2090 = ADVANCED_FACE ( 'NONE', ( #1150 ), #3446, .F. ) ;
#2091 = VECTOR ( 'NONE', #2056, 1000.000000000000000 ) ;
#2092 = CARTESIAN_POINT ( 'NONE',  ( 17.32500000000000284, -3.499999999999995115, 18.42499999999999716 ) ) ;
#2093 = CARTESIAN_POINT ( 'NONE',  ( -28.57605541910986702, -6.499999999999995559, 18.25209732288214326 ) ) ;
#2094 = VERTEX_POINT ( 'NONE', #1989 ) ;
#2095 = CARTESIAN_POINT ( 'NONE',  ( 30.22111981601965169, -6.499999999999995559, 13.01091530468876734 ) ) ;
#2096 = CONICAL_SURFACE ( 'NONE', #497, 27.19999999999999929, 0.7853981633974511656 ) ;
#2097 = VERTEX_POINT ( 'NONE', #3519 ) ;
#2098 = DIRECTION ( 'NONE',  ( -0.000000000000000000, 1.000000000000000000, -0.000000000000000000 ) ) ;
#2099 = AXIS2_PLACEMENT_3D ( 'NONE', #3698, #1591, #1335 ) ;
#2100 = CIRCLE ( 'NONE', #2275, 41.00000000000000000 ) ;
#2101 =( BOUNDED_CURVE ( )  B_SPLINE_CURVE ( 3, ( #1776, #2379, #93, #3275 ),
 .UNSPECIFIED., .F., .F. ) 
 B_SPLINE_CURVE_WITH_KNOTS ( ( 4, 4 ),
 ( 0.8149711181838336094, 2.085989032778318819 ),
 .UNSPECIFIED. ) 
 CURVE ( )  GEOMETRIC_REPRESENTATION_ITEM ( )  RATIONAL_B_SPLINE_CURVE ( ( 1.000000000000000000, 0.8698464601267434926, 0.8698464601267434926, 1.000000000000000000 ) ) 
 REPRESENTATION_ITEM ( '' )  );
#2102 = CYLINDRICAL_SURFACE ( 'NONE', #1614, 3.599999999999999645 ) ;
#2103 = ORIENTED_EDGE ( 'NONE', *, *, #3499, .F. ) ;
#2104 = ORIENTED_EDGE ( 'NONE', *, *, #831, .T. ) ;
#2105 = VECTOR ( 'NONE', #2525, 1000.000000000000000 ) ;
#2106 = CARTESIAN_POINT ( 'NONE',  ( 20.57758396554058322, 10.03002992936379201, -35.53111681537469480 ) ) ;
#2107 = EDGE_LOOP ( 'NONE', ( #3666, #1683, #1280, #427 ) ) ;
#2108 = CYLINDRICAL_SURFACE ( 'NONE', #3503, 1.000000000000000888 ) ;
#2109 = DIRECTION ( 'NONE',  ( 0.000000000000000000, 0.000000000000000000, 1.000000000000000000 ) ) ;
#2110 = AXIS2_PLACEMENT_3D ( 'NONE', #1156, #3452, #2306 ) ;
#2111 = DIRECTION ( 'NONE',  ( 0.000000000000000000, 0.000000000000000000, 1.000000000000000000 ) ) ;
#2112 = CYLINDRICAL_SURFACE ( 'NONE', #514, 1.100000000000000311 ) ;
#2113 = DIRECTION ( 'NONE',  ( 4.531410798447630266E-16, 0.000000000000000000, -1.000000000000000000 ) ) ;
#2114 = CARTESIAN_POINT ( 'NONE',  ( -3.484918042149057982, 8.566477913800968125, 37.33774891562305243 ) ) ;
#2115 = EDGE_CURVE ( 'NONE', #1682, #2759, #337, .T. ) ;
#2116 = LINE ( 'NONE', #145, #3668 ) ;
#2117 = PLANE ( 'NONE',  #1401 ) ;
#2118 = ORIENTED_EDGE ( 'NONE', *, *, #493, .T. ) ;
#2119 = VERTEX_POINT ( 'NONE', #2983 ) ;
#2120 = LINE ( 'NONE', #1797, #957 ) ;
#2121 = ORIENTED_EDGE ( 'NONE', *, *, #1760, .T. ) ;
#2122 = CARTESIAN_POINT ( 'NONE',  ( 0.000000000000000000, -6.499999999999995559, 0.000000000000000000 ) ) ;
#2123 = EDGE_LOOP ( 'NONE', ( #2618, #2986 ) ) ;
#2124 = CARTESIAN_POINT ( 'NONE',  ( -17.68279564267348647, -6.499999999999995559, -28.93179459106274010 ) ) ;
#2125 = CARTESIAN_POINT ( 'NONE',  ( 16.28124393624038291, -4.499999999999995559, -27.70402577842759939 ) ) ;
#2126 = DIRECTION ( 'NONE',  ( 0.000000000000000000, 0.000000000000000000, 1.000000000000000000 ) ) ;
#2127 = CARTESIAN_POINT ( 'NONE',  ( 0.000000000000000000, 25.50000000000000355, 45.00000000000000000 ) ) ;
#2128 = CARTESIAN_POINT ( 'NONE',  ( 3.599999999999999645, 25.50000000000000355, 45.00000000000000000 ) ) ;
#2129 = DIRECTION ( 'NONE',  ( 0.000000000000000000, 0.000000000000000000, -1.000000000000000000 ) ) ;
#2130 = ORIENTED_EDGE ( 'NONE', *, *, #2650, .T. ) ;
#2131 = ORIENTED_EDGE ( 'NONE', *, *, #1523, .F. ) ;
#2132 = CARTESIAN_POINT ( 'NONE',  ( -17.32499999999999929, -6.499999999999996447, -17.32499999999999574 ) ) ;
#2133 = EDGE_CURVE ( 'NONE', #544, #2212, #2564, .T. ) ;
#2134 = CIRCLE ( 'NONE', #3652, 27.19999999999999929 ) ;
#2135 = EDGE_LOOP ( 'NONE', ( #3501, #3674 ) ) ;
#2136 = EDGE_CURVE ( 'NONE', #115, #166, #929, .T. ) ;
#2137 = CARTESIAN_POINT ( 'NONE',  ( 28.57605541910986702, 4.983751639017303781, 18.25209732288214326 ) ) ;
#2138 = EDGE_LOOP ( 'NONE', ( #3310, #2731 ) ) ;
#2139 = VERTEX_POINT ( 'NONE', #1513 ) ;
#2140 = FACE_BOUND ( 'NONE', #1896, .T. ) ;
#2141 = DIRECTION ( 'NONE',  ( 0.000000000000000000, -1.000000000000000000, 0.000000000000000000 ) ) ;
#2142 = CARTESIAN_POINT ( 'NONE',  ( 28.57605541910986702, -6.499999999999995559, 18.25209732288214326 ) ) ;
#2143 = CARTESIAN_POINT ( 'NONE',  ( -17.32499999999999929, -13.00538238691623150, 19.62500000000000355 ) ) ;
#2144 =( NAMED_UNIT ( * ) PLANE_ANGLE_UNIT ( ) SI_UNIT ( $, .RADIAN. ) );
#2145 = DIRECTION ( 'NONE',  ( 0.000000000000000000, 0.000000000000000000, 1.000000000000000000 ) ) ;
#2146 = DIRECTION ( 'NONE',  ( -0.000000000000000000, 1.000000000000000000, -0.000000000000000000 ) ) ;
#2147 = LINE ( 'NONE', #2790, #2581 ) ;
#2148 = DIRECTION ( 'NONE',  ( -0.000000000000000000, -0.000000000000000000, 1.000000000000000000 ) ) ;
#2149 = ORIENTED_EDGE ( 'NONE', *, *, #1396, .F. ) ;
#2150 = ORIENTED_EDGE ( 'NONE', *, *, #139, .T. ) ;
#2151 = AXIS2_PLACEMENT_3D ( 'NONE', #2224, #747, #2789 ) ;
#2152 = DIRECTION ( 'NONE',  ( 0.000000000000000000, 0.000000000000000000, 1.000000000000000000 ) ) ;
#2153 = ORIENTED_EDGE ( 'NONE', *, *, #2671, .F. ) ;
#2154 = EDGE_CURVE ( 'NONE', #655, #3109, #178, .T. ) ;
#2155 = AXIS2_PLACEMENT_3D ( 'NONE', #704, #1554, #2719 ) ;
#2156 = CARTESIAN_POINT ( 'NONE',  ( 25.57249588685643715, 10.37121006589940109, -32.05238105967868734 ) ) ;
#2157 = ORIENTED_EDGE ( 'NONE', *, *, #985, .T. ) ;
#2158 = STYLED_ITEM ( 'NONE', ( #121 ), #1835 ) ;
#2159 = EDGE_LOOP ( 'NONE', ( #1099, #2680 ) ) ;
#2160 = AXIS2_PLACEMENT_3D ( 'NONE', #540, #3442, #1947 ) ;
#2161 = CARTESIAN_POINT ( 'NONE',  ( 28.57605541910986702, -4.499999999999995559, 18.25209732288214326 ) ) ;
#2162 = CARTESIAN_POINT ( 'NONE',  ( -19.86714152748583118, 0.000000000000000000, -29.09477440987304320 ) ) ;
#2163 = DIRECTION ( 'NONE',  ( -0.000000000000000000, -1.000000000000000000, 0.000000000000000000 ) ) ;
#2164 = EDGE_CURVE ( 'NONE', #3673, #2938, #1413, .T. ) ;
#2165 = DIRECTION ( 'NONE',  ( -0.000000000000000000, 1.000000000000000000, -0.000000000000000000 ) ) ;
#2166 = CARTESIAN_POINT ( 'NONE',  ( 0.000000000000000000, 0.000000000000000000, 0.000000000000000000 ) ) ;
#2167 = CARTESIAN_POINT ( 'NONE',  ( 19.86714152748543682, -6.499999999999995559, -30.04477440987333736 ) ) ;
#2168 = DIRECTION ( 'NONE',  ( -0.000000000000000000, 1.000000000000000000, -0.000000000000000000 ) ) ;
#2169 = AXIS2_PLACEMENT_3D ( 'NONE', #2763, #2221, #765 ) ;
#2170 = CARTESIAN_POINT ( 'NONE',  ( -19.00000000000000000, 41.50000000000000000, 45.00000000000000000 ) ) ;
#2171 = ORIENTED_EDGE ( 'NONE', *, *, #233, .T. ) ;
#2172 = FACE_OUTER_BOUND ( 'NONE', #2795, .T. ) ;
#2173 = AXIS2_PLACEMENT_3D ( 'NONE', #2702, #2637, #3261 ) ;
#2174 = CARTESIAN_POINT ( 'NONE',  ( -17.32499999999999929, -3.499999999999995115, -16.22499999999999787 ) ) ;
#2175 = ORIENTED_EDGE ( 'NONE', *, *, #341, .F. ) ;
#2176 = CARTESIAN_POINT ( 'NONE',  ( 197.4901151310308762, 20.69686995702861054, 41.99999999999999289 ) ) ;
#2177 = ORIENTED_EDGE ( 'NONE', *, *, #39, .T. ) ;
#2178 = ORIENTED_EDGE ( 'NONE', *, *, #3362, .F. ) ;
#2179 = SHAPE_DEFINITION_REPRESENTATION ( #1650, #713 ) ;
#2180 = CARTESIAN_POINT ( 'NONE',  ( -19.86714152748583118, 5.032001336902015787, -27.34477440987304320 ) ) ;
#2181 = ADVANCED_FACE ( 'NONE', ( #71 ), #3284, .F. ) ;
#2182 = LINE ( 'NONE', #3338, #3243 ) ;
#2183 = EDGE_CURVE ( 'NONE', #2833, #2376, #2616, .T. ) ;
#2184 = FACE_OUTER_BOUND ( 'NONE', #2817, .T. ) ;
#2185 = CYLINDRICAL_SURFACE ( 'NONE', #2459, 17.00000000000000000 ) ;
#2186 = VECTOR ( 'NONE', #1128, 1000.000000000000000 ) ;
#2187 = DIRECTION ( 'NONE',  ( 0.000000000000000000, -0.000000000000000000, -1.000000000000000000 ) ) ;
#2188 = ORIENTED_EDGE ( 'NONE', *, *, #509, .T. ) ;
#2189 = DIRECTION ( 'NONE',  ( -0.000000000000000000, 1.000000000000000000, -0.000000000000000000 ) ) ;
#2190 = ORIENTED_EDGE ( 'NONE', *, *, #1121, .F. ) ;
#2191 = DIRECTION ( 'NONE',  ( -0.000000000000000000, 1.000000000000000000, -0.000000000000000000 ) ) ;
#2192 = CARTESIAN_POINT ( 'NONE',  ( -19.55069813100844911, 10.37614073055565278, -32.01020161579711498 ) ) ;
#2193 = ORIENTED_EDGE ( 'NONE', *, *, #114, .T. ) ;
#2194 = ORIENTED_EDGE ( 'NONE', *, *, #2312, .F. ) ;
#2195 = APPLICATION_PROTOCOL_DEFINITION ( 'draft international standard', 'automotive_design', 1998, #1803 ) ;
#2196 = AXIS2_PLACEMENT_3D ( 'NONE', #3303, #459, #3569 ) ;
#2197 = CARTESIAN_POINT ( 'NONE',  ( 197.4901151310308762, 9.999999999999994671, -37.50000000000000711 ) ) ;
#2198 = DIRECTION ( 'NONE',  ( 0.000000000000000000, 0.000000000000000000, -1.000000000000000000 ) ) ;
#2199 = DIRECTION ( 'NONE',  ( 0.000000000000000000, 0.000000000000000000, -1.000000000000000000 ) ) ;
#2200 = DIRECTION ( 'NONE',  ( 0.000000000000000000, 0.000000000000000000, 1.000000000000000000 ) ) ;
#2201 = EDGE_CURVE ( 'NONE', #845, #1705, #1794, .T. ) ;
#2202 = CARTESIAN_POINT ( 'NONE',  ( 1.596132953496583795, 22.26457029942507049, 37.46665069013494787 ) ) ;
#2203 = EDGE_CURVE ( 'NONE', #3254, #1007, #119, .T. ) ;
#2204 = ADVANCED_FACE ( 'NONE', ( #1736 ), #2043, .T. ) ;
#2205 = CARTESIAN_POINT ( 'NONE',  ( -16.28124393624079858, 0.000000000000000000, -28.70402577842735781 ) ) ;
#2206 = CARTESIAN_POINT ( 'NONE',  ( 15.49999999999998934, -6.499999999999996447, 45.00000000000000000 ) ) ;
#2207 = ORIENTED_EDGE ( 'NONE', *, *, #631, .F. ) ;
#2208 = CARTESIAN_POINT ( 'NONE',  ( -2.700000000000000178, -4.499999999999995559, 32.79191973642287650 ) ) ;
#2209 = SURFACE_STYLE_FILL_AREA ( #225 ) ;
#2210 = DIRECTION ( 'NONE',  ( -0.000000000000000000, -1.000000000000000000, -0.000000000000000000 ) ) ;
#2211 = ORIENTED_EDGE ( 'NONE', *, *, #2154, .F. ) ;
#2212 = VERTEX_POINT ( 'NONE', #51 ) ;
#2213 = ORIENTED_EDGE ( 'NONE', *, *, #1906, .F. ) ;
#2214 = VERTEX_POINT ( 'NONE', #1167 ) ;
#2215 = AXIS2_PLACEMENT_3D ( 'NONE', #998, #728, #3496 ) ;
#2216 = CIRCLE ( 'NONE', #953, 5.999999999999991118 ) ;
#2217 = LINE ( 'NONE', #803, #3408 ) ;
#2218 = CARTESIAN_POINT ( 'NONE',  ( -17.32499999999999929, 0.000000000000000000, -16.22499999999999787 ) ) ;
#2219 = DIRECTION ( 'NONE',  ( 0.000000000000000000, 0.000000000000000000, -1.000000000000000000 ) ) ;
#2220 = VECTOR ( 'NONE', #2510, 1000.000000000000114 ) ;
#2221 = DIRECTION ( 'NONE',  ( -0.000000000000000000, 1.000000000000000000, -0.000000000000000000 ) ) ;
#2222 = VECTOR ( 'NONE', #2801, 1000.000000000000000 ) ;
#2223 = FACE_OUTER_BOUND ( 'NONE', #2107, .T. ) ;
#2224 = CARTESIAN_POINT ( 'NONE',  ( -19.86714152748583118, -4.499999999999995559, -27.34477440987304320 ) ) ;
#2225 = DIRECTION ( 'NONE',  ( 0.000000000000000000, -0.000000000000000000, -1.000000000000000000 ) ) ;
#2226 = ORIENTED_EDGE ( 'NONE', *, *, #3594, .T. ) ;
#2227 = CARTESIAN_POINT ( 'NONE',  ( 26.39175933497208604, 0.000000000000000000, 18.09627141719845866 ) ) ;
#2228 = EDGE_CURVE ( 'NONE', #2462, #561, #3529, .T. ) ;
#2229 = AXIS2_PLACEMENT_3D ( 'NONE', #1485, #2054, #889 ) ;
#2230 = LINE ( 'NONE', #2775, #3017 ) ;
#2231 = EDGE_LOOP ( 'NONE', ( #1739, #2157, #2240, #3502 ) ) ;
#2232 = ORIENTED_EDGE ( 'NONE', *, *, #65, .T. ) ;
#2233 = CARTESIAN_POINT ( 'NONE',  ( -17.68279564267348647, 5.032001336902015787, -28.93179459106274010 ) ) ;
#2234 = ORIENTED_EDGE ( 'NONE', *, *, #1303, .F. ) ;
#2235 = EDGE_LOOP ( 'NONE', ( #2887, #1004, #3478, #1423 ) ) ;
#2236 = FACE_OUTER_BOUND ( 'NONE', #282, .T. ) ;
#2237 = B_SPLINE_CURVE_WITH_KNOTS ( 'NONE', 3,
 ( #405, #3008, #3027, #2662, #2993, #422, #3302, #2389, #456, #158, #2410, #3568, #924, #963, #1216, #976, #2071, #1784 ),
 .UNSPECIFIED., .F., .F.,
 ( 4, 2, 2, 2, 2, 2, 2, 2, 4 ),
 ( 0.005632161657258736263, 0.006335856446989125354, 0.007039551236719514445, 0.007743246026449903535, 0.008446940816180291758, 0.009150635605910679982, 0.009854330395641068205, 0.01055802518537145643, 0.01126171997510184465 ),
 .UNSPECIFIED. ) ;
#2238 = DIRECTION ( 'NONE',  ( 0.000000000000000000, -1.000000000000000000, 0.000000000000000000 ) ) ;
#2239 = CARTESIAN_POINT ( 'NONE',  ( 21.59318273417213518, 0.000000000000000000, -23.61640233838868852 ) ) ;
#2240 = ORIENTED_EDGE ( 'NONE', *, *, #588, .T. ) ;
#2241 = CARTESIAN_POINT ( 'NONE',  ( 17.32499999999999574, 0.000000000000000000, -18.42499999999999716 ) ) ;
#2242 = DIRECTION ( 'NONE',  ( 0.000000000000000000, 1.000000000000000000, 0.000000000000000000 ) ) ;
#2243 = VECTOR ( 'NONE', #1850, 1000.000000000000000 ) ;
#2244 = DIRECTION ( 'NONE',  ( 0.000000000000000000, 0.000000000000000000, 1.000000000000000000 ) ) ;
#2245 = DIRECTION ( 'NONE',  ( 0.7071067811865475727, -0.7071067811865475727, 0.000000000000000000 ) ) ;
#2246 = ORIENTED_EDGE ( 'NONE', *, *, #1873, .T. ) ;
#2247 = ORIENTED_EDGE ( 'NONE', *, *, #2955, .F. ) ;
#2248 = ADVANCED_FACE ( 'NONE', ( #3210 ), #2355, .F. ) ;
#2249 = ADVANCED_FACE ( 'NONE', ( #1774 ), #107, .F. ) ;
#2250 = VERTEX_POINT ( 'NONE', #1831 ) ;
#2251 = ORIENTED_EDGE ( 'NONE', *, *, #588, .F. ) ;
#2252 = FACE_OUTER_BOUND ( 'NONE', #426, .T. ) ;
#2253 = CARTESIAN_POINT ( 'NONE',  ( 17.32500000000000284, -6.499999999999996447, 18.42499999999999716 ) ) ;
#2254 = DIRECTION ( 'NONE',  ( -0.000000000000000000, 1.000000000000000000, -0.000000000000000000 ) ) ;
#2255 = DIRECTION ( 'NONE',  ( -0.000000000000000000, 1.000000000000000000, -0.000000000000000000 ) ) ;
#2256 = CARTESIAN_POINT ( 'NONE',  ( 19.03635101432194432, 41.48943330048411582, 41.24032894297599938 ) ) ;
#2257 = ORIENTED_EDGE ( 'NONE', *, *, #2539, .F. ) ;
#2258 = CARTESIAN_POINT ( 'NONE',  ( -19.00000000000000000, -2.999999999999981792, 45.00000000000000000 ) ) ;
#2259 = DIRECTION ( 'NONE',  ( 0.000000000000000000, 0.000000000000000000, -1.000000000000000000 ) ) ;
#2260 = DIRECTION ( 'NONE',  ( -0.000000000000000000, 1.000000000000000000, -0.000000000000000000 ) ) ;
#2261 = EDGE_LOOP ( 'NONE', ( #1118, #2652, #2560, #3386 ) ) ;
#2262 = EDGE_LOOP ( 'NONE', ( #3146, #68, #605, #2643 ) ) ;
#2263 = DIRECTION ( 'NONE',  ( -0.000000000000000000, 1.000000000000000000, -0.000000000000000000 ) ) ;
#2264 = ORIENTED_EDGE ( 'NONE', *, *, #1760, .F. ) ;
#2265 = ORIENTED_EDGE ( 'NONE', *, *, #1785, .T. ) ;
#2266 = ADVANCED_FACE ( 'NONE', ( #3575 ), #223, .F. ) ;
#2267 = CIRCLE ( 'NONE', #1606, 27.19999999999999929 ) ;
#2268 = DIRECTION ( 'NONE',  ( 0.000000000000000000, 0.000000000000000000, 1.000000000000000000 ) ) ;
#2269 = EDGE_CURVE ( 'NONE', #1984, #3533, #2771, .T. ) ;
#2270 = LINE ( 'NONE', #3468, #2672 ) ;
#2271 = EDGE_CURVE ( 'NONE', #338, #524, #3635, .T. ) ;
#2272 = CIRCLE ( 'NONE', #3237, 1.000000000000000888 ) ;
#2273 = CARTESIAN_POINT ( 'NONE',  ( 22.26796969461501163, -4.499999999999995559, -24.35441491146332993 ) ) ;
#2274 = FACE_OUTER_BOUND ( 'NONE', #1102, .T. ) ;
#2275 = AXIS2_PLACEMENT_3D ( 'NONE', #714, #1025, #1043 ) ;
#2276 = CARTESIAN_POINT ( 'NONE',  ( 0.000000000000000000, 0.000000000000000000, 33.79999999999999716 ) ) ;
#2277 = FACE_OUTER_BOUND ( 'NONE', #1402, .T. ) ;
#2278 = AXIS2_PLACEMENT_3D ( 'NONE', #1407, #1481, #3449 ) ;
#2279 = CIRCLE ( 'NONE', #377, 1.749999999999998002 ) ;
#2280 = ORIENTED_EDGE ( 'NONE', *, *, #1817, .T. ) ;
#2281 = CARTESIAN_POINT ( 'NONE',  ( -29.84362863863176685, 0.000000000000000000, 17.61813882216303284 ) ) ;
#2282 = CARTESIAN_POINT ( 'NONE',  ( 31.11120185815366312, -6.499999999999995559, 13.48418032144392953 ) ) ;
#2283 = ORIENTED_EDGE ( 'NONE', *, *, #3265, .F. ) ;
#2284 = ORIENTED_EDGE ( 'NONE', *, *, #3592, .F. ) ;
#2285 = CARTESIAN_POINT ( 'NONE',  ( 18.08679500287381003, -6.499999999999995559, 35.48405059352745639 ) ) ;
#2286 = ORIENTED_EDGE ( 'NONE', *, *, #2884, .F. ) ;
#2287 = ORIENTED_EDGE ( 'NONE', *, *, #3053, .F. ) ;
#2288 = CIRCLE ( 'NONE', #3024, 37.49999999999999289 ) ;
#2289 = CARTESIAN_POINT ( 'NONE',  ( -2.700000000000000178, -6.499999999999995559, 32.79191973642287650 ) ) ;
#2290 = CARTESIAN_POINT ( 'NONE',  ( 3.600000000000000089, 9.500000000000003553, -41.00099999999999767 ) ) ;
#2291 = CARTESIAN_POINT ( 'NONE',  ( 19.86714152748543682, 4.286263797015747072E-17, -29.09477440987333452 ) ) ;
#2292 = EDGE_CURVE ( 'NONE', #3087, #1984, #249, .T. ) ;
#2293 = CARTESIAN_POINT ( 'NONE',  ( 1.594169900732827827, 28.73629747283780489, 37.46672700195475159 ) ) ;
#2294 = CARTESIAN_POINT ( 'NONE',  ( -18.60453568713048966, 10.00762527628173970, -36.55305364970233484 ) ) ;
#2295 = EDGE_CURVE ( 'NONE', #266, #3518, #1041, .T. ) ;
#2296 = FACE_OUTER_BOUND ( 'NONE', #2635, .T. ) ;
#2297 = EDGE_CURVE ( 'NONE', #3104, #339, #1537, .T. ) ;
#2298 = DIRECTION ( 'NONE',  ( -0.000000000000000000, 1.000000000000000000, -0.000000000000000000 ) ) ;
#2299 = DIRECTION ( 'NONE',  ( -0.000000000000000000, 1.000000000000000000, -0.000000000000000000 ) ) ;
#2300 = VECTOR ( 'NONE', #823, 1000.000000000000000 ) ;
#2301 = EDGE_LOOP ( 'NONE', ( #1645, #2601, #3634, #2006 ) ) ;
#2302 = VERTEX_POINT ( 'NONE', #467 ) ;
#2303 = EDGE_LOOP ( 'NONE', ( #2849, #3354 ) ) ;
#2304 = VERTEX_POINT ( 'NONE', #3015 ) ;
#2305 = CARTESIAN_POINT ( 'NONE',  ( 2.700000000000000178, -6.499999999999995559, 33.79999999999999716 ) ) ;
#2306 = DIRECTION ( 'NONE',  ( 0.000000000000000000, 0.000000000000000000, 1.000000000000000000 ) ) ;
#2307 = DIRECTION ( 'NONE',  ( -0.000000000000000000, 1.000000000000000000, -0.000000000000000000 ) ) ;
#2308 = CARTESIAN_POINT ( 'NONE',  ( 29.84362863863176685, -4.499999999999995559, 15.86813882216303639 ) ) ;
#2309 = ADVANCED_FACE ( 'NONE', ( #1282 ), #2436, .F. ) ;
#2310 = CIRCLE ( 'NONE', #703, 1.750000000000001554 ) ;
#2311 = CARTESIAN_POINT ( 'NONE',  ( 17.32500000000000284, 0.000000000000000000, 17.32499999999999929 ) ) ;
#2312 = EDGE_CURVE ( 'NONE', #2517, #397, #365, .T. ) ;
#2313 = CARTESIAN_POINT ( 'NONE',  ( -17.32499999999999929, 0.000000000000000000, 15.02500000000000391 ) ) ;
#2314 = EDGE_CURVE ( 'NONE', #2500, #3072, #3222, .T. ) ;
#2315 = CARTESIAN_POINT ( 'NONE',  ( 197.4901151310308762, 39.45387863972694475, 33.00306469613355631 ) ) ;
#2316 = ORIENTED_EDGE ( 'NONE', *, *, #2365, .T. ) ;
#2317 = ORIENTED_EDGE ( 'NONE', *, *, #1255, .F. ) ;
#2318 = UNCERTAINTY_MEASURE_WITH_UNIT (LENGTH_MEASURE( 1.000000000000000082E-05 ), #1860, 'distance_accuracy_value', 'NONE');
#2319 = DIRECTION ( 'NONE',  ( 0.000000000000000000, 0.000000000000000000, -1.000000000000000000 ) ) ;
#2320 = CARTESIAN_POINT ( 'NONE',  ( 4.624755233887174337E-15, 0.2500000000000000000, -37.76399233727723725 ) ) ;
#2321 = ORIENTED_EDGE ( 'NONE', *, *, #3456, .T. ) ;
#2322 = VERTEX_POINT ( 'NONE', #840 ) ;
#2323 = DIRECTION ( 'NONE',  ( 0.000000000000000000, -1.000000000000000000, 0.000000000000000000 ) ) ;
#2324 = DIRECTION ( 'NONE',  ( -0.000000000000000000, 1.000000000000000000, -0.000000000000000000 ) ) ;
#2325 = CARTESIAN_POINT ( 'NONE',  ( -30.69059137880553934, 0.000000000000000000, 12.12796771182984124 ) ) ;
#2326 = CARTESIAN_POINT ( 'NONE',  ( 0.9336993223615972504, 28.98487828689628643, 37.48909527217882953 ) ) ;
#2327 = CARTESIAN_POINT ( 'NONE',  ( 7.881491645768786469, 10.00611340468931409, -36.69633864020249092 ) ) ;
#2328 = CARTESIAN_POINT ( 'NONE',  ( 197.4901151310308762, 13.93425673164863632, -20.20080457069262536 ) ) ;
#2329 = CIRCLE ( 'NONE', #1916, 1.749999999999998002 ) ;
#2330 = LINE ( 'NONE', #294, #748 ) ;
#2331 = CIRCLE ( 'NONE', #1495, 2.299999999999999822 ) ;
#2332 = CLOSED_SHELL ( 'NONE', ( #3661, #210, #324, #1626, #1375, #1532, #2677, #650, #3688, #873, #3318, #1672, #2248, #2437, #1996, #135, #1143, #3383, #1399, #1699, #877, #2726, #3576, #3664, #1301, #2309, #3214, #143, #744, #1974, #938, #2724, #3135, #1744, #1883, #3112, #1834, #2090, #3138, #3168, #1935, #1471, #1911, #3070, #3659, #1349, #1605, #3110, #1139, #1116, #2777, #834, #237, #3549, #1258, #1950, #3504, #3297, #1815, #718, #2266, #2931, #3522, #3642, #3092, #111, #546, #3647, #301, #1052, #2554, #506, #968, #123, #3543, #2249, #3178, #2964, #3201, #2089, #510, #3476, #2509, #741, #1652, #3433, #1331, #2181, #1930, #1187, #2953, #1, #1837, #3239, #1277, #3216, #935, #1419, #3047, #433, #1447, #2204, #2674, #939, #1257, #2020, #3004, #1351 ) ) ;
#2333 = CARTESIAN_POINT ( 'NONE',  ( -1.972152263052529514E-28, 21.90000000000000568, 37.50000000000000000 ) ) ;
#2334 = AXIS2_PLACEMENT_3D ( 'NONE', #1120, #363, #77 ) ;
#2335 = CIRCLE ( 'NONE', #727, 1.749999999999998002 ) ;
#2336 = VERTEX_POINT ( 'NONE', #2208 ) ;
#2337 = ORIENTED_EDGE ( 'NONE', *, *, #1160, .F. ) ;
#2338 = EDGE_CURVE ( 'NONE', #3254, #2477, #2567, .T. ) ;
#2339 = LINE ( 'NONE', #641, #1310 ) ;
#2340 = CARTESIAN_POINT ( 'NONE',  ( -3.415746314310676990, 24.33909554627890870, 37.34422041354338262 ) ) ;
#2341 = ORIENTED_EDGE ( 'NONE', *, *, #2889, .T. ) ;
#2342 = ORIENTED_EDGE ( 'NONE', *, *, #3316, .T. ) ;
#2343 = FACE_OUTER_BOUND ( 'NONE', #1368, .T. ) ;
#2344 = CIRCLE ( 'NONE', #1806, 32.00000000000000000 ) ;
#2345 = DIRECTION ( 'NONE',  ( 0.5877852522924802425, 0.000000000000000000, 0.8090169943749422332 ) ) ;
#2346 = VECTOR ( 'NONE', #1172, 1000.000000000000000 ) ;
#2347 = CARTESIAN_POINT ( 'NONE',  ( -17.80583389405904171, 39.45387863972694475, 33.00306469613355631 ) ) ;
#2348 = CYLINDRICAL_SURFACE ( 'NONE', #1846, 1.000000000000000888 ) ;
#2349 = DIRECTION ( 'NONE',  ( -0.000000000000000000, 1.000000000000000000, -0.000000000000000000 ) ) ;
#2350 = CARTESIAN_POINT ( 'NONE',  ( -3.236221448723784810, 7.905668551016891143, 37.36020599399655850 ) ) ;
#2351 = LINE ( 'NONE', #676, #2770 ) ;
#2352 = ORIENTED_EDGE ( 'NONE', *, *, #3341, .F. ) ;
#2353 = ORIENTED_EDGE ( 'NONE', *, *, #2559, .T. ) ;
#2354 = VECTOR ( 'NONE', #942, 1000.000000000000114 ) ;
#2355 = CYLINDRICAL_SURFACE ( 'NONE', #3412, 1.100000000000000311 ) ;
#2356 = DIRECTION ( 'NONE',  ( 0.000000000000000000, 0.000000000000000000, -1.000000000000000000 ) ) ;
#2357 = CARTESIAN_POINT ( 'NONE',  ( 21.45895270024006507, -4.499999999999995559, -24.94220016375579974 ) ) ;
#2358 = EDGE_CURVE ( 'NONE', #391, #3596, #3119, .T. ) ;
#2359 = ORIENTED_EDGE ( 'NONE', *, *, #2338, .T. ) ;
#2360 = EDGE_LOOP ( 'NONE', ( #531, #3427, #898, #928 ) ) ;
#2361 = AXIS2_PLACEMENT_3D ( 'NONE', #2873, #308, #1426 ) ;
#2362 = EDGE_CURVE ( 'NONE', #1109, #1821, #11, .T. ) ;
#2363 = CARTESIAN_POINT ( 'NONE',  ( -20.63376526497293639, -2.999999999999981792, 37.88466353275421739 ) ) ;
#2364 = CARTESIAN_POINT ( 'NONE',  ( 30.69059137880554289, -4.499999999999995559, 12.12796771182984124 ) ) ;
#2365 = EDGE_CURVE ( 'NONE', #3623, #2433, #2563, .T. ) ;
#2366 = ORIENTED_EDGE ( 'NONE', *, *, #320, .T. ) ;
#2367 = FACE_BOUND ( 'NONE', #1915, .T. ) ;
#2368 = DIRECTION ( 'NONE',  ( -0.000000000000000000, 1.000000000000000000, -0.000000000000000000 ) ) ;
#2369 = DIRECTION ( 'NONE',  ( -0.000000000000000000, 1.000000000000000000, -0.000000000000000000 ) ) ;
#2370 = CARTESIAN_POINT ( 'NONE',  ( 3.576618611672801151, 9.972118789554768270, 37.32907600149025029 ) ) ;
#2371 = CARTESIAN_POINT ( 'NONE',  ( -17.80583389405904171, 39.45387863972694475, 33.00306469613355631 ) ) ;
#2372 = FACE_OUTER_BOUND ( 'NONE', #973, .T. ) ;
#2373 = CARTESIAN_POINT ( 'NONE',  ( -3.235748337043583778, 11.09549470956346262, 37.36024823611894163 ) ) ;
#2374 = ORIENTED_EDGE ( 'NONE', *, *, #1160, .T. ) ;
#2375 = DIRECTION ( 'NONE',  ( -0.000000000000000000, 1.000000000000000000, -0.000000000000000000 ) ) ;
#2376 = VERTEX_POINT ( 'NONE', #2991 ) ;
#2377 = AXIS2_PLACEMENT_3D ( 'NONE', #2180, #3111, #2467 ) ;
#2378 = CARTESIAN_POINT ( 'NONE',  ( -0.4719233679856870145, 21.92335517465931716, 37.49773740819420453 ) ) ;
#2379 = CARTESIAN_POINT ( 'NONE',  ( -42.62941491193131327, 30.60177913149808404, 14.54801286702871899 ) ) ;
#2380 = EDGE_LOOP ( 'NONE', ( #639, #1563, #576, #1060 ) ) ;
#2381 = ORIENTED_EDGE ( 'NONE', *, *, #3273, .F. ) ;
#2382 = CARTESIAN_POINT ( 'NONE',  ( 20.63376526497293284, 41.50000000000000000, 37.88466353275418896 ) ) ;
#2383 = VECTOR ( 'NONE', #792, 1000.000000000000000 ) ;
#2384 = EDGE_CURVE ( 'NONE', #1209, #2700, #1522, .T. ) ;
#2385 = ORIENTED_EDGE ( 'NONE', *, *, #812, .F. ) ;
#2386 = DIRECTION ( 'NONE',  ( -0.000000000000000000, 1.000000000000000000, 0.000000000000000000 ) ) ;
#2387 = EDGE_CURVE ( 'NONE', #821, #1819, #3299, .T. ) ;
#2388 = LINE ( 'NONE', #961, #1012 ) ;
#2389 = CARTESIAN_POINT ( 'NONE',  ( -2.195871410060298512, 28.36236211624272840, 37.43616224184192731 ) ) ;
#2390 = CIRCLE ( 'NONE', #3125, 38.00344890858252711 ) ;
#2391 = CIRCLE ( 'NONE', #1319, 19.00000000000000355 ) ;
#2392 = CARTESIAN_POINT ( 'NONE',  ( 197.4901151310308762, 39.45387863972694475, 33.00306469613355631 ) ) ;
#2393 = CARTESIAN_POINT ( 'NONE',  ( -2.713680336945907712, 11.87748094687243672, 37.40206286822168380 ) ) ;
#2394 = LINE ( 'NONE', #181, #3697 ) ;
#2395 = CIRCLE ( 'NONE', #1670, 1.750000000000001554 ) ;
#2396 = ORIENTED_EDGE ( 'NONE', *, *, #1579, .T. ) ;
#2397 = AXIS2_PLACEMENT_3D ( 'NONE', #2451, #3610, #752 ) ;
#2398 = CARTESIAN_POINT ( 'NONE',  ( -3.236221448723784810, 23.90566855101689470, 37.36020599399655850 ) ) ;
#2399 = CIRCLE ( 'NONE', #3675, 37.76399233727723725 ) ;
#2400 = CIRCLE ( 'NONE', #2528, 2.299999999999999822 ) ;
#2401 = ORIENTED_EDGE ( 'NONE', *, *, #418, .T. ) ;
#2402 = VERTEX_POINT ( 'NONE', #690 ) ;
#2403 = AXIS2_PLACEMENT_3D ( 'NONE', #1759, #563, #2926 ) ;
#2404 = LINE ( 'NONE', #2382, #1888 ) ;
#2405 = ORIENTED_EDGE ( 'NONE', *, *, #213, .T. ) ;
#2406 = FACE_OUTER_BOUND ( 'NONE', #489, .T. ) ;
#2407 = CARTESIAN_POINT ( 'NONE',  ( 6.204938745036892023, 40.89505130577366288, 37.01571328004291672 ) ) ;
#2408 = AXIS2_PLACEMENT_3D ( 'NONE', #941, #2349, #2126 ) ;
#2409 = CARTESIAN_POINT ( 'NONE',  ( -17.32499999999999929, 0.000000000000000000, 18.42500000000000426 ) ) ;
#2410 = CARTESIAN_POINT ( 'NONE',  ( -2.862471738845736358, 27.69572458357571065, 37.39081891206386388 ) ) ;
#2411 = DIRECTION ( 'NONE',  ( 0.000000000000000000, 0.000000000000000000, 1.000000000000000000 ) ) ;
#2412 = EDGE_CURVE ( 'NONE', #3159, #1833, #1459, .T. ) ;
#2413 = CARTESIAN_POINT ( 'NONE',  ( 16.28124393624038291, 0.000000000000000000, -27.70402577842759939 ) ) ;
#2414 = CARTESIAN_POINT ( 'NONE',  ( 3.700000000000000622, -6.499999999999995559, 32.79191973642287650 ) ) ;
#2415 = ORIENTED_EDGE ( 'NONE', *, *, #1213, .T. ) ;
#2416 = ORIENTED_EDGE ( 'NONE', *, *, #1253, .F. ) ;
#2417 = DIRECTION ( 'NONE',  ( 0.000000000000000000, 0.000000000000000000, 1.000000000000000000 ) ) ;
#2418 = CARTESIAN_POINT ( 'NONE',  ( -6.284666799381076530, 10.00312320433177504, -36.97817372957916149 ) ) ;
#2419 = AXIS2_PLACEMENT_3D ( 'NONE', #2980, #409, #126 ) ;
#2420 = CIRCLE ( 'NONE', #2059, 1.749999999999998002 ) ;
#2421 = VERTEX_POINT ( 'NONE', #3625 ) ;
#2422 = CARTESIAN_POINT ( 'NONE',  ( 2.700000000000000178, -6.499999999999995559, 33.79999999999999716 ) ) ;
#2423 = ORIENTED_EDGE ( 'NONE', *, *, #2884, .T. ) ;
#2424 = AXIS2_PLACEMENT_3D ( 'NONE', #2572, #841, #3061 ) ;
#2425 = CYLINDRICAL_SURFACE ( 'NONE', #1870, 1.749999999999998002 ) ;
#2426 = CARTESIAN_POINT ( 'NONE',  ( -2.700000000000000178, -4.499999999999995559, 33.79999999999999716 ) ) ;
#2427 = FACE_OUTER_BOUND ( 'NONE', #2360, .T. ) ;
#2428 = FACE_OUTER_BOUND ( 'NONE', #50, .T. ) ;
#2429 = DIRECTION ( 'NONE',  ( 0.7071067811865472397, -0.7071067811865479058, 0.000000000000000000 ) ) ;
#2430 = CARTESIAN_POINT ( 'NONE',  ( 0.000000000000000000, 25.50000000000000355, 45.00000000000000000 ) ) ;
#2431 = EDGE_CURVE ( 'NONE', #2057, #428, #3566, .T. ) ;
#2432 = CARTESIAN_POINT ( 'NONE',  ( 17.32500000000000284, -6.499999999999996447, 16.22500000000000497 ) ) ;
#2433 = VERTEX_POINT ( 'NONE', #917 ) ;
#2434 = ORIENTED_EDGE ( 'NONE', *, *, #1100, .F. ) ;
#2435 = EDGE_CURVE ( 'NONE', #1165, #2561, #2270, .T. ) ;
#2436 = CYLINDRICAL_SURFACE ( 'NONE', #2441, 37.50000000000000000 ) ;
#2437 = ADVANCED_FACE ( 'NONE', ( #3213 ), #2943, .T. ) ;
#2438 = DIRECTION ( 'NONE',  ( 0.6858894112076312499, 0.000000000000000000, 0.7277057891711793403 ) ) ;
#2439 = AXIS2_PLACEMENT_3D ( 'NONE', #439, #1559, #177 ) ;
#2440 = ORIENTED_EDGE ( 'NONE', *, *, #772, .T. ) ;
#2441 = AXIS2_PLACEMENT_3D ( 'NONE', #3593, #3311, #733 ) ;
#2442 = DIRECTION ( 'NONE',  ( -0.4694715627858886409, 0.000000000000000000, 0.8829475928589280986 ) ) ;
#2443 = ORIENTED_EDGE ( 'NONE', *, *, #875, .T. ) ;
#2444 = VERTEX_POINT ( 'NONE', #2583 ) ;
#2445 = CARTESIAN_POINT ( 'NONE',  ( 16.28124393624038291, 0.000000000000000000, -28.70402577842760294 ) ) ;
#2446 = LINE ( 'NONE', #2802, #3672 ) ;
#2447 = CARTESIAN_POINT ( 'NONE',  ( -25.00000000000000000, -6.499999999999995559, 41.99999999999999289 ) ) ;
#2448 = DIRECTION ( 'NONE',  ( -0.000000000000000000, -1.000000000000000000, -0.000000000000000000 ) ) ;
#2449 = DIRECTION ( 'NONE',  ( -0.5877852522924689183, 0.000000000000000000, 0.8090169943749505599 ) ) ;
#2450 = DIRECTION ( 'NONE',  ( 1.000000000000000000, -0.000000000000000000, 0.000000000000000000 ) ) ;
#2451 = CARTESIAN_POINT ( 'NONE',  ( -17.32499999999999929, -6.499999999999996447, 17.32500000000000284 ) ) ;
#2452 = ORIENTED_EDGE ( 'NONE', *, *, #1979, .T. ) ;
#2453 = CIRCLE ( 'NONE', #3421, 1.000000000000000888 ) ;
#2454 = VECTOR ( 'NONE', #1386, 1000.000000000000000 ) ;
#2455 = FACE_OUTER_BOUND ( 'NONE', #1381, .T. ) ;
#2456 = VERTEX_POINT ( 'NONE', #23 ) ;
#2457 = EDGE_CURVE ( 'NONE', #2756, #2979, #2027, .T. ) ;
#2458 = CARTESIAN_POINT ( 'NONE',  ( -19.00000000000000711, -2.999999999999981792, 41.99999999999999289 ) ) ;
#2459 = AXIS2_PLACEMENT_3D ( 'NONE', #536, #3646, #2200 ) ;
#2460 = EDGE_CURVE ( 'NONE', #2850, #2063, #1463, .T. ) ;
#2461 = CARTESIAN_POINT ( 'NONE',  ( -27.28896709391922570, -6.499999999999995559, 25.72085292028617687 ) ) ;
#2462 = VERTEX_POINT ( 'NONE', #616 ) ;
#2463 = AXIS2_PLACEMENT_3D ( 'NONE', #3430, #1993, #3293 ) ;
#2464 = ORIENTED_EDGE ( 'NONE', *, *, #2292, .T. ) ;
#2465 = VECTOR ( 'NONE', #1000, 1000.000000000000000 ) ;
#2466 = EDGE_CURVE ( 'NONE', #761, #1031, #921, .T. ) ;
#2467 = DIRECTION ( 'NONE',  ( 0.000000000000000000, 0.000000000000000000, -1.000000000000000000 ) ) ;
#2468 = DIRECTION ( 'NONE',  ( 0.000000000000000000, -1.000000000000000000, 0.000000000000000000 ) ) ;
#2469 = DIRECTION ( 'NONE',  ( 0.000000000000000000, 0.000000000000000000, 1.000000000000000000 ) ) ;
#2470 = FACE_OUTER_BOUND ( 'NONE', #950, .T. ) ;
#2471 = DIRECTION ( 'NONE',  ( 3.652049423109067235E-15, 0.000000000000000000, -1.000000000000000000 ) ) ;
#2472 = LINE ( 'NONE', #1203, #2710 ) ;
#2473 = PLANE ( 'NONE',  #204 ) ;
#2474 = CYLINDRICAL_SURFACE ( 'NONE', #3363, 2.299999999999999822 ) ;
#2475 = CARTESIAN_POINT ( 'NONE',  ( 18.99999999999999645, 41.49999999999999289, 41.61689692972434074 ) ) ;
#2476 = CARTESIAN_POINT ( 'NONE',  ( -19.49638748890391327, 41.36218900262763754, 39.60289323951456453 ) ) ;
#2477 = VERTEX_POINT ( 'NONE', #901 ) ;
#2478 = DIRECTION ( 'NONE',  ( -0.000000000000000000, 1.000000000000000000, -0.000000000000000000 ) ) ;
#2479 = FILL_AREA_STYLE_COLOUR ( '', #1677 ) ;
#2480 = DIRECTION ( 'NONE',  ( 0.000000000000000000, 0.000000000000000000, 1.000000000000000000 ) ) ;
#2481 = ORIENTED_EDGE ( 'NONE', *, *, #1329, .T. ) ;
#2482 = EDGE_CURVE ( 'NONE', #2250, #265, #978, .T. ) ;
#2483 = EDGE_LOOP ( 'NONE', ( #251, #3198, #1771, #688 ) ) ;
#2484 = ORIENTED_EDGE ( 'NONE', *, *, #2482, .T. ) ;
#2485 = EDGE_CURVE ( 'NONE', #2139, #596, #3040, .T. ) ;
#2486 = CARTESIAN_POINT ( 'NONE',  ( 197.4901151310308762, 10.00000000000000178, -37.50000000000000000 ) ) ;
#2487 = CARTESIAN_POINT ( 'NONE',  ( 0.000000000000000000, -4.499999999999996447, 0.000000000000000000 ) ) ;
#2488 = EDGE_CURVE ( 'NONE', #2574, #402, #472, .T. ) ;
#2489 = EDGE_CURVE ( 'NONE', #484, #2139, #2065, .T. ) ;
#2490 = CIRCLE ( 'NONE', #229, 2.299999999999999822 ) ;
#2491 = DIRECTION ( 'NONE',  ( 0.5877852522924797984, 0.000000000000000000, 0.8090169943749424553 ) ) ;
#2492 = CARTESIAN_POINT ( 'NONE',  ( 5.505144713175352985E-23, 29.10000000000000497, 37.50000000000000000 ) ) ;
#2493 = CARTESIAN_POINT ( 'NONE',  ( 3.483645302962409485, 24.56164977680499106, 37.33786814577990043 ) ) ;
#2494 = FACE_OUTER_BOUND ( 'NONE', #778, .T. ) ;
#2495 = CARTESIAN_POINT ( 'NONE',  ( -16.28124393624079858, 0.000000000000000000, -27.70402577842735781 ) ) ;
#2496 = ORIENTED_EDGE ( 'NONE', *, *, #3091, .F. ) ;
#2497 = DIRECTION ( 'NONE',  ( -0.000000000000000000, 1.000000000000000000, -0.000000000000000000 ) ) ;
#2498 = CARTESIAN_POINT ( 'NONE',  ( 17.32499999999999574, -3.499999999999996003, -17.32499999999999574 ) ) ;
#2499 = ORIENTED_EDGE ( 'NONE', *, *, #2133, .T. ) ;
#2500 = VERTEX_POINT ( 'NONE', #112 ) ;
#2501 = DIRECTION ( 'NONE',  ( -0.000000000000000000, 1.000000000000000000, -0.000000000000000000 ) ) ;
#2502 = ORIENTED_EDGE ( 'NONE', *, *, #63, .T. ) ;
#2503 = ORIENTED_EDGE ( 'NONE', *, *, #895, .T. ) ;
#2504 = VECTOR ( 'NONE', #1576, 1000.000000000000000 ) ;
#2505 = CARTESIAN_POINT ( 'NONE',  ( 0.000000000000000000, -4.499999999999995559, 33.79999999999999716 ) ) ;
#2506 = CARTESIAN_POINT ( 'NONE',  ( -17.32499999999999929, -13.00538238691623150, 17.32500000000000284 ) ) ;
#2507 = DIRECTION ( 'NONE',  ( 0.000000000000000000, 0.000000000000000000, 1.000000000000000000 ) ) ;
#2508 = DIRECTION ( 'NONE',  ( 0.000000000000000000, -0.000000000000000000, -1.000000000000000000 ) ) ;
#2509 = ADVANCED_FACE ( 'NONE', ( #430 ), #1267, .F. ) ;
#2510 = DIRECTION ( 'NONE',  ( -0.8829475928589280986, 0.000000000000000000, -0.4694715627858886409 ) ) ;
#2511 = CARTESIAN_POINT ( 'NONE',  ( 19.86714152748543682, -4.499999999999995559, -25.59477440987333807 ) ) ;
#2512 = VERTEX_POINT ( 'NONE', #1571 ) ;
#2513 = VERTEX_POINT ( 'NONE', #3523 ) ;
#2514 = CARTESIAN_POINT ( 'NONE',  ( 27.98575377910177409, 11.98060003643677440, -25.00693806437392652 ) ) ;
#2515 = CARTESIAN_POINT ( 'NONE',  ( -27.94148957274458311, 11.96327420094631400, -25.05789755544635256 ) ) ;
#2516 = ORIENTED_EDGE ( 'NONE', *, *, #2982, .T. ) ;
#2517 = VERTEX_POINT ( 'NONE', #1010 ) ;
#2518 = CARTESIAN_POINT ( 'NONE',  ( -27.68597337697585559, -4.499999999999995559, 17.77883230612698284 ) ) ;
#2519 = CIRCLE ( 'NONE', #3305, 2.700000000000001066 ) ;
#2520 = ORIENTED_EDGE ( 'NONE', *, *, #3570, .T. ) ;
#2521 = ORIENTED_EDGE ( 'NONE', *, *, #341, .T. ) ;
#2522 = CIRCLE ( 'NONE', #1433, 1.749999999999998002 ) ;
#2523 = AXIS2_PLACEMENT_3D ( 'NONE', #476, #1314, #2507 ) ;
#2524 = DIRECTION ( 'NONE',  ( 0.000000000000000000, -1.000000000000000000, 0.000000000000000000 ) ) ;
#2525 = DIRECTION ( 'NONE',  ( -0.000000000000000000, 1.000000000000000000, -0.000000000000000000 ) ) ;
#2526 = FACE_OUTER_BOUND ( 'NONE', #3581, .T. ) ;
#2527 = AXIS2_PLACEMENT_3D ( 'NONE', #903, #2307, #367 ) ;
#2528 = AXIS2_PLACEMENT_3D ( 'NONE', #2498, #3651, #1361 ) ;
#2529 = DIRECTION ( 'NONE',  ( -0.000000000000000000, 1.000000000000000000, -0.000000000000000000 ) ) ;
#2530 = CARTESIAN_POINT ( 'NONE',  ( 28.57605541910986702, -6.499999999999995559, 18.25209732288214326 ) ) ;
#2531 = CARTESIAN_POINT ( 'NONE',  ( 2.710718377127269818, 23.11944539162891132, 37.40226821688463588 ) ) ;
#2532 = EDGE_CURVE ( 'NONE', #3420, #2793, #3042, .T. ) ;
#2533 = PLANE ( 'NONE',  #3391 ) ;
#2534 = DIRECTION ( 'NONE',  ( 0.000000000000000000, 0.000000000000000000, -1.000000000000000000 ) ) ;
#2535 = ORIENTED_EDGE ( 'NONE', *, *, #3436, .T. ) ;
#2536 = EDGE_CURVE ( 'NONE', #166, #232, #172, .T. ) ;
#2537 = LINE ( 'NONE', #1712, #755 ) ;
#2538 = AXIS2_PLACEMENT_3D ( 'NONE', #806, #1942, #1090 ) ;
#2539 = EDGE_CURVE ( 'NONE', #1103, #595, #2551, .T. ) ;
#2540 = FACE_OUTER_BOUND ( 'NONE', #3537, .T. ) ;
#2541 = ORIENTED_EDGE ( 'NONE', *, *, #613, .F. ) ;
#2542 = EDGE_LOOP ( 'NONE', ( #1586, #513, #2808, #1644 ) ) ;
#2543 = CARTESIAN_POINT ( 'NONE',  ( 17.32500000000000284, 0.000000000000000000, 16.22500000000000497 ) ) ;
#2544 = ORIENTED_EDGE ( 'NONE', *, *, #89, .T. ) ;
#2545 = CYLINDRICAL_SURFACE ( 'NONE', #2099, 27.19999999999999929 ) ;
#2546 = CARTESIAN_POINT ( 'NONE',  ( 19.86714152748543682, 0.000000000000000000, -27.34477440987333452 ) ) ;
#2547 = ORIENTED_EDGE ( 'NONE', *, *, #2604, .F. ) ;
#2548 = DIRECTION ( 'NONE',  ( -0.000000000000000000, 1.000000000000000000, -0.000000000000000000 ) ) ;
#2549 = CARTESIAN_POINT ( 'NONE',  ( -27.28896709391923281, -6.499999999999995559, 25.72085292028616621 ) ) ;
#2550 = VERTEX_POINT ( 'NONE', #152 ) ;
#2551 = CIRCLE ( 'NONE', #352, 1.000000000000000888 ) ;
#2552 = DIRECTION ( 'NONE',  ( 0.000000000000000000, 0.000000000000000000, 1.000000000000000000 ) ) ;
#2553 = CARTESIAN_POINT ( 'NONE',  ( 3.600000000000000089, 9.500000000000003553, 37.32680002357555082 ) ) ;
#2554 = ADVANCED_FACE ( 'NONE', ( #2679 ), #3257, .F. ) ;
#2555 = LINE ( 'NONE', #30, #849 ) ;
#2556 = ORIENTED_EDGE ( 'NONE', *, *, #344, .T. ) ;
#2557 = ORIENTED_EDGE ( 'NONE', *, *, #2358, .T. ) ;
#2558 = EDGE_CURVE ( 'NONE', #444, #3673, #3231, .T. ) ;
#2559 = EDGE_CURVE ( 'NONE', #2097, #1714, #1641, .T. ) ;
#2560 = ORIENTED_EDGE ( 'NONE', *, *, #1764, .F. ) ;
#2561 = VERTEX_POINT ( 'NONE', #2738 ) ;
#2562 = LINE ( 'NONE', #1155, #1852 ) ;
#2563 = B_SPLINE_CURVE_WITH_KNOTS ( 'NONE', 3,
 ( #1985, #1360, #3142, #2514, #3669, #1963, #3454, #351, #1467, #2620, #871, #60, #2929, #634, #2895, #1174, #2608, #2327, #1483, #2640, #42, #3509, #3300, #1233 ),
 .UNSPECIFIED., .F., .F.,
 ( 4, 2, 2, 2, 2, 2, 2, 2, 2, 2, 2, 4 ),
 ( 2.281672496420497865E-17, 0.004723412083474387742, 0.009446824166948752932, 0.01180853020868593770, 0.01417023625042312593, 0.01889364833389750239, 0.02125535437563469063, 0.02361706041737187192, 0.02834047250084626227, 0.03306388458432064220, 0.03542559062605783043, 0.03778729666779502561 ),
 .UNSPECIFIED. ) ;
#2564 = CIRCLE ( 'NONE', #932, 2.700000000000001066 ) ;
#2565 = CARTESIAN_POINT ( 'NONE',  ( 1.596132953496582685, 6.264570299425066047, 37.46665069013495497 ) ) ;
#2566 = DIRECTION ( 'NONE',  ( -1.000000000000000000, 0.000000000000000000, 0.000000000000000000 ) ) ;
#2567 = CIRCLE ( 'NONE', #1001, 32.00000000000000000 ) ;
#2568 = CARTESIAN_POINT ( 'NONE',  ( -28.50297370953129672, 10.80235473063611096, -29.49242700787608840 ) ) ;
#2569 = DIRECTION ( 'NONE',  ( 0.000000000000000000, 0.000000000000000000, -1.000000000000000000 ) ) ;
#2570 = DIRECTION ( 'NONE',  ( -0.6858894112076323601, 0.000000000000000000, 0.7277057891711782300 ) ) ;
#2571 = ORIENTED_EDGE ( 'NONE', *, *, #3265, .T. ) ;
#2572 = CARTESIAN_POINT ( 'NONE',  ( 17.32499999999999574, 0.000000000000000000, -17.32499999999999574 ) ) ;
#2573 = LINE ( 'NONE', #13, #142 ) ;
#2574 = VERTEX_POINT ( 'NONE', #1802 ) ;
#2575 = EDGE_LOOP ( 'NONE', ( #1717, #3708, #75, #800 ) ) ;
#2576 = CARTESIAN_POINT ( 'NONE',  ( 0.000000000000000000, -6.499999999999995559, 0.000000000000000000 ) ) ;
#2577 = EDGE_CURVE ( 'NONE', #2063, #2850, #1404, .T. ) ;
#2578 = ORIENTED_EDGE ( 'NONE', *, *, #1851, .T. ) ;
#2579 = ORIENTED_EDGE ( 'NONE', *, *, #2466, .F. ) ;
#2580 = EDGE_CURVE ( 'NONE', #2302, #779, #2404, .T. ) ;
#2581 = VECTOR ( 'NONE', #1889, 1000.000000000000000 ) ;
#2582 = DIRECTION ( 'NONE',  ( 0.000000000000000000, 0.000000000000000000, -1.000000000000000000 ) ) ;
#2583 = CARTESIAN_POINT ( 'NONE',  ( -17.32499999999999929, -6.499999999999996447, 18.42500000000000071 ) ) ;
#2584 = VECTOR ( 'NONE', #569, 1000.000000000000000 ) ;
#2585 = VECTOR ( 'NONE', #3649, 1000.000000000000000 ) ;
#2586 = DIRECTION ( 'NONE',  ( -0.000000000000000000, 1.000000000000000000, -0.000000000000000000 ) ) ;
#2587 = CARTESIAN_POINT ( 'NONE',  ( 3.331039293680800447E-15, 0.000000000000000000, -27.19999999999999929 ) ) ;
#2588 = AXIS2_PLACEMENT_3D ( 'NONE', #292, #3398, #786 ) ;
#2589 = CIRCLE ( 'NONE', #1438, 9.500000000000008882 ) ;
#2590 = FACE_OUTER_BOUND ( 'NONE', #2629, .T. ) ;
#2591 = CARTESIAN_POINT ( 'NONE',  ( -17.32499999999999929, 0.000000000000000000, -19.62499999999999645 ) ) ;
#2592 = ORIENTED_EDGE ( 'NONE', *, *, #2004, .T. ) ;
#2593 = CARTESIAN_POINT ( 'NONE',  ( 31.11120185815366312, -6.499999999999995559, 13.48418032144392953 ) ) ;
#2594 = CARTESIAN_POINT ( 'NONE',  ( 19.00000000000000000, 41.50000000000000000, 41.99999999999999289 ) ) ;
#2595 = ORIENTED_EDGE ( 'NONE', *, *, #2797, .T. ) ;
#2596 = ORIENTED_EDGE ( 'NONE', *, *, #2460, .F. ) ;
#2597 = UNCERTAINTY_MEASURE_WITH_UNIT (LENGTH_MEASURE( 1.000000000000000082E-05 ), #3279, 'distance_accuracy_value', 'NONE');
#2598 = FACE_OUTER_BOUND ( 'NONE', #1701, .T. ) ;
#2599 = PLANE ( 'NONE',  #2815 ) ;
#2600 = AXIS2_PLACEMENT_3D ( 'NONE', #386, #1524, #2705 ) ;
#2601 = ORIENTED_EDGE ( 'NONE', *, *, #3620, .T. ) ;
#2602 = VERTEX_POINT ( 'NONE', #3539 ) ;
#2603 = DIRECTION ( 'NONE',  ( 0.000000000000000000, 0.000000000000000000, 1.000000000000000000 ) ) ;
#2604 = EDGE_CURVE ( 'NONE', #760, #1678, #3020, .T. ) ;
#2605 = DIRECTION ( 'NONE',  ( -0.000000000000000000, 1.000000000000000000, -0.000000000000000000 ) ) ;
#2606 = FACE_OUTER_BOUND ( 'NONE', #2711, .T. ) ;
#2607 = EDGE_CURVE ( 'NONE', #1686, #2905, #3259, .T. ) ;
#2608 = CARTESIAN_POINT ( 'NONE',  ( 10.93598644290270983, 10.02986524597979567, -35.90464288472161059 ) ) ;
#2609 = LINE ( 'NONE', #2328, #319 ) ;
#2610 = CARTESIAN_POINT ( 'NONE',  ( -19.86714152748583118, -4.499999999999995559, -29.09477440987304320 ) ) ;
#2611 = DIRECTION ( 'NONE',  ( 0.000000000000000000, 0.000000000000000000, -1.000000000000000000 ) ) ;
#2612 = DIRECTION ( 'NONE',  ( 0.000000000000000000, 0.000000000000000000, 1.000000000000000000 ) ) ;
#2613 = AXIS2_PLACEMENT_3D ( 'NONE', #3580, #1548, #401 ) ;
#2614 = ORIENTED_EDGE ( 'NONE', *, *, #3526, .F. ) ;
#2615 = ORIENTED_EDGE ( 'NONE', *, *, #3268, .F. ) ;
#2616 = LINE ( 'NONE', #1494, #1110 ) ;
#2617 = ORIENTED_EDGE ( 'NONE', *, *, #2577, .F. ) ;
#2618 = ORIENTED_EDGE ( 'NONE', *, *, #770, .T. ) ;
#2619 = CARTESIAN_POINT ( 'NONE',  ( -2.700000000000000178, -4.499999999999995559, 33.79999999999999716 ) ) ;
#2620 = CARTESIAN_POINT ( 'NONE',  ( 20.91808335872524083, 10.49377092459606864, -31.16337866602303208 ) ) ;
#2621 = CARTESIAN_POINT ( 'NONE',  ( -27.28896709391923281, -6.499999999999995559, 25.72085292028616621 ) ) ;
#2622 = CIRCLE ( 'NONE', #2076, 1.100000000000000311 ) ;
#2623 = EDGE_CURVE ( 'NONE', #595, #3038, #2537, .T. ) ;
#2624 = DIRECTION ( 'NONE',  ( 0.000000000000000000, 0.000000000000000000, 1.000000000000000000 ) ) ;
#2625 = LINE ( 'NONE', #1237, #406 ) ;
#2626 = CARTESIAN_POINT ( 'NONE',  ( 0.000000000000000000, 0.3218369713915980590, -38.00344890858252711 ) ) ;
#2627 = EDGE_CURVE ( 'NONE', #797, #2574, #3577, .T. ) ;
#2628 = ORIENTED_EDGE ( 'NONE', *, *, #1072, .F. ) ;
#2629 = EDGE_LOOP ( 'NONE', ( #528, #2503, #1403, #523, #798 ) ) ;
#2630 = CYLINDRICAL_SURFACE ( 'NONE', #2779, 1.000000000000000888 ) ;
#2631 = DIRECTION ( 'NONE',  ( 0.000000000000000000, 0.000000000000000000, -1.000000000000000000 ) ) ;
#2632 = CARTESIAN_POINT ( 'NONE',  ( -17.32499999999999929, -3.499999999999996003, 17.32500000000000284 ) ) ;
#2633 = CARTESIAN_POINT ( 'NONE',  ( -15.36381188118479280, 10.12840891790921916, -34.24446153751355126 ) ) ;
#2634 = ORIENTED_EDGE ( 'NONE', *, *, #3431, .F. ) ;
#2635 = EDGE_LOOP ( 'NONE', ( #3678, #586, #1948, #109 ) ) ;
#2636 = PLANE ( 'NONE',  #268 ) ;
#2637 = DIRECTION ( 'NONE',  ( -0.000000000000000000, 1.000000000000000000, -0.000000000000000000 ) ) ;
#2638 = AXIS2_PLACEMENT_3D ( 'NONE', #1383, #2019, #2003 ) ;
#2639 = DIRECTION ( 'NONE',  ( -0.000000000000000000, 1.000000000000000000, -0.000000000000000000 ) ) ;
#2640 = CARTESIAN_POINT ( 'NONE',  ( 3.956167562229213619, 10.00037657229023225, -37.29924707485752577 ) ) ;
#2641 = DIRECTION ( 'NONE',  ( -0.000000000000000000, 1.000000000000000000, -0.000000000000000000 ) ) ;
#2642 = VECTOR ( 'NONE', #3510, 1000.000000000000000 ) ;
#2643 = ORIENTED_EDGE ( 'NONE', *, *, #3388, .T. ) ;
#2644 = DIRECTION ( 'NONE',  ( -0.000000000000000000, 1.000000000000000000, -0.000000000000000000 ) ) ;
#2645 = AXIS2_PLACEMENT_3D ( 'NONE', #1106, #549, #566 ) ;
#2646 = VECTOR ( 'NONE', #1940, 999.9999999999998863 ) ;
#2647 = VECTOR ( 'NONE', #340, 1000.000000000000000 ) ;
#2648 = CARTESIAN_POINT ( 'NONE',  ( 5.505065827084830884E-23, 13.10000000000000320, 37.50000000000000000 ) ) ;
#2649 = CIRCLE ( 'NONE', #1796, 32.00000000000000000 ) ;
#2650 = EDGE_CURVE ( 'NONE', #2918, #1821, #2880, .T. ) ;
#2651 = ORIENTED_EDGE ( 'NONE', *, *, #3160, .T. ) ;
#2652 = ORIENTED_EDGE ( 'NONE', *, *, #63, .F. ) ;
#2653 = DIRECTION ( 'NONE',  ( 0.000000000000000000, -1.000000000000000000, -0.000000000000000000 ) ) ;
#2654 = CARTESIAN_POINT ( 'NONE',  ( -1.803907285698044483, 22.37569405599986894, 37.45709965777903960 ) ) ;
#2655 = VERTEX_POINT ( 'NONE', #2002 ) ;
#2656 = ORIENTED_EDGE ( 'NONE', *, *, #2048, .F. ) ;
#2657 = CARTESIAN_POINT ( 'NONE',  ( -17.32499999999999929, -13.00538238691623150, -17.32499999999999574 ) ) ;
#2658 = AXIS2_PLACEMENT_3D ( 'NONE', #2546, #2605, #58 ) ;
#2659 = ORIENTED_EDGE ( 'NONE', *, *, #2046, .T. ) ;
#2660 = AXIS2_PLACEMENT_3D ( 'NONE', #3583, #1195, #1501 ) ;
#2661 = LINE ( 'NONE', #2426, #3483 ) ;
#2662 = CARTESIAN_POINT ( 'NONE',  ( -0.9352041849212832103, 28.98436553872056365, 37.48904774536563167 ) ) ;
#2663 = CARTESIAN_POINT ( 'NONE',  ( 19.00000000000000000, 41.50000000000000000, 45.00000000000000000 ) ) ;
#2664 = CARTESIAN_POINT ( 'NONE',  ( -3.124545791775623638, 7.696308900736319458, 37.36983604262801606 ) ) ;
#2665 = CARTESIAN_POINT ( 'NONE',  ( -16.28124393624079858, -6.499999999999995559, -28.70402577842735781 ) ) ;
#2666 = ORIENTED_EDGE ( 'NONE', *, *, #302, .F. ) ;
#2667 = CYLINDRICAL_SURFACE ( 'NONE', #3266, 3.599999999999999645 ) ;
#2668 = ORIENTED_EDGE ( 'NONE', *, *, #859, .F. ) ;
#2669 = CIRCLE ( 'NONE', #3153, 1.749999999999998002 ) ;
#2670 = DIRECTION ( 'NONE',  ( -0.000000000000000000, 1.000000000000000000, -0.000000000000000000 ) ) ;
#2671 = EDGE_CURVE ( 'NONE', #2402, #3518, #2862, .T. ) ;
#2672 = VECTOR ( 'NONE', #885, 1000.000000000000000 ) ;
#2673 = DIRECTION ( 'NONE',  ( -0.000000000000000000, -1.000000000000000000, -0.000000000000000000 ) ) ;
#2674 = ADVANCED_FACE ( 'NONE', ( #2018 ), #3143, .T. ) ;
#2675 = ORIENTED_EDGE ( 'NONE', *, *, #1649, .F. ) ;
#2676 = VERTEX_POINT ( 'NONE', #3418 ) ;
#2677 = ADVANCED_FACE ( 'NONE', ( #1397 ), #1680, .F. ) ;
#2678 = VECTOR ( 'NONE', #96, 1000.000000000000000 ) ;
#2679 = FACE_OUTER_BOUND ( 'NONE', #1346, .T. ) ;
#2680 = ORIENTED_EDGE ( 'NONE', *, *, #3316, .F. ) ;
#2681 = DIRECTION ( 'NONE',  ( -0.8829475928589280986, 0.000000000000000000, 0.4694715627858886409 ) ) ;
#2682 = DIRECTION ( 'NONE',  ( 0.000000000000000000, 0.000000000000000000, -1.000000000000000000 ) ) ;
#2683 = FACE_OUTER_BOUND ( 'NONE', #2999, .T. ) ;
#2684 = CARTESIAN_POINT ( 'NONE',  ( 0.2350144737666127748, 13.10000000000000497, 37.50000000000001421 ) ) ;
#2685 = DIRECTION ( 'NONE',  ( 0.8090169943749422332, 0.000000000000000000, -0.5877852522924802425 ) ) ;
#2686 = DIRECTION ( 'NONE',  ( -0.000000000000000000, 1.000000000000000000, -0.000000000000000000 ) ) ;
#2687 = DIRECTION ( 'NONE',  ( 0.000000000000000000, -0.9578262852211508749, -0.2873478855663468279 ) ) ;
#2688 = CARTESIAN_POINT ( 'NONE',  ( 17.32499999999999574, -3.499999999999995115, -17.32499999999999574 ) ) ;
#2689 = DIRECTION ( 'NONE',  ( -0.000000000000000000, 1.000000000000000000, -0.000000000000000000 ) ) ;
#2690 = EDGE_LOOP ( 'NONE', ( #2247, #452, #3401, #3232, #1362, #3313, #1082, #3695 ) ) ;
#2691 = CIRCLE ( 'NONE', #1832, 1.000000000000000888 ) ;
#2692 = CARTESIAN_POINT ( 'NONE',  ( -0.2379263872939631208, 21.90000000000000924, 37.50000000000000000 ) ) ;
#2693 = AXIS2_PLACEMENT_3D ( 'NONE', #3035, #446, #2733 ) ;
#2694 = CARTESIAN_POINT ( 'NONE',  ( -12.43869129421295128, 10.05025021805719021, -35.41198695924799722 ) ) ;
#2695 = ORIENTED_EDGE ( 'NONE', *, *, #2295, .T. ) ;
#2696 = ORIENTED_EDGE ( 'NONE', *, *, #2699, .T. ) ;
#2697 = EDGE_CURVE ( 'NONE', #2513, #3180, #759, .T. ) ;
#2698 = DIRECTION ( 'NONE',  ( 0.000000000000000000, 0.000000000000000000, 1.000000000000000000 ) ) ;
#2699 = EDGE_CURVE ( 'NONE', #227, #3089, #1154, .T. ) ;
#2700 = VERTEX_POINT ( 'NONE', #2757 ) ;
#2701 = EDGE_CURVE ( 'NONE', #2700, #3623, #1728, .T. ) ;
#2702 = CARTESIAN_POINT ( 'NONE',  ( 0.000000000000000000, -2.999999999999985345, 0.000000000000000000 ) ) ;
#2703 = CARTESIAN_POINT ( 'NONE',  ( 3.892329232331585231, 40.96364387417104780, 37.30554042983614238 ) ) ;
#2704 = CARTESIAN_POINT ( 'NONE',  ( 0.4687698734973819725, 13.07720923413224234, 37.49779078234851681 ) ) ;
#2705 = DIRECTION ( 'NONE',  ( 0.000000000000000000, 0.000000000000000000, -1.000000000000000000 ) ) ;
#2706 = CARTESIAN_POINT ( 'NONE',  ( -19.86714152748583118, 0.000000000000000000, -27.34477440987304320 ) ) ;
#2707 = VECTOR ( 'NONE', #2146, 1000.000000000000000 ) ;
#2708 = CARTESIAN_POINT ( 'NONE',  ( -1.595518986709964615, 12.73573336674623491, 37.46667700449314964 ) ) ;
#2709 = DIRECTION ( 'NONE',  ( 0.000000000000000000, 0.000000000000000000, 1.000000000000000000 ) ) ;
#2710 = VECTOR ( 'NONE', #3049, 1000.000000000000000 ) ;
#2711 = EDGE_LOOP ( 'NONE', ( #984, #883, #3287, #910 ) ) ;
#2712 = VERTEX_POINT ( 'NONE', #2593 ) ;
#2713 = PRODUCT_DEFINITION_CONTEXT ( 'detailed design', #1803, 'design' ) ;
#2714 = ORIENTED_EDGE ( 'NONE', *, *, #1096, .F. ) ;
#2715 = DIRECTION ( 'NONE',  ( -3.469446951953611033E-15, 0.000000000000000000, -1.000000000000000000 ) ) ;
#2716 = ORIENTED_EDGE ( 'NONE', *, *, #1886, .F. ) ;
#2717 = ORIENTED_EDGE ( 'NONE', *, *, #1579, .F. ) ;
#2718 = CARTESIAN_POINT ( 'NONE',  ( -3.599999999999999645, 25.50000000000000355, 45.00000000000000000 ) ) ;
#2719 = DIRECTION ( 'NONE',  ( 0.000000000000000000, 0.000000000000000000, 1.000000000000000000 ) ) ;
#2720 = CIRCLE ( 'NONE', #967, 3.600000000000000089 ) ;
#2721 = CARTESIAN_POINT ( 'NONE',  ( 1.594169900732826717, 12.73629747283781022, 37.46672700195475159 ) ) ;
#2722 = EDGE_CURVE ( 'NONE', #1932, #69, #1897, .T. ) ;
#2723 = LINE ( 'NONE', #2804, #1448 ) ;
#2724 = ADVANCED_FACE ( 'NONE', ( #1607 ), #2827, .F. ) ;
#2725 = VECTOR ( 'NONE', #2345, 1000.000000000000000 ) ;
#2726 = ADVANCED_FACE ( 'NONE', ( #555 ), #12, .F. ) ;
#2727 = SURFACE_STYLE_USAGE ( .BOTH. , #794 ) ;
#2728 = CARTESIAN_POINT ( 'NONE',  ( 15.49999999999999289, -6.499999999999995559, 41.99999999999999289 ) ) ;
#2729 = FACE_OUTER_BOUND ( 'NONE', #1757, .T. ) ;
#2730 = FACE_OUTER_BOUND ( 'NONE', #1695, .T. ) ;
#2731 = ORIENTED_EDGE ( 'NONE', *, *, #3342, .F. ) ;
#2732 = EDGE_LOOP ( 'NONE', ( #1164, #110, #1184, #2177, #2025, #1733, #1190, #2845, #2001 ) ) ;
#2733 = DIRECTION ( 'NONE',  ( 0.000000000000000000, 0.000000000000000000, -1.000000000000000000 ) ) ;
#2734 = CARTESIAN_POINT ( 'NONE',  ( 3.331039293680800447E-15, -4.499999999999995559, -27.19999999999999929 ) ) ;
#2735 = ORIENTED_EDGE ( 'NONE', *, *, #278, .T. ) ;
#2736 = ORIENTED_EDGE ( 'NONE', *, *, #1596, .T. ) ;
#2737 = DIRECTION ( 'NONE',  ( -0.000000000000000000, 1.000000000000000000, -0.000000000000000000 ) ) ;
#2738 = CARTESIAN_POINT ( 'NONE',  ( -15.49999999999999822, -6.499999999999995559, 41.99999999999999289 ) ) ;
#2739 = ORIENTED_EDGE ( 'NONE', *, *, #2539, .T. ) ;
#2740 = VECTOR ( 'NONE', #331, 1000.000000000000000 ) ;
#2741 = CARTESIAN_POINT ( 'NONE',  ( 7.721799897653256473, 40.82489059007180998, 36.72862858305977340 ) ) ;
#2742 = DIRECTION ( 'NONE',  ( 0.000000000000000000, 0.000000000000000000, -1.000000000000000000 ) ) ;
#2743 = DIRECTION ( 'NONE',  ( -0.5877852522924802425, 0.000000000000000000, -0.8090169943749422332 ) ) ;
#2744 = DIRECTION ( 'NONE',  ( -0.000000000000000000, 1.000000000000000000, -0.000000000000000000 ) ) ;
#2745 = CARTESIAN_POINT ( 'NONE',  ( 29.83593735601835206, 37.11238433989129248, 28.12146585951288102 ) ) ;
#2746 = EDGE_CURVE ( 'NONE', #3072, #1475, #296, .T. ) ;
#2747 = FACE_OUTER_BOUND ( 'NONE', #151, .T. ) ;
#2748 = EDGE_LOOP ( 'NONE', ( #643, #1461 ) ) ;
#2749 = LINE ( 'NONE', #1790, #2855 ) ;
#2750 = CARTESIAN_POINT ( 'NONE',  ( 35.67810946079799805, 13.93425673164863632, -20.20080457069264313 ) ) ;
#2751 = VERTEX_POINT ( 'NONE', #279 ) ;
#2752 = DIRECTION ( 'NONE',  ( 0.000000000000000000, 0.000000000000000000, -1.000000000000000000 ) ) ;
#2753 = CARTESIAN_POINT ( 'NONE',  ( -28.57605541910986702, -4.499999999999995559, 18.25209732288214326 ) ) ;
#2754 = VECTOR ( 'NONE', #2078, 1000.000000000000000 ) ;
#2755 = ORIENTED_EDGE ( 'NONE', *, *, #2314, .T. ) ;
#2756 = VERTEX_POINT ( 'NONE', #2553 ) ;
#2757 = CARTESIAN_POINT ( 'NONE',  ( 17.80583389405907013, 39.45387863972694475, 33.00306469613355631 ) ) ;
#2758 = ORIENTED_EDGE ( 'NONE', *, *, #463, .F. ) ;
#2759 = VERTEX_POINT ( 'NONE', #2333 ) ;
#2760 = DIRECTION ( 'NONE',  ( 0.000000000000000000, -1.000000000000000000, 0.000000000000000000 ) ) ;
#2761 = CARTESIAN_POINT ( 'NONE',  ( 10.70534342676899087, 40.61150473723649412, 35.97240572114528590 ) ) ;
#2762 = CARTESIAN_POINT ( 'NONE',  ( -29.84362863863176685, 4.983751639017303781, 15.86813882216303639 ) ) ;
#2763 = CARTESIAN_POINT ( 'NONE',  ( -29.84362863863176685, 4.286263797015747072E-17, 15.86813882216303639 ) ) ;
#2764 = CARTESIAN_POINT ( 'NONE',  ( -19.00000000000000000, -2.999999999999981792, 45.00000000000000000 ) ) ;
#2765 = DIRECTION ( 'NONE',  ( 0.000000000000000000, 0.000000000000000000, -1.000000000000000000 ) ) ;
#2766 = DIRECTION ( 'NONE',  ( -0.000000000000000000, 1.000000000000000000, -0.000000000000000000 ) ) ;
#2767 = CARTESIAN_POINT ( 'NONE',  ( 19.29337262574282619, 41.41722737003308907, 40.13710919285723122 ) ) ;
#2768 = ORIENTED_EDGE ( 'NONE', *, *, #611, .F. ) ;
#2769 = ORIENTED_EDGE ( 'NONE', *, *, #457, .T. ) ;
#2770 = VECTOR ( 'NONE', #1810, 1000.000000000000000 ) ;
#2771 = LINE ( 'NONE', #486, #1229 ) ;
#2772 = EDGE_CURVE ( 'NONE', #3072, #269, #1507, .T. ) ;
#2773 = AXIS2_PLACEMENT_3D ( 'NONE', #2311, #2644, #2015 ) ;
#2774 = AXIS2_PLACEMENT_3D ( 'NONE', #872, #2858, #27 ) ;
#2775 = CARTESIAN_POINT ( 'NONE',  ( 17.32500000000000284, 0.000000000000000000, 18.42499999999999716 ) ) ;
#2776 = ORIENTED_EDGE ( 'NONE', *, *, #2558, .T. ) ;
#2777 = ADVANCED_FACE ( 'NONE', ( #1729 ), #652, .F. ) ;
#2778 = CARTESIAN_POINT ( 'NONE',  ( 22.26796969461501163, -6.499999999999995559, -24.35441491146332993 ) ) ;
#2779 = AXIS2_PLACEMENT_3D ( 'NONE', #1862, #1577, #70 ) ;
#2780 = VECTOR ( 'NONE', #1398, 1000.000000000000114 ) ;
#2781 = ORIENTED_EDGE ( 'NONE', *, *, #767, .F. ) ;
#2782 = VECTOR ( 'NONE', #3505, 1000.000000000000000 ) ;
#2783 = ORIENTED_EDGE ( 'NONE', *, *, #3157, .T. ) ;
#2784 = CIRCLE ( 'NONE', #1134, 3.599999999999999645 ) ;
#2785 = DIRECTION ( 'NONE',  ( -0.000000000000000000, 1.000000000000000000, -0.000000000000000000 ) ) ;
#2786 = FACE_OUTER_BOUND ( 'NONE', #3361, .T. ) ;
#2787 = AXIS2_PLACEMENT_3D ( 'NONE', #1904, #2529, #3340 ) ;
#2788 = CARTESIAN_POINT ( 'NONE',  ( 17.32499999999999574, -13.00538238691623150, -17.32499999999999574 ) ) ;
#2789 = DIRECTION ( 'NONE',  ( 0.000000000000000000, 0.000000000000000000, -1.000000000000000000 ) ) ;
#2790 = CARTESIAN_POINT ( 'NONE',  ( 197.4901151310308762, 9.999999999999994671, -37.50000000000000711 ) ) ;
#2791 = AXIS2_PLACEMENT_3D ( 'NONE', #3548, #3240, #1273 ) ;
#2792 = DIRECTION ( 'NONE',  ( -0.000000000000000000, 1.000000000000000000, -0.000000000000000000 ) ) ;
#2793 = VERTEX_POINT ( 'NONE', #2313 ) ;
#2794 = CARTESIAN_POINT ( 'NONE',  ( 25.00000000000000000, -6.499999999999995559, 41.99999999999999289 ) ) ;
#2795 = EDGE_LOOP ( 'NONE', ( #2959, #2668, #826, #1169 ) ) ;
#2796 = DIRECTION ( 'NONE',  ( 0.000000000000000000, 0.000000000000000000, 1.000000000000000000 ) ) ;
#2797 = EDGE_CURVE ( 'NONE', #53, #2550, #2822, .T. ) ;
#2798 = ORIENTED_EDGE ( 'NONE', *, *, #2412, .T. ) ;
#2799 = ORIENTED_EDGE ( 'NONE', *, *, #2044, .F. ) ;
#2800 = CYLINDRICAL_SURFACE ( 'NONE', #1053, 32.00000000000000000 ) ;
#2801 = DIRECTION ( 'NONE',  ( -0.000000000000000000, -0.000000000000000000, 1.000000000000000000 ) ) ;
#2802 = CARTESIAN_POINT ( 'NONE',  ( 20.69680037121344540, 41.76329435192230477, 37.81778538741078677 ) ) ;
#2803 = AXIS2_PLACEMENT_3D ( 'NONE', #314, #3619, #262 ) ;
#2804 = CARTESIAN_POINT ( 'NONE',  ( -27.68597337697585559, -6.499999999999995559, 17.77883230612698284 ) ) ;
#2805 = DIRECTION ( 'NONE',  ( 0.000000000000000000, -1.000000000000000000, 0.000000000000000000 ) ) ;
#2806 = CARTESIAN_POINT ( 'NONE',  ( 19.14288634318871019, 41.45921183768354012, 40.68479205217981587 ) ) ;
#2807 = DIRECTION ( 'NONE',  ( 0.000000000000000000, 0.000000000000000000, -1.000000000000000000 ) ) ;
#2808 = ORIENTED_EDGE ( 'NONE', *, *, #1762, .T. ) ;
#2809 = CARTESIAN_POINT ( 'NONE',  ( -17.32499999999999929, -6.499999999999996447, -18.42499999999999361 ) ) ;
#2810 = ORIENTED_EDGE ( 'NONE', *, *, #3268, .T. ) ;
#2811 = EDGE_LOOP ( 'NONE', ( #94, #562, #3078, #1440 ) ) ;
#2812 = DIRECTION ( 'NONE',  ( 0.000000000000000000, 0.000000000000000000, -1.000000000000000000 ) ) ;
#2813 = DIRECTION ( 'NONE',  ( 0.000000000000000000, -0.000000000000000000, -1.000000000000000000 ) ) ;
#2814 = DIRECTION ( 'NONE',  ( 0.000000000000000000, 0.000000000000000000, -1.000000000000000000 ) ) ;
#2815 = AXIS2_PLACEMENT_3D ( 'NONE', #3676, #1685, #2813 ) ;
#2816 = ORIENTED_EDGE ( 'NONE', *, *, #504, .F. ) ;
#2817 = EDGE_LOOP ( 'NONE', ( #1951, #1344 ) ) ;
#2818 = VECTOR ( 'NONE', #2191, 1000.000000000000000 ) ;
#2819 = CARTESIAN_POINT ( 'NONE',  ( -22.05148741229817588, -4.499999999999995559, -25.75775422868334630 ) ) ;
#2820 = CARTESIAN_POINT ( 'NONE',  ( 0.000000000000000000, 2.000000000000000000, 0.000000000000000000 ) ) ;
#2821 = DIRECTION ( 'NONE',  ( -0.000000000000000000, 1.000000000000000000, -0.000000000000000000 ) ) ;
#2822 = B_SPLINE_CURVE_WITH_KNOTS ( 'NONE', 3,
 ( #3474, #2954, #965, #2114, #1768, #2350, #2664, #2977, #101, #3223, #1787, #890, #2935, #407, #3492, #1217, #1454, #47 ),
 .UNSPECIFIED., .F., .F.,
 ( 4, 2, 2, 2, 2, 2, 2, 2, 4 ),
 ( 0.01126171997510184639, 0.01196575555848238340, 0.01266979114186292041, 0.01337382672524345915, 0.01407786230862399617, 0.01478189789200453318, 0.01548593347538507192, 0.01618996905876560893, 0.01689400464214614594 ),
 .UNSPECIFIED. ) ;
#2823 = EDGE_CURVE ( 'NONE', #2906, #1814, #907, .T. ) ;
#2824 = CARTESIAN_POINT ( 'NONE',  ( 29.84362863863176685, 4.286263797015747072E-17, 17.61813882216303284 ) ) ;
#2825 = LINE ( 'NONE', #2530, #2220 ) ;
#2826 = FACE_BOUND ( 'NONE', #1011, .T. ) ;
#2827 = PLANE ( 'NONE',  #43 ) ;
#2828 = LINE ( 'NONE', #1415, #2780 ) ;
#2829 = ORIENTED_EDGE ( 'NONE', *, *, #1741, .F. ) ;
#2830 = ORIENTED_EDGE ( 'NONE', *, *, #1424, .T. ) ;
#2831 = CARTESIAN_POINT ( 'NONE',  ( 17.32499999999999574, -6.499999999999996447, -17.32499999999999574 ) ) ;
#2832 = AXIS2_PLACEMENT_3D ( 'NONE', #1429, #904, #353 ) ;
#2833 = VERTEX_POINT ( 'NONE', #1808 ) ;
#2834 = ORIENTED_EDGE ( 'NONE', *, *, #163, .F. ) ;
#2835 = CYLINDRICAL_SURFACE ( 'NONE', #2377, 2.700000000000001066 ) ;
#2836 = DIRECTION ( 'NONE',  ( -0.000000000000000000, 1.000000000000000000, -0.000000000000000000 ) ) ;
#2837 = AXIS2_PLACEMENT_3D ( 'NONE', #3467, #2010, #289 ) ;
#2838 = AXIS2_PLACEMENT_3D ( 'NONE', #3706, #3175, #2612 ) ;
#2839 = LINE ( 'NONE', #1593, #1328 ) ;
#2840 = DIRECTION ( 'NONE',  ( -0.000000000000000000, 1.000000000000000000, -0.000000000000000000 ) ) ;
#2841 = EDGE_CURVE ( 'NONE', #2602, #2512, #925, .T. ) ;
#2842 = EDGE_CURVE ( 'NONE', #231, #2759, #2915, .T. ) ;
#2843 = EDGE_CURVE ( 'NONE', #3582, #845, #3531, .T. ) ;
#2844 = CARTESIAN_POINT ( 'NONE',  ( 19.00000000000000000, 41.50000000000000000, 41.99999999999999289 ) ) ;
#2845 = ORIENTED_EDGE ( 'NONE', *, *, #591, .T. ) ;
#2846 = CARTESIAN_POINT ( 'NONE',  ( 17.68279564267306725, 5.032001336902014899, -28.93179459106299944 ) ) ;
#2847 = VECTOR ( 'NONE', #3629, 1000.000000000000114 ) ;
#2848 = CARTESIAN_POINT ( 'NONE',  ( 23.76899258399411252, 40.19985465897735821, 34.55829191491235264 ) ) ;
#2849 = ORIENTED_EDGE ( 'NONE', *, *, #3388, .F. ) ;
#2850 = VERTEX_POINT ( 'NONE', #2092 ) ;
#2851 = CARTESIAN_POINT ( 'NONE',  ( -29.84362863863176685, 0.000000000000000000, 15.86813882216303639 ) ) ;
#2852 = ORIENTED_EDGE ( 'NONE', *, *, #1574, .T. ) ;
#2853 = ORIENTED_EDGE ( 'NONE', *, *, #2488, .F. ) ;
#2854 = DIRECTION ( 'NONE',  ( -0.000000000000000000, 1.000000000000000000, -0.000000000000000000 ) ) ;
#2855 = VECTOR ( 'NONE', #2960, 1000.000000000000000 ) ;
#2856 = DIRECTION ( 'NONE',  ( 0.000000000000000000, -1.000000000000000000, 0.000000000000000000 ) ) ;
#2857 = DIRECTION ( 'NONE',  ( 0.000000000000000000, -1.000000000000000000, 0.000000000000000000 ) ) ;
#2858 = DIRECTION ( 'NONE',  ( 0.000000000000000000, 0.9016435817087837812, -0.4324798857326844770 ) ) ;
#2859 = FACE_OUTER_BOUND ( 'NONE', #2575, .T. ) ;
#2860 = DIRECTION ( 'NONE',  ( 0.000000000000000000, 0.000000000000000000, 1.000000000000000000 ) ) ;
#2861 = ORIENTED_EDGE ( 'NONE', *, *, #1649, .T. ) ;
#2862 = CIRCLE ( 'NONE', #2424, 2.299999999999999822 ) ;
#2863 = EDGE_CURVE ( 'NONE', #3159, #561, #124, .T. ) ;
#2864 = CARTESIAN_POINT ( 'NONE',  ( -29.83593735601836272, 41.50000000000000000, 28.12146585951288102 ) ) ;
#2865 = EDGE_CURVE ( 'NONE', #909, #187, #3245, .T. ) ;
#2866 = ORIENTED_EDGE ( 'NONE', *, *, #3594, .F. ) ;
#2867 = ORIENTED_EDGE ( 'NONE', *, *, #1377, .F. ) ;
#2868 = CARTESIAN_POINT ( 'NONE',  ( 26.39175933497208604, -6.499999999999995559, 18.09627141719845866 ) ) ;
#2869 = EDGE_CURVE ( 'NONE', #2655, #2304, #622, .T. ) ;
#2870 = ORIENTED_EDGE ( 'NONE', *, *, #1396, .T. ) ;
#2871 = ORIENTED_EDGE ( 'NONE', *, *, #180, .F. ) ;
#2872 = DIRECTION ( 'NONE',  ( -0.000000000000000000, 1.000000000000000000, -0.000000000000000000 ) ) ;
#2873 = CARTESIAN_POINT ( 'NONE',  ( -16.28124393624079858, 0.000000000000000000, -28.70402577842735781 ) ) ;
#2874 = AXIS2_PLACEMENT_3D ( 'NONE', #3480, #2963, #2631 ) ;
#2875 = CARTESIAN_POINT ( 'NONE',  ( -17.32499999999999929, -3.499999999999995115, -17.32499999999999574 ) ) ;
#2876 = CARTESIAN_POINT ( 'NONE',  ( 17.68279564267306725, -6.499999999999995559, -28.93179459106299944 ) ) ;
#2877 = CARTESIAN_POINT ( 'NONE',  ( -16.57558445425076954, 10.00000000000000178, -37.50000000000000711 ) ) ;
#2878 = CARTESIAN_POINT ( 'NONE',  ( -17.32499999999999929, -3.499999999999996003, 19.62500000000000355 ) ) ;
#2879 = VERTEX_POINT ( 'NONE', #85 ) ;
#2880 = LINE ( 'NONE', #3705, #2186 ) ;
#2881 = CARTESIAN_POINT ( 'NONE',  ( 0.000000000000000000, 0.000000000000000000, 17.00000000000000000 ) ) ;
#2882 = ORIENTED_EDGE ( 'NONE', *, *, #1646, .T. ) ;
#2883 = ORIENTED_EDGE ( 'NONE', *, *, #2869, .F. ) ;
#2884 = EDGE_CURVE ( 'NONE', #2212, #1949, #2625, .T. ) ;
#2885 = CARTESIAN_POINT ( 'NONE',  ( -19.86714152748583118, 5.032001336902015787, -27.34477440987304320 ) ) ;
#2886 = EDGE_CURVE ( 'NONE', #3330, #1814, #1488, .T. ) ;
#2887 = ORIENTED_EDGE ( 'NONE', *, *, #831, .F. ) ;
#2888 = ORIENTED_EDGE ( 'NONE', *, *, #485, .F. ) ;
#2889 = EDGE_CURVE ( 'NONE', #3330, #1209, #934, .T. ) ;
#2890 = AXIS2_PLACEMENT_3D ( 'NONE', #2936, #891, #2916 ) ;
#2891 = DIRECTION ( 'NONE',  ( 0.000000000000000000, -1.000000000000000000, 0.000000000000000000 ) ) ;
#2892 = VECTOR ( 'NONE', #1887, 1000.000000000000000 ) ;
#2893 = CARTESIAN_POINT ( 'NONE',  ( 3.414459048827240384, 8.335369458907033291, 37.34433841453883218 ) ) ;
#2894 = FACE_OUTER_BOUND ( 'NONE', #791, .T. ) ;
#2895 = CARTESIAN_POINT ( 'NONE',  ( 14.64712620870639803, 10.10930117478560852, -34.53029387258566629 ) ) ;
#2896 = VECTOR ( 'NONE', #683, 1000.000000000000000 ) ;
#2897 = DIRECTION ( 'NONE',  ( 0.000000000000000000, 0.000000000000000000, 1.000000000000000000 ) ) ;
#2898 = DIRECTION ( 'NONE',  ( 0.000000000000000000, 0.000000000000000000, 1.000000000000000000 ) ) ;
#2899 = VECTOR ( 'NONE', #1302, 1000.000000000000000 ) ;
#2900 = CARTESIAN_POINT ( 'NONE',  ( 0.000000000000000000, 4.591545564695379333, 33.79999999999999716 ) ) ;
#2901 = FACE_OUTER_BOUND ( 'NONE', #538, .T. ) ;
#2902 = ORIENTED_EDGE ( 'NONE', *, *, #458, .F. ) ;
#2903 = ORIENTED_EDGE ( 'NONE', *, *, #1629, .T. ) ;
#2904 = CARTESIAN_POINT ( 'NONE',  ( 0.000000000000000000, -6.499999999999995559, 0.000000000000000000 ) ) ;
#2905 = VERTEX_POINT ( 'NONE', #2750 ) ;
#2906 = VERTEX_POINT ( 'NONE', #164 ) ;
#2907 = AXIS2_PLACEMENT_3D ( 'NONE', #2273, #632, #902 ) ;
#2908 = DIRECTION ( 'NONE',  ( 0.000000000000000000, 0.000000000000000000, 1.000000000000000000 ) ) ;
#2909 = EDGE_CURVE ( 'NONE', #1682, #3654, #2394, .T. ) ;
#2910 = CARTESIAN_POINT ( 'NONE',  ( 2.378847907661882921, 6.787783748344352830, 37.42484127581686693 ) ) ;
#2911 = EDGE_CURVE ( 'NONE', #2905, #3623, #730, .T. ) ;
#2912 = FACE_OUTER_BOUND ( 'NONE', #3295, .T. ) ;
#2913 = AXIS2_PLACEMENT_3D ( 'NONE', #1828, #2996, #1543 ) ;
#2914 = DIRECTION ( 'NONE',  ( 0.000000000000000000, 0.000000000000000000, 1.000000000000000000 ) ) ;
#2915 = LINE ( 'NONE', #1472, #1946 ) ;
#2916 = DIRECTION ( 'NONE',  ( 0.8829475928589283207, 0.000000000000000000, -0.4694715627858882523 ) ) ;
#2917 = AXIS2_PLACEMENT_3D ( 'NONE', #1137, #3450, #2011 ) ;
#2918 = VERTEX_POINT ( 'NONE', #1298 ) ;
#2919 = ORIENTED_EDGE ( 'NONE', *, *, #3349, .F. ) ;
#2920 = DIRECTION ( 'NONE',  ( -0.000000000000000000, 1.000000000000000000, -0.000000000000000000 ) ) ;
#2921 = CARTESIAN_POINT ( 'NONE',  ( -2.700000000000000178, -6.499999999999995559, 33.79999999999999716 ) ) ;
#2922 = CARTESIAN_POINT ( 'NONE',  ( -19.00000000000000000, -6.499999999999996447, 45.00000000000000000 ) ) ;
#2923 = ORIENTED_EDGE ( 'NONE', *, *, #2623, .T. ) ;
#2924 = ORIENTED_EDGE ( 'NONE', *, *, #1514, .F. ) ;
#2925 = EDGE_LOOP ( 'NONE', ( #2768, #322 ) ) ;
#2926 = DIRECTION ( 'NONE',  ( 0.000000000000000000, 0.000000000000000000, 1.000000000000000000 ) ) ;
#2927 = EDGE_CURVE ( 'NONE', #414, #2751, #2490, .T. ) ;
#2928 = LINE ( 'NONE', #2587, #323 ) ;
#2929 = CARTESIAN_POINT ( 'NONE',  ( 16.81743370656289471, 10.19632211675169842, -33.52696835929508978 ) ) ;
#2930 = DIRECTION ( 'NONE',  ( -0.000000000000000000, 1.000000000000000000, -0.000000000000000000 ) ) ;
#2931 = ADVANCED_FACE ( 'NONE', ( #146 ), #1220, .T. ) ;
#2932 = VECTOR ( 'NONE', #1632, 1000.000000000000000 ) ;
#2933 = CARTESIAN_POINT ( 'NONE',  ( 19.00000000000000000, -2.999999999999981792, 41.99999999999999289 ) ) ;
#2934 = AXIS2_PLACEMENT_3D ( 'NONE', #986, #1565, #167 ) ;
#2935 = CARTESIAN_POINT ( 'NONE',  ( -1.597152815095625122, 6.265069434532850146, 37.46660738196091245 ) ) ;
#2936 = CARTESIAN_POINT ( 'NONE',  ( -28.57605541910986702, 4.983751639017303781, 18.25209732288214326 ) ) ;
#2937 = ORIENTED_EDGE ( 'NONE', *, *, #3199, .T. ) ;
#2938 = VERTEX_POINT ( 'NONE', #3286 ) ;
#2939 = LINE ( 'NONE', #2077, #2892 ) ;
#2940 = DIRECTION ( 'NONE',  ( 0.000000000000000000, -1.000000000000000000, 0.000000000000000000 ) ) ;
#2941 = ORIENTED_EDGE ( 'NONE', *, *, #2841, .T. ) ;
#2942 = ORIENTED_EDGE ( 'NONE', *, *, #3339, .T. ) ;
#2943 = CYLINDRICAL_SURFACE ( 'NONE', #2361, 1.000000000000000888 ) ;
#2944 = ORIENTED_EDGE ( 'NONE', *, *, #613, .T. ) ;
#2945 = DIRECTION ( 'NONE',  ( 0.000000000000000000, 0.000000000000000000, 1.000000000000000000 ) ) ;
#2946 = CARTESIAN_POINT ( 'NONE',  ( 17.32499999999999574, -3.499999999999995115, -17.32499999999999574 ) ) ;
#2947 = CIRCLE ( 'NONE', #1726, 27.19999999999999929 ) ;
#2948 = LINE ( 'NONE', #707, #682 ) ;
#2949 = EDGE_CURVE ( 'NONE', #760, #1517, #919, .T. ) ;
#2950 = DIRECTION ( 'NONE',  ( 0.000000000000000000, 0.000000000000000000, -1.000000000000000000 ) ) ;
#2951 = CIRCLE ( 'NONE', #1380, 2.299999999999999822 ) ;
#2952 = AXIS2_PLACEMENT_3D ( 'NONE', #108, #1206, #360 ) ;
#2953 = ADVANCED_FACE ( 'NONE', ( #2730 ), #2117, .F. ) ;
#2954 = CARTESIAN_POINT ( 'NONE',  ( -3.599999999999999645, 9.264919049936855444, 37.32680002357554372 ) ) ;
#2955 = EDGE_CURVE ( 'NONE', #2906, #1866, #679, .T. ) ;
#2956 = CIRCLE ( 'NONE', #2463, 2.699999999999999734 ) ;
#2957 = CARTESIAN_POINT ( 'NONE',  ( -0.2349058436384260928, 13.10000000000000142, 37.50000000000000711 ) ) ;
#2958 = CIRCLE ( 'NONE', #1009, 32.00000000000000000 ) ;
#2959 = ORIENTED_EDGE ( 'NONE', *, *, #2183, .F. ) ;
#2960 = DIRECTION ( 'NONE',  ( -0.000000000000000000, 1.000000000000000000, -0.000000000000000000 ) ) ;
#2961 = ORIENTED_EDGE ( 'NONE', *, *, #1181, .T. ) ;
#2962 = LINE ( 'NONE', #2728, #1069 ) ;
#2963 = DIRECTION ( 'NONE',  ( -0.000000000000000000, 1.000000000000000000, -0.000000000000000000 ) ) ;
#2964 = ADVANCED_FACE ( 'NONE', ( #3328 ), #3572, .F. ) ;
#2965 = LINE ( 'NONE', #2922, #2896 ) ;
#2966 = ORIENTED_EDGE ( 'NONE', *, *, #2842, .F. ) ;
#2967 = EDGE_LOOP ( 'NONE', ( #2556, #715, #2783, #3677 ) ) ;
#2968 = DIRECTION ( 'NONE',  ( 0.000000000000000000, 0.000000000000000000, -1.000000000000000000 ) ) ;
#2969 = VECTOR ( 'NONE', #371, 1000.000000000000000 ) ;
#2970 = EDGE_LOOP ( 'NONE', ( #3181, #3197, #3118, #2021, #473 ) ) ;
#2971 = DIRECTION ( 'NONE',  ( -0.000000000000000000, -0.000000000000000000, 1.000000000000000000 ) ) ;
#2972 = CIRCLE ( 'NONE', #3258, 1.100000000000000311 ) ;
#2973 = CARTESIAN_POINT ( 'NONE',  ( 19.86714152748543682, 5.032001336902014899, -30.04477440987333736 ) ) ;
#2974 = CARTESIAN_POINT ( 'NONE',  ( 0.7759730416678202181, 41.00746373428629710, 37.50000000000001421 ) ) ;
#2975 = CARTESIAN_POINT ( 'NONE',  ( -19.00000000000000711, 41.50000000000000000, 41.99999999999999289 ) ) ;
#2976 = DIRECTION ( 'NONE',  ( 1.000000000000000000, 0.000000000000000000, 0.000000000000000000 ) ) ;
#2977 = CARTESIAN_POINT ( 'NONE',  ( -2.861325608969260692, 7.302523323008301759, 37.39091130231059878 ) ) ;
#2978 = DIRECTION ( 'NONE',  ( -1.000000000000000000, 0.000000000000000000, 0.000000000000000000 ) ) ;
#2979 = VERTEX_POINT ( 'NONE', #1562 ) ;
#2980 = CARTESIAN_POINT ( 'NONE',  ( 25.00000000000000000, -2.999999999999981792, 41.99999999999999289 ) ) ;
#2981 = ORIENTED_EDGE ( 'NONE', *, *, #1653, .F. ) ;
#2982 = EDGE_CURVE ( 'NONE', #1536, #3385, #1021, .T. ) ;
#2983 = CARTESIAN_POINT ( 'NONE',  ( -17.32499999999999929, -3.499999999999995115, 16.22500000000000497 ) ) ;
#2984 = EDGE_CURVE ( 'NONE', #3041, #2402, #2749, .T. ) ;
#2985 = DIRECTION ( 'NONE',  ( -0.000000000000000000, -0.000000000000000000, 1.000000000000000000 ) ) ;
#2986 = ORIENTED_EDGE ( 'NONE', *, *, #113, .T. ) ;
#2987 = ORIENTED_EDGE ( 'NONE', *, *, #3001, .T. ) ;
#2988 = DIRECTION ( 'NONE',  ( -0.000000000000000000, 1.000000000000000000, -0.000000000000000000 ) ) ;
#2989 = ORIENTED_EDGE ( 'NONE', *, *, #3628, .T. ) ;
#2990 = DIRECTION ( 'NONE',  ( 0.000000000000000000, 0.000000000000000000, 1.000000000000000000 ) ) ;
#2991 = CARTESIAN_POINT ( 'NONE',  ( 29.84362863863176685, 4.286263797015747072E-17, 14.11813882216303817 ) ) ;
#2992 = CARTESIAN_POINT ( 'NONE',  ( 2.197312767791161026, 12.36144729333101111, 37.43608793129732959 ) ) ;
#2993 = CARTESIAN_POINT ( 'NONE',  ( -1.159618052193788884, 28.91627534467777494, 37.48270071071447518 ) ) ;
#2994 =( NAMED_UNIT ( * ) SI_UNIT ( $, .STERADIAN. ) SOLID_ANGLE_UNIT ( ) );
#2995 = LINE ( 'NONE', #1526, #948 ) ;
#2996 = DIRECTION ( 'NONE',  ( -0.000000000000000000, 1.000000000000000000, -0.000000000000000000 ) ) ;
#2997 = ORIENTED_EDGE ( 'NONE', *, *, #529, .F. ) ;
#2998 = CONICAL_SURFACE ( 'NONE', #2439, 37.50000000000000000, 0.2914567944778685971 ) ;
#2999 = EDGE_LOOP ( 'NONE', ( #1417, #2695, #956, #1625 ) ) ;
#3000 = ORIENTED_EDGE ( 'NONE', *, *, #830, .F. ) ;
#3001 = EDGE_CURVE ( 'NONE', #227, #3254, #1842, .T. ) ;
#3002 = DIRECTION ( 'NONE',  ( 0.000000000000000000, -1.000000000000000000, 0.000000000000000000 ) ) ;
#3003 = EDGE_CURVE ( 'NONE', #187, #370, #2669, .T. ) ;
#3004 = ADVANCED_FACE ( 'NONE', ( #443 ), #2667, .F. ) ;
#3005 = ORIENTED_EDGE ( 'NONE', *, *, #3339, .F. ) ;
#3006 = CARTESIAN_POINT ( 'NONE',  ( 16.44641405377986487, 39.78005908556041703, 33.70994425118185234 ) ) ;
#3007 = CARTESIAN_POINT ( 'NONE',  ( 3.600000000000000089, 9.500000000000003553, 37.32680002357555082 ) ) ;
#3008 = CARTESIAN_POINT ( 'NONE',  ( -0.2349058436384264259, 29.10000000000000142, 37.50000000000000711 ) ) ;
#3009 = CARTESIAN_POINT ( 'NONE',  ( -3.700000000000000178, -6.499999999999995559, 32.79191973642287650 ) ) ;
#3010 = AXIS2_PLACEMENT_3D ( 'NONE', #2308, #888, #835 ) ;
#3011 = CARTESIAN_POINT ( 'NONE',  ( 2.700000000000000622, -6.499999999999995559, 32.79191973642287650 ) ) ;
#3012 = CARTESIAN_POINT ( 'NONE',  ( -19.86714152748583118, 4.286263797015747072E-17, -27.34477440987304320 ) ) ;
#3013 = ORIENTED_EDGE ( 'NONE', *, *, #2580, .F. ) ;
#3014 = EDGE_LOOP ( 'NONE', ( #696, #3317, #3080, #1910 ) ) ;
#3015 = CARTESIAN_POINT ( 'NONE',  ( 0.000000000000000000, -4.499999999999995559, 27.19999999999999929 ) ) ;
#3016 = CIRCLE ( 'NONE', #789, 1.000000000000000888 ) ;
#3017 = VECTOR ( 'NONE', #3036, 1000.000000000000000 ) ;
#3018 = CARTESIAN_POINT ( 'NONE',  ( 17.32499999999999574, -3.499999999999996003, -19.62499999999999645 ) ) ;
#3019 = ORIENTED_EDGE ( 'NONE', *, *, #985, .F. ) ;
#3020 = LINE ( 'NONE', #2422, #290 ) ;
#3021 = VERTEX_POINT ( 'NONE', #2432 ) ;
#3022 = DIRECTION ( 'NONE',  ( -0.000000000000000000, 1.000000000000000000, -0.000000000000000000 ) ) ;
#3023 = EDGE_CURVE ( 'NONE', #16, #1662, #425, .T. ) ;
#3024 = AXIS2_PLACEMENT_3D ( 'NONE', #585, #874, #3173 ) ;
#3025 = CARTESIAN_POINT ( 'NONE',  ( 3.600000000000000533, 9.738062953561778201, 37.32680002357554372 ) ) ;
#3026 =( BOUNDED_CURVE ( )  B_SPLINE_CURVE ( 3, ( #843, #1986, #1112, #879 ),
 .UNSPECIFIED., .F., .F. ) 
 B_SPLINE_CURVE_WITH_KNOTS ( ( 4, 4 ),
 ( 4.197196274401267857, 5.468214188995752956 ),
 .UNSPECIFIED. ) 
 CURVE ( )  GEOMETRIC_REPRESENTATION_ITEM ( )  RATIONAL_B_SPLINE_CURVE ( ( 1.000000000000000000, 0.8698464601267434926, 0.8698464601267434926, 1.000000000000000000 ) ) 
 REPRESENTATION_ITEM ( '' )  );
#3027 = CARTESIAN_POINT ( 'NONE',  ( -0.4735163471134825053, 29.07647764482514319, 37.49772113063424683 ) ) ;
#3028 = VECTOR ( 'NONE', #3434, 1000.000000000000000 ) ;
#3029 = DIRECTION ( 'NONE',  ( -0.000000000000000000, 1.000000000000000000, -0.000000000000000000 ) ) ;
#3030 = CARTESIAN_POINT ( 'NONE',  ( 2.700000000000000622, -6.499999999999995559, 32.79191973642287650 ) ) ;
#3031 = EDGE_LOOP ( 'NONE', ( #3540, #3260, #2816, #2103 ) ) ;
#3032 = CARTESIAN_POINT ( 'NONE',  ( -29.83593735601836627, 41.50000000000000000, 28.12146585951288102 ) ) ;
#3033 = FACE_BOUND ( 'NONE', #2138, .T. ) ;
#3034 = ORIENTED_EDGE ( 'NONE', *, *, #2532, .T. ) ;
#3035 = CARTESIAN_POINT ( 'NONE',  ( 19.86714152748543682, -4.499999999999995559, -27.34477440987333452 ) ) ;
#3036 = DIRECTION ( 'NONE',  ( -0.000000000000000000, 1.000000000000000000, -0.000000000000000000 ) ) ;
#3037 = CONICAL_SURFACE ( 'NONE', #2419, 6.000000000000005329, 0.7853981633974466137 ) ;
#3038 = VERTEX_POINT ( 'NONE', #2095 ) ;
#3039 = AXIS2_PLACEMENT_3D ( 'NONE', #461, #2689, #1239 ) ;
#3040 = LINE ( 'NONE', #1518, #2243 ) ;
#3041 = VERTEX_POINT ( 'NONE', #3589 ) ;
#3042 = CIRCLE ( 'NONE', #2613, 2.299999999999999822 ) ;
#3043 = CARTESIAN_POINT ( 'NONE',  ( 0.000000000000000000, 0.000000000000000000, 0.000000000000000000 ) ) ;
#3044 = CARTESIAN_POINT ( 'NONE',  ( 3.587878787878788778, -6.499999999999995559, 31.79822519895551736 ) ) ;
#3045 = CARTESIAN_POINT ( 'NONE',  ( 17.80583389405907013, 39.45387863972694475, 33.00306469613355631 ) ) ;
#3046 = CARTESIAN_POINT ( 'NONE',  ( -30.69059137880553934, -4.499999999999995559, 12.12796771182984124 ) ) ;
#3047 = ADVANCED_FACE ( 'NONE', ( #3250 ), #3037, .F. ) ;
#3048 = CARTESIAN_POINT ( 'NONE',  ( -16.57558445425076954, 10.00000000000000178, -37.50000000000000711 ) ) ;
#3049 = DIRECTION ( 'NONE',  ( 0.000000000000000000, -1.000000000000000000, 0.000000000000000000 ) ) ;
#3050 = EDGE_CURVE ( 'NONE', #596, #2655, #342, .T. ) ;
#3051 = CARTESIAN_POINT ( 'NONE',  ( -17.68279564267348647, -6.499999999999995559, -28.93179459106274010 ) ) ;
#3052 = FACE_BOUND ( 'NONE', #248, .T. ) ;
#3053 = EDGE_CURVE ( 'NONE', #375, #2302, #3151, .T. ) ;
#3054 = FACE_BOUND ( 'NONE', #1182, .T. ) ;
#3055 = CARTESIAN_POINT ( 'NONE',  ( -20.63376526497293639, 41.08888372090528662, 37.88466353275421739 ) ) ;
#3056 = ORIENTED_EDGE ( 'NONE', *, *, #344, .F. ) ;
#3057 = CYLINDRICAL_SURFACE ( 'NONE', #144, 1.749999999999998002 ) ;
#3058 = CARTESIAN_POINT ( 'NONE',  ( -30.77155300405144445, 13.35697447653601522, -21.44607117669334073 ) ) ;
#3059 = VECTOR ( 'NONE', #627, 1000.000000000000000 ) ;
#3060 = ORIENTED_EDGE ( 'NONE', *, *, #2489, .T. ) ;
#3061 = DIRECTION ( 'NONE',  ( 0.000000000000000000, 0.000000000000000000, 1.000000000000000000 ) ) ;
#3062 = ORIENTED_EDGE ( 'NONE', *, *, #3618, .T. ) ;
#3063 = CARTESIAN_POINT ( 'NONE',  ( 31.11120185815366312, -4.499999999999995559, 13.48418032144392953 ) ) ;
#3064 = DIRECTION ( 'NONE',  ( 0.000000000000000000, 0.000000000000000000, -1.000000000000000000 ) ) ;
#3065 = CARTESIAN_POINT ( 'NONE',  ( -22.05148741229817588, -4.499999999999995559, -25.75775422868334630 ) ) ;
#3066 = DIRECTION ( 'NONE',  ( -0.000000000000000000, 1.000000000000000000, -0.000000000000000000 ) ) ;
#3067 = DIRECTION ( 'NONE',  ( 0.000000000000000000, 0.000000000000000000, -1.000000000000000000 ) ) ;
#3068 = CARTESIAN_POINT ( 'NONE',  ( 0.9318518007001630465, 22.01479728096471078, 37.48912597704232752 ) ) ;
#3069 = DIRECTION ( 'NONE',  ( -1.000000000000000000, 0.000000000000000000, 0.000000000000000000 ) ) ;
#3070 = ADVANCED_FACE ( 'NONE', ( #1323 ), #221, .F. ) ;
#3071 = CARTESIAN_POINT ( 'NONE',  ( -27.19999999999999929, -4.499999999999995559, 0.000000000000000000 ) ) ;
#3072 = VERTEX_POINT ( 'NONE', #3686 ) ;
#3073 = ORIENTED_EDGE ( 'NONE', *, *, #764, .F. ) ;
#3074 = CIRCLE ( 'NONE', #15, 1.000000000000000888 ) ;
#3075 = EDGE_CURVE ( 'NONE', #2444, #913, #3451, .T. ) ;
#3076 = CARTESIAN_POINT ( 'NONE',  ( -2.700000000000000178, -4.499999999999995559, 32.79191973642287650 ) ) ;
#3077 = EDGE_LOOP ( 'NONE', ( #2541, #3494 ) ) ;
#3078 = ORIENTED_EDGE ( 'NONE', *, *, #1738, .T. ) ;
#3079 = CIRCLE ( 'NONE', #847, 1.000000000000000888 ) ;
#3080 = ORIENTED_EDGE ( 'NONE', *, *, #3364, .T. ) ;
#3081 = DIRECTION ( 'NONE',  ( -0.000000000000000000, 1.000000000000000000, -0.000000000000000000 ) ) ;
#3082 = CARTESIAN_POINT ( 'NONE',  ( 17.32500000000000284, -3.499999999999996003, 17.32499999999999929 ) ) ;
#3083 = CIRCLE ( 'NONE', #3626, 1.750000000000001554 ) ;
#3084 = DIRECTION ( 'NONE',  ( -0.000000000000000000, -0.000000000000000000, 1.000000000000000000 ) ) ;
#3085 = FACE_BOUND ( 'NONE', #378, .T. ) ;
#3086 = VERTEX_POINT ( 'NONE', #3632 ) ;
#3087 = VERTEX_POINT ( 'NONE', #2511 ) ;
#3088 = LINE ( 'NONE', #1643, #3133 ) ;
#3089 = VERTEX_POINT ( 'NONE', #1340 ) ;
#3090 = ORIENTED_EDGE ( 'NONE', *, *, #3597, .T. ) ;
#3091 = EDGE_CURVE ( 'NONE', #3518, #2402, #2062, .T. ) ;
#3092 = ADVANCED_FACE ( 'NONE', ( #2494 ), #3648, .T. ) ;
#3093 = ORIENTED_EDGE ( 'NONE', *, *, #918, .T. ) ;
#3094 = ORIENTED_EDGE ( 'NONE', *, *, #2911, .T. ) ;
#3095 = LINE ( 'NONE', #3063, #1289 ) ;
#3096 = DIRECTION ( 'NONE',  ( 0.000000000000000000, 0.000000000000000000, 1.000000000000000000 ) ) ;
#3097 = FACE_OUTER_BOUND ( 'NONE', #2058, .T. ) ;
#3098 = AXIS2_PLACEMENT_3D ( 'NONE', #131, #3598, #416 ) ;
#3099 = VECTOR ( 'NONE', #3553, 1000.000000000000000 ) ;
#3100 = CARTESIAN_POINT ( 'NONE',  ( 22.05148741229780285, -4.499999999999995559, -25.75775422868366960 ) ) ;
#3101 = CARTESIAN_POINT ( 'NONE',  ( -17.32499999999999929, -3.499999999999996003, -17.32499999999999574 ) ) ;
#3102 = DIRECTION ( 'NONE',  ( -0.000000000000000000, -1.000000000000000000, -0.000000000000000000 ) ) ;
#3103 = CARTESIAN_POINT ( 'NONE',  ( -30.22111981601965169, -4.499999999999995559, 13.01091530468876734 ) ) ;
#3104 = VERTEX_POINT ( 'NONE', #1908 ) ;
#3105 = ORIENTED_EDGE ( 'NONE', *, *, #1141, .F. ) ;
#3106 = LINE ( 'NONE', #1684, #2454 ) ;
#3107 = CIRCLE ( 'NONE', #303, 3.599999999999999645 ) ;
#3108 = ORIENTED_EDGE ( 'NONE', *, *, #3547, .F. ) ;
#3109 = VERTEX_POINT ( 'NONE', #1891 ) ;
#3110 = ADVANCED_FACE ( 'NONE', ( #3359, #1092, #1925, #3085, #1073, #200, #3054 ), #482, .T. ) ;
#3111 = DIRECTION ( 'NONE',  ( 0.000000000000000000, -1.000000000000000000, -0.000000000000000000 ) ) ;
#3112 = ADVANCED_FACE ( 'NONE', ( #259 ), #1620, .F. ) ;
#3113 = EDGE_CURVE ( 'NONE', #1046, #2094, #3117, .T. ) ;
#3114 = DIRECTION ( 'NONE',  ( 0.5877852522924689183, 0.000000000000000000, -0.8090169943749505599 ) ) ;
#3115 = LINE ( 'NONE', #310, #614 ) ;
#3116 = CARTESIAN_POINT ( 'NONE',  ( -2.700000000000001066, -6.499999999999995559, 33.79999999999999716 ) ) ;
#3117 = LINE ( 'NONE', #2241, #3637 ) ;
#3118 = ORIENTED_EDGE ( 'NONE', *, *, #458, .T. ) ;
#3119 = LINE ( 'NONE', #3704, #2383 ) ;
#3120 = DIRECTION ( 'NONE',  ( -0.6858894112076312499, 0.000000000000000000, -0.7277057891711793403 ) ) ;
#3121 = CARTESIAN_POINT ( 'NONE',  ( 19.00000000000000000, -2.999999999999981792, 45.00000000000000000 ) ) ;
#3122 = ORIENTED_EDGE ( 'NONE', *, *, #3244, .T. ) ;
#3123 = AXIS2_PLACEMENT_3D ( 'NONE', #179, #1297, #2449 ) ;
#3124 = VERTEX_POINT ( 'NONE', #522 ) ;
#3125 = AXIS2_PLACEMENT_3D ( 'NONE', #312, #573, #2914 ) ;
#3126 = AXIS2_PLACEMENT_3D ( 'NONE', #3584, #995, #3236 ) ;
#3127 = ORIENTED_EDGE ( 'NONE', *, *, #2314, .F. ) ;
#3128 = ORIENTED_EDGE ( 'NONE', *, *, #1885, .F. ) ;
#3129 = CIRCLE ( 'NONE', #440, 1.749999999999998002 ) ;
#3130 = AXIS2_PLACEMENT_3D ( 'NONE', #1592, #534, #1633 ) ;
#3131 = DIRECTION ( 'NONE',  ( -0.5145656982316481054, 0.7071067811865484609, 0.4849970538089640182 ) ) ;
#3132 = VECTOR ( 'NONE', #763, 1000.000000000000000 ) ;
#3133 = VECTOR ( 'NONE', #2438, 1000.000000000000114 ) ;
#3134 = CARTESIAN_POINT ( 'NONE',  ( 2.143131898507866572E-16, 0.000000000000000000, 32.04999999999999716 ) ) ;
#3135 = ADVANCED_FACE ( 'NONE', ( #3347 ), #1676, .F. ) ;
#3136 = FACE_OUTER_BOUND ( 'NONE', #988, .T. ) ;
#3137 = PLANE ( 'NONE',  #662 ) ;
#3138 = ADVANCED_FACE ( 'NONE', ( #2826, #1638 ), #2533, .T. ) ;
#3139 = CARTESIAN_POINT ( 'NONE',  ( -6.176917422520087797, 40.88974817414146656, 36.99599317476127425 ) ) ;
#3140 = DIRECTION ( 'NONE',  ( -0.000000000000000000, -0.000000000000000000, 1.000000000000000000 ) ) ;
#3141 = ORIENTED_EDGE ( 'NONE', *, *, #1955, .T. ) ;
#3142 = CARTESIAN_POINT ( 'NONE',  ( 29.91346497195310761, 12.83153314214905549, -22.66570050344078524 ) ) ;
#3143 = CYLINDRICAL_SURFACE ( 'NONE', #3336, 20.80313004297139301 ) ;
#3144 = VECTOR ( 'NONE', #176, 1000.000000000000000 ) ;
#3145 = CARTESIAN_POINT ( 'NONE',  ( -17.32499999999999929, -3.499999999999996003, 15.02500000000000391 ) ) ;
#3146 = ORIENTED_EDGE ( 'NONE', *, *, #2982, .F. ) ;
#3147 = EDGE_LOOP ( 'NONE', ( #2735, #362, #3230, #1225, #3703, #10, #2571, #1751 ) ) ;
#3148 = DIRECTION ( 'NONE',  ( 0.5145656982316457739, 0.7071067811865483499, 0.4849970538089666272 ) ) ;
#3149 = ORIENTED_EDGE ( 'NONE', *, *, #1079, .F. ) ;
#3150 = VERTEX_POINT ( 'NONE', #2000 ) ;
#3151 = B_SPLINE_CURVE_WITH_KNOTS ( 'NONE', 3,
 ( #2844, #2475, #2256, #2806, #276, #2767, #3665, #241, #1108, #500, #1394, #773 ),
 .UNSPECIFIED., .F., .F.,
 ( 4, 2, 2, 2, 2, 4 ),
 ( 0.000000000000000000, 0.001132555823323289253, 0.001698833734984943854, 0.002265111646646598455, 0.003397667469969905922, 0.004530223293293213389 ),
 .UNSPECIFIED. ) ;
#3152 = CARTESIAN_POINT ( 'NONE',  ( -17.32499999999999929, 0.000000000000000000, 17.32500000000000284 ) ) ;
#3153 = AXIS2_PLACEMENT_3D ( 'NONE', #3012, #1510, #2709 ) ;
#3154 = CARTESIAN_POINT ( 'NONE',  ( 1.802765776488322924, 6.375057056062809480, 37.45715365332989677 ) ) ;
#3155 = CARTESIAN_POINT ( 'NONE',  ( 3.124183630815757340, 27.30411825814579174, 37.36986313392569059 ) ) ;
#3156 = CARTESIAN_POINT ( 'NONE',  ( 2.700000000000000178, -4.499999999999995559, 33.79999999999999716 ) ) ;
#3157 = EDGE_CURVE ( 'NONE', #2676, #544, #2330, .T. ) ;
#3158 = FACE_OUTER_BOUND ( 'NONE', #250, .T. ) ;
#3159 = VERTEX_POINT ( 'NONE', #1178 ) ;
#3160 = EDGE_CURVE ( 'NONE', #1984, #3087, #2420, .T. ) ;
#3161 = AXIS2_PLACEMENT_3D ( 'NONE', #1002, #2375, #1581 ) ;
#3162 = EDGE_CURVE ( 'NONE', #1224, #1890, #1411, .T. ) ;
#3163 = DIRECTION ( 'NONE',  ( 0.000000000000000000, 0.000000000000000000, 1.000000000000000000 ) ) ;
#3164 = VERTEX_POINT ( 'NONE', #9 ) ;
#3165 = ORIENTED_EDGE ( 'NONE', *, *, #2412, .F. ) ;
#3166 = ORIENTED_EDGE ( 'NONE', *, *, #3620, .F. ) ;
#3167 = VERTEX_POINT ( 'NONE', #2610 ) ;
#3168 = ADVANCED_FACE ( 'NONE', ( #1453 ), #1767, .F. ) ;
#3169 = VECTOR ( 'NONE', #387, 1000.000000000000000 ) ;
#3170 = CARTESIAN_POINT ( 'NONE',  ( 29.84362863863176685, -6.499999999999995559, 15.86813882216303639 ) ) ;
#3171 = DIRECTION ( 'NONE',  ( 0.5145656982316484385, 0.7071067811865473507, 0.4849970538089652394 ) ) ;
#3172 = CARTESIAN_POINT ( 'NONE',  ( -34.65690364653897149, 13.06913451837384699, -22.00443039636874687 ) ) ;
#3173 = DIRECTION ( 'NONE',  ( 0.000000000000000000, 0.000000000000000000, -1.000000000000000000 ) ) ;
#3174 = CARTESIAN_POINT ( 'NONE',  ( 32.79885230215948866, 12.11850315226742936, -24.62488393396597175 ) ) ;
#3175 = DIRECTION ( 'NONE',  ( -0.000000000000000000, 1.000000000000000000, -0.000000000000000000 ) ) ;
#3176 = ORIENTED_EDGE ( 'NONE', *, *, #811, .F. ) ;
#3177 = VERTEX_POINT ( 'NONE', #905 ) ;
#3178 = ADVANCED_FACE ( 'NONE', ( #2277 ), #1431, .F. ) ;
#3179 = DIRECTION ( 'NONE',  ( 0.8829475928589280986, 0.000000000000000000, -0.4694715627858886409 ) ) ;
#3180 = VERTEX_POINT ( 'NONE', #600 ) ;
#3181 = ORIENTED_EDGE ( 'NONE', *, *, #455, .F. ) ;
#3182 = CIRCLE ( 'NONE', #495, 38.00344890858252711 ) ;
#3183 = DIRECTION ( 'NONE',  ( -0.000000000000000000, 1.000000000000000000, -0.000000000000000000 ) ) ;
#3184 = DIRECTION ( 'NONE',  ( -0.000000000000000000, -0.000000000000000000, 1.000000000000000000 ) ) ;
#3185 = LINE ( 'NONE', #2028, #2346 ) ;
#3186 = PLANE ( 'NONE',  #1376 ) ;
#3187 = VECTOR ( 'NONE', #3022, 1000.000000000000000 ) ;
#3188 = DIRECTION ( 'NONE',  ( -0.000000000000000000, -1.000000000000000000, -0.000000000000000000 ) ) ;
#3189 = ORIENTED_EDGE ( 'NONE', *, *, #2358, .F. ) ;
#3190 = CARTESIAN_POINT ( 'NONE',  ( -3.600000000000000089, 9.500000000000003553, -41.00099999999999767 ) ) ;
#3191 = DIRECTION ( 'NONE',  ( -0.000000000000000000, 1.000000000000000000, -0.000000000000000000 ) ) ;
#3192 = CARTESIAN_POINT ( 'NONE',  ( -3.123044677442672779, 11.30597420947981391, 37.36995685457959127 ) ) ;
#3193 = EDGE_LOOP ( 'NONE', ( #2423, #990, #2776, #2009 ) ) ;
#3194 = VERTEX_POINT ( 'NONE', #2878 ) ;
#3195 = CARTESIAN_POINT ( 'NONE',  ( 197.4901151310308762, 39.45387863972694475, 33.00306469613355631 ) ) ;
#3196 = CIRCLE ( 'NONE', #2787, 1.000000000000000888 ) ;
#3197 = ORIENTED_EDGE ( 'NONE', *, *, #2580, .T. ) ;
#3198 = ORIENTED_EDGE ( 'NONE', *, *, #2489, .F. ) ;
#3199 = EDGE_CURVE ( 'NONE', #561, #1509, #2390, .T. ) ;
#3200 = DIRECTION ( 'NONE',  ( 0.000000000000000000, -0.000000000000000000, -1.000000000000000000 ) ) ;
#3201 = ADVANCED_FACE ( 'NONE', ( #3158 ), #1161, .F. ) ;
#3202 = CARTESIAN_POINT ( 'NONE',  ( 1.160288445773896671, 6.083953092358983739, 37.48267980100182228 ) ) ;
#3203 = LINE ( 'NONE', #2069, #1730 ) ;
#3204 = FACE_OUTER_BOUND ( 'NONE', #2970, .T. ) ;
#3205 = CARTESIAN_POINT ( 'NONE',  ( -19.00000000000000000, -2.999999999999981792, 45.00000000000000000 ) ) ;
#3206 = DIRECTION ( 'NONE',  ( -0.000000000000000000, 1.000000000000000000, -0.000000000000000000 ) ) ;
#3207 = CARTESIAN_POINT ( 'NONE',  ( 0.000000000000000000, -4.499999999999996447, 0.000000000000000000 ) ) ;
#3208 = ORIENTED_EDGE ( 'NONE', *, *, #2338, .F. ) ;
#3209 = EDGE_LOOP ( 'NONE', ( #247, #1944 ) ) ;
#3210 = FACE_OUTER_BOUND ( 'NONE', #3481, .T. ) ;
#3211 = VERTEX_POINT ( 'NONE', #2591 ) ;
#3212 = ORIENTED_EDGE ( 'NONE', *, *, #570, .F. ) ;
#3213 = FACE_OUTER_BOUND ( 'NONE', #1531, .T. ) ;
#3214 = ADVANCED_FACE ( 'NONE', ( #1145 ), #1125, .T. ) ;
#3215 = DIRECTION ( 'NONE',  ( 0.000000000000000000, 0.000000000000000000, 1.000000000000000000 ) ) ;
#3216 = ADVANCED_FACE ( 'NONE', ( #2296 ), #3473, .T. ) ;
#3217 = DIRECTION ( 'NONE',  ( -0.000000000000000000, 1.000000000000000000, -0.000000000000000000 ) ) ;
#3218 = EDGE_CURVE ( 'NONE', #53, #757, #620, .T. ) ;
#3219 = CARTESIAN_POINT ( 'NONE',  ( 3.124183630815757784, 11.30411825814579707, 37.36986313392570480 ) ) ;
#3220 = AXIS2_PLACEMENT_3D ( 'NONE', #3227, #1755, #1816 ) ;
#3221 = CARTESIAN_POINT ( 'NONE',  ( -17.32499999999999929, 0.000000000000000000, -17.32499999999999574 ) ) ;
#3222 = CIRCLE ( 'NONE', #4, 2.700000000000001066 ) ;
#3223 = CARTESIAN_POINT ( 'NONE',  ( -2.380411408534518269, 6.789140477779316285, 37.42474196339435366 ) ) ;
#3224 = DIRECTION ( 'NONE',  ( 0.000000000000000000, -1.000000000000000000, 0.000000000000000000 ) ) ;
#3225 = ORIENTED_EDGE ( 'NONE', *, *, #2115, .F. ) ;
#3226 = ORIENTED_EDGE ( 'NONE', *, *, #2949, .T. ) ;
#3227 = CARTESIAN_POINT ( 'NONE',  ( 16.28124393624038291, -4.499999999999995559, -28.70402577842760294 ) ) ;
#3228 = LINE ( 'NONE', #52, #205 ) ;
#3229 = ORIENTED_EDGE ( 'NONE', *, *, #855, .F. ) ;
#3230 = ORIENTED_EDGE ( 'NONE', *, *, #213, .F. ) ;
#3231 = LINE ( 'NONE', #664, #1042 ) ;
#3232 = ORIENTED_EDGE ( 'NONE', *, *, #236, .T. ) ;
#3233 = FACE_OUTER_BOUND ( 'NONE', #810, .T. ) ;
#3234 = VECTOR ( 'NONE', #2978, 1000.000000000000000 ) ;
#3235 = DIRECTION ( 'NONE',  ( 0.5877852522924800205, 0.000000000000000000, 0.8090169943749424553 ) ) ;
#3236 = DIRECTION ( 'NONE',  ( -0.8829475928589277656, 0.000000000000000000, -0.4694715627858890294 ) ) ;
#3237 = AXIS2_PLACEMENT_3D ( 'NONE', #3437, #2930, #1158 ) ;
#3238 = AXIS2_PLACEMENT_3D ( 'NONE', #1093, #2242, #2860 ) ;
#3239 = ADVANCED_FACE ( 'NONE', ( #2859 ), #3491, .T. ) ;
#3240 = DIRECTION ( 'NONE',  ( -0.000000000000000000, 1.000000000000000000, -0.000000000000000000 ) ) ;
#3241 = LINE ( 'NONE', #3586, #669 ) ;
#3242 = VECTOR ( 'NONE', #1880, 1000.000000000000000 ) ;
#3243 = VECTOR ( 'NONE', #1223, 1000.000000000000000 ) ;
#3244 = EDGE_CURVE ( 'NONE', #1662, #3177, #637, .T. ) ;
#3245 = LINE ( 'NONE', #64, #754 ) ;
#3246 = CIRCLE ( 'NONE', #1616, 1.099999999999996758 ) ;
#3247 = DIRECTION ( 'NONE',  ( 0.000000000000000000, 0.000000000000000000, 1.000000000000000000 ) ) ;
#3248 = AXIS2_PLACEMENT_3D ( 'NONE', #499, #1580, #199 ) ;
#3249 = ORIENTED_EDGE ( 'NONE', *, *, #256, .F. ) ;
#3250 = FACE_OUTER_BOUND ( 'NONE', #1770, .T. ) ;
#3251 = VERTEX_POINT ( 'NONE', #3416 ) ;
#3252 = CARTESIAN_POINT ( 'NONE',  ( -2.712326583635580768, 23.12126034909248773, 37.40215172960287049 ) ) ;
#3253 = CARTESIAN_POINT ( 'NONE',  ( -8.628359233860145139, 10.01194193539885902, -36.50251818677559612 ) ) ;
#3254 = VERTEX_POINT ( 'NONE', #837 ) ;
#3255 = VERTEX_POINT ( 'NONE', #860 ) ;
#3256 = VECTOR ( 'NONE', #3140, 1000.000000000000000 ) ;
#3257 = PLANE ( 'NONE',  #3516 ) ;
#3258 = AXIS2_PLACEMENT_3D ( 'NONE', #2875, #309, #1427 ) ;
#3259 = B_SPLINE_CURVE_WITH_KNOTS ( 'NONE', 3,
 ( #972, #954, #2106, #989, #687, #2156, #3315, #3294, #717, #737, #3459, #3174, #589, #862, #1146, #1587 ),
 .UNSPECIFIED., .F., .F.,
 ( 4, 2, 2, 2, 2, 2, 2, 4 ),
 ( 0.000000000000000000, 0.006644784406797060380, 0.009967176610195596642, 0.01162837271189486911, 0.01328956881359413464, 0.01993435322039117247, 0.02325674542378968618, 0.02657913762718819989 ),
 .UNSPECIFIED. ) ;
#3260 = ORIENTED_EDGE ( 'NONE', *, *, #3292, .F. ) ;
#3261 = DIRECTION ( 'NONE',  ( 0.000000000000000000, 0.000000000000000000, -1.000000000000000000 ) ) ;
#3262 = CARTESIAN_POINT ( 'NONE',  ( 31.11120185815366312, -4.499999999999995559, 13.48418032144392953 ) ) ;
#3263 = DIRECTION ( 'NONE',  ( 0.000000000000000000, 0.000000000000000000, 1.000000000000000000 ) ) ;
#3264 = CARTESIAN_POINT ( 'NONE',  ( -17.32499999999999929, -13.00538238691623150, -15.02499999999999680 ) ) ;
#3265 = EDGE_CURVE ( 'NONE', #69, #3525, #2288, .T. ) ;
#3266 = AXIS2_PLACEMENT_3D ( 'NONE', #3556, #969, #945 ) ;
#3267 = FACE_OUTER_BOUND ( 'NONE', #777, .T. ) ;
#3268 = EDGE_CURVE ( 'NONE', #865, #1678, #1725, .T. ) ;
#3269 = CARTESIAN_POINT ( 'NONE',  ( 15.78787290786946151, 0.000000000000000000, -27.83420681544494002 ) ) ;
#3270 = ORIENTED_EDGE ( 'NONE', *, *, #2863, .F. ) ;
#3271 = VERTEX_POINT ( 'NONE', #99 ) ;
#3272 = CARTESIAN_POINT ( 'NONE',  ( 17.32499999999999574, -13.00538238691623150, -19.62499999999999645 ) ) ;
#3273 = EDGE_CURVE ( 'NONE', #732, #171, #3083, .T. ) ;
#3274 = AXIS2_PLACEMENT_3D ( 'NONE', #3440, #2298, #2244 ) ;
#3275 = CARTESIAN_POINT ( 'NONE',  ( -35.67810946079799805, 13.93425673164863632, -20.20080457069264313 ) ) ;
#3276 = EDGE_LOOP ( 'NONE', ( #2416, #1704, #1990, #2232 ) ) ;
#3277 = CARTESIAN_POINT ( 'NONE',  ( -17.32499999999999929, -3.499999999999995115, -17.32499999999999574 ) ) ;
#3278 = ORIENTED_EDGE ( 'NONE', *, *, #1549, .T. ) ;
#3279 =( LENGTH_UNIT ( ) NAMED_UNIT ( * ) SI_UNIT ( .MILLI., .METRE. ) );
#3280 = DIRECTION ( 'NONE',  ( 0.000000000000000000, 0.000000000000000000, 1.000000000000000000 ) ) ;
#3281 =( BOUNDED_CURVE ( )  B_SPLINE_CURVE ( 3, ( #7, #1482, #1450, #2347 ),
 .UNSPECIFIED., .F., .F. ) 
 B_SPLINE_CURVE_WITH_KNOTS ( ( 4, 4 ),
 ( 4.143509763165283744, 5.788423270922990582 ),
 .UNSPECIFIED. ) 
 CURVE ( )  GEOMETRIC_REPRESENTATION_ITEM ( )  RATIONAL_B_SPLINE_CURVE ( ( 1.000000000000000000, 0.7869486032811332521, 0.7869486032811332521, 1.000000000000000000 ) ) 
 REPRESENTATION_ITEM ( '' )  );
#3282 = CARTESIAN_POINT ( 'NONE',  ( -19.00000000000000000, 41.50000000000000000, 45.00000000000000000 ) ) ;
#3283 = LINE ( 'NONE', #708, #24 ) ;
#3284 = CONICAL_SURFACE ( 'NONE', #645, 19.00000000000000355, 0.7853981633974421728 ) ;
#3285 = CARTESIAN_POINT ( 'NONE',  ( -16.28124393624079858, -6.499999999999995559, -27.70402577842735781 ) ) ;
#3286 = CARTESIAN_POINT ( 'NONE',  ( -28.57605541910986702, -4.499999999999995559, 18.25209732288214326 ) ) ;
#3287 = ORIENTED_EDGE ( 'NONE', *, *, #981, .T. ) ;
#3288 = AXIS2_PLACEMENT_3D ( 'NONE', #2132, #3290, #1845 ) ;
#3289 = ORIENTED_EDGE ( 'NONE', *, *, #3113, .F. ) ;
#3290 = DIRECTION ( 'NONE',  ( -0.000000000000000000, 1.000000000000000000, -0.000000000000000000 ) ) ;
#3291 = ORIENTED_EDGE ( 'NONE', *, *, #1783, .T. ) ;
#3292 = EDGE_CURVE ( 'NONE', #3693, #1085, #621, .T. ) ;
#3293 = DIRECTION ( 'NONE',  ( -0.5877852522924686962, 0.000000000000000000, 0.8090169943749506709 ) ) ;
#3294 = CARTESIAN_POINT ( 'NONE',  ( 26.85563150029339141, 10.53242111580379081, -30.98523787676908015 ) ) ;
#3295 = EDGE_LOOP ( 'NONE', ( #593, #316, #1609, #2283 ) ) ;
#3296 = ORIENTED_EDGE ( 'NONE', *, *, #2559, .F. ) ;
#3297 = ADVANCED_FACE ( 'NONE', ( #1256 ), #651, .F. ) ;
#3298 = FACE_BOUND ( 'NONE', #1421, .T. ) ;
#3299 = CIRCLE ( 'NONE', #3423, 32.00000000000000000 ) ;
#3300 = CARTESIAN_POINT ( 'NONE',  ( 0.7885671642583896856, 9.999999999999994671, -37.50000000000000711 ) ) ;
#3301 = CARTESIAN_POINT ( 'NONE',  ( 0.000000000000000000, 4.286263797015747072E-17, 33.79999999999999716 ) ) ;
#3302 = CARTESIAN_POINT ( 'NONE',  ( -1.806070518899294486, 28.62299174106890476, 37.45699138916251769 ) ) ;
#3303 = CARTESIAN_POINT ( 'NONE',  ( -29.84362863863176685, 4.286263797015747072E-17, 15.86813882216303639 ) ) ;
#3304 = FACE_OUTER_BOUND ( 'NONE', #852, .T. ) ;
#3305 = AXIS2_PLACEMENT_3D ( 'NONE', #758, #228, #799 ) ;
#3306 = DIRECTION ( 'NONE',  ( -0.000000000000000000, 1.000000000000000000, -0.000000000000000000 ) ) ;
#3307 = DIRECTION ( 'NONE',  ( -0.000000000000000000, 1.000000000000000000, -0.000000000000000000 ) ) ;
#3308 = CONICAL_SURFACE ( 'NONE', #3428, 19.00000000000000355, 0.7853981633974421728 ) ;
#3309 = ORIENTED_EDGE ( 'NONE', *, *, #479, .T. ) ;
#3310 = ORIENTED_EDGE ( 'NONE', *, *, #1329, .F. ) ;
#3311 = DIRECTION ( 'NONE',  ( -0.000000000000000000, 1.000000000000000000, -0.000000000000000000 ) ) ;
#3312 = CARTESIAN_POINT ( 'NONE',  ( -24.63867192384642735, 11.05395353599375596, -28.31220843923741626 ) ) ;
#3313 = ORIENTED_EDGE ( 'NONE', *, *, #369, .T. ) ;
#3314 = DIRECTION ( 'NONE',  ( 0.000000000000000000, 0.000000000000000000, 1.000000000000000000 ) ) ;
#3315 = CARTESIAN_POINT ( 'NONE',  ( 26.00445529572541759, 10.42063246122233444, -31.70296854132330466 ) ) ;
#3316 = EDGE_CURVE ( 'NONE', #2376, #3410, #3377, .T. ) ;
#3317 = ORIENTED_EDGE ( 'NONE', *, *, #529, .T. ) ;
#3318 = ADVANCED_FACE ( 'NONE', ( #1825 ), #2112, .F. ) ;
#3319 = DIRECTION ( 'NONE',  ( -0.000000000000000000, 1.000000000000000000, -0.000000000000000000 ) ) ;
#3320 = CARTESIAN_POINT ( 'NONE',  ( -17.09026093061573803, -4.499999999999995559, -28.11624052613488089 ) ) ;
#3321 = CIRCLE ( 'NONE', #856, 2.299999999999999822 ) ;
#3322 = DIRECTION ( 'NONE',  ( 0.000000000000000000, -0.7071067811865517916, -0.7071067811865431318 ) ) ;
#3323 = CARTESIAN_POINT ( 'NONE',  ( 22.05148741229780285, -4.499999999999995559, -25.75775422868366960 ) ) ;
#3324 = DIRECTION ( 'NONE',  ( 0.000000000000000000, 0.000000000000000000, -1.000000000000000000 ) ) ;
#3325 = DIRECTION ( 'NONE',  ( -0.000000000000000000, 1.000000000000000000, -0.000000000000000000 ) ) ;
#3326 = CARTESIAN_POINT ( 'NONE',  ( 3.599999999999999645, 25.26216362429338602, 37.32680002357554372 ) ) ;
#3327 = PLANE ( 'NONE',  #1786 ) ;
#3328 = FACE_OUTER_BOUND ( 'NONE', #3559, .T. ) ;
#3329 = CARTESIAN_POINT ( 'NONE',  ( -19.00000000000000000, 41.50000000000000000, 45.00000000000000000 ) ) ;
#3330 = VERTEX_POINT ( 'NONE', #2371 ) ;
#3331 = FACE_OUTER_BOUND ( 'NONE', #2380, .T. ) ;
#3332 = ORIENTED_EDGE ( 'NONE', *, *, #3218, .T. ) ;
#3333 = DIRECTION ( 'NONE',  ( 0.000000000000000000, -1.000000000000000000, 0.000000000000000000 ) ) ;
#3334 = CARTESIAN_POINT ( 'NONE',  ( -19.86714152748583118, 0.000000000000000000, -27.34477440987304320 ) ) ;
#3335 = ORIENTED_EDGE ( 'NONE', *, *, #2842, .T. ) ;
#3336 = AXIS2_PLACEMENT_3D ( 'NONE', #2176, #1964, #3402 ) ;
#3337 = LINE ( 'NONE', #215, #1795 ) ;
#3338 = CARTESIAN_POINT ( 'NONE',  ( -30.22111981601965169, -4.499999999999996447, 13.01091530468876734 ) ) ;
#3339 = EDGE_CURVE ( 'NONE', #2918, #16, #3585, .T. ) ;
#3340 = DIRECTION ( 'NONE',  ( -3.469446951953611033E-15, 0.000000000000000000, -1.000000000000000000 ) ) ;
#3341 = EDGE_CURVE ( 'NONE', #3194, #3420, #1839, .T. ) ;
#3342 = EDGE_CURVE ( 'NONE', #757, #2979, #2720, .T. ) ;
#3343 = CYLINDRICAL_SURFACE ( 'NONE', #955, 3.600000000000000089 ) ;
#3344 = CARTESIAN_POINT ( 'NONE',  ( 0.2376947480208470853, 21.90000000000000568, 37.50000000000001421 ) ) ;
#3345 = DIRECTION ( 'NONE',  ( 0.000000000000000000, 0.000000000000000000, 1.000000000000000000 ) ) ;
#3346 = ORIENTED_EDGE ( 'NONE', *, *, #706, .F. ) ;
#3347 = FACE_OUTER_BOUND ( 'NONE', #838, .T. ) ;
#3348 = CARTESIAN_POINT ( 'NONE',  ( -19.28604571146099644, 41.41886931021833362, 40.13071875783227682 ) ) ;
#3349 = EDGE_CURVE ( 'NONE', #1287, #1682, #2237, .T. ) ;
#3350 = EDGE_LOOP ( 'NONE', ( #1604, #2810, #2861, #1844 ) ) ;
#3351 = CARTESIAN_POINT ( 'NONE',  ( -20.89056945526303366, 10.50449339346707767, -31.15231793508517200 ) ) ;
#3352 = VECTOR ( 'NONE', #1612, 1000.000000000000000 ) ;
#3353 = EDGE_LOOP ( 'NONE', ( #2924, #2755, #1927, #1491 ) ) ;
#3354 = ORIENTED_EDGE ( 'NONE', *, *, #1912, .F. ) ;
#3355 = DIRECTION ( 'NONE',  ( -0.000000000000000000, 1.000000000000000000, -0.000000000000000000 ) ) ;
#3356 = CARTESIAN_POINT ( 'NONE',  ( -16.28124393624079858, -4.499999999999995559, -27.70402577842735781 ) ) ;
#3357 = CARTESIAN_POINT ( 'NONE',  ( 0.000000000000000000, -6.499999999999995559, 0.000000000000000000 ) ) ;
#3358 = EDGE_CURVE ( 'NONE', #379, #2793, #2948, .T. ) ;
#3359 = FACE_OUTER_BOUND ( 'NONE', #481, .T. ) ;
#3360 = CARTESIAN_POINT ( 'NONE',  ( -20.14372994877477296, 41.19846581236303962, 38.45642232851566433 ) ) ;
#3361 = EDGE_LOOP ( 'NONE', ( #148, #1792, #678, #1135 ) ) ;
#3362 = EDGE_CURVE ( 'NONE', #3405, #2477, #330, .T. ) ;
#3363 = AXIS2_PLACEMENT_3D ( 'NONE', #3588, #3306, #460 ) ;
#3364 = EDGE_CURVE ( 'NONE', #2119, #914, #395, .T. ) ;
#3365 = CARTESIAN_POINT ( 'NONE',  ( 17.32500000000000284, -13.00538238691623150, 15.02500000000000036 ) ) ;
#3366 = EDGE_LOOP ( 'NONE', ( #1057, #3176, #2175, #2853 ) ) ;
#3367 = EDGE_LOOP ( 'NONE', ( #1126, #1872 ) ) ;
#3368 = CONICAL_SURFACE ( 'NONE', #1442, 37.50000000000000000, 0.2914567944778685971 ) ;
#3369 = EDGE_LOOP ( 'NONE', ( #130, #201 ) ) ;
#3370 = CIRCLE ( 'NONE', #2278, 2.299999999999999822 ) ;
#3371 = ORIENTED_EDGE ( 'NONE', *, *, #2701, .T. ) ;
#3372 = CARTESIAN_POINT ( 'NONE',  ( 0.000000000000000000, 0.000000000000000000, 0.000000000000000000 ) ) ;
#3373 = LINE ( 'NONE', #1311, #2932 ) ;
#3374 = CARTESIAN_POINT ( 'NONE',  ( 22.05148741229780285, 5.032001336902014899, -25.75775422868366960 ) ) ;
#3375 = CARTESIAN_POINT ( 'NONE',  ( 0.000000000000000000, 4.286263797015747072E-17, 35.54999999999999716 ) ) ;
#3376 = DIRECTION ( 'NONE',  ( -0.000000000000000000, 1.000000000000000000, -0.000000000000000000 ) ) ;
#3377 = CIRCLE ( 'NONE', #2408, 1.749999999999998002 ) ;
#3378 = FACE_OUTER_BOUND ( 'NONE', #1777, .T. ) ;
#3379 = CARTESIAN_POINT ( 'NONE',  ( 3.599999999999999645, 25.50000000000000355, 37.32680002357555082 ) ) ;
#3380 = DIRECTION ( 'NONE',  ( 0.000000000000000000, 1.000000000000000000, 0.000000000000000000 ) ) ;
#3381 = ORIENTED_EDGE ( 'NONE', *, *, #3050, .T. ) ;
#3382 = ORIENTED_EDGE ( 'NONE', *, *, #369, .F. ) ;
#3383 = ADVANCED_FACE ( 'NONE', ( #2427 ), #1505, .T. ) ;
#3384 = EDGE_CURVE ( 'NONE', #1132, #2676, #2723, .T. ) ;
#3385 = VERTEX_POINT ( 'NONE', #535 ) ;
#3386 = ORIENTED_EDGE ( 'NONE', *, *, #3409, .F. ) ;
#3387 = EDGE_CURVE ( 'NONE', #232, #3466, #1656, .T. ) ;
#3388 = EDGE_CURVE ( 'NONE', #3180, #3385, #274, .T. ) ;
#3389 = CYLINDRICAL_SURFACE ( 'NONE', #1975, 32.00000000000000000 ) ;
#3390 = DIRECTION ( 'NONE',  ( 0.000000000000000000, -1.000000000000000000, -0.000000000000000000 ) ) ;
#3391 = AXIS2_PLACEMENT_3D ( 'NONE', #820, #552, #2033 ) ;
#3392 = ORIENTED_EDGE ( 'NONE', *, *, #1973, .T. ) ;
#3393 = ORIENTED_EDGE ( 'NONE', *, *, #3157, .F. ) ;
#3394 = FACE_OUTER_BOUND ( 'NONE', #923, .T. ) ;
#3395 = DIRECTION ( 'NONE',  ( 0.5877852522924800205, 0.000000000000000000, 0.8090169943749424553 ) ) ;
#3396 = VECTOR ( 'NONE', #1307, 1000.000000000000114 ) ;
#3397 = CARTESIAN_POINT ( 'NONE',  ( -27.19999999999999929, -3.499999999999995115, 0.000000000000000000 ) ) ;
#3398 = DIRECTION ( 'NONE',  ( -0.000000000000000000, 1.000000000000000000, -0.000000000000000000 ) ) ;
#3399 = CARTESIAN_POINT ( 'NONE',  ( -26.39175933497208604, -6.499999999999995559, 18.09627141719845511 ) ) ;
#3400 = CARTESIAN_POINT ( 'NONE',  ( -25.00000000000000000, 41.50000000000000000, 41.99999999999999289 ) ) ;
#3401 = ORIENTED_EDGE ( 'NONE', *, *, #855, .T. ) ;
#3402 = DIRECTION ( 'NONE',  ( 0.000000000000000000, 0.000000000000000000, 1.000000000000000000 ) ) ;
#3403 = CARTESIAN_POINT ( 'NONE',  ( 22.22739950763822492, 40.74766282600869260, 36.19387075295739464 ) ) ;
#3404 = ORIENTED_EDGE ( 'NONE', *, *, #3341, .T. ) ;
#3405 = VERTEX_POINT ( 'NONE', #3356 ) ;
#3406 = PRODUCT_RELATED_PRODUCT_CATEGORY ( 'part', '', ( #1552 ) ) ;
#3407 = DIRECTION ( 'NONE',  ( -0.000000000000000000, 1.000000000000000000, -0.000000000000000000 ) ) ;
#3408 = VECTOR ( 'NONE', #1938, 1000.000000000000000 ) ;
#3409 = EDGE_CURVE ( 'NONE', #2561, #1932, #801, .T. ) ;
#3410 = VERTEX_POINT ( 'NONE', #2824 ) ;
#3411 = VERTEX_POINT ( 'NONE', #1337 ) ;
#3412 = AXIS2_PLACEMENT_3D ( 'NONE', #656, #2670, #642 ) ;
#3413 = CARTESIAN_POINT ( 'NONE',  ( 2.859656232818803989, 7.300394247781242463, 37.39103882517903799 ) ) ;
#3414 = FACE_OUTER_BOUND ( 'NONE', #2811, .T. ) ;
#3415 = CARTESIAN_POINT ( 'NONE',  ( -33.48422202194824848, 12.39354242661718430, -23.75719437029725256 ) ) ;
#3416 = CARTESIAN_POINT ( 'NONE',  ( -17.68279564267348647, -4.499999999999995559, -28.93179459106274010 ) ) ;
#3417 = ORIENTED_EDGE ( 'NONE', *, *, #2911, .F. ) ;
#3418 = CARTESIAN_POINT ( 'NONE',  ( -27.68597337697585559, -6.499999999999995559, 17.77883230612698284 ) ) ;
#3419 = CARTESIAN_POINT ( 'NONE',  ( 0.000000000000000000, -6.499999999999995559, 26.60000000000001208 ) ) ;
#3420 = VERTEX_POINT ( 'NONE', #1317 ) ;
#3421 = AXIS2_PLACEMENT_3D ( 'NONE', #1393, #2805, #2765 ) ;
#3422 = ORIENTED_EDGE ( 'NONE', *, *, #1854, .F. ) ;
#3423 = AXIS2_PLACEMENT_3D ( 'NONE', #742, #194, #2109 ) ;
#3424 = CARTESIAN_POINT ( 'NONE',  ( 0.000000000000000000, 0.000000000000000000, 37.76399233727723725 ) ) ;
#3425 = CIRCLE ( 'NONE', #1610, 1.000000000000000888 ) ;
#3426 = ORIENTED_EDGE ( 'NONE', *, *, #3075, .F. ) ;
#3427 = ORIENTED_EDGE ( 'NONE', *, *, #2485, .T. ) ;
#3428 = AXIS2_PLACEMENT_3D ( 'NONE', #3357, #1338, #1635 ) ;
#3429 = AXIS2_PLACEMENT_3D ( 'NONE', #1163, #48, #3163 ) ;
#3430 = CARTESIAN_POINT ( 'NONE',  ( 19.86714152748543682, -6.499999999999995559, -27.34477440987333452 ) ) ;
#3431 = EDGE_CURVE ( 'NONE', #1962, #3271, #3321, .T. ) ;
#3432 = AXIS2_PLACEMENT_3D ( 'NONE', #1907, #3069, #3631 ) ;
#3433 = ADVANCED_FACE ( 'NONE', ( #1373, #1035 ), #785, .F. ) ;
#3434 = DIRECTION ( 'NONE',  ( -0.000000000000000000, 1.000000000000000000, -0.000000000000000000 ) ) ;
#3435 = DIRECTION ( 'NONE',  ( 0.000000000000000000, 0.000000000000000000, 1.000000000000000000 ) ) ;
#3436 = EDGE_CURVE ( 'NONE', #3693, #1475, #2839, .T. ) ;
#3437 = CARTESIAN_POINT ( 'NONE',  ( 3.700000000000000622, -4.499999999999995559, 32.79191973642287650 ) ) ;
#3438 = DIRECTION ( 'NONE',  ( -0.000000000000000000, 1.000000000000000000, -0.000000000000000000 ) ) ;
#3439 = ORIENTED_EDGE ( 'NONE', *, *, #2365, .F. ) ;
#3440 = CARTESIAN_POINT ( 'NONE',  ( 0.000000000000000000, -6.499999999999995559, 0.000000000000000000 ) ) ;
#3441 = CIRCLE ( 'NONE', #1086, 2.299999999999999822 ) ;
#3442 = DIRECTION ( 'NONE',  ( -0.000000000000000000, 1.000000000000000000, -0.000000000000000000 ) ) ;
#3443 = ORIENTED_EDGE ( 'NONE', *, *, #2909, .F. ) ;
#3444 = ORIENTED_EDGE ( 'NONE', *, *, #415, .T. ) ;
#3445 = CIRCLE ( 'NONE', #2173, 41.00000000000000000 ) ;
#3446 = CYLINDRICAL_SURFACE ( 'NONE', #1956, 1.749999999999998002 ) ;
#3447 = ORIENTED_EDGE ( 'NONE', *, *, #233, .F. ) ;
#3448 = ORIENTED_EDGE ( 'NONE', *, *, #39, .F. ) ;
#3449 = DIRECTION ( 'NONE',  ( 0.000000000000000000, 0.000000000000000000, 1.000000000000000000 ) ) ;
#3450 = DIRECTION ( 'NONE',  ( -0.000000000000000000, 1.000000000000000000, -0.000000000000000000 ) ) ;
#3451 = CIRCLE ( 'NONE', #1637, 1.099999999999996758 ) ;
#3452 = DIRECTION ( 'NONE',  ( -0.000000000000000000, 1.000000000000000000, -0.000000000000000000 ) ) ;
#3453 = CARTESIAN_POINT ( 'NONE',  ( 1.160827175891403718, 28.91576920660791572, 37.48265585813150835 ) ) ;
#3454 = CARTESIAN_POINT ( 'NONE',  ( 24.64925306719489129, 11.07564014970510335, -28.27164559183620440 ) ) ;
#3455 = CARTESIAN_POINT ( 'NONE',  ( -19.86714152748583118, -4.499999999999995559, -25.59477440987304675 ) ) ;
#3456 = EDGE_CURVE ( 'NONE', #3271, #1962, #3441, .T. ) ;
#3457 = DIRECTION ( 'NONE',  ( 0.000000000000000000, 0.000000000000000000, 1.000000000000000000 ) ) ;
#3458 = DIRECTION ( 'NONE',  ( 0.000000000000000000, -1.000000000000000000, 0.000000000000000000 ) ) ;
#3459 = CARTESIAN_POINT ( 'NONE',  ( 30.80100689586839380, 11.32317264643299204, -27.14583685579315286 ) ) ;
#3460 = DIRECTION ( 'NONE',  ( 0.000000000000000000, -1.000000000000000000, 0.000000000000000000 ) ) ;
#3461 = EDGE_CURVE ( 'NONE', #1517, #1176, #2344, .T. ) ;
#3462 = VERTEX_POINT ( 'NONE', #548 ) ;
#3463 = ORIENTED_EDGE ( 'NONE', *, *, #230, .F. ) ;
#3464 = FACE_BOUND ( 'NONE', #697, .T. ) ;
#3465 = ORIENTED_EDGE ( 'NONE', *, *, #1906, .T. ) ;
#3466 = VERTEX_POINT ( 'NONE', #3100 ) ;
#3467 = CARTESIAN_POINT ( 'NONE',  ( 19.86714152748543682, -4.499999999999995559, -27.34477440987333452 ) ) ;
#3468 = CARTESIAN_POINT ( 'NONE',  ( -15.49999999999998934, -6.499999999999995559, 41.99999999999999289 ) ) ;
#3469 = AXIS2_PLACEMENT_3D ( 'NONE', #1369, #2524, #1664 ) ;
#3470 = CARTESIAN_POINT ( 'NONE',  ( 17.32499999999999574, -3.499999999999995115, -16.22499999999999787 ) ) ;
#3471 = DIRECTION ( 'NONE',  ( -0.000000000000000000, 1.000000000000000000, -0.000000000000000000 ) ) ;
#3472 = CARTESIAN_POINT ( 'NONE',  ( 28.57605541910986702, 4.983751639017303781, 18.25209732288214326 ) ) ;
#3473 = PLANE ( 'NONE',  #2229 ) ;
#3474 = CARTESIAN_POINT ( 'NONE',  ( -3.600000000000000089, 9.500000000000003553, 37.32680002357555082 ) ) ;
#3475 = CARTESIAN_POINT ( 'NONE',  ( 3.331039293680800447E-15, -5.900000000000012790, -27.19999999999999929 ) ) ;
#3476 = ADVANCED_FACE ( 'NONE', ( #2184, #3645 ), #1615, .F. ) ;
#3477 = ORIENTED_EDGE ( 'NONE', *, *, #302, .T. ) ;
#3478 = ORIENTED_EDGE ( 'NONE', *, *, #2203, .F. ) ;
#3479 = LINE ( 'NONE', #2543, #839 ) ;
#3480 = CARTESIAN_POINT ( 'NONE',  ( -29.84362863863176685, -4.499999999999995559, 15.86813882216303639 ) ) ;
#3481 = EDGE_LOOP ( 'NONE', ( #1758, #432, #930, #3189 ) ) ;
#3482 = ORIENTED_EDGE ( 'NONE', *, *, #547, .F. ) ;
#3483 = VECTOR ( 'NONE', #2111, 1000.000000000000000 ) ;
#3484 = CYLINDRICAL_SURFACE ( 'NONE', #3489, 1.100000000000000311 ) ;
#3485 = DIRECTION ( 'NONE',  ( 0.000000000000000000, 0.000000000000000000, -1.000000000000000000 ) ) ;
#3486 = CIRCLE ( 'NONE', #1849, 2.700000000000001066 ) ;
#3487 = CIRCLE ( 'NONE', #3238, 2.299999999999999822 ) ;
#3488 = FACE_OUTER_BOUND ( 'NONE', #2542, .T. ) ;
#3489 = AXIS2_PLACEMENT_3D ( 'NONE', #3152, #3183, #2603 ) ;
#3490 = CARTESIAN_POINT ( 'NONE',  ( 2.081899558550500280E-15, 0.000000000000000000, -17.00000000000000000 ) ) ;
#3491 = PLANE ( 'NONE',  #216 ) ;
#3492 = CARTESIAN_POINT ( 'NONE',  ( -0.9323744953321445594, 6.014920707883190332, 37.48911442271732852 ) ) ;
#3493 = DIRECTION ( 'NONE',  ( 0.000000000000000000, 0.000000000000000000, -1.000000000000000000 ) ) ;
#3494 = ORIENTED_EDGE ( 'NONE', *, *, #1928, .F. ) ;
#3495 = EDGE_LOOP ( 'NONE', ( #2064, #574, #1228, #2656 ) ) ;
#3496 = DIRECTION ( 'NONE',  ( 0.000000000000000000, 0.000000000000000000, 1.000000000000000000 ) ) ;
#3497 = DIRECTION ( 'NONE',  ( 1.000000000000000000, 0.000000000000000000, 1.224646799147353207E-16 ) ) ;
#3498 = AXIS2_PLACEMENT_3D ( 'NONE', #1671, #1884, #2508 ) ;
#3499 = EDGE_CURVE ( 'NONE', #1007, #269, #3196, .T. ) ;
#3500 = CARTESIAN_POINT ( 'NONE',  ( -18.86593926006957034, 10.32221370633931556, -32.41840892675738672 ) ) ;
#3501 = ORIENTED_EDGE ( 'NONE', *, *, #3003, .F. ) ;
#3502 = ORIENTED_EDGE ( 'NONE', *, *, #767, .T. ) ;
#3503 = AXIS2_PLACEMENT_3D ( 'NONE', #646, #116, #3215 ) ;
#3504 = ADVANCED_FACE ( 'NONE', ( #2786 ), #1017, .F. ) ;
#3505 = DIRECTION ( 'NONE',  ( 0.000000000000000000, 0.7071067811865454633, 0.7071067811865495711 ) ) ;
#3506 = DIRECTION ( 'NONE',  ( 0.000000000000000000, -1.000000000000000000, -0.000000000000000000 ) ) ;
#3507 = CARTESIAN_POINT ( 'NONE',  ( 0.000000000000000000, 9.500000000000003553, -41.00099999999999767 ) ) ;
#3508 = CARTESIAN_POINT ( 'NONE',  ( 2.862768682314213997, 27.69543196660545092, 37.39079765769857033 ) ) ;
#3509 = CARTESIAN_POINT ( 'NONE',  ( 1.578487738662634365, 9.999976335472624100, -37.47515226206536454 ) ) ;
#3510 = DIRECTION ( 'NONE',  ( -0.000000000000000000, -1.000000000000000000, -0.000000000000000000 ) ) ;
#3511 = DIRECTION ( 'NONE',  ( -0.000000000000000000, 1.000000000000000000, -0.000000000000000000 ) ) ;
#3513 = AXIS2_PLACEMENT_3D ( 'NONE', #2414, #710, #1262 ) ;
#3512 = AXIS2_PLACEMENT_3D ( 'NONE', #3071, #1039, #2225 ) ;
#3514 = CARTESIAN_POINT ( 'NONE',  ( -2.700000000000000178, 4.591545564695379333, 33.79999999999999716 ) ) ;
#3515 = DIRECTION ( 'NONE',  ( -0.000000000000000000, 1.000000000000000000, -0.000000000000000000 ) ) ;
#3516 = AXIS2_PLACEMENT_3D ( 'NONE', #2137, #2442, #1820 ) ;
#3517 = ORIENTED_EDGE ( 'NONE', *, *, #349, .T. ) ;
#3518 = VERTEX_POINT ( 'NONE', #1051 ) ;
#3519 = CARTESIAN_POINT ( 'NONE',  ( 2.326828918379971365E-15, -6.499999999999995559, 19.00000000000000355 ) ) ;
#3520 = VERTEX_POINT ( 'NONE', #3048 ) ;
#3521 = ORIENTED_EDGE ( 'NONE', *, *, #2701, .F. ) ;
#3522 = ADVANCED_FACE ( 'NONE', ( #477 ), #3660, .T. ) ;
#3523 = CARTESIAN_POINT ( 'NONE',  ( -29.84362863863176685, -4.499999999999995559, 17.61813882216303284 ) ) ;
#3524 = EDGE_CURVE ( 'NONE', #1833, #3159, #1929, .T. ) ;
#3525 = VERTEX_POINT ( 'NONE', #817 ) ;
#3526 = EDGE_CURVE ( 'NONE', #666, #750, #1957, .T. ) ;
#3527 = FACE_BOUND ( 'NONE', #971, .T. ) ;
#3528 = CARTESIAN_POINT ( 'NONE',  ( 19.86714152748543682, 0.000000000000000000, -25.59477440987333807 ) ) ;
#3529 = CIRCLE ( 'NONE', #1900, 0.2500000000000002220 ) ;
#3530 = CARTESIAN_POINT ( 'NONE',  ( -16.28124393624079858, -4.499999999999995559, -28.70402577842735781 ) ) ;
#3531 = LINE ( 'NONE', #3514, #3639 ) ;
#3532 = CARTESIAN_POINT ( 'NONE',  ( -1.159618052193788218, 12.91627534467776783, 37.48270071071447518 ) ) ;
#3533 = VERTEX_POINT ( 'NONE', #2291 ) ;
#3534 = DIRECTION ( 'NONE',  ( 0.000000000000000000, 0.000000000000000000, -1.000000000000000000 ) ) ;
#3535 = ORIENTED_EDGE ( 'NONE', *, *, #2460, .T. ) ;
#3536 = CARTESIAN_POINT ( 'NONE',  ( -0.9323744953321424500, 22.01492070788318856, 37.48911442271732852 ) ) ;
#3537 = EDGE_LOOP ( 'NONE', ( #936, #1511, #2074, #2083 ) ) ;
#3538 = ORIENTED_EDGE ( 'NONE', *, *, #2955, .T. ) ;
#3539 = CARTESIAN_POINT ( 'NONE',  ( -19.86714152748583118, -4.499999999999995559, -30.04477440987304604 ) ) ;
#3540 = ORIENTED_EDGE ( 'NONE', *, *, #719, .F. ) ;
#3541 = FACE_BOUND ( 'NONE', #1201, .T. ) ;
#3542 = CIRCLE ( 'NONE', #2638, 2.299999999999999822 ) ;
#3543 = ADVANCED_FACE ( 'NONE', ( #38 ), #3699, .T. ) ;
#3544 = LINE ( 'NONE', #2162, #3187 ) ;
#3545 = CARTESIAN_POINT ( 'NONE',  ( 12.17203246965781460, 40.46850625950612113, 35.50322542317378804 ) ) ;
#3546 = DIRECTION ( 'NONE',  ( -0.000000000000000000, 1.000000000000000000, -0.000000000000000000 ) ) ;
#3547 = EDGE_CURVE ( 'NONE', #2550, #2756, #3690, .T. ) ;
#3548 = CARTESIAN_POINT ( 'NONE',  ( -17.32499999999999929, -3.499999999999995115, 17.32500000000000284 ) ) ;
#3549 = ADVANCED_FACE ( 'NONE', ( #348 ), #1465, .T. ) ;
#3550 = CYLINDRICAL_SURFACE ( 'NONE', #1533, 32.00000000000000000 ) ;
#3551 = CIRCLE ( 'NONE', #1920, 17.00000000000000000 ) ;
#3552 = VECTOR ( 'NONE', #1080, 1000.000000000000000 ) ;
#3553 = DIRECTION ( 'NONE',  ( -1.000000000000000000, 0.000000000000000000, 0.000000000000000000 ) ) ;
#3554 = CIRCLE ( 'NONE', #2837, 2.700000000000001066 ) ;
#3555 = CARTESIAN_POINT ( 'NONE',  ( -3.600000000000000089, 9.500000000000003553, 37.32680002357555082 ) ) ;
#3556 = CARTESIAN_POINT ( 'NONE',  ( 0.000000000000000000, 25.50000000000000355, -41.00099999999999767 ) ) ;
#3557 = ORIENTED_EDGE ( 'NONE', *, *, #2536, .F. ) ;
#3558 = CARTESIAN_POINT ( 'NONE',  ( -1.161256095793428811, 22.08427794483449702, 37.48264998781112212 ) ) ;
#3559 = EDGE_LOOP ( 'NONE', ( #809, #36, #2903, #2989 ) ) ;
#3560 = AXIS2_PLACEMENT_3D ( 'NONE', #1068, #3376, #3682 ) ;
#3561 = DIRECTION ( 'NONE',  ( -0.000000000000000000, -1.000000000000000000, -0.000000000000000000 ) ) ;
#3562 = PRODUCT_DEFINITION_FORMATION_WITH_SPECIFIED_SOURCE ( 'ANY', '', #1552, .NOT_KNOWN. ) ;
#3563 = ORIENTED_EDGE ( 'NONE', *, *, #1555, .F. ) ;
#3564 = DIRECTION ( 'NONE',  ( 0.000000000000000000, 0.000000000000000000, 1.000000000000000000 ) ) ;
#3565 = CYLINDRICAL_SURFACE ( 'NONE', #2155, 2.299999999999999822 ) ;
#3566 = LINE ( 'NONE', #57, #3574 ) ;
#3567 = DIRECTION ( 'NONE',  ( 0.000000000000000000, 0.000000000000000000, 1.000000000000000000 ) ) ;
#3568 = CARTESIAN_POINT ( 'NONE',  ( -3.123044677442671890, 27.30597420947981746, 37.36995685457959127 ) ) ;
#3569 = DIRECTION ( 'NONE',  ( 0.000000000000000000, 0.000000000000000000, 1.000000000000000000 ) ) ;
#3570 = EDGE_CURVE ( 'NONE', #3124, #491, #906, .T. ) ;
#3571 = PLANE ( 'NONE',  #3123 ) ;
#3572 = CYLINDRICAL_SURFACE ( 'NONE', #3161, 1.100000000000000311 ) ;
#3573 = VERTEX_POINT ( 'NONE', #2253 ) ;
#3574 = VECTOR ( 'NONE', #3506, 1000.000000000000000 ) ;
#3575 = FACE_OUTER_BOUND ( 'NONE', #881, .T. ) ;
#3576 = ADVANCED_FACE ( 'NONE', ( #3488 ), #6, .F. ) ;
#3577 = CIRCLE ( 'NONE', #635, 1.000000000000000888 ) ;
#3578 = CARTESIAN_POINT ( 'NONE',  ( 0.000000000000000000, 25.50000000000000355, -41.00099999999999767 ) ) ;
#3579 = ORIENTED_EDGE ( 'NONE', *, *, #895, .F. ) ;
#3580 = CARTESIAN_POINT ( 'NONE',  ( -17.32499999999999929, 0.000000000000000000, 17.32500000000000284 ) ) ;
#3581 = EDGE_LOOP ( 'NONE', ( #3667, #3090, #2882, #2942 ) ) ;
#3582 = VERTEX_POINT ( 'NONE', #2619 ) ;
#3583 = CARTESIAN_POINT ( 'NONE',  ( 17.32500000000000284, -13.00538238691623150, 17.32499999999999929 ) ) ;
#3584 = CARTESIAN_POINT ( 'NONE',  ( 31.11120185815366312, 4.983751639017303781, 13.48418032144392953 ) ) ;
#3585 = LINE ( 'NONE', #3282, #1688 ) ;
#3586 = CARTESIAN_POINT ( 'NONE',  ( 2.700000000000000178, -4.499999999999995559, 33.79999999999999716 ) ) ;
#3587 = CARTESIAN_POINT ( 'NONE',  ( -21.59318273417247980, -4.499999999999996447, -23.61640233838836878 ) ) ;
#3588 = CARTESIAN_POINT ( 'NONE',  ( -17.32499999999999929, -13.00538238691623150, -17.32499999999999574 ) ) ;
#3589 = CARTESIAN_POINT ( 'NONE',  ( 17.32499999999999574, -3.499999999999996003, -15.02499999999999680 ) ) ;
#3590 = PLANE ( 'NONE',  #2035 ) ;
#3591 = ORIENTED_EDGE ( 'NONE', *, *, #1418, .T. ) ;
#3592 = EDGE_CURVE ( 'NONE', #2712, #1061, #565, .T. ) ;
#3593 = CARTESIAN_POINT ( 'NONE',  ( 0.000000000000000000, 0.000000000000000000, 0.000000000000000000 ) ) ;
#3594 = EDGE_CURVE ( 'NONE', #882, #2879, #1138, .T. ) ;
#3595 = FACE_OUTER_BOUND ( 'NONE', #1608, .T. ) ;
#3596 = VERTEX_POINT ( 'NONE', #3470 ) ;
#3597 = EDGE_CURVE ( 'NONE', #375, #3164, #3185, .T. ) ;
#3598 = DIRECTION ( 'NONE',  ( -0.000000000000000000, 1.000000000000000000, -0.000000000000000000 ) ) ;
#3599 = ORIENTED_EDGE ( 'NONE', *, *, #1253, .T. ) ;
#3600 = CARTESIAN_POINT ( 'NONE',  ( 17.32500000000000284, -3.499999999999996003, 19.62500000000000000 ) ) ;
#3601 = CARTESIAN_POINT ( 'NONE',  ( 17.13303052820009498, 39.62799004485690801, 33.36605598455328447 ) ) ;
#3602 = PLANE ( 'NONE',  #2523 ) ;
#3603 = AXIS2_PLACEMENT_3D ( 'NONE', #2688, #1473, #771 ) ;
#3604 = DIRECTION ( 'NONE',  ( -0.000000000000000000, -0.000000000000000000, 1.000000000000000000 ) ) ;
#3605 = AXIS2_PLACEMENT_3D ( 'NONE', #2946, #454, #385 ) ;
#3606 = CARTESIAN_POINT ( 'NONE',  ( -21.59318273417248335, 0.000000000000000000, -23.61640233838836522 ) ) ;
#3607 = CARTESIAN_POINT ( 'NONE',  ( -27.19999999999999929, -3.499999999999995115, 0.000000000000000000 ) ) ;
#3608 = ORIENTED_EDGE ( 'NONE', *, *, #1512, .T. ) ;
#3609 = CARTESIAN_POINT ( 'NONE',  ( 197.4901151310308762, 13.93425673164863632, -20.20080457069262536 ) ) ;
#3610 = DIRECTION ( 'NONE',  ( -0.000000000000000000, 1.000000000000000000, -0.000000000000000000 ) ) ;
#3611 = VECTOR ( 'NONE', #1895, 1000.000000000000114 ) ;
#3612 = ORIENTED_EDGE ( 'NONE', *, *, #2067, .T. ) ;
#3613 = CARTESIAN_POINT ( 'NONE',  ( -25.23485131049563890, 39.45387863972694475, 33.00306469613355631 ) ) ;
#3614 = AXIS2_PLACEMENT_3D ( 'NONE', #1689, #2854, #2268 ) ;
#3615 = VECTOR ( 'NONE', #3322, 1000.000000000000114 ) ;
#3616 = CARTESIAN_POINT ( 'NONE',  ( -31.59394712119210880, 13.93425673164863632, -20.20080457069264313 ) ) ;
#3617 = ORIENTED_EDGE ( 'NONE', *, *, #2017, .T. ) ;
#3618 = EDGE_CURVE ( 'NONE', #232, #3622, #153, .T. ) ;
#3619 = DIRECTION ( 'NONE',  ( -0.000000000000000000, 1.000000000000000000, -0.000000000000000000 ) ) ;
#3620 = EDGE_CURVE ( 'NONE', #3150, #732, #273, .T. ) ;
#3621 = EDGE_CURVE ( 'NONE', #2676, #821, #1089, .T. ) ;
#3622 = VERTEX_POINT ( 'NONE', #1994 ) ;
#3623 = VERTEX_POINT ( 'NONE', #1707 ) ;
#3624 = CARTESIAN_POINT ( 'NONE',  ( 25.00000000000000000, 41.50000000000000000, 41.99999999999999289 ) ) ;
#3625 = CARTESIAN_POINT ( 'NONE',  ( 19.86714152748543682, 4.286263797015747072E-17, -25.59477440987333807 ) ) ;
#3626 = AXIS2_PLACEMENT_3D ( 'NONE', #692, #725, #1575 ) ;
#3627 = LINE ( 'NONE', #1034, #3615 ) ;
#3628 = EDGE_CURVE ( 'NONE', #265, #2250, #2972, .T. ) ;
#3629 = DIRECTION ( 'NONE',  ( 0.5877852522924685852, 0.000000000000000000, -0.8090169943749507819 ) ) ;
#3630 = DIRECTION ( 'NONE',  ( 0.000000000000000000, 0.000000000000000000, 1.000000000000000000 ) ) ;
#3631 = DIRECTION ( 'NONE',  ( 0.000000000000000000, 0.000000000000000000, 1.000000000000000000 ) ) ;
#3632 = CARTESIAN_POINT ( 'NONE',  ( -29.76057345823567246, -4.499999999999996447, 11.76045353874408939 ) ) ;
#3633 = FACE_BOUND ( 'NONE', #3077, .T. ) ;
#3634 = ORIENTED_EDGE ( 'NONE', *, *, #3273, .T. ) ;
#3635 = LINE ( 'NONE', #1601, #122 ) ;
#3636 = CARTESIAN_POINT ( 'NONE',  ( -29.41291238190148150, 12.60951721335608333, -23.27497266540492404 ) ) ;
#3637 = VECTOR ( 'NONE', #2189, 1000.000000000000000 ) ;
#3638 = ORIENTED_EDGE ( 'NONE', *, *, #1912, .T. ) ;
#3639 = VECTOR ( 'NONE', #2055, 1000.000000000000000 ) ;
#3640 = EDGE_LOOP ( 'NONE', ( #2799, #661, #3538, #2366, #1117 ) ) ;
#3641 = DIRECTION ( 'NONE',  ( 0.000000000000000000, 1.000000000000000000, -9.912705577010316675E-16 ) ) ;
#3642 = ADVANCED_FACE ( 'NONE', ( #25 ), #2108, .T. ) ;
#3643 = CYLINDRICAL_SURFACE ( 'NONE', #609, 2.700000000000001066 ) ;
#3644 = EDGE_CURVE ( 'NONE', #1890, #1866, #3445, .T. ) ;
#3645 = FACE_BOUND ( 'NONE', #3367, .T. ) ;
#3646 = DIRECTION ( 'NONE',  ( -0.000000000000000000, 1.000000000000000000, -0.000000000000000000 ) ) ;
#3647 = ADVANCED_FACE ( 'NONE', ( #1520 ), #133, .F. ) ;
#3648 = CYLINDRICAL_SURFACE ( 'NONE', #285, 1.000000000000000888 ) ;
#3649 = DIRECTION ( 'NONE',  ( -0.000000000000000000, 1.000000000000000000, -0.000000000000000000 ) ) ;
#3650 = ORIENTED_EDGE ( 'NONE', *, *, #208, .T. ) ;
#3651 = DIRECTION ( 'NONE',  ( -0.000000000000000000, 1.000000000000000000, -0.000000000000000000 ) ) ;
#3652 = AXIS2_PLACEMENT_3D ( 'NONE', #781, #816, #1668 ) ;
#3653 = ORIENTED_EDGE ( 'NONE', *, *, #1227, .F. ) ;
#3654 = VERTEX_POINT ( 'NONE', #2718 ) ;
#3655 = EDGE_LOOP ( 'NONE', ( #3166, #361, #1937, #927 ) ) ;
#3656 = DIRECTION ( 'NONE',  ( 0.000000000000000000, 0.000000000000000000, -1.000000000000000000 ) ) ;
#3657 = LINE ( 'NONE', #3374, #1613 ) ;
#3658 = CARTESIAN_POINT ( 'NONE',  ( -19.86714152748583118, -4.499999999999995559, -27.34477440987304320 ) ) ;
#3659 = ADVANCED_FACE ( 'NONE', ( #2406, #3541, #3298, #702, #2367, #1780, #2084, #366, #689, #3527, #2140 ), #434, .T. ) ;
#3660 = CYLINDRICAL_SURFACE ( 'NONE', #3560, 1.000000000000000888 ) ;
#3661 = ADVANCED_FACE ( 'NONE', ( #79 ), #1553, .F. ) ;
#3662 = CARTESIAN_POINT ( 'NONE',  ( 19.00000000000000000, 41.50000000000000000, 45.00000000000000000 ) ) ;
#3663 = EDGE_CURVE ( 'NONE', #3582, #865, #332, .T. ) ;
#3664 = ADVANCED_FACE ( 'NONE', ( #3233 ), #2425, .F. ) ;
#3665 = CARTESIAN_POINT ( 'NONE',  ( 19.35571357602859521, 41.40009783909289354, 39.95602574880600599 ) ) ;
#3666 = ORIENTED_EDGE ( 'NONE', *, *, #2295, .F. ) ;
#3667 = ORIENTED_EDGE ( 'NONE', *, *, #830, .T. ) ;
#3668 = VECTOR ( 'NONE', #1827, 1000.000000000000000 ) ;
#3669 = CARTESIAN_POINT ( 'NONE',  ( 26.93908801236809580, 11.63276182402471903, -26.13376039764799685 ) ) ;
#3670 = LINE ( 'NONE', #2227, #1735 ) ;
#3671 = DIRECTION ( 'NONE',  ( -0.000000000000000000, 1.000000000000000000, -0.000000000000000000 ) ) ;
#3672 = VECTOR ( 'NONE', #238, 1000.000000000000000 ) ;
#3673 = VERTEX_POINT ( 'NONE', #668 ) ;
#3674 = ORIENTED_EDGE ( 'NONE', *, *, #1451, .F. ) ;
#3675 = AXIS2_PLACEMENT_3D ( 'NONE', #1823, #2369, #2085 ) ;
#3676 = CARTESIAN_POINT ( 'NONE',  ( -27.19999999999999929, -3.499999999999995115, 0.000000000000000000 ) ) ;
#3677 = ORIENTED_EDGE ( 'NONE', *, *, #915, .F. ) ;
#3678 = ORIENTED_EDGE ( 'NONE', *, *, #1764, .T. ) ;
#3679 = CARTESIAN_POINT ( 'NONE',  ( 19.86714152748543682, -4.499999999999995559, -29.09477440987333452 ) ) ;
#3680 = LINE ( 'NONE', #2218, #501 ) ;
#3681 = DIRECTION ( 'NONE',  ( -3.469446951953611033E-15, 0.000000000000000000, -1.000000000000000000 ) ) ;
#3682 = DIRECTION ( 'NONE',  ( 0.000000000000000000, 0.000000000000000000, 1.000000000000000000 ) ) ;
#3683 = AXIS2_PLACEMENT_3D ( 'NONE', #2325, #2012, #1721 ) ;
#3684 = CARTESIAN_POINT ( 'NONE',  ( -31.59394712119210880, 13.93425673164863632, -20.20080457069264313 ) ) ;
#3685 = DIRECTION ( 'NONE',  ( 1.000000000000000000, -0.000000000000000000, 4.531410798447630266E-16 ) ) ;
#3686 = CARTESIAN_POINT ( 'NONE',  ( 17.68279564267306725, -4.499999999999995559, -28.93179459106299944 ) ) ;
#3687 = ORIENTED_EDGE ( 'NONE', *, *, #2746, .F. ) ;
#3688 = ADVANCED_FACE ( 'NONE', ( #419 ), #403, .F. ) ;
#3689 = DIRECTION ( 'NONE',  ( -0.000000000000000000, 1.000000000000000000, -0.000000000000000000 ) ) ;
#3690 = B_SPLINE_CURVE_WITH_KNOTS ( 'NONE', 3,
 ( #869, #2050, #1761, #1745, #3202, #2565, #3154, #582, #2910, #854, #3413, #617, #832, #2893, #597, #1391, #1408, #564 ),
 .UNSPECIFIED., .F., .F.,
 ( 4, 2, 2, 2, 2, 2, 2, 2, 4 ),
 ( 0.01689400464214614594, 0.01759735479381548465, 0.01830070494548482335, 0.01900405509715416205, 0.01970740524882349728, 0.02041075540049283599, 0.02111410555216217469, 0.02181745570383151686, 0.02252080585550085903 ),
 .UNSPECIFIED. ) ;
#3691 = CARTESIAN_POINT ( 'NONE',  ( 0.000000000000000000, -4.499999999999995559, 0.000000000000000000 ) ) ;
#3692 = ORIENTED_EDGE ( 'NONE', *, *, #3461, .T. ) ;
#3693 = VERTEX_POINT ( 'NONE', #1538 ) ;
#3694 = EDGE_CURVE ( 'NONE', #813, #3109, #2068, .T. ) ;
#3695 = ORIENTED_EDGE ( 'NONE', *, *, #3644, .T. ) ;
#3696 = EDGE_LOOP ( 'NONE', ( #1661, #2353 ) ) ;
#3697 = VECTOR ( 'NONE', #2148, 1000.000000000000000 ) ;
#3698 = CARTESIAN_POINT ( 'NONE',  ( 0.000000000000000000, 0.000000000000000000, 0.000000000000000000 ) ) ;
#3699 = CYLINDRICAL_SURFACE ( 'NONE', #3683, 1.000000000000000888 ) ;
#3700 = DIRECTION ( 'NONE',  ( -3.469446951953611033E-15, 0.000000000000000000, -1.000000000000000000 ) ) ;
#3701 = CARTESIAN_POINT ( 'NONE',  ( -29.29296005236483325, 10.96955207984177427, -28.70753128707210422 ) ) ;
#3702 = DIRECTION ( 'NONE',  ( 0.000000000000000000, 0.000000000000000000, 1.000000000000000000 ) ) ;
#3703 = ORIENTED_EDGE ( 'NONE', *, *, #3409, .T. ) ;
#3704 = CARTESIAN_POINT ( 'NONE',  ( 17.32499999999999574, 0.000000000000000000, -16.22499999999999787 ) ) ;
#3705 = CARTESIAN_POINT ( 'NONE',  ( -19.00000000000000000, 41.50000000000000000, 45.00000000000000000 ) ) ;
#3706 = CARTESIAN_POINT ( 'NONE',  ( 0.000000000000000000, 0.000000000000000000, 0.000000000000000000 ) ) ;
#3707 = ORIENTED_EDGE ( 'NONE', *, *, #811, .T. ) ;
#3708 = ORIENTED_EDGE ( 'NONE', *, *, #2362, .F. ) ;
ENDSEC;
END-ISO-10303-21;
