ISO-10303-21;
HEADER;
FILE_DESCRIPTION (( 'STEP AP214' ),
    '1' );
FILE_NAME ('B4-Blackmagic.STEP',
    '2026-02-02T19:53:51',
    ( '' ),
    ( '' ),
    '',
    '',
    '' );
FILE_SCHEMA (( 'AUTOMOTIVE_DESIGN' ));
ENDSEC;

DATA;
#1 = DIRECTION ( 'NONE',  ( 0.000000000000000000, -1.541976423090498592E-15, -1.000000000000000000 ) ) ;
#2 = ORIENTED_EDGE ( 'NONE', *, *, #416, .T. ) ;
#3 = ADVANCED_FACE ( 'NONE', ( #616, #1002 ), #1866, .T. ) ;
#4 = CIRCLE ( 'NONE', #521, 34.33728788295096024 ) ;
#5 = CARTESIAN_POINT ( 'NONE',  ( 41.39999999999999858, -15.72729735332727152, -29.57874436077409186 ) ) ;
#6 = CARTESIAN_POINT ( 'NONE',  ( 27.49616766069157237, -34.27219162920374629, 2.113343343564326293 ) ) ;
#7 = CARTESIAN_POINT ( 'NONE',  ( 41.39999999999999858, -33.50000000000000000, -2.249999999999995115 ) ) ;
#8 = VECTOR ( 'NONE', #2165, 1000.000000000000000 ) ;
#9 = VERTEX_POINT ( 'NONE', #130 ) ;
#10 = ORIENTED_EDGE ( 'NONE', *, *, #604, .F. ) ;
#11 = CARTESIAN_POINT ( 'NONE',  ( 41.39999999999999858, 0.000000000000000000, 0.000000000000000000 ) ) ;
#12 = DIRECTION ( 'NONE',  ( -1.000000000000000000, -0.000000000000000000, -0.000000000000000000 ) ) ;
#13 = ORIENTED_EDGE ( 'NONE', *, *, #1873, .T. ) ;
#14 = CARTESIAN_POINT ( 'NONE',  ( 12.00000000000000000, 27.10206931156085375, 19.69080595179769944 ) ) ;
#15 = EDGE_CURVE ( 'NONE', #1286, #1599, #118, .T. ) ;
#16 = ORIENTED_EDGE ( 'NONE', *, *, #743, .T. ) ;
#17 = CARTESIAN_POINT ( 'NONE',  ( 56.00000000000000000, 0.000000000000000000, -14.99999999999999822 ) ) ;
#18 = CIRCLE ( 'NONE', #1454, 0.5999999999999999778 ) ;
#19 = DIRECTION ( 'NONE',  ( 0.000000000000000000, 0.000000000000000000, -1.000000000000000000 ) ) ;
#20 = CYLINDRICAL_SURFACE ( 'NONE', #2182, 16.59999999999999787 ) ;
#21 = VERTEX_POINT ( 'NONE', #1719 ) ;
#22 = CARTESIAN_POINT ( 'NONE',  ( 21.71947908554916395, 0.000000000000000000, 0.000000000000000000 ) ) ;
#23 = AXIS2_PLACEMENT_3D ( 'NONE', #1076, #1686, #1145 ) ;
#24 = EDGE_LOOP ( 'NONE', ( #464, #1181, #1363, #46 ) ) ;
#25 = LINE ( 'NONE', #572, #859 ) ;
#26 = LINE ( 'NONE', #1997, #903 ) ;
#27 = CIRCLE ( 'NONE', #432, 20.99999999999999645 ) ;
#28 = ORIENTED_EDGE ( 'NONE', *, *, #1902, .T. ) ;
#29 = CARTESIAN_POINT ( 'NONE',  ( 9.199999999999999289, 20.99999999999999645, 0.000000000000000000 ) ) ;
#30 = ORIENTED_EDGE ( 'NONE', *, *, #1359, .F. ) ;
#31 = PLANE ( 'NONE',  #1397 ) ;
#32 = ADVANCED_FACE ( 'NONE', ( #825 ), #1528, .F. ) ;
#33 = EDGE_CURVE ( 'NONE', #2217, #963, #972, .T. ) ;
#34 = DIRECTION ( 'NONE',  ( 1.000000000000000000, 0.000000000000000000, 0.000000000000000000 ) ) ;
#35 = CARTESIAN_POINT ( 'NONE',  ( 29.48282196526073307, -16.96059789842053434, 31.46308270079189384 ) ) ;
#36 = AXIS2_PLACEMENT_3D ( 'NONE', #956, #1856, #120 ) ;
#37 = EDGE_LOOP ( 'NONE', ( #159, #1853 ) ) ;
#38 = DIRECTION ( 'NONE',  ( 0.000000000000000000, 0.000000000000000000, -1.000000000000000000 ) ) ;
#39 = DIRECTION ( 'NONE',  ( 0.8162712117049039096, 7.074403173219231859E-17, 0.5776688575142405746 ) ) ;
#40 = PLANE ( 'NONE',  #1279 ) ;
#41 = ORIENTED_EDGE ( 'NONE', *, *, #2219, .T. ) ;
#42 = DIRECTION ( 'NONE',  ( 0.000000000000000000, 0.000000000000000000, -1.000000000000000000 ) ) ;
#43 = VERTEX_POINT ( 'NONE', #198 ) ;
#44 = CARTESIAN_POINT ( 'NONE',  ( 27.49616766069157237, 0.000000000000000000, 0.000000000000000000 ) ) ;
#45 = CARTESIAN_POINT ( 'NONE',  ( 27.49616766069157592, -14.22384794617517123, -31.25270370321164748 ) ) ;
#46 = ORIENTED_EDGE ( 'NONE', *, *, #33, .F. ) ;
#47 = EDGE_CURVE ( 'NONE', #2191, #1353, #25, .T. ) ;
#48 = DIRECTION ( 'NONE',  ( 0.8162712117049039096, 0.000000000000000000, -0.5776688575142405746 ) ) ;
#49 = LINE ( 'NONE', #1586, #1975 ) ;
#50 = AXIS2_PLACEMENT_3D ( 'NONE', #1039, #1563, #342 ) ;
#51 = EDGE_LOOP ( 'NONE', ( #1688, #1146, #1311, #2243 ) ) ;
#52 = CARTESIAN_POINT ( 'NONE',  ( 41.39999999999999858, 27.10206931156085375, 19.69080595179769944 ) ) ;
#53 = EDGE_CURVE ( 'NONE', #1009, #606, #760, .T. ) ;
#54 = AXIS2_PLACEMENT_3D ( 'NONE', #836, #1136, #139 ) ;
#55 = DIRECTION ( 'NONE',  ( 0.000000000000000000, 0.000000000000000000, -1.000000000000000000 ) ) ;
#56 = DIRECTION ( 'NONE',  ( 1.000000000000000000, 0.000000000000000000, 0.000000000000000000 ) ) ;
#57 = VECTOR ( 'NONE', #48, 1000.000000000000000 ) ;
#58 = CARTESIAN_POINT ( 'NONE',  ( 25.23992172415931634, 28.03916607223303359, 17.63901917992864909 ) ) ;
#59 = VERTEX_POINT ( 'NONE', #1600 ) ;
#60 = AXIS2_PLACEMENT_3D ( 'NONE', #1883, #303, #135 ) ;
#61 = CARTESIAN_POINT ( 'NONE',  ( 28.24799769714182318, -14.73560574482295671, 31.60287625614340712 ) ) ;
#62 = CARTESIAN_POINT ( 'NONE',  ( 29.24551971159360875, -15.89195217490505740, -31.82874436077409541 ) ) ;
#63 = DIRECTION ( 'NONE',  ( 1.000000000000000000, 0.000000000000000000, 0.000000000000000000 ) ) ;
#64 = ORIENTED_EDGE ( 'NONE', *, *, #1575, .F. ) ;
#65 = VERTEX_POINT ( 'NONE', #1086 ) ;
#66 = DIRECTION ( 'NONE',  ( 0.000000000000000000, 0.000000000000000000, -1.000000000000000000 ) ) ;
#67 = CONICAL_SURFACE ( 'NONE', #2184, 2.274999999999999467, 0.7853981633973787790 ) ;
#68 = CARTESIAN_POINT ( 'NONE',  ( 25.71530305194645294, 25.58734671064202004, 21.35739336639809949 ) ) ;
#69 = VERTEX_POINT ( 'NONE', #235 ) ;
#70 = DIRECTION ( 'NONE',  ( 1.000000000000000000, 0.000000000000000000, 0.000000000000000000 ) ) ;
#71 = FACE_OUTER_BOUND ( 'NONE', #1838, .T. ) ;
#72 = CARTESIAN_POINT ( 'NONE',  ( 29.35465954248934395, 29.26049658534622111, 20.37112866970706548 ) ) ;
#73 = EDGE_CURVE ( 'NONE', #1881, #1548, #711, .T. ) ;
#74 = ADVANCED_FACE ( 'NONE', ( #1284 ), #1161, .T. ) ;
#75 = ORIENTED_EDGE ( 'NONE', *, *, #171, .F. ) ;
#76 = ORIENTED_EDGE ( 'NONE', *, *, #656, .T. ) ;
#77 = LINE ( 'NONE', #1622, #765 ) ;
#78 = FACE_OUTER_BOUND ( 'NONE', #1833, .T. ) ;
#79 = ORIENTED_EDGE ( 'NONE', *, *, #1647, .F. ) ;
#80 = DIRECTION ( 'NONE',  ( 0.000000000000000000, 0.000000000000000000, -1.000000000000000000 ) ) ;
#81 = EDGE_CURVE ( 'NONE', #665, #962, #1075, .T. ) ;
#82 = CARTESIAN_POINT ( 'NONE',  ( 29.23843785168884679, 29.31532661133845252, 20.14672828592102150 ) ) ;
#83 = ORIENTED_EDGE ( 'NONE', *, *, #604, .T. ) ;
#84 = DIRECTION ( 'NONE',  ( 0.000000000000000000, 0.000000000000000000, 1.000000000000000000 ) ) ;
#85 = CARTESIAN_POINT ( 'NONE',  ( 41.39999999999999858, 27.10206931156056598, -19.69080595179809023 ) ) ;
#86 = B_SPLINE_CURVE_WITH_KNOTS ( 'NONE', 3,
 ( #1109, #222, #930, #193, #1809, #58, #375, #2122, #1769, #207, #2108, #354 ),
 .UNSPECIFIED., .F., .F.,
 ( 4, 2, 2, 2, 2, 4 ),
 ( 1.971677659275990984E-07, 0.001534533626625385512, 0.003068870085484843181, 0.004603206544344301716, 0.005370374773774023829, 0.006137543003203746808 ),
 .UNSPECIFIED. ) ;
#87 = CARTESIAN_POINT ( 'NONE',  ( 22.74954652726068005, -17.01910434010695994, -27.73461776234145049 ) ) ;
#88 = ORIENTED_EDGE ( 'NONE', *, *, #2270, .T. ) ;
#89 = ORIENTED_EDGE ( 'NONE', *, *, #856, .F. ) ;
#90 = CARTESIAN_POINT ( 'NONE',  ( 18.19999999999999929, -21.00000000000000000, 2.571758278209441661E-15 ) ) ;
#91 = CARTESIAN_POINT ( 'NONE',  ( 27.49616766069157237, 28.96897751287832534, 18.43495812349463137 ) ) ;
#92 = AXIS2_PLACEMENT_3D ( 'NONE', #1791, #1657, #2140 ) ;
#93 = ORIENTED_EDGE ( 'NONE', *, *, #1337, .F. ) ;
#94 = CARTESIAN_POINT ( 'NONE',  ( 26.40733047702257963, 25.84987086104625220, -21.56367196503215666 ) ) ;
#95 = DIRECTION ( 'NONE',  ( 0.000000000000000000, 0.000000000000000000, -1.000000000000000000 ) ) ;
#96 = AXIS2_PLACEMENT_3D ( 'NONE', #658, #1357, #2062 ) ;
#97 = VECTOR ( 'NONE', #34, 1000.000000000000000 ) ;
#98 = CIRCLE ( 'NONE', #1792, 10.00000000000000178 ) ;
#99 = CARTESIAN_POINT ( 'NONE',  ( 28.26187994777057355, 29.24972289528596647, -19.00051175354294131 ) ) ;
#100 = EDGE_CURVE ( 'NONE', #922, #958, #1339, .T. ) ;
#101 = CIRCLE ( 'NONE', #1380, 2.249999999999995115 ) ;
#102 = CARTESIAN_POINT ( 'NONE',  ( 56.00000000000000000, 0.000000000000000000, -16.59999999999999787 ) ) ;
#103 = EDGE_CURVE ( 'NONE', #2068, #854, #402, .T. ) ;
#104 = AXIS2_PLACEMENT_3D ( 'NONE', #1818, #1951, #1078 ) ;
#105 = ORIENTED_EDGE ( 'NONE', *, *, #714, .F. ) ;
#106 = EDGE_CURVE ( 'NONE', #1725, #854, #1641, .T. ) ;
#107 = ORIENTED_EDGE ( 'NONE', *, *, #1876, .T. ) ;
#108 = CARTESIAN_POINT ( 'NONE',  ( 25.23992172415931634, -13.56505976719663309, 30.22116783263907180 ) ) ;
#109 = CARTESIAN_POINT ( 'NONE',  ( 28.43283512731344942, 27.26945808728626020, 21.94080595179769588 ) ) ;
#110 = EDGE_CURVE ( 'NONE', #1315, #1155, #1965, .T. ) ;
#111 = ORIENTED_EDGE ( 'NONE', *, *, #1807, .F. ) ;
#112 = ORIENTED_EDGE ( 'NONE', *, *, #144, .F. ) ;
#113 = ORIENTED_EDGE ( 'NONE', *, *, #920, .F. ) ;
#114 = DIRECTION ( 'NONE',  ( 1.000000000000000000, -2.645508165367081712E-33, 0.000000000000000000 ) ) ;
#115 = CARTESIAN_POINT ( 'NONE',  ( 29.33866668028035107, 29.25279674536183094, -20.36125926879615378 ) ) ;
#116 = DIRECTION ( 'NONE',  ( -1.000000000000000000, -0.000000000000000000, -0.000000000000000000 ) ) ;
#117 = CARTESIAN_POINT ( 'NONE',  ( 27.49616766069157237, 0.000000000000000000, 0.000000000000000000 ) ) ;
#118 = LINE ( 'NONE', #990, #636 ) ;
#119 = LINE ( 'NONE', #1153, #1007 ) ;
#120 = DIRECTION ( 'NONE',  ( 0.000000000000000000, 0.000000000000000000, -1.000000000000000000 ) ) ;
#121 = EDGE_CURVE ( 'NONE', #424, #873, #694, .T. ) ;
#122 = EDGE_LOOP ( 'NONE', ( #1505, #405 ) ) ;
#123 = CIRCLE ( 'NONE', #700, 2.249999999999995115 ) ;
#124 = ORIENTED_EDGE ( 'NONE', *, *, #750, .T. ) ;
#125 = CARTESIAN_POINT ( 'NONE',  ( 12.00000000000000355, 0.000000000000000000, 0.000000000000000000 ) ) ;
#126 = AXIS2_PLACEMENT_3D ( 'NONE', #1038, #687, #2238 ) ;
#127 = LINE ( 'NONE', #1863, #948 ) ;
#128 = DIRECTION ( 'NONE',  ( 1.000000000000000000, 0.000000000000000000, 0.000000000000000000 ) ) ;
#129 = DIRECTION ( 'NONE',  ( -1.000000000000000000, -0.000000000000000000, -0.000000000000000000 ) ) ;
#130 = CARTESIAN_POINT ( 'NONE',  ( 27.79999999999999716, 0.000000000000000000, -26.00000000000000355 ) ) ;
#131 = LINE ( 'NONE', #1731, #316 ) ;
#132 = DIRECTION ( 'NONE',  ( 1.000000000000000000, 0.000000000000000000, 0.000000000000000000 ) ) ;
#133 = AXIS2_PLACEMENT_3D ( 'NONE', #1516, #1729, #150 ) ;
#134 = ORIENTED_EDGE ( 'NONE', *, *, #1368, .F. ) ;
#135 = DIRECTION ( 'NONE',  ( 0.000000000000000000, 0.000000000000000000, -1.000000000000000000 ) ) ;
#136 = DIRECTION ( 'NONE',  ( -1.000000000000000000, -0.000000000000000000, -0.000000000000000000 ) ) ;
#137 = AXIS2_PLACEMENT_3D ( 'NONE', #2147, #573, #1642 ) ;
#138 = FACE_OUTER_BOUND ( 'NONE', #1134, .T. ) ;
#139 = DIRECTION ( 'NONE',  ( 0.000000000000000000, 0.000000000000000000, -1.000000000000000000 ) ) ;
#140 = DIRECTION ( 'NONE',  ( 0.000000000000000000, -1.000000000000000000, -2.118908098924512695E-16 ) ) ;
#141 = AXIS2_PLACEMENT_3D ( 'NONE', #1819, #1964, #1265 ) ;
#142 = CARTESIAN_POINT ( 'NONE',  ( 41.39999999999999858, 27.10206931156056598, -21.96580595179808881 ) ) ;
#143 = CARTESIAN_POINT ( 'NONE',  ( 21.71947908554916395, -32.43936567164178797, 1.984327296971974963 ) ) ;
#144 = EDGE_CURVE ( 'NONE', #491, #1030, #1520, .T. ) ;
#145 = ORIENTED_EDGE ( 'NONE', *, *, #1508, .F. ) ;
#146 = DIRECTION ( 'NONE',  ( -1.000000000000000000, -0.000000000000000000, -0.000000000000000000 ) ) ;
#147 = DIRECTION ( 'NONE',  ( -1.000000000000000000, -0.000000000000000000, -0.000000000000000000 ) ) ;
#148 = EDGE_CURVE ( 'NONE', #1008, #1663, #1557, .T. ) ;
#149 = ORIENTED_EDGE ( 'NONE', *, *, #121, .T. ) ;
#150 = DIRECTION ( 'NONE',  ( 0.000000000000000000, 0.000000000000000000, -1.000000000000000000 ) ) ;
#151 = VERTEX_POINT ( 'NONE', #1176 ) ;
#152 = FACE_BOUND ( 'NONE', #447, .T. ) ;
#153 = DIRECTION ( 'NONE',  ( 1.000000000000000000, 0.000000000000000000, 0.000000000000000000 ) ) ;
#154 = B_SPLINE_CURVE_WITH_KNOTS ( 'NONE', 3,
 ( #2241, #861, #520, #1226 ),
 .UNSPECIFIED., .F., .F.,
 ( 4, 4 ),
 ( 0.0004140405599151670332, 0.001391492238945400391 ),
 .UNSPECIFIED. ) ;
#155 = EDGE_CURVE ( 'NONE', #657, #768, #490, .T. ) ;
#156 = ORIENTED_EDGE ( 'NONE', *, *, #1036, .F. ) ;
#157 = CARTESIAN_POINT ( 'NONE',  ( 41.39999999999999858, 27.10206931156056598, -17.41580595179809166 ) ) ;
#158 = DIRECTION ( 'NONE',  ( 0.000000000000000000, 0.000000000000000000, -1.000000000000000000 ) ) ;
#159 = ORIENTED_EDGE ( 'NONE', *, *, #642, .T. ) ;
#160 = DIRECTION ( 'NONE',  ( 0.000000000000000000, 0.000000000000000000, -1.000000000000000000 ) ) ;
#161 = TOROIDAL_SURFACE ( 'NONE', #1332, 42.49999999999999289, 10.00000000000000000 ) ;
#162 = DIRECTION ( 'NONE',  ( 0.000000000000000000, 0.000000000000000000, -1.000000000000000000 ) ) ;
#163 = CARTESIAN_POINT ( 'NONE',  ( 43.90033132979046115, 1.836970198721029589E-15, 14.99999999999999822 ) ) ;
#164 = ORIENTED_EDGE ( 'NONE', *, *, #1908, .T. ) ;
#165 = LINE ( 'NONE', #2261, #2150 ) ;
#166 = DIRECTION ( 'NONE',  ( 0.000000000000000000, 3.083952846180997183E-15, -1.000000000000000000 ) ) ;
#167 = CONICAL_SURFACE ( 'NONE', #496, 2.274999999999999467, 0.7853981633974482790 ) ;
#168 = ADVANCED_FACE ( 'NONE', ( #1717 ), #1028, .F. ) ;
#169 = DIRECTION ( 'NONE',  ( 0.000000000000000000, 0.000000000000000000, -1.000000000000000000 ) ) ;
#170 = CARTESIAN_POINT ( 'NONE',  ( 41.39999999999999858, 27.10206931156085375, 21.96580595179769801 ) ) ;
#171 = EDGE_CURVE ( 'NONE', #237, #975, #824, .T. ) ;
#172 = DIRECTION ( 'NONE',  ( 1.000000000000000000, 0.000000000000000000, 0.000000000000000000 ) ) ;
#173 = VERTEX_POINT ( 'NONE', #287 ) ;
#174 = DIRECTION ( 'NONE',  ( -1.000000000000000000, 2.645508165367081712E-33, 0.000000000000000000 ) ) ;
#175 = CIRCLE ( 'NONE', #795, 2.249999999999995115 ) ;
#176 = EDGE_CURVE ( 'NONE', #980, #735, #1186, .T. ) ;
#177 = CARTESIAN_POINT ( 'NONE',  ( 0.000000000000000000, 0.000000000000000000, 0.000000000000000000 ) ) ;
#178 = VERTEX_POINT ( 'NONE', #1124 ) ;
#179 = CARTESIAN_POINT ( 'NONE',  ( 12.00000000000000000, 32.59999999999999432, 0.000000000000000000 ) ) ;
#180 = CARTESIAN_POINT ( 'NONE',  ( 28.88070826164180716, -35.29077007988129822, -1.366733745239094855 ) ) ;
#181 = CARTESIAN_POINT ( 'NONE',  ( 24.99817296738575223, -13.54820583123882294, -30.14471593877502542 ) ) ;
#182 = EDGE_LOOP ( 'NONE', ( #1382, #710 ) ) ;
#183 = EDGE_CURVE ( 'NONE', #681, #543, #1046, .T. ) ;
#184 = ORIENTED_EDGE ( 'NONE', *, *, #1228, .F. ) ;
#185 = CARTESIAN_POINT ( 'NONE',  ( 29.33232510580100794, -16.06404729861428393, -31.81124568815159392 ) ) ;
#186 = CARTESIAN_POINT ( 'NONE',  ( 28.10022003805838509, -14.60626951301708232, -31.54803654211504949 ) ) ;
#187 = EDGE_LOOP ( 'NONE', ( #2234, #901 ) ) ;
#188 = CARTESIAN_POINT ( 'NONE',  ( 27.49616766069157237, 26.48459341212287654, -21.85441948328045569 ) ) ;
#189 = ORIENTED_EDGE ( 'NONE', *, *, #1561, .T. ) ;
#190 = EDGE_LOOP ( 'NONE', ( #503, #1151 ) ) ;
#191 = DIRECTION ( 'NONE',  ( 1.000000000000000000, 0.000000000000000000, 0.000000000000000000 ) ) ;
#192 = CARTESIAN_POINT ( 'NONE',  ( 29.49395742204805515, -35.75118276891113567, 0.2876492950064591381 ) ) ;
#193 = CARTESIAN_POINT ( 'NONE',  ( 23.75858453815170890, 27.61969658589640275, 17.49954371121500429 ) ) ;
#194 = ORIENTED_EDGE ( 'NONE', *, *, #176, .T. ) ;
#195 = FILL_AREA_STYLE ('',( #1627 ) ) ;
#196 = ADVANCED_FACE ( 'NONE', ( #2043 ), #307, .T. ) ;
#197 = ORIENTED_EDGE ( 'NONE', *, *, #1978, .T. ) ;
#198 = CARTESIAN_POINT ( 'NONE',  ( 12.00000000000000000, -32.43936567164178797, 1.984327296971972299 ) ) ;
#199 = DIRECTION ( 'NONE',  ( 0.000000000000000000, 0.000000000000000000, -1.000000000000000000 ) ) ;
#200 = ORIENTED_EDGE ( 'NONE', *, *, #1974, .T. ) ;
#201 = CARTESIAN_POINT ( 'NONE',  ( 9.199999999999999289, 20.95328136593406754, -1.399999999999999467 ) ) ;
#202 = ORIENTED_EDGE ( 'NONE', *, *, #1737, .T. ) ;
#203 = PRODUCT ( 'B4-Blackmagic', 'B4-Blackmagic', '', ( #2022 ) ) ;
#204 = DIRECTION ( 'NONE',  ( 0.000000000000000000, 1.000000000000000000, 0.000000000000000000 ) ) ;
#205 = CIRCLE ( 'NONE', #1486, 28.70000000000000995 ) ;
#206 = CARTESIAN_POINT ( 'NONE',  ( 27.95745628686287176, -34.60803640470620479, 1.967857589928193818 ) ) ;
#207 = CARTESIAN_POINT ( 'NONE',  ( 27.07471475029575103, 28.78463508393005199, 18.19086331060314876 ) ) ;
#208 = ORIENTED_EDGE ( 'NONE', *, *, #673, .F. ) ;
#209 = DIRECTION ( 'NONE',  ( 0.000000000000000000, 0.000000000000000000, -1.000000000000000000 ) ) ;
#210 = CIRCLE ( 'NONE', #1619, 37.10000000000000142 ) ;
#211 = AXIS2_PLACEMENT_3D ( 'NONE', #1434, #1593, #1781 ) ;
#212 = AXIS2_PLACEMENT_3D ( 'NONE', #674, #153, #2228 ) ;
#213 = CARTESIAN_POINT ( 'NONE',  ( 29.49231861389803555, -16.95670296722973092, -31.47327823923869872 ) ) ;
#214 = DIRECTION ( 'NONE',  ( -0.000000000000000000, 0.000000000000000000, -1.000000000000000000 ) ) ;
#215 = CIRCLE ( 'NONE', #982, 2.274999999999999467 ) ;
#216 = AXIS2_PLACEMENT_3D ( 'NONE', #2199, #2213, #638 ) ;
#217 = VERTEX_POINT ( 'NONE', #846 ) ;
#218 = DIRECTION ( 'NONE',  ( 1.000000000000000000, 0.000000000000000000, 0.000000000000000000 ) ) ;
#219 = ORIENTED_EDGE ( 'NONE', *, *, #2270, .F. ) ;
#220 = EDGE_CURVE ( 'NONE', #21, #65, #1336, .T. ) ;
#221 = CARTESIAN_POINT ( 'NONE',  ( 7.199999999999998401, 23.00000000000000000, -1.399999999999999911 ) ) ;
#222 = CARTESIAN_POINT ( 'NONE',  ( 22.23827031267031273, 27.41035643598309335, 17.46202622986117348 ) ) ;
#223 = ORIENTED_EDGE ( 'NONE', *, *, #1131, .F. ) ;
#224 = CARTESIAN_POINT ( 'NONE',  ( 28.66229100455321444, -17.86899811034472663, -30.28393993287220454 ) ) ;
#225 = FACE_OUTER_BOUND ( 'NONE', #2119, .T. ) ;
#226 = VERTEX_POINT ( 'NONE', #1527 ) ;
#227 = FACE_OUTER_BOUND ( 'NONE', #949, .T. ) ;
#228 = CARTESIAN_POINT ( 'NONE',  ( 21.71947908554916395, 25.07763979421979172, -20.67273524116641781 ) ) ;
#229 = LINE ( 'NONE', #221, #1420 ) ;
#230 = CIRCLE ( 'NONE', #1514, 20.99999999999999645 ) ;
#231 = CARTESIAN_POINT ( 'NONE',  ( 29.24583105504474290, -15.89244955363876599, 31.82874436077409541 ) ) ;
#232 = ORIENTED_EDGE ( 'NONE', *, *, #2115, .T. ) ;
#233 = DIRECTION ( 'NONE',  ( 0.000000000000000000, 0.000000000000000000, -1.000000000000000000 ) ) ;
#234 = CIRCLE ( 'NONE', #1706, 16.59999999999999787 ) ;
#235 = CARTESIAN_POINT ( 'NONE',  ( 21.71947908554916395, 0.000000000000000000, -32.49999999999999289 ) ) ;
#236 = DIRECTION ( 'NONE',  ( 0.000000000000000000, 1.000000000000000000, 0.000000000000000000 ) ) ;
#237 = VERTEX_POINT ( 'NONE', #469 ) ;
#238 = ORIENTED_EDGE ( 'NONE', *, *, #425, .F. ) ;
#239 = FACE_OUTER_BOUND ( 'NONE', #383, .T. ) ;
#240 = VECTOR ( 'NONE', #318, 1000.000000000000000 ) ;
#241 = CYLINDRICAL_SURFACE ( 'NONE', #794, 14.99999999999999822 ) ;
#242 = EDGE_CURVE ( 'NONE', #450, #950, #1823, .T. ) ;
#243 = FACE_OUTER_BOUND ( 'NONE', #2045, .T. ) ;
#244 = ORIENTED_EDGE ( 'NONE', *, *, #1085, .T. ) ;
#245 = DIRECTION ( 'NONE',  ( 1.000000000000000000, 0.000000000000000000, 0.000000000000000000 ) ) ;
#246 = CARTESIAN_POINT ( 'NONE',  ( 18.20000000000000284, 27.79999999999999716, 0.000000000000000000 ) ) ;
#247 = CARTESIAN_POINT ( 'NONE',  ( 28.79824028581986184, 29.35388861698516294, 19.53323359621207800 ) ) ;
#248 = AXIS2_PLACEMENT_3D ( 'NONE', #1800, #727, #199 ) ;
#249 = EDGE_LOOP ( 'NONE', ( #300, #302, #1054, #208 ) ) ;
#250 = CARTESIAN_POINT ( 'NONE',  ( 21.71947908554916395, 0.000000000000000000, 0.000000000000000000 ) ) ;
#251 = CIRCLE ( 'NONE', #1535, 34.33728788295096024 ) ;
#252 = ADVANCED_FACE ( 'NONE', ( #1539 ), #633, .F. ) ;
#253 = DIRECTION ( 'NONE',  ( 0.000000000000000000, 0.000000000000000000, -1.000000000000000000 ) ) ;
#254 = EDGE_LOOP ( 'NONE', ( #2173, #1210, #1093, #2245, #1409, #308 ) ) ;
#255 = CIRCLE ( 'NONE', #36, 2.249999999999995115 ) ;
#256 = LINE ( 'NONE', #1473, #8 ) ;
#257 = EDGE_LOOP ( 'NONE', ( #2144, #1510, #1801, #75, #1478, #280, #232 ) ) ;
#258 = FACE_OUTER_BOUND ( 'NONE', #931, .T. ) ;
#259 = CARTESIAN_POINT ( 'NONE',  ( 27.29809643242993289, -34.12851469503011970, 2.165841261716911603 ) ) ;
#260 = DIRECTION ( 'NONE',  ( -1.000000000000000000, 0.000000000000000000, 0.000000000000000000 ) ) ;
#261 = VERTEX_POINT ( 'NONE', #1836 ) ;
#262 = ORIENTED_EDGE ( 'NONE', *, *, #242, .T. ) ;
#263 = DIRECTION ( 'NONE',  ( 1.000000000000000000, 0.000000000000000000, 0.000000000000000000 ) ) ;
#264 = DIRECTION ( 'NONE',  ( 1.000000000000000000, 0.000000000000000000, 0.000000000000000000 ) ) ;
#265 = ADVANCED_FACE ( 'NONE', ( #987, #598, #1694 ), #2236, .T. ) ;
#266 = VERTEX_POINT ( 'NONE', #1362 ) ;
#267 = CARTESIAN_POINT ( 'NONE',  ( 24.78937775777097841, -32.90310232607140506, 2.173639461005968165 ) ) ;
#268 = FACE_OUTER_BOUND ( 'NONE', #249, .T. ) ;
#269 = AXIS2_PLACEMENT_3D ( 'NONE', #664, #1004, #1223 ) ;
#270 = EDGE_CURVE ( 'NONE', #266, #1356, #1931, .T. ) ;
#271 = CARTESIAN_POINT ( 'NONE',  ( 41.37499999999999289, -15.72729735332727152, -29.57874436077409186 ) ) ;
#272 = ADVANCED_FACE ( 'NONE', ( #651 ), #2076, .T. ) ;
#273 = LINE ( 'NONE', #102, #762 ) ;
#274 = ORIENTED_EDGE ( 'NONE', *, *, #2044, .F. ) ;
#275 = VECTOR ( 'NONE', #923, 1000.000000000000000 ) ;
#276 = DIRECTION ( 'NONE',  ( -0.000000000000000000, 0.000000000000000000, -1.000000000000000000 ) ) ;
#277 = CARTESIAN_POINT ( 'NONE',  ( 22.23827031267031629, -13.47730268734291137, 29.57384507083478553 ) ) ;
#278 = AXIS2_PLACEMENT_3D ( 'NONE', #1349, #792, #996 ) ;
#279 = ORIENTED_EDGE ( 'NONE', *, *, #1837, .T. ) ;
#280 = ORIENTED_EDGE ( 'NONE', *, *, #1849, .F. ) ;
#281 = CARTESIAN_POINT ( 'NONE',  ( 18.20000000000000284, -27.79999999999999716, 3.404518101629641773E-15 ) ) ;
#282 = CARTESIAN_POINT ( 'NONE',  ( 27.49616766069157237, 0.000000000000000000, 0.000000000000000000 ) ) ;
#283 = CARTESIAN_POINT ( 'NONE',  ( 7.199999999999998401, 23.00000000000000000, 1.400000000000000355 ) ) ;
#284 = AXIS2_PLACEMENT_3D ( 'NONE', #479, #128, #2210 ) ;
#285 = ADVANCED_FACE ( 'NONE', ( #71 ), #1127, .F. ) ;
#286 = DIRECTION ( 'NONE',  ( 1.000000000000000000, 0.000000000000000000, 0.000000000000000000 ) ) ;
#287 = CARTESIAN_POINT ( 'NONE',  ( 27.79999999999999716, 3.184081677783118585E-15, 26.00000000000000355 ) ) ;
#288 = VECTOR ( 'NONE', #579, 1000.000000000000000 ) ;
#289 = EDGE_LOOP ( 'NONE', ( #1621, #400, #1695, #1414 ) ) ;
#290 = DIRECTION ( 'NONE',  ( 0.000000000000000000, 0.000000000000000000, -1.000000000000000000 ) ) ;
#291 = ORIENTED_EDGE ( 'NONE', *, *, #144, .T. ) ;
#292 = ORIENTED_EDGE ( 'NONE', *, *, #1589, .F. ) ;
#293 = CARTESIAN_POINT ( 'NONE',  ( 22.74954652726068005, 25.09610484222369564, -20.71338834451645639 ) ) ;
#294 = CARTESIAN_POINT ( 'NONE',  ( 56.00000000000000000, 0.000000000000000000, -32.49999999999999289 ) ) ;
#295 = CARTESIAN_POINT ( 'NONE',  ( 41.39999999999999858, 27.10206931156085375, 19.69080595179769944 ) ) ;
#296 = CARTESIAN_POINT ( 'NONE',  ( 21.71947908554916395, 0.000000000000000000, 0.000000000000000000 ) ) ;
#297 = EDGE_LOOP ( 'NONE', ( #2058, #1481, #200, #895, #1668, #917, #1399 ) ) ;
#298 = CARTESIAN_POINT ( 'NONE',  ( 41.39999999999999858, -15.72729735332727152, -29.57874436077409186 ) ) ;
#299 = CARTESIAN_POINT ( 'NONE',  ( 41.37499999999999289, 27.10206931156056598, -21.94080595179809023 ) ) ;
#300 = ORIENTED_EDGE ( 'NONE', *, *, #1324, .F. ) ;
#301 = AXIS2_PLACEMENT_3D ( 'NONE', #902, #1780, #1405 ) ;
#302 = ORIENTED_EDGE ( 'NONE', *, *, #1635, .T. ) ;
#303 = DIRECTION ( 'NONE',  ( 1.000000000000000000, 0.000000000000000000, 0.000000000000000000 ) ) ;
#304 = AXIS2_PLACEMENT_3D ( 'NONE', #1720, #696, #654 ) ;
#305 = DIRECTION ( 'NONE',  ( 0.000000000000000000, 0.000000000000000000, -1.000000000000000000 ) ) ;
#306 = FACE_OUTER_BOUND ( 'NONE', #1499, .T. ) ;
#307 = CYLINDRICAL_SURFACE ( 'NONE', #54, 32.49999999999999289 ) ;
#308 = ORIENTED_EDGE ( 'NONE', *, *, #1926, .T. ) ;
#309 = EDGE_CURVE ( 'NONE', #1114, #665, #1911, .T. ) ;
#310 = CARTESIAN_POINT ( 'NONE',  ( 7.354512699720487200E-32, 27.79999999999999716, 0.000000000000000000 ) ) ;
#311 = CARTESIAN_POINT ( 'NONE',  ( 27.49616766069157237, -17.95579078234429460, -29.26839449879905075 ) ) ;
#312 = ORIENTED_EDGE ( 'NONE', *, *, #845, .T. ) ;
#313 = LINE ( 'NONE', #1545, #1900 ) ;
#314 = FACE_BOUND ( 'NONE', #739, .T. ) ;
#315 = VECTOR ( 'NONE', #692, 1000.000000000000000 ) ;
#316 = VECTOR ( 'NONE', #1373, 1000.000000000000000 ) ;
#317 = AXIS2_PLACEMENT_3D ( 'NONE', #827, #1891, #506 ) ;
#318 = DIRECTION ( 'NONE',  ( 1.000000000000000000, 0.000000000000000000, 0.000000000000000000 ) ) ;
#319 = EDGE_CURVE ( 'NONE', #589, #413, #695, .T. ) ;
#320 = ORIENTED_EDGE ( 'NONE', *, *, #673, .T. ) ;
#321 = AXIS2_PLACEMENT_3D ( 'NONE', #889, #718, #1421 ) ;
#322 = LINE ( 'NONE', #663, #1977 ) ;
#323 = CARTESIAN_POINT ( 'NONE',  ( 18.20000000000000284, -4.814824860968089633E-32, 0.000000000000000000 ) ) ;
#324 = ORIENTED_EDGE ( 'NONE', *, *, #100, .T. ) ;
#325 = CARTESIAN_POINT ( 'NONE',  ( 41.37499999999999289, -15.72729735332727152, -29.57874436077409186 ) ) ;
#326 =( GEOMETRIC_REPRESENTATION_CONTEXT ( 3 ) GLOBAL_UNCERTAINTY_ASSIGNED_CONTEXT ( ( #583 ) ) GLOBAL_UNIT_ASSIGNED_CONTEXT ( ( #599, #627, #1661 ) ) REPRESENTATION_CONTEXT ( 'NONE', 'WORKASPACE' ) );
#327 = CARTESIAN_POINT ( 'NONE',  ( 24.99817296738574868, 27.96580381747503097, -17.61168921817409583 ) ) ;
#328 = ORIENTED_EDGE ( 'NONE', *, *, #1258, .T. ) ;
#329 = DIRECTION ( 'NONE',  ( 1.000000000000000000, 0.000000000000000000, 0.000000000000000000 ) ) ;
#330 = FACE_OUTER_BOUND ( 'NONE', #187, .T. ) ;
#331 = CARTESIAN_POINT ( 'NONE',  ( 25.52000637320237786, -33.16736362534750526, -2.229356103966751323 ) ) ;
#332 = VERTEX_POINT ( 'NONE', #865 ) ;
#333 = DIRECTION ( 'NONE',  ( 0.000000000000000000, 0.000000000000000000, -1.000000000000000000 ) ) ;
#334 = EDGE_CURVE ( 'NONE', #1166, #1916, #510, .T. ) ;
#335 = DIRECTION ( 'NONE',  ( 1.000000000000000000, 0.000000000000000000, 0.000000000000000000 ) ) ;
#336 = VERTEX_POINT ( 'NONE', #2106 ) ;
#337 = EDGE_CURVE ( 'NONE', #2191, #1436, #4, .T. ) ;
#338 = ADVANCED_FACE ( 'NONE', ( #732 ), #2091, .F. ) ;
#339 = CARTESIAN_POINT ( 'NONE',  ( 7.199999999999998401, 20.95328136593406754, 1.399999999999999911 ) ) ;
#340 = CIRCLE ( 'NONE', #50, 16.59999999999999787 ) ;
#341 = LINE ( 'NONE', #2069, #683 ) ;
#342 = DIRECTION ( 'NONE',  ( 0.000000000000000000, 0.000000000000000000, -1.000000000000000000 ) ) ;
#343 = EDGE_CURVE ( 'NONE', #536, #413, #123, .T. ) ;
#344 = AXIS2_PLACEMENT_3D ( 'NONE', #480, #1896, #1652 ) ;
#345 = APPLICATION_CONTEXT ( 'automotive_design' ) ;
#346 = VERTEX_POINT ( 'NONE', #339 ) ;
#347 = CARTESIAN_POINT ( 'NONE',  ( 26.68750000000000000, 27.41035643598288019, -17.46202622986157849 ) ) ;
#348 = CARTESIAN_POINT ( 'NONE',  ( 36.60000000000000142, 0.000000000000000000, 0.000000000000000000 ) ) ;
#349 = ORIENTED_EDGE ( 'NONE', *, *, #478, .F. ) ;
#350 = CIRCLE ( 'NONE', #757, 32.49999999999999289 ) ;
#351 = DIRECTION ( 'NONE',  ( 0.000000000000000000, -1.000000000000000000, 2.118908098924512695E-16 ) ) ;
#352 = EDGE_CURVE ( 'NONE', #9, #173, #2202, .T. ) ;
#353 = DIRECTION ( 'NONE',  ( 0.000000000000000000, 0.000000000000000000, -1.000000000000000000 ) ) ;
#354 = CARTESIAN_POINT ( 'NONE',  ( 27.49616766069157237, 28.96897751287832534, 18.43495812349463137 ) ) ;
#355 = AXIS2_PLACEMENT_3D ( 'NONE', #1340, #1874, #2183 ) ;
#356 = ORIENTED_EDGE ( 'NONE', *, *, #1201, .F. ) ;
#357 = CARTESIAN_POINT ( 'NONE',  ( 18.19999999999999929, -4.814824860968088538E-32, 0.000000000000000000 ) ) ;
#358 = FACE_BOUND ( 'NONE', #1683, .T. ) ;
#359 = ORIENTED_EDGE ( 'NONE', *, *, #820, .T. ) ;
#360 = EDGE_LOOP ( 'NONE', ( #1211, #312, #1761, #810, #1509, #722, #1472 ) ) ;
#361 = DIRECTION ( 'NONE',  ( 0.000000000000000000, 0.000000000000000000, -1.000000000000000000 ) ) ;
#362 = CARTESIAN_POINT ( 'NONE',  ( 28.38340299599546057, -34.92131115822476062, -1.754733384847882549 ) ) ;
#363 = FACE_OUTER_BOUND ( 'NONE', #1268, .T. ) ;
#364 = VERTEX_POINT ( 'NONE', #373 ) ;
#365 = ADVANCED_FACE ( 'NONE', ( #1221, #1572 ), #31, .T. ) ;
#366 =( NAMED_UNIT ( * ) PLANE_ANGLE_UNIT ( ) SI_UNIT ( $, .RADIAN. ) );
#367 = ORIENTED_EDGE ( 'NONE', *, *, #965, .T. ) ;
#368 = CARTESIAN_POINT ( 'NONE',  ( 41.39999999999999858, -33.50000000000000000, -2.274999999999999467 ) ) ;
#369 = CARTESIAN_POINT ( 'NONE',  ( 0.5000000000000004441, 30.00000000000000000, -0.5999999999999999778 ) ) ;
#370 = VERTEX_POINT ( 'NONE', #17 ) ;
#371 = FACE_OUTER_BOUND ( 'NONE', #254, .T. ) ;
#372 = ORIENTED_EDGE ( 'NONE', *, *, #1359, .T. ) ;
#373 = CARTESIAN_POINT ( 'NONE',  ( 27.49616766069157592, -34.27219162920374629, -2.113343343564327181 ) ) ;
#374 = CARTESIAN_POINT ( 'NONE',  ( 27.72778749394785436, -34.44020405497661130, -2.051953513473961710 ) ) ;
#375 = CARTESIAN_POINT ( 'NONE',  ( 25.71822035671206308, 28.21584934232425113, 17.72242938846851601 ) ) ;
#376 = EDGE_LOOP ( 'NONE', ( #1192, #1321, #1116, #1388, #1287, #1518, #202, #112, #893, #1333, #925, #1773 ) ) ;
#377 = CARTESIAN_POINT ( 'NONE',  ( 28.91908726237528882, -15.40535154946695151, 31.81048176285290907 ) ) ;
#378 = CARTESIAN_POINT ( 'NONE',  ( 29.42656905271040557, -16.33696739053159064, -31.74658732587407783 ) ) ;
#379 = DIRECTION ( 'NONE',  ( 1.000000000000000000, -2.645508165367081712E-33, 0.000000000000000000 ) ) ;
#380 = ADVANCED_FACE ( 'NONE', ( #2120 ), #884, .F. ) ;
#381 = ORIENTED_EDGE ( 'NONE', *, *, #1131, .T. ) ;
#382 = CARTESIAN_POINT ( 'NONE',  ( 12.00000000000000000, -16.98141670795427416, -27.71067459645854569 ) ) ;
#383 = EDGE_LOOP ( 'NONE', ( #387, #2149, #279, #1283, #725 ) ) ;
#384 = DIRECTION ( 'NONE',  ( 0.000000000000000000, 0.000000000000000000, -1.000000000000000000 ) ) ;
#385 = AXIS2_PLACEMENT_3D ( 'NONE', #983, #1289, #2141 ) ;
#386 = CARTESIAN_POINT ( 'NONE',  ( 25.95219946391026156, -13.67641876286932856, -30.51133332553724742 ) ) ;
#387 = ORIENTED_EDGE ( 'NONE', *, *, #460, .T. ) ;
#388 = DIRECTION ( 'NONE',  ( 1.000000000000000000, 0.000000000000000000, 0.000000000000000000 ) ) ;
#389 = AXIS2_PLACEMENT_3D ( 'NONE', #2078, #505, #162 ) ;
#390 = CIRCLE ( 'NONE', #1312, 2.249999999999995115 ) ;
#391 = CARTESIAN_POINT ( 'NONE',  ( 28.91664685000615265, -17.75882095076880063, -30.55705658115880041 ) ) ;
#392 = DIRECTION ( 'NONE',  ( 0.000000000000000000, 0.000000000000000000, -1.000000000000000000 ) ) ;
#393 = AXIS2_PLACEMENT_3D ( 'NONE', #1301, #116, #1132 ) ;
#394 = ORIENTED_EDGE ( 'NONE', *, *, #1834, .T. ) ;
#395 = CIRCLE ( 'NONE', #1756, 0.5999999999999999778 ) ;
#396 = CARTESIAN_POINT ( 'NONE',  ( 0.000000000000000000, 0.000000000000000000, 0.000000000000000000 ) ) ;
#397 = CARTESIAN_POINT ( 'NONE',  ( 25.88290688871504486, -33.32369457827341819, 2.250000000000368594 ) ) ;
#398 = DIRECTION ( 'NONE',  ( 0.000000000000000000, -1.000000000000000000, 2.118908098924512695E-16 ) ) ;
#399 = CARTESIAN_POINT ( 'NONE',  ( 29.33506669201159411, -16.07046941387807237, 31.81016963532323771 ) ) ;
#400 = ORIENTED_EDGE ( 'NONE', *, *, #2198, .F. ) ;
#401 = SURFACE_SIDE_STYLE ('',( #1616 ) ) ;
#402 = LINE ( 'NONE', #1813, #1747 ) ;
#403 = CARTESIAN_POINT ( 'NONE',  ( 28.66186295330184208, -15.11376796748276341, -31.74855965423565607 ) ) ;
#404 = ORIENTED_EDGE ( 'NONE', *, *, #1201, .T. ) ;
#405 = ORIENTED_EDGE ( 'NONE', *, *, #1242, .F. ) ;
#406 = FACE_OUTER_BOUND ( 'NONE', #1689, .T. ) ;
#407 = EDGE_CURVE ( 'NONE', #1937, #975, #1582, .T. ) ;
#408 = EDGE_CURVE ( 'NONE', #65, #59, #411, .T. ) ;
#409 = DIRECTION ( 'NONE',  ( 1.000000000000000000, 0.000000000000000000, 0.000000000000000000 ) ) ;
#410 = EDGE_CURVE ( 'NONE', #1967, #647, #1767, .T. ) ;
#411 = CIRCLE ( 'NONE', #1224, 2.249999999999995115 ) ;
#412 = CARTESIAN_POINT ( 'NONE',  ( 0.5000000000000004441, 30.00000000000000000, -0.5999999999999999778 ) ) ;
#413 = VERTEX_POINT ( 'NONE', #1080 ) ;
#414 = DIRECTION ( 'NONE',  ( 0.000000000000000000, 0.000000000000000000, -1.000000000000000000 ) ) ;
#415 = AXIS2_PLACEMENT_3D ( 'NONE', #298, #70, #290 ) ;
#416 = EDGE_CURVE ( 'NONE', #346, #1166, #230, .T. ) ;
#417 = CARTESIAN_POINT ( 'NONE',  ( 41.39999999999999858, -15.72729735332727152, 27.32874436077409541 ) ) ;
#418 = FACE_OUTER_BOUND ( 'NONE', #1325, .T. ) ;
#419 = VERTEX_POINT ( 'NONE', #874 ) ;
#420 = EDGE_LOOP ( 'NONE', ( #840, #2003, #2029, #997, #615, #1630 ) ) ;
#421 = DIRECTION ( 'NONE',  ( 1.000000000000000000, 0.000000000000000000, 0.000000000000000000 ) ) ;
#422 = AXIS2_PLACEMENT_3D ( 'NONE', #1013, #2224, #1371 ) ;
#423 = DIRECTION ( 'NONE',  ( -1.000000000000000000, -0.000000000000000000, -0.000000000000000000 ) ) ;
#424 = VERTEX_POINT ( 'NONE', #1740 ) ;
#425 = EDGE_CURVE ( 'NONE', #600, #43, #1885, .T. ) ;
#426 = CARTESIAN_POINT ( 'NONE',  ( 43.90033132979046115, 0.000000000000000000, 0.000000000000000000 ) ) ;
#427 = CARTESIAN_POINT ( 'NONE',  ( 29.27814438581266643, 28.29556302241208599, 21.60129007061579642 ) ) ;
#428 = CIRCLE ( 'NONE', #682, 32.59999999999999432 ) ;
#429 = VECTOR ( 'NONE', #2133, 1000.000000000000000 ) ;
#430 = ORIENTED_EDGE ( 'NONE', *, *, #270, .T. ) ;
#431 = CYLINDRICAL_SURFACE ( 'NONE', #862, 28.70000000000000995 ) ;
#432 = AXIS2_PLACEMENT_3D ( 'NONE', #1108, #1805, #928 ) ;
#433 = B_SPLINE_CURVE_WITH_KNOTS ( 'NONE', 3,
 ( #1613, #374, #1758, #362, #733, #180, #720, #890, #1255, #1243, #1070, #1944, #876, #192, #1423, #2121, #1955, #1081, #905, #206, #1580, #6 ),
 .UNSPECIFIED., .F., .F.,
 ( 4, 2, 2, 2, 2, 2, 2, 2, 2, 2, 4 ),
 ( 2.490915772450946665E-07, 0.0008656753277615349216, 0.001731101563945824581, 0.002163814682037961280, 0.002596527800130097978, 0.003029240918222234243, 0.003461954036314370507, 0.004327380272498642169, 0.005192806508682913831, 0.006058232744867186360, 0.006923658981051458022 ),
 .UNSPECIFIED. ) ;
#434 = CARTESIAN_POINT ( 'NONE',  ( 41.39999999999999858, -15.72729735332727152, 29.57874436077409186 ) ) ;
#435 = ORIENTED_EDGE ( 'NONE', *, *, #743, .F. ) ;
#436 = ADVANCED_FACE ( 'NONE', ( #685 ), #1703, .F. ) ;
#437 = LINE ( 'NONE', #1482, #1905 ) ;
#438 = DIRECTION ( 'NONE',  ( 0.000000000000000000, 0.000000000000000000, 1.000000000000000000 ) ) ;
#439 = EDGE_CURVE ( 'NONE', #1603, #1967, #1815, .T. ) ;
#440 = EDGE_CURVE ( 'NONE', #962, #1155, #1290, .T. ) ;
#441 = ORIENTED_EDGE ( 'NONE', *, *, #2104, .T. ) ;
#442 = CARTESIAN_POINT ( 'NONE',  ( 23.75858453815171600, 25.17801070326453683, -20.86023601553918638 ) ) ;
#443 = CYLINDRICAL_SURFACE ( 'NONE', #1895, 32.49999999999999289 ) ;
#444 = CARTESIAN_POINT ( 'NONE',  ( 21.71947908554916395, 27.41035643598284821, -17.46202622986157138 ) ) ;
#445 = CARTESIAN_POINT ( 'NONE',  ( 25.71822035671206308, -17.59123570524368674, -28.29782825413555258 ) ) ;
#446 = ORIENTED_EDGE ( 'NONE', *, *, #1085, .F. ) ;
#447 = EDGE_LOOP ( 'NONE', ( #829, #1760 ) ) ;
#448 = DIRECTION ( 'NONE',  ( 1.000000000000000000, 0.000000000000000000, 0.000000000000000000 ) ) ;
#449 = APPLICATION_PROTOCOL_DEFINITION ( 'draft international standard', 'automotive_design', 1998, #593 ) ;
#450 = VERTEX_POINT ( 'NONE', #566 ) ;
#451 = CARTESIAN_POINT ( 'NONE',  ( 22.50770556697199964, -32.43936567164179507, 1.984327296971976740 ) ) ;
#452 = DIRECTION ( 'NONE',  ( 1.000000000000000000, 0.000000000000000000, 0.000000000000000000 ) ) ;
#453 = ADVANCED_FACE ( 'NONE', ( #1624 ), #241, .T. ) ;
#454 = AXIS2_PLACEMENT_3D ( 'NONE', #2110, #1985, #736 ) ;
#455 = CYLINDRICAL_SURFACE ( 'NONE', #1241, 2.249999999999995115 ) ;
#456 = CARTESIAN_POINT ( 'NONE',  ( 41.39999999999999858, 27.10206931156056598, -19.69080595179809023 ) ) ;
#457 = AXIS2_PLACEMENT_3D ( 'NONE', #1787, #2126, #1464 ) ;
#458 = ORIENTED_EDGE ( 'NONE', *, *, #1974, .F. ) ;
#459 = DIRECTION ( 'NONE',  ( 0.000000000000000000, -1.000000000000000000, 0.000000000000000000 ) ) ;
#460 = EDGE_CURVE ( 'NONE', #647, #1615, #909, .T. ) ;
#461 = CARTESIAN_POINT ( 'NONE',  ( 27.88961717159161680, 29.12945916278430047, 18.70113417477426054 ) ) ;
#462 = CIRCLE ( 'NONE', #2075, 32.49999999999999289 ) ;
#463 = EDGE_LOOP ( 'NONE', ( #671, #715, #2139, #2124 ) ) ;
#464 = ORIENTED_EDGE ( 'NONE', *, *, #1320, .F. ) ;
#465 = CARTESIAN_POINT ( 'NONE',  ( 27.07471475029574748, 26.19548050639921044, -21.75452886042177525 ) ) ;
#466 = DIRECTION ( 'NONE',  ( 0.000000000000000000, 1.000000000000000000, 2.118908098924512695E-16 ) ) ;
#467 = AXIS2_PLACEMENT_3D ( 'NONE', #1163, #1693, #603 ) ;
#468 = DIRECTION ( 'NONE',  ( 1.000000000000000000, 0.000000000000000000, 0.000000000000000000 ) ) ;
#469 = CARTESIAN_POINT ( 'NONE',  ( 28.24899868476146025, 27.10206931156055887, -21.94080595179809379 ) ) ;
#470 = ORIENTED_EDGE ( 'NONE', *, *, #407, .F. ) ;
#471 = FACE_OUTER_BOUND ( 'NONE', #182, .T. ) ;
#472 = B_SPLINE_CURVE_WITH_KNOTS ( 'NONE', 3,
 ( #568, #706, #1447, #1282, #734, #535, #1983, #1059, #527, #1244, #1614, #35, #1966, #1267, #1956, #399, #231, #921 ),
 .UNSPECIFIED., .F., .F.,
 ( 4, 2, 2, 2, 2, 2, 2, 2, 4 ),
 ( 0.0004140405599151634553, 0.001567375579773227015, 0.002144043089702262102, 0.002720710599631297622, 0.003297378109560332709, 0.003585711864524858926, 0.003874045619489385143, 0.004450713129418446684, 0.005027380639347507792 ),
 .UNSPECIFIED. ) ;
#473 = CARTESIAN_POINT ( 'NONE',  ( 27.79999999999999716, 0.000000000000000000, 0.000000000000000000 ) ) ;
#474 = ORIENTED_EDGE ( 'NONE', *, *, #2103, .F. ) ;
#475 = CARTESIAN_POINT ( 'NONE',  ( 28.00713595534361744, 26.88184580413831526, -21.94080595179809734 ) ) ;
#476 = FACE_OUTER_BOUND ( 'NONE', #759, .T. ) ;
#477 = ADVANCED_FACE ( 'NONE', ( #1980 ), #1724, .F. ) ;
#478 = EDGE_CURVE ( 'NONE', #1789, #552, #581, .T. ) ;
#479 = CARTESIAN_POINT ( 'NONE',  ( 41.39999999999999858, -15.72729735332727152, -29.57874436077409186 ) ) ;
#480 = CARTESIAN_POINT ( 'NONE',  ( 12.00000000000000355, 0.000000000000000000, 0.000000000000000000 ) ) ;
#481 = EDGE_LOOP ( 'NONE', ( #1584, #786, #641, #1963, #1682 ) ) ;
#482 = DIRECTION ( 'NONE',  ( 0.000000000000000000, 0.000000000000000000, -1.000000000000000000 ) ) ;
#483 = CARTESIAN_POINT ( 'NONE',  ( 29.14245096956193848, -15.72729735332727152, 31.82874436077409186 ) ) ;
#484 = ORIENTED_EDGE ( 'NONE', *, *, #1824, .T. ) ;
#485 = CARTESIAN_POINT ( 'NONE',  ( 26.68750000000000000, -13.47730268734291137, -29.57384507083482816 ) ) ;
#486 = EDGE_CURVE ( 'NONE', #1698, #768, #1138, .T. ) ;
#487 = CARTESIAN_POINT ( 'NONE',  ( 28.44539018881273051, 29.29751344505655197, -19.16526627826908680 ) ) ;
#488 = ORIENTED_EDGE ( 'NONE', *, *, #2235, .F. ) ;
#489 = CARTESIAN_POINT ( 'NONE',  ( 23.77145550882844205, 25.17934439943714509, 20.86250929965602552 ) ) ;
#490 = LINE ( 'NONE', #246, #2004 ) ;
#491 = VERTEX_POINT ( 'NONE', #756 ) ;
#492 = CARTESIAN_POINT ( 'NONE',  ( 27.49616766069157237, 0.000000000000000000, -34.33728788295095313 ) ) ;
#493 = CARTESIAN_POINT ( 'NONE',  ( 22.11230787424836919, -32.43936567164175244, -1.984327296971954535 ) ) ;
#494 = ORIENTED_EDGE ( 'NONE', *, *, #2002, .T. ) ;
#495 = DIRECTION ( 'NONE',  ( 1.000000000000000000, 0.000000000000000000, 0.000000000000000000 ) ) ;
#496 = AXIS2_PLACEMENT_3D ( 'NONE', #1442, #218, #1288 ) ;
#497 = CARTESIAN_POINT ( 'NONE',  ( 41.39999999999999858, 27.10206931156056598, -17.44080595179809379 ) ) ;
#498 = AXIS2_PLACEMENT_3D ( 'NONE', #1203, #1566, #333 ) ;
#499 = COLOUR_RGB ( '',0.7921568627450980005, 0.8196078431372548767, 0.9333333333333333481 ) ;
#500 = CIRCLE ( 'NONE', #1607, 2.274999999999999467 ) ;
#501 = DIRECTION ( 'NONE',  ( -1.000000000000000000, -0.000000000000000000, -0.000000000000000000 ) ) ;
#502 = VECTOR ( 'NONE', #807, 1000.000000000000000 ) ;
#503 = ORIENTED_EDGE ( 'NONE', *, *, #1443, .T. ) ;
#504 = CIRCLE ( 'NONE', #216, 2.249999999999995115 ) ;
#505 = DIRECTION ( 'NONE',  ( 1.000000000000000000, 0.000000000000000000, 0.000000000000000000 ) ) ;
#506 = DIRECTION ( 'NONE',  ( 0.000000000000000000, -1.000000000000000000, 0.000000000000000000 ) ) ;
#507 = EDGE_CURVE ( 'NONE', #1461, #1916, #229, .T. ) ;
#508 = ORIENTED_EDGE ( 'NONE', *, *, #2229, .T. ) ;
#509 = DIRECTION ( 'NONE',  ( 1.000000000000000000, -2.645508165367081712E-33, 0.000000000000000000 ) ) ;
#510 = CIRCLE ( 'NONE', #301, 20.99999999999999645 ) ;
#511 = EDGE_CURVE ( 'NONE', #1615, #764, #27, .T. ) ;
#512 = EDGE_CURVE ( 'NONE', #665, #1534, #2185, .T. ) ;
#513 = CARTESIAN_POINT ( 'NONE',  ( 41.37499999999999289, -15.72729735332727152, 27.32874436077409186 ) ) ;
#514 = ORIENTED_EDGE ( 'NONE', *, *, #1943, .F. ) ;
#515 = ADVANCED_BREP_SHAPE_REPRESENTATION ( 'B4-Blackmagic', ( #828, #1429 ), #326 ) ;
#516 = CARTESIAN_POINT ( 'NONE',  ( 41.37499999999999289, 27.10206931156085375, 19.69080595179769944 ) ) ;
#517 = FACE_OUTER_BOUND ( 'NONE', #1544, .T. ) ;
#518 = CARTESIAN_POINT ( 'NONE',  ( 31.39999999999999858, 0.000000000000000000, -37.10000000000000142 ) ) ;
#519 = ORIENTED_EDGE ( 'NONE', *, *, #155, .F. ) ;
#520 = CARTESIAN_POINT ( 'NONE',  ( 28.00703646164253868, 26.88175521204160034, 21.94080595179769233 ) ) ;
#521 = AXIS2_PLACEMENT_3D ( 'NONE', #704, #1612, #1913 ) ;
#522 = DIRECTION ( 'NONE',  ( 1.000000000000000000, -2.645508165367081712E-33, 0.000000000000000000 ) ) ;
#523 = EDGE_CURVE ( 'NONE', #1793, #2191, #1314, .T. ) ;
#524 = CIRCLE ( 'NONE', #2100, 2.274999999999999467 ) ;
#525 = DIRECTION ( 'NONE',  ( 0.000000000000000000, 0.000000000000000000, -1.000000000000000000 ) ) ;
#526 = DIRECTION ( 'NONE',  ( 1.000000000000000000, -2.645508165367081712E-33, 0.000000000000000000 ) ) ;
#527 = CARTESIAN_POINT ( 'NONE',  ( 29.32829227273101225, -17.39600174809326560, 31.09959344460660446 ) ) ;
#528 = VECTOR ( 'NONE', #1474, 1000.000000000000000 ) ;
#529 = VERTEX_POINT ( 'NONE', #955 ) ;
#530 = CARTESIAN_POINT ( 'NONE',  ( 41.37499999999999289, 27.10206931156056598, -17.44080595179809023 ) ) ;
#531 = DIRECTION ( 'NONE',  ( 2.645508165367082054E-33, 1.000000000000000000, 0.000000000000000000 ) ) ;
#532 = CARTESIAN_POINT ( 'NONE',  ( 27.79999999999999716, 0.000000000000000000, 0.000000000000000000 ) ) ;
#533 = CIRCLE ( 'NONE', #1722, 2.274999999999999467 ) ;
#534 = CARTESIAN_POINT ( 'NONE',  ( 41.39999999999999858, -15.72729735332727152, -31.85374436077409399 ) ) ;
#535 = CARTESIAN_POINT ( 'NONE',  ( 28.91247744331413472, -17.76111896826331460, 30.55230792744450952 ) ) ;
#536 = VERTEX_POINT ( 'NONE', #1670 ) ;
#537 = DIRECTION ( 'NONE',  ( 1.000000000000000000, 0.000000000000000000, 0.000000000000000000 ) ) ;
#538 = ORIENTED_EDGE ( 'NONE', *, *, #319, .T. ) ;
#539 = CARTESIAN_POINT ( 'NONE',  ( 24.26831836516981156, -17.25174084623547444, 27.91632841044746272 ) ) ;
#540 = CARTESIAN_POINT ( 'NONE',  ( 27.49616766069157237, 4.374272297281195979E-15, 34.33728788295096024 ) ) ;
#541 = VERTEX_POINT ( 'NONE', #90 ) ;
#542 = LINE ( 'NONE', #1091, #688 ) ;
#543 = VERTEX_POINT ( 'NONE', #787 ) ;
#544 = DIRECTION ( 'NONE',  ( 0.000000000000000000, 0.000000000000000000, -1.000000000000000000 ) ) ;
#545 = EDGE_CURVE ( 'NONE', #954, #1088, #612, .T. ) ;
#546 = CYLINDRICAL_SURFACE ( 'NONE', #211, 32.59999999999999432 ) ;
#547 = CARTESIAN_POINT ( 'NONE',  ( 24.26831836516980445, -13.49663408631527872, -29.91295409159281249 ) ) ;
#548 = ORIENTED_EDGE ( 'NONE', *, *, #106, .F. ) ;
#549 = CARTESIAN_POINT ( 'NONE',  ( 27.65028353300106900, -14.31239780469284995, 31.33223385004182404 ) ) ;
#550 = DIRECTION ( 'NONE',  ( -1.000000000000000000, 0.000000000000000000, 0.000000000000000000 ) ) ;
#551 = DIRECTION ( 'NONE',  ( 0.000000000000000000, 0.000000000000000000, -1.000000000000000000 ) ) ;
#552 = VERTEX_POINT ( 'NONE', #1179 ) ;
#553 = FACE_OUTER_BOUND ( 'NONE', #1441, .T. ) ;
#554 = VERTEX_POINT ( 'NONE', #1167 ) ;
#555 = EDGE_CURVE ( 'NONE', #1881, #600, #504, .T. ) ;
#556 = DIRECTION ( 'NONE',  ( 0.000000000000000000, 0.000000000000000000, -1.000000000000000000 ) ) ;
#557 = CARTESIAN_POINT ( 'NONE',  ( 0.000000000000000000, 0.000000000000000000, -32.59999999999999432 ) ) ;
#558 = ORIENTED_EDGE ( 'NONE', *, *, #1391, .F. ) ;
#559 = TOROIDAL_SURFACE ( 'NONE', #1745, 42.49999999999999289, 10.00000000000000000 ) ;
#560 = FACE_BOUND ( 'NONE', #691, .T. ) ;
#561 = CARTESIAN_POINT ( 'NONE',  ( 27.80152714160611893, -17.97963922825180205, -29.50718175044209346 ) ) ;
#562 = CARTESIAN_POINT ( 'NONE',  ( 41.37499999999999289, -15.72729735332727152, -27.32874436077409541 ) ) ;
#563 = ORIENTED_EDGE ( 'NONE', *, *, #220, .F. ) ;
#564 = CARTESIAN_POINT ( 'NONE',  ( 41.39999999999999858, 27.10206931156085375, 17.41580595179770086 ) ) ;
#565 = CARTESIAN_POINT ( 'NONE',  ( 21.71947908554916395, 0.000000000000000000, 0.000000000000000000 ) ) ;
#566 = CARTESIAN_POINT ( 'NONE',  ( 43.90033132979046115, 0.000000000000000000, -14.99999999999999822 ) ) ;
#567 = AXIS2_PLACEMENT_3D ( 'NONE', #565, #1277, #1326 ) ;
#568 = CARTESIAN_POINT ( 'NONE',  ( 27.49616766069157237, -17.95579078234429460, 29.26839449879905075 ) ) ;
#569 = ORIENTED_EDGE ( 'NONE', *, *, #103, .F. ) ;
#570 =( NAMED_UNIT ( * ) SI_UNIT ( $, .STERADIAN. ) SOLID_ANGLE_UNIT ( ) );
#571 = CIRCLE ( 'NONE', #498, 2.249999999999998668 ) ;
#572 = CARTESIAN_POINT ( 'NONE',  ( 31.39999999999999858, 4.543439624836680150E-15, 37.10000000000000142 ) ) ;
#573 = DIRECTION ( 'NONE',  ( 1.000000000000000000, 0.000000000000000000, 0.000000000000000000 ) ) ;
#574 = EDGE_CURVE ( 'NONE', #950, #1370, #437, .T. ) ;
#575 = AXIS2_PLACEMENT_3D ( 'NONE', #177, #522, #531 ) ;
#576 = ORIENTED_EDGE ( 'NONE', *, *, #53, .T. ) ;
#577 = ADVANCED_FACE ( 'NONE', ( #1867 ), #1344, .F. ) ;
#578 = VECTOR ( 'NONE', #1646, 1000.000000000000114 ) ;
#579 = DIRECTION ( 'NONE',  ( -1.000000000000000000, 2.645508165367081712E-33, 0.000000000000000000 ) ) ;
#580 = CARTESIAN_POINT ( 'NONE',  ( 41.37499999999999289, -33.50000000000000000, 0.000000000000000000 ) ) ;
#581 = LINE ( 'NONE', #1795, #1100 ) ;
#582 = ADVANCED_FACE ( 'NONE', ( #471 ), #1844, .T. ) ;
#583 = UNCERTAINTY_MEASURE_WITH_UNIT (LENGTH_MEASURE( 1.000000000000000082E-05 ), #599, 'distance_accuracy_value', 'NONE');
#584 = CARTESIAN_POINT ( 'NONE',  ( 27.49616766069157592, 26.48459341212318918, 21.85441948328007200 ) ) ;
#585 = VERTEX_POINT ( 'NONE', #991 ) ;
#586 = FACE_OUTER_BOUND ( 'NONE', #1194, .T. ) ;
#587 = CARTESIAN_POINT ( 'NONE',  ( 22.75466333958405585, -17.01943415968101903, 27.73479688409546995 ) ) ;
#588 = DIRECTION ( 'NONE',  ( -1.000000000000000000, 2.645508165367081712E-33, 0.000000000000000000 ) ) ;
#589 = VERTEX_POINT ( 'NONE', #1497 ) ;
#590 = DIRECTION ( 'NONE',  ( 1.000000000000000000, 0.000000000000000000, 0.000000000000000000 ) ) ;
#591 = EDGE_CURVE ( 'NONE', #2254, #606, #524, .T. ) ;
#592 = VECTOR ( 'NONE', #351, 1000.000000000000000 ) ;
#593 = APPLICATION_CONTEXT ( 'automotive_design' ) ;
#594 = DIRECTION ( 'NONE',  ( 0.000000000000000000, 0.000000000000000000, -1.000000000000000000 ) ) ;
#595 = ORIENTED_EDGE ( 'NONE', *, *, #106, .T. ) ;
#596 = CARTESIAN_POINT ( 'NONE',  ( 23.75858453815170535, -13.48532053332833414, 29.78636936101973021 ) ) ;
#597 = VECTOR ( 'NONE', #1234, 999.9999999999998863 ) ;
#598 = FACE_BOUND ( 'NONE', #190, .T. ) ;
#599 =( LENGTH_UNIT ( ) NAMED_UNIT ( * ) SI_UNIT ( .MILLI., .METRE. ) );
#600 = VERTEX_POINT ( 'NONE', #1322 ) ;
#601 = DIRECTION ( 'NONE',  ( 1.000000000000000000, 0.000000000000000000, 0.000000000000000000 ) ) ;
#602 = EDGE_CURVE ( 'NONE', #1548, #1302, #2021, .T. ) ;
#603 = DIRECTION ( 'NONE',  ( 0.000000000000000000, 0.000000000000000000, 1.000000000000000000 ) ) ;
#604 = EDGE_CURVE ( 'NONE', #1766, #151, #1925, .T. ) ;
#605 = AXIS2_PLACEMENT_3D ( 'NONE', #2025, #793, #1306 ) ;
#606 = VERTEX_POINT ( 'NONE', #1660 ) ;
#607 = CARTESIAN_POINT ( 'NONE',  ( 27.07471475029575814, -14.00778415469853044, 31.03618385007153790 ) ) ;
#608 = CIRCLE ( 'NONE', #137, 14.99999999999999822 ) ;
#609 = EDGE_LOOP ( 'NONE', ( #1453, #1743, #1511, #1067 ) ) ;
#610 = CIRCLE ( 'NONE', #1831, 32.49999999999999289 ) ;
#611 = FACE_OUTER_BOUND ( 'NONE', #360, .T. ) ;
#612 = CIRCLE ( 'NONE', #1209, 32.59999999999999432 ) ;
#613 = LINE ( 'NONE', #294, #1904 ) ;
#614 = DIRECTION ( 'NONE',  ( 1.000000000000000000, 0.000000000000000000, 0.000000000000000000 ) ) ;
#615 = ORIENTED_EDGE ( 'NONE', *, *, #460, .F. ) ;
#616 = FACE_OUTER_BOUND ( 'NONE', #817, .T. ) ;
#617 = DIRECTION ( 'NONE',  ( 0.000000000000000000, 0.000000000000000000, -1.000000000000000000 ) ) ;
#618 = APPLICATION_PROTOCOL_DEFINITION ( 'draft international standard', 'automotive_design', 1998, #345 ) ;
#619 = EDGE_CURVE ( 'NONE', #1430, #804, #703, .T. ) ;
#620 = ORIENTED_EDGE ( 'NONE', *, *, #2198, .T. ) ;
#621 = CARTESIAN_POINT ( 'NONE',  ( 21.71947908554916395, -32.43936567164178797, 1.984327296971974963 ) ) ;
#622 = CYLINDRICAL_SURFACE ( 'NONE', #1164, 2.249999999999995115 ) ;
#623 = CARTESIAN_POINT ( 'NONE',  ( 27.69355440671332502, 29.05406204281426241, -18.56144240221357578 ) ) ;
#624 = DIRECTION ( 'NONE',  ( 1.000000000000000000, 0.000000000000000000, 0.000000000000000000 ) ) ;
#625 = ORIENTED_EDGE ( 'NONE', *, *, #1919, .F. ) ;
#626 = CARTESIAN_POINT ( 'NONE',  ( 41.39999999999999858, -15.72729735332727152, 27.30374436077409328 ) ) ;
#627 =( NAMED_UNIT ( * ) PLANE_ANGLE_UNIT ( ) SI_UNIT ( $, .RADIAN. ) );
#628 = ORIENTED_EDGE ( 'NONE', *, *, #148, .T. ) ;
#629 = ORIENTED_EDGE ( 'NONE', *, *, #1018, .F. ) ;
#630 = CARTESIAN_POINT ( 'NONE',  ( 27.29012163258692425, 26.33157646486397852, -21.81074981872953344 ) ) ;
#631 = AXIS2_PLACEMENT_3D ( 'NONE', #946, #708, #1410 ) ;
#632 = CARTESIAN_POINT ( 'NONE',  ( 28.61316384151902881, 27.44820557105814629, -21.92211569688764072 ) ) ;
#633 = TOROIDAL_SURFACE ( 'NONE', #822, 42.49999999999999289, 10.00000000000000000 ) ;
#634 = DIRECTION ( 'NONE',  ( 0.000000000000000000, 0.000000000000000000, -1.000000000000000000 ) ) ;
#635 = CARTESIAN_POINT ( 'NONE',  ( 21.71947908554916395, 0.000000000000000000, 0.000000000000000000 ) ) ;
#636 = VECTOR ( 'NONE', #2212, 1000.000000000000000 ) ;
#637 = ORIENTED_EDGE ( 'NONE', *, *, #1165, .F. ) ;
#638 = DIRECTION ( 'NONE',  ( 0.000000000000000000, 0.000000000000000000, -1.000000000000000000 ) ) ;
#639 = CARTESIAN_POINT ( 'NONE',  ( 28.24899868476143538, 27.10206931156085375, 21.94080595179769233 ) ) ;
#640 = CIRCLE ( 'NONE', #1199, 0.5999999999999999778 ) ;
#641 = ORIENTED_EDGE ( 'NONE', *, *, #1737, .F. ) ;
#642 = EDGE_CURVE ( 'NONE', #1155, #1315, #1817, .T. ) ;
#643 = EDGE_CURVE ( 'NONE', #2156, #332, #119, .T. ) ;
#644 = EDGE_LOOP ( 'NONE', ( #1064, #2086, #320, #1626 ) ) ;
#645 = CARTESIAN_POINT ( 'NONE',  ( 25.71822035671205953, 25.57420891198502488, -21.35833551717310286 ) ) ;
#646 = VECTOR ( 'NONE', #699, 1000.000000000000000 ) ;
#647 = VERTEX_POINT ( 'NONE', #769 ) ;
#648 = CARTESIAN_POINT ( 'NONE',  ( 29.43503318927983514, 28.59018218165949676, -21.39684920480225117 ) ) ;
#649 = AXIS2_PLACEMENT_3D ( 'NONE', #271, #1328, #1160 ) ;
#650 = CARTESIAN_POINT ( 'NONE',  ( 41.39999999999999858, -15.72729735332727152, 27.30374436077409328 ) ) ;
#651 = FACE_OUTER_BOUND ( 'NONE', #1842, .T. ) ;
#652 = EDGE_CURVE ( 'NONE', #729, #1766, #256, .T. ) ;
#653 = ORIENTED_EDGE ( 'NONE', *, *, #1943, .T. ) ;
#654 = DIRECTION ( 'NONE',  ( 0.000000000000000000, 0.000000000000000000, -1.000000000000000000 ) ) ;
#655 = DIRECTION ( 'NONE',  ( 1.000000000000000000, 0.000000000000000000, 0.000000000000000000 ) ) ;
#656 = EDGE_CURVE ( 'NONE', #1008, #1436, #1555, .T. ) ;
#657 = VERTEX_POINT ( 'NONE', #310 ) ;
#658 = CARTESIAN_POINT ( 'NONE',  ( 56.00000000000000000, 0.000000000000000000, 0.000000000000000000 ) ) ;
#659 = DIRECTION ( 'NONE',  ( 1.000000000000000000, 0.000000000000000000, 0.000000000000000000 ) ) ;
#660 = CYLINDRICAL_SURFACE ( 'NONE', #385, 20.99999999999999645 ) ;
#661 = DIRECTION ( 'NONE',  ( 0.000000000000000000, 0.000000000000000000, 1.000000000000000000 ) ) ;
#662 = EDGE_LOOP ( 'NONE', ( #156, #2130 ) ) ;
#663 = CARTESIAN_POINT ( 'NONE',  ( 26.68750000000000000, 25.07763979422010792, 20.67273524116607675 ) ) ;
#664 = CARTESIAN_POINT ( 'NONE',  ( 41.39999999999999858, -15.72729735332727152, -29.57874436077409186 ) ) ;
#665 = VERTEX_POINT ( 'NONE', #492 ) ;
#666 = CARTESIAN_POINT ( 'NONE',  ( 12.00000000000000000, -15.72729735332727152, -29.57874436077409186 ) ) ;
#667 = CARTESIAN_POINT ( 'NONE',  ( 25.71530305194645649, 28.21901310674404328, -17.73521531809176821 ) ) ;
#668 = ORIENTED_EDGE ( 'NONE', *, *, #47, .T. ) ;
#669 = EDGE_CURVE ( 'NONE', #151, #1766, #234, .T. ) ;
#670 = DIRECTION ( 'NONE',  ( -1.000000000000000000, -0.000000000000000000, -0.000000000000000000 ) ) ;
#671 = ORIENTED_EDGE ( 'NONE', *, *, #1873, .F. ) ;
#672 = CARTESIAN_POINT ( 'NONE',  ( 18.19999999999999929, 21.00000000000000000, 0.000000000000000000 ) ) ;
#673 = EDGE_CURVE ( 'NONE', #1932, #804, #1560, .T. ) ;
#674 = CARTESIAN_POINT ( 'NONE',  ( 41.39999999999999858, -33.50000000000000000, 0.000000000000000000 ) ) ;
#675 = AXIS2_PLACEMENT_3D ( 'NONE', #11, #896, #1294 ) ;
#676 = ADVANCED_FACE ( 'NONE', ( #517 ), #848, .T. ) ;
#677 = ORIENTED_EDGE ( 'NONE', *, *, #812, .F. ) ;
#678 = DIRECTION ( 'NONE',  ( 0.000000000000000000, 0.000000000000000000, -1.000000000000000000 ) ) ;
#679 = AXIS2_PLACEMENT_3D ( 'NONE', #580, #2038, #1871 ) ;
#680 = FACE_BOUND ( 'NONE', #2007, .T. ) ;
#681 = VERTEX_POINT ( 'NONE', #142 ) ;
#682 = AXIS2_PLACEMENT_3D ( 'NONE', #1552, #883, #897 ) ;
#683 = VECTOR ( 'NONE', #1934, 1000.000000000000000 ) ;
#684 = ORIENTED_EDGE ( 'NONE', *, *, #619, .F. ) ;
#685 = FACE_OUTER_BOUND ( 'NONE', #644, .T. ) ;
#686 = AXIS2_PLACEMENT_3D ( 'NONE', #1150, #614, #1649 ) ;
#687 = DIRECTION ( 'NONE',  ( 1.000000000000000000, 0.000000000000000000, 0.000000000000000000 ) ) ;
#689 = CARTESIAN_POINT ( 'NONE',  ( 41.37499999999999289, 27.10206931156056598, -19.69080595179809023 ) ) ;
#688 = VECTOR ( 'NONE', #2151, 999.9999999999998863 ) ;
#690 = ADVANCED_FACE ( 'NONE', ( #1188 ), #1015, .F. ) ;
#691 = EDGE_LOOP ( 'NONE', ( #878, #107 ) ) ;
#692 = DIRECTION ( 'NONE',  ( 1.000000000000000000, 0.000000000000000000, 0.000000000000000000 ) ) ;
#694 = B_SPLINE_CURVE_WITH_KNOTS ( 'NONE', 3,
 ( #2158, #1996, #1970, #2113, #1640, #1948, #1270, #539, #737, #587, #1112, #935 ),
 .UNSPECIFIED., .F., .F.,
 ( 4, 2, 2, 2, 2, 4 ),
 ( 2.491940429809596771E-07, 0.001541470410061338047, 0.002312081018070520893, 0.003082691626079704390, 0.004623912842098070949, 0.006165134058116437943 ),
 .UNSPECIFIED. ) ;
#693 = CARTESIAN_POINT ( 'NONE',  ( 41.39999999999999858, -15.72729735332727152, 29.57874436077409186 ) ) ;
#695 = LINE ( 'NONE', #1922, #1215 ) ;
#696 = DIRECTION ( 'NONE',  ( 1.000000000000000000, 0.000000000000000000, 0.000000000000000000 ) ) ;
#697 = CARTESIAN_POINT ( 'NONE',  ( 56.00000000000000000, 0.000000000000000000, -32.59999999999999432 ) ) ;
#698 = ORIENTED_EDGE ( 'NONE', *, *, #1533, .T. ) ;
#699 = DIRECTION ( 'NONE',  ( 1.000000000000000000, 0.000000000000000000, 0.000000000000000000 ) ) ;
#700 = AXIS2_PLACEMENT_3D ( 'NONE', #516, #1045, #1748 ) ;
#701 = DIRECTION ( 'NONE',  ( -0.000000000000000000, 0.000000000000000000, -1.000000000000000000 ) ) ;
#702 = ORIENTED_EDGE ( 'NONE', *, *, #1391, .T. ) ;
#703 = CIRCLE ( 'NONE', #415, 2.275000000000002576 ) ;
#704 = CARTESIAN_POINT ( 'NONE',  ( 27.49616766069157237, 0.000000000000000000, 0.000000000000000000 ) ) ;
#705 = FACE_OUTER_BOUND ( 'NONE', #24, .T. ) ;
#706 = CARTESIAN_POINT ( 'NONE',  ( 27.80204236929582962, -17.98837375639348224, 29.50235929937717927 ) ) ;
#707 = VERTEX_POINT ( 'NONE', #170 ) ;
#708 = DIRECTION ( 'NONE',  ( 1.000000000000000000, 0.000000000000000000, 0.000000000000000000 ) ) ;
#709 = AXIS2_PLACEMENT_3D ( 'NONE', #808, #2211, #160 ) ;
#710 = ORIENTED_EDGE ( 'NONE', *, *, #1532, .T. ) ;
#711 = LINE ( 'NONE', #417, #275 ) ;
#712 = CARTESIAN_POINT ( 'NONE',  ( 0.5000000000000004441, 30.00000000000000000, 0.5999999999999999778 ) ) ;
#713 = EDGE_CURVE ( 'NONE', #543, #681, #1401, .T. ) ;
#714 = EDGE_CURVE ( 'NONE', #1548, #735, #1888, .T. ) ;
#715 = ORIENTED_EDGE ( 'NONE', *, *, #1909, .T. ) ;
#716 = DIRECTION ( 'NONE',  ( 1.000000000000000000, 0.000000000000000000, 0.000000000000000000 ) ) ;
#717 = EDGE_LOOP ( 'NONE', ( #470, #1343, #945, #2177 ) ) ;
#718 = DIRECTION ( 'NONE',  ( -1.000000000000000000, 2.645508165367081712E-33, 0.000000000000000000 ) ) ;
#719 = CIRCLE ( 'NONE', #2180, 21.00000000000000000 ) ;
#720 = CARTESIAN_POINT ( 'NONE',  ( 28.97133894959033640, -35.35846590774429643, -1.274006510745255838 ) ) ;
#721 = CARTESIAN_POINT ( 'NONE',  ( 56.00000000000000000, 0.000000000000000000, 0.000000000000000000 ) ) ;
#722 = ORIENTED_EDGE ( 'NONE', *, *, #73, .T. ) ;
#723 = AXIS2_PLACEMENT_3D ( 'NONE', #2131, #1457, #556 ) ;
#724 = CARTESIAN_POINT ( 'NONE',  ( 27.49616766069157237, -14.22384794617517301, 31.25270370321164748 ) ) ;
#725 = ORIENTED_EDGE ( 'NONE', *, *, #410, .T. ) ;
#726 = CARTESIAN_POINT ( 'NONE',  ( 29.45723517345138731, -17.11665457365494092, -31.35819969260306195 ) ) ;
#727 = DIRECTION ( 'NONE',  ( 1.000000000000000000, 0.000000000000000000, 0.000000000000000000 ) ) ;
#728 = EDGE_CURVE ( 'NONE', #950, #450, #2207, .T. ) ;
#729 = VERTEX_POINT ( 'NONE', #1541 ) ;
#730 = DIRECTION ( 'NONE',  ( 1.000000000000000000, -2.645508165367081712E-33, 0.000000000000000000 ) ) ;
#731 = EDGE_LOOP ( 'NONE', ( #1143, #2050, #494, #145, #1139, #1699, #850 ) ) ;
#732 = FACE_OUTER_BOUND ( 'NONE', #1623, .T. ) ;
#733 = CARTESIAN_POINT ( 'NONE',  ( 28.59223827819952746, -35.07596332837787401, -1.621145898770391724 ) ) ;
#734 = CARTESIAN_POINT ( 'NONE',  ( 28.65692435009591676, -17.87081201118101603, 30.27845951088538712 ) ) ;
#735 = VERTEX_POINT ( 'NONE', #1741 ) ;
#736 = DIRECTION ( 'NONE',  ( 0.000000000000000000, 0.000000000000000000, -1.000000000000000000 ) ) ;
#737 = CARTESIAN_POINT ( 'NONE',  ( 23.77145550882843139, -17.15518935306239356, 27.83780086365077011 ) ) ;
#738 = CARTESIAN_POINT ( 'NONE',  ( 41.37499999999999289, -33.50000000000000000, 0.000000000000000000 ) ) ;
#739 = EDGE_LOOP ( 'NONE', ( #184, #684 ) ) ;
#740 = DIRECTION ( 'NONE',  ( 0.7071067811865721087, 8.659560562354634570E-17, 0.7071067811865230368 ) ) ;
#741 = ORIENTED_EDGE ( 'NONE', *, *, #523, .F. ) ;
#742 = DIRECTION ( 'NONE',  ( 0.000000000000000000, 0.000000000000000000, -1.000000000000000000 ) ) ;
#743 = EDGE_CURVE ( 'NONE', #2019, #1663, #322, .T. ) ;
#744 = CARTESIAN_POINT ( 'NONE',  ( 21.71947908554916395, 0.000000000000000000, -42.49999999999999289 ) ) ;
#745 = ORIENTED_EDGE ( 'NONE', *, *, #1162, .T. ) ;
#746 = ADVANCED_FACE ( 'NONE', ( #1923 ), #1573, .F. ) ;
#747 = CARTESIAN_POINT ( 'NONE',  ( 27.80213090302258294, -14.40885878349161686, 31.40629780939983107 ) ) ;
#748 = CARTESIAN_POINT ( 'NONE',  ( 29.03662611276456218, -17.68661543603663233, -30.69707120894308972 ) ) ;
#749 = CARTESIAN_POINT ( 'NONE',  ( 12.00000000000000000, -15.72729735332727152, -29.57874436077409186 ) ) ;
#750 = EDGE_CURVE ( 'NONE', #2161, #536, #131, .T. ) ;
#751 = ORIENTED_EDGE ( 'NONE', *, *, #100, .F. ) ;
#752 = FACE_OUTER_BOUND ( 'NONE', #2037, .T. ) ;
#753 = EDGE_CURVE ( 'NONE', #491, #1932, #341, .T. ) ;
#754 = CLOSED_SHELL ( 'NONE', ( #1991, #272, #892, #1735, #1089, #1803, #957, #1749, #1299, #1232, #1422, #1236, #2036, #1639, #1610, #993, #1602, #2039, #1665, #1470, #832, #1159, #783, #879, #676, #252, #1771, #380, #916, #285, #265, #811, #365, #196, #74, #1655, #1466, #1323, #690, #774, #1273, #1307, #1390, #477, #1718, #1564, #985, #436, #2070, #1812, #1709, #746, #1620, #577, #32, #168, #1229, #582, #2132, #763, #338, #919, #2171, #453, #3, #1107 ) ) ;
#755 = DIRECTION ( 'NONE',  ( 1.000000000000000000, 0.000000000000000000, 0.000000000000000000 ) ) ;
#756 = CARTESIAN_POINT ( 'NONE',  ( 29.14245096956193848, -15.72729735332726797, -31.82874436077409186 ) ) ;
#757 = AXIS2_PLACEMENT_3D ( 'NONE', #125, #755, #55 ) ;
#758 = CYLINDRICAL_SURFACE ( 'NONE', #904, 0.5999999999999999778 ) ;
#759 = EDGE_LOOP ( 'NONE', ( #2249, #194, #791, #2023, #939, #1040, #1104 ) ) ;
#760 = LINE ( 'NONE', #368, #1451 ) ;
#761 = DIRECTION ( 'NONE',  ( 0.000000000000000000, 0.000000000000000000, -1.000000000000000000 ) ) ;
#762 = VECTOR ( 'NONE', #952, 1000.000000000000000 ) ;
#763 = ADVANCED_FACE ( 'NONE', ( #152, #330 ), #1395, .T. ) ;
#764 = VERTEX_POINT ( 'NONE', #867 ) ;
#765 = VECTOR ( 'NONE', #740, 999.9999999999998863 ) ;
#766 = DIRECTION ( 'NONE',  ( 1.000000000000000000, -2.645508165367081712E-33, 0.000000000000000000 ) ) ;
#767 = CARTESIAN_POINT ( 'NONE',  ( 25.23887344578465886, 25.44961221888004133, 21.22093134701459149 ) ) ;
#768 = VERTEX_POINT ( 'NONE', #1385 ) ;
#769 = CARTESIAN_POINT ( 'NONE',  ( 9.199999999999999289, 20.95328136593407109, -1.399999999999999467 ) ) ;
#770 = DIRECTION ( 'NONE',  ( 1.000000000000000000, 0.000000000000000000, 0.000000000000000000 ) ) ;
#771 = EDGE_LOOP ( 'NONE', ( #976, #698, #887, #1066 ) ) ;
#772 = ORIENTED_EDGE ( 'NONE', *, *, #880, .F. ) ;
#773 = DIRECTION ( 'NONE',  ( 1.000000000000000000, 0.000000000000000000, 0.000000000000000000 ) ) ;
#774 = ADVANCED_FACE ( 'NONE', ( #2092 ), #1378, .F. ) ;
#775 = CARTESIAN_POINT ( 'NONE',  ( 56.00000000000000000, 0.000000000000000000, 0.000000000000000000 ) ) ;
#776 = ORIENTED_EDGE ( 'NONE', *, *, #334, .T. ) ;
#777 = CARTESIAN_POINT ( 'NONE',  ( 26.40733047702258673, -13.78081841921627060, 30.71313751222548305 ) ) ;
#778 = CARTESIAN_POINT ( 'NONE',  ( 0.000000000000000000, 0.000000000000000000, 0.000000000000000000 ) ) ;
#779 = EDGE_LOOP ( 'NONE', ( #1637, #367, #1330, #1467 ) ) ;
#780 = CARTESIAN_POINT ( 'NONE',  ( 41.39999999999999858, -15.72729735332727152, 29.57874436077409186 ) ) ;
#781 = EDGE_CURVE ( 'NONE', #1810, #922, #1750, .T. ) ;
#782 = CARTESIAN_POINT ( 'NONE',  ( 27.09147358180914367, -33.99072104517502169, 2.199747098627556241 ) ) ;
#783 = ADVANCED_FACE ( 'NONE', ( #1529 ), #2227, .T. ) ;
#784 = CARTESIAN_POINT ( 'NONE',  ( 7.200000000000004619, -20.99999999999999645, 2.571758278209441267E-15 ) ) ;
#785 = ORIENTED_EDGE ( 'NONE', *, *, #1678, .F. ) ;
#786 = ORIENTED_EDGE ( 'NONE', *, *, #1156, .T. ) ;
#787 = CARTESIAN_POINT ( 'NONE',  ( 41.39999999999999858, 27.10206931156056598, -17.41580595179809166 ) ) ;
#788 = VECTOR ( 'NONE', #1218, 1000.000000000000000 ) ;
#789 = AXIS2_PLACEMENT_3D ( 'NONE', #672, #526, #1364 ) ;
#790 = VECTOR ( 'NONE', #260, 1000.000000000000000 ) ;
#791 = ORIENTED_EDGE ( 'NONE', *, *, #1919, .T. ) ;
#792 = DIRECTION ( 'NONE',  ( -1.000000000000000000, -0.000000000000000000, -0.000000000000000000 ) ) ;
#793 = DIRECTION ( 'NONE',  ( 1.000000000000000000, 0.000000000000000000, 0.000000000000000000 ) ) ;
#794 = AXIS2_PLACEMENT_3D ( 'NONE', #1278, #1094, #742 ) ;
#795 = AXIS2_PLACEMENT_3D ( 'NONE', #14, #1042, #166 ) ;
#796 = CARTESIAN_POINT ( 'NONE',  ( 26.67548180219645815, -33.72524967528043049, -2.249999999999995115 ) ) ;
#797 = DIRECTION ( 'NONE',  ( 0.000000000000000000, -1.000000000000000000, -0.000000000000000000 ) ) ;
#798 = ORIENTED_EDGE ( 'NONE', *, *, #309, .F. ) ;
#799 = ORIENTED_EDGE ( 'NONE', *, *, #669, .F. ) ;
#800 = CARTESIAN_POINT ( 'NONE',  ( 27.49616766069157237, -14.22384794617517301, 31.25270370321164748 ) ) ;
#801 = CARTESIAN_POINT ( 'NONE',  ( 29.45800180910442378, 29.11407658815434374, 20.70525828834046678 ) ) ;
#802 = ORIENTED_EDGE ( 'NONE', *, *, #1532, .F. ) ;
#803 = ORIENTED_EDGE ( 'NONE', *, *, #1393, .F. ) ;
#804 = VERTEX_POINT ( 'NONE', #534 ) ;
#805 = CARTESIAN_POINT ( 'NONE',  ( 12.00000000000000355, 0.000000000000000000, 0.000000000000000000 ) ) ;
#806 = CARTESIAN_POINT ( 'NONE',  ( 29.51073336638540567, 28.92853316206727854, -21.02837587448151169 ) ) ;
#807 = DIRECTION ( 'NONE',  ( 1.000000000000000000, 0.000000000000000000, 0.000000000000000000 ) ) ;
#808 = CARTESIAN_POINT ( 'NONE',  ( 21.71947908554916395, 0.000000000000000000, 0.000000000000000000 ) ) ;
#809 = AXIS2_PLACEMENT_3D ( 'NONE', #1558, #2255, #1579 ) ;
#810 = ORIENTED_EDGE ( 'NONE', *, *, #2103, .T. ) ;
#811 = ADVANCED_FACE ( 'NONE', ( #705 ), #546, .T. ) ;
#812 = EDGE_CURVE ( 'NONE', #600, #873, #1768, .T. ) ;
#813 = DIRECTION ( 'NONE',  ( 0.000000000000000000, 0.000000000000000000, -1.000000000000000000 ) ) ;
#814 = CARTESIAN_POINT ( 'NONE',  ( 31.39999999999999858, 0.000000000000000000, 0.000000000000000000 ) ) ;
#815 = EDGE_CURVE ( 'NONE', #364, #1946, #433, .T. ) ;
#816 = VECTOR ( 'NONE', #1313, 999.9999999999998863 ) ;
#817 = EDGE_LOOP ( 'NONE', ( #1927, #83 ) ) ;
#818 = ORIENTED_EDGE ( 'NONE', *, *, #2246, .F. ) ;
#819 = CARTESIAN_POINT ( 'NONE',  ( 27.49616766069157237, 26.48459341212287654, -21.85441948328045569 ) ) ;
#820 = EDGE_CURVE ( 'NONE', #2019, #881, #2181, .T. ) ;
#821 = CARTESIAN_POINT ( 'NONE',  ( 27.49616766069157592, -34.27219162920374629, -2.113343343564327181 ) ) ;
#822 = AXIS2_PLACEMENT_3D ( 'NONE', #296, #770, #2166 ) ;
#823 = FACE_OUTER_BOUND ( 'NONE', #481, .T. ) ;
#824 = LINE ( 'NONE', #1875, #528 ) ;
#825 = FACE_OUTER_BOUND ( 'NONE', #609, .T. ) ;
#826 = DIRECTION ( 'NONE',  ( 1.000000000000000000, 0.000000000000000000, 0.000000000000000000 ) ) ;
#827 = CARTESIAN_POINT ( 'NONE',  ( 7.199999999999998401, 23.00000000000000000, 1.224646799147354440E-16 ) ) ;
#828 = MANIFOLD_SOLID_BREP ( 'Cut-Extrude4', #754 ) ;
#829 = ORIENTED_EDGE ( 'NONE', *, *, #1708, .F. ) ;
#830 = FACE_OUTER_BOUND ( 'NONE', #779, .T. ) ;
#831 = AXIS2_PLACEMENT_3D ( 'NONE', #738, #1440, #924 ) ;
#832 = ADVANCED_FACE ( 'NONE', ( #586 ), #161, .F. ) ;
#833 = DIRECTION ( 'NONE',  ( 1.000000000000000000, 0.000000000000000000, 0.000000000000000000 ) ) ;
#834 = CIRCLE ( 'NONE', #393, 26.00000000000000355 ) ;
#835 = DIRECTION ( 'NONE',  ( 0.000000000000000000, 0.000000000000000000, -1.000000000000000000 ) ) ;
#836 = CARTESIAN_POINT ( 'NONE',  ( 56.00000000000000000, 0.000000000000000000, 0.000000000000000000 ) ) ;
#837 = CARTESIAN_POINT ( 'NONE',  ( 12.00000000000000355, 0.000000000000000000, 0.000000000000000000 ) ) ;
#838 = CARTESIAN_POINT ( 'NONE',  ( 43.90033132979046115, 0.000000000000000000, 0.000000000000000000 ) ) ;
#839 = CARTESIAN_POINT ( 'NONE',  ( 41.39999999999999858, 27.10206931156085375, 19.69080595179769944 ) ) ;
#840 = ORIENTED_EDGE ( 'NONE', *, *, #334, .F. ) ;
#841 = DIRECTION ( 'NONE',  ( 0.000000000000000000, 0.000000000000000000, -1.000000000000000000 ) ) ;
#842 = EDGE_CURVE ( 'NONE', #217, #1302, #1446, .T. ) ;
#843 = LINE ( 'NONE', #497, #1172 ) ;
#844 = ORIENTED_EDGE ( 'NONE', *, *, #1254, .T. ) ;
#845 = EDGE_CURVE ( 'NONE', #980, #1436, #1029, .T. ) ;
#846 = CARTESIAN_POINT ( 'NONE',  ( 41.39999999999999858, -15.72729735332727152, 31.85374436077409399 ) ) ;
#847 = ORIENTED_EDGE ( 'NONE', *, *, #486, .T. ) ;
#848 = CYLINDRICAL_SURFACE ( 'NONE', #1300, 32.49999999999999289 ) ;
#849 = CARTESIAN_POINT ( 'NONE',  ( 24.41969430870530289, -32.79402667343242683, -2.138448485285822986 ) ) ;
#850 = ORIENTED_EDGE ( 'NONE', *, *, #989, .T. ) ;
#851 = DIRECTION ( 'NONE',  ( 0.7071067811865966446, 8.659560562354331352E-17, 0.7071067811864983899 ) ) ;
#852 = CARTESIAN_POINT ( 'NONE',  ( 7.199999999999998401, 23.00000000000000000, -1.399999999999999911 ) ) ;
#853 = CIRCLE ( 'NONE', #1154, 21.00000000000000000 ) ;
#854 = VERTEX_POINT ( 'NONE', #1811 ) ;
#855 = CARTESIAN_POINT ( 'NONE',  ( 9.199999999999999289, 23.00000000000000000, -1.399999999999999911 ) ) ;
#856 = EDGE_CURVE ( 'NONE', #424, #1946, #1929, .T. ) ;
#857 = DIRECTION ( 'NONE',  ( 0.000000000000000000, 0.000000000000000000, -1.000000000000000000 ) ) ;
#858 = CARTESIAN_POINT ( 'NONE',  ( 0.000000000000000000, 3.992348565220371194E-15, 32.59999999999999432 ) ) ;
#859 = VECTOR ( 'NONE', #39, 1000.000000000000000 ) ;
#860 = EDGE_LOOP ( 'NONE', ( #1126, #1738, #2164, #2053, #1366, #238, #1588, #898, #1973, #1411, #2201, #111, #818, #1225, #563 ) ) ;
#861 = CARTESIAN_POINT ( 'NONE',  ( 27.75539654245648080, 26.67710579634064771, 21.90936079135930470 ) ) ;
#862 = AXIS2_PLACEMENT_3D ( 'NONE', #2170, #452, #95 ) ;
#863 = FACE_OUTER_BOUND ( 'NONE', #1182, .T. ) ;
#864 = CIRCLE ( 'NONE', #1604, 27.79999999999999716 ) ;
#865 = CARTESIAN_POINT ( 'NONE',  ( 21.71947908554916395, -32.43936567164178797, -1.984327296971974963 ) ) ;
#866 = AXIS2_PLACEMENT_3D ( 'NONE', #2263, #1930, #701 ) ;
#867 = CARTESIAN_POINT ( 'NONE',  ( 9.199999999999999289, 20.95328136593406754, 1.399999999999999911 ) ) ;
#869 = FACE_OUTER_BOUND ( 'NONE', #463, .T. ) ;
#868 = AXIS2_PLACEMENT_3D ( 'NONE', #348, #716, #1570 ) ;
#870 = ORIENTED_EDGE ( 'NONE', *, *, #1165, .T. ) ;
#871 = LINE ( 'NONE', #2269, #646 ) ;
#872 = CYLINDRICAL_SURFACE ( 'NONE', #2262, 32.59999999999999432 ) ;
#873 = VERTEX_POINT ( 'NONE', #1073 ) ;
#874 = CARTESIAN_POINT ( 'NONE',  ( 27.49616766069157237, 28.96897751287832534, 18.43495812349463137 ) ) ;
#875 = B_SPLINE_CURVE_WITH_KNOTS ( 'NONE', 3,
 ( #2018, #961, #87, #973, #1460, #2172, #445, #1841, #2028, #1658, #1489, #1864 ),
 .UNSPECIFIED., .F., .F.,
 ( 4, 2, 2, 2, 2, 4 ),
 ( 1.971677659279505112E-07, 0.001534533626625380525, 0.003068870085484833206, 0.004603206544344286971, 0.005370374773774018624, 0.006137543003203750278 ),
 .UNSPECIFIED. ) ;
#876 = CARTESIAN_POINT ( 'NONE',  ( 29.49157163604278509, -35.74938096721647440, -0.1574857400345985037 ) ) ;
#877 = CARTESIAN_POINT ( 'NONE',  ( 23.77145550882844560, -13.48552270934213659, -29.78899722917035220 ) ) ;
#878 = ORIENTED_EDGE ( 'NONE', *, *, #920, .T. ) ;
#879 = ADVANCED_FACE ( 'NONE', ( #894 ), #559, .F. ) ;
#880 = EDGE_CURVE ( 'NONE', #963, #2217, #1851, .T. ) ;
#881 = VERTEX_POINT ( 'NONE', #1598 ) ;
#882 = DIRECTION ( 'NONE',  ( -1.000000000000000000, 0.000000000000000000, 0.000000000000000000 ) ) ;
#883 = DIRECTION ( 'NONE',  ( 1.000000000000000000, 0.000000000000000000, 0.000000000000000000 ) ) ;
#884 = TOROIDAL_SURFACE ( 'NONE', #1921, 42.49999999999999289, 10.00000000000000000 ) ;
#885 = ORIENTED_EDGE ( 'NONE', *, *, #2002, .F. ) ;
#886 = CARTESIAN_POINT ( 'NONE',  ( 23.77145550882843494, 27.62227074235177326, -17.50010964822556758 ) ) ;
#887 = ORIENTED_EDGE ( 'NONE', *, *, #440, .T. ) ;
#888 = ORIENTED_EDGE ( 'NONE', *, *, #220, .T. ) ;
#889 = CARTESIAN_POINT ( 'NONE',  ( 9.199999999999999289, 23.00000000000000000, 1.224646799147354440E-16 ) ) ;
#890 = CARTESIAN_POINT ( 'NONE',  ( 29.13871670620733312, -35.48377916567043400, -1.068460734665051204 ) ) ;
#891 = CARTESIAN_POINT ( 'NONE',  ( 0.5000000000000004441, 30.00000000000000000, 0.000000000000000000 ) ) ;
#892 = ADVANCED_FACE ( 'NONE', ( #1995 ), #1426, .F. ) ;
#893 = ORIENTED_EDGE ( 'NONE', *, *, #2208, .F. ) ;
#894 = FACE_OUTER_BOUND ( 'NONE', #1072, .T. ) ;
#895 = ORIENTED_EDGE ( 'NONE', *, *, #1092, .F. ) ;
#896 = DIRECTION ( 'NONE',  ( 1.000000000000000000, 0.000000000000000000, 0.000000000000000000 ) ) ;
#897 = DIRECTION ( 'NONE',  ( 0.000000000000000000, 0.000000000000000000, -1.000000000000000000 ) ) ;
#898 = ORIENTED_EDGE ( 'NONE', *, *, #1437, .F. ) ;
#899 = CIRCLE ( 'NONE', #2145, 27.79999999999999716 ) ;
#900 = CYLINDRICAL_SURFACE ( 'NONE', #1275, 20.99999999999999645 ) ;
#901 = ORIENTED_EDGE ( 'NONE', *, *, #1783, .T. ) ;
#902 = CARTESIAN_POINT ( 'NONE',  ( 7.200000000000004619, -1.904765879064298723E-32, 0.000000000000000000 ) ) ;
#903 = VECTOR ( 'NONE', #12, 1000.000000000000000 ) ;
#904 = AXIS2_PLACEMENT_3D ( 'NONE', #891, #1098, #1082 ) ;
#905 = CARTESIAN_POINT ( 'NONE',  ( 28.39356729987829553, -34.92881192841808513, 1.748915275707319861 ) ) ;
#906 = CIRCLE ( 'NONE', #2046, 14.99999999999999822 ) ;
#907 = CARTESIAN_POINT ( 'NONE',  ( 27.49616766069157592, -14.22384794617517123, -31.25270370321164748 ) ) ;
#908 = EDGE_LOOP ( 'NONE', ( #1060, #1504, #799, #1897 ) ) ;
#909 = CIRCLE ( 'NONE', #2116, 20.99999999999999645 ) ;
#910 = PRESENTATION_STYLE_ASSIGNMENT (( #1246 ) ) ;
#911 = CARTESIAN_POINT ( 'NONE',  ( 28.52758831927021888, -17.90764865728178634, -30.15018861126095118 ) ) ;
#912 = CYLINDRICAL_SURFACE ( 'NONE', #2222, 27.79999999999999716 ) ;
#913 = ORIENTED_EDGE ( 'NONE', *, *, #1254, .F. ) ;
#914 = AXIS2_PLACEMENT_3D ( 'NONE', #117, #191, #1056 ) ;
#915 = DIRECTION ( 'NONE',  ( 2.645508165367082054E-33, 1.000000000000000000, 0.000000000000000000 ) ) ;
#916 = ADVANCED_FACE ( 'NONE', ( #1123 ), #1958, .T. ) ;
#917 = ORIENTED_EDGE ( 'NONE', *, *, #753, .T. ) ;
#918 = CARTESIAN_POINT ( 'NONE',  ( 27.49616766069157237, 0.000000000000000000, 0.000000000000000000 ) ) ;
#919 = ADVANCED_FACE ( 'NONE', ( #1084, #560 ), #1269, .T. ) ;
#920 = EDGE_CURVE ( 'NONE', #261, #729, #340, .T. ) ;
#921 = CARTESIAN_POINT ( 'NONE',  ( 29.14245096956193848, -15.72729735332727152, 31.82874436077409186 ) ) ;
#922 = VERTEX_POINT ( 'NONE', #1180 ) ;
#923 = DIRECTION ( 'NONE',  ( 1.000000000000000000, 0.000000000000000000, 0.000000000000000000 ) ) ;
#924 = DIRECTION ( 'NONE',  ( 0.000000000000000000, 0.000000000000000000, -1.000000000000000000 ) ) ;
#925 = ORIENTED_EDGE ( 'NONE', *, *, #81, .T. ) ;
#926 = DIRECTION ( 'NONE',  ( 0.000000000000000000, 0.000000000000000000, -1.000000000000000000 ) ) ;
#927 = CARTESIAN_POINT ( 'NONE',  ( 41.39999999999999858, -33.50000000000000000, 2.274999999999999467 ) ) ;
#928 = DIRECTION ( 'NONE',  ( 0.000000000000000000, -1.000000000000000000, 0.000000000000000000 ) ) ;
#929 = AXIS2_PLACEMENT_3D ( 'NONE', #1898, #1354, #482 ) ;
#930 = CARTESIAN_POINT ( 'NONE',  ( 22.74954652726068005, 27.45472584846693209, 17.46702503427974662 ) ) ;
#931 = EDGE_LOOP ( 'NONE', ( #885, #1110, #134, #430 ) ) ;
#932 = EDGE_CURVE ( 'NONE', #541, #2260, #853, .T. ) ;
#933 = VECTOR ( 'NONE', #2060, 1000.000000000000000 ) ;
#934 = CARTESIAN_POINT ( 'NONE',  ( 27.49616766069157237, 0.000000000000000000, 0.000000000000000000 ) ) ;
#935 = CARTESIAN_POINT ( 'NONE',  ( 21.71947908554916395, -16.98141670795424929, 27.71067459645853148 ) ) ;
#936 = CARTESIAN_POINT ( 'NONE',  ( 29.14245096956193848, -15.72729735332726797, -31.82874436077409186 ) ) ;
#937 = EDGE_LOOP ( 'NONE', ( #89, #149, #30, #1877, #2061 ) ) ;
#938 = AXIS2_PLACEMENT_3D ( 'NONE', #1547, #2244, #1000 ) ;
#939 = ORIENTED_EDGE ( 'NONE', *, *, #555, .T. ) ;
#940 = DIRECTION ( 'NONE',  ( 0.000000000000000000, 0.000000000000000000, -1.000000000000000000 ) ) ;
#941 = PRODUCT_DEFINITION ( 'UNKNOWN', '', #2123, #1459 ) ;
#942 = CIRCLE ( 'NONE', #1016, 34.33728788295096024 ) ;
#943 = CARTESIAN_POINT ( 'NONE',  ( 25.95219946391025800, 25.66757193874090603, 21.42805736059535704 ) ) ;
#944 = VECTOR ( 'NONE', #851, 1000.000000000000000 ) ;
#945 = ORIENTED_EDGE ( 'NONE', *, *, #713, .T. ) ;
#946 = CARTESIAN_POINT ( 'NONE',  ( 56.00000000000000000, 0.000000000000000000, 0.000000000000000000 ) ) ;
#947 = DIRECTION ( 'NONE',  ( 1.000000000000000000, 0.000000000000000000, 0.000000000000000000 ) ) ;
#948 = VECTOR ( 'NONE', #136, 1000.000000000000000 ) ;
#949 = EDGE_LOOP ( 'NONE', ( #2011, #1476, #13, #2225, #803, #1776 ) ) ;
#950 = VERTEX_POINT ( 'NONE', #163 ) ;
#951 = DIRECTION ( 'NONE',  ( 0.000000000000000000, 0.000000000000000000, 1.000000000000000000 ) ) ;
#952 = DIRECTION ( 'NONE',  ( 1.000000000000000000, 0.000000000000000000, 0.000000000000000000 ) ) ;
#953 = B_SPLINE_CURVE_WITH_KNOTS ( 'NONE', 3,
 ( #639, #109, #1475, #2167, #966, #427, #1671, #2032, #1483, #1345, #1137, #2048, #801, #72, #82, #1507, #247, #1826, #2200, #461, #1168, #91 ),
 .UNSPECIFIED., .F., .F.,
 ( 4, 2, 2, 2, 2, 2, 2, 2, 2, 2, 4 ),
 ( 0.001391492238945400391, 0.002134133950214146813, 0.002876775661482893452, 0.003248096517117264603, 0.003619417372751635754, 0.003990738228386006906, 0.004362059084020377189, 0.005104700795289125563, 0.005847342506557873937, 0.006589984217826623178, 0.007332625929095371552 ),
 .UNSPECIFIED. ) ;
#954 = VERTEX_POINT ( 'NONE', #858 ) ;
#955 = CARTESIAN_POINT ( 'NONE',  ( 12.00000000000000000, 27.41035643598288019, -17.46202622986157493 ) ) ;
#956 = CARTESIAN_POINT ( 'NONE',  ( 12.00000000000000000, 27.10206931156056598, -19.69080595179809023 ) ) ;
#957 = ADVANCED_FACE ( 'NONE', ( #1550 ), #1879, .F. ) ;
#958 = VERTEX_POINT ( 'NONE', #1216 ) ;
#959 = CARTESIAN_POINT ( 'NONE',  ( 36.60000000000000142, 0.000000000000000000, 0.000000000000000000 ) ) ;
#960 = FACE_OUTER_BOUND ( 'NONE', #731, .T. ) ;
#961 = CARTESIAN_POINT ( 'NONE',  ( 22.23827031267032339, -16.98141670795424218, -27.71067459645852793 ) ) ;
#962 = VERTEX_POINT ( 'NONE', #518 ) ;
#963 = VERTEX_POINT ( 'NONE', #1915 ) ;
#964 = DIRECTION ( 'NONE',  ( 0.000000000000000000, 0.000000000000000000, 1.000000000000000000 ) ) ;
#965 = EDGE_CURVE ( 'NONE', #1353, #1315, #1721, .T. ) ;
#966 = CARTESIAN_POINT ( 'NONE',  ( 29.09570636575566738, 28.01022448447308832, 21.76089324616555842 ) ) ;
#967 = CIRCLE ( 'NONE', #2082, 2.249999999999998668 ) ;
#968 = EDGE_LOOP ( 'NONE', ( #981, #1213, #1197, #356 ) ) ;
#969 = LINE ( 'NONE', #1674, #1374 ) ;
#970 = CARTESIAN_POINT ( 'NONE',  ( 56.00000000000000000, 0.000000000000000000, 0.000000000000000000 ) ) ;
#971 = CARTESIAN_POINT ( 'NONE',  ( 26.66724794602956194, -33.73186902752142657, 2.241858870708480556 ) ) ;
#972 = CIRCLE ( 'NONE', #1271, 32.59999999999999432 ) ;
#973 = CARTESIAN_POINT ( 'NONE',  ( 23.75858453815171245, -17.15312380702198425, -27.83616376691797711 ) ) ;
#974 = VECTOR ( 'NONE', #1010, 1000.000000000000000 ) ;
#975 = VERTEX_POINT ( 'NONE', #299 ) ;
#976 = ORIENTED_EDGE ( 'NONE', *, *, #965, .F. ) ;
#977 = CARTESIAN_POINT ( 'NONE',  ( 22.74954652726068005, -13.47607781501735857, 29.61847838235838637 ) ) ;
#978 = CARTESIAN_POINT ( 'NONE',  ( 41.39999999999999858, 27.10206931156056598, -21.96580595179808881 ) ) ;
#979 = CIRCLE ( 'NONE', #1491, 2.249999999999998668 ) ;
#980 = VERTEX_POINT ( 'NONE', #483 ) ;
#981 = ORIENTED_EDGE ( 'NONE', *, *, #574, .F. ) ;
#982 = AXIS2_PLACEMENT_3D ( 'NONE', #986, #1993, #1121 ) ;
#983 = CARTESIAN_POINT ( 'NONE',  ( 18.20000000000000284, -4.814824860968089633E-32, 0.000000000000000000 ) ) ;
#984 = CARTESIAN_POINT ( 'NONE',  ( 26.23089214756576482, -33.50000000000476774, 2.249999999999995115 ) ) ;
#985 = ADVANCED_FACE ( 'NONE', ( #1375 ), #2257, .F. ) ;
#986 = CARTESIAN_POINT ( 'NONE',  ( 41.39999999999999858, -15.72729735332727152, 29.57874436077409186 ) ) ;
#987 = FACE_BOUND ( 'NONE', #1576, .T. ) ;
#988 = EDGE_CURVE ( 'NONE', #995, #332, #1398, .T. ) ;
#989 = EDGE_CURVE ( 'NONE', #975, #1937, #967, .T. ) ;
#990 = CARTESIAN_POINT ( 'NONE',  ( 26.68750000000000000, -16.98141670795427416, -27.71067459645854569 ) ) ;
#991 = CARTESIAN_POINT ( 'NONE',  ( 36.60000000000000142, 3.184081677783118585E-15, 26.00000000000000355 ) ) ;
#992 = DIRECTION ( 'NONE',  ( -1.000000000000000000, -0.000000000000000000, -0.000000000000000000 ) ) ;
#993 = ADVANCED_FACE ( 'NONE', ( #869 ), #1206, .F. ) ;
#994 = ORIENTED_EDGE ( 'NONE', *, *, #602, .T. ) ;
#995 = VERTEX_POINT ( 'NONE', #2079 ) ;
#996 = DIRECTION ( 'NONE',  ( 0.000000000000000000, 0.000000000000000000, -1.000000000000000000 ) ) ;
#997 = ORIENTED_EDGE ( 'NONE', *, *, #1174, .F. ) ;
#998 = CARTESIAN_POINT ( 'NONE',  ( 29.34137307425355345, 28.39480849387965122, -21.54549270043105125 ) ) ;
#999 = CARTESIAN_POINT ( 'NONE',  ( 24.99817296738574868, 25.39162043486506448, 21.15474868597575764 ) ) ;
#1000 = DIRECTION ( 'NONE',  ( 0.000000000000000000, 0.000000000000000000, -1.000000000000000000 ) ) ;
#1001 = AXIS2_PLACEMENT_3D ( 'NONE', #5, #1942, #361 ) ;
#1002 = FACE_BOUND ( 'NONE', #1077, .T. ) ;
#1003 = CARTESIAN_POINT ( 'NONE',  ( 0.5000000000000004441, 30.00000000000000000, 0.000000000000000000 ) ) ;
#1004 = DIRECTION ( 'NONE',  ( 1.000000000000000000, 0.000000000000000000, 0.000000000000000000 ) ) ;
#1005 = EDGE_CURVE ( 'NONE', #336, #1461, #1024, .T. ) ;
#1006 = B_SPLINE_CURVE_WITH_KNOTS ( 'NONE', 3,
 ( #621, #451, #2152, #1157, #267, #1979, #397, #1847 ),
 .UNSPECIFIED., .F., .F.,
 ( 4, 2, 2, 4 ),
 ( 1.971677659277216006E-07, 0.002331394314249525361, 0.003496992887491316530, 0.004662591460733107700 ),
 .UNSPECIFIED. ) ;
#1007 = VECTOR ( 'NONE', #1331, 1000.000000000000000 ) ;
#1008 = VERTEX_POINT ( 'NONE', #1711 ) ;
#1009 = VERTEX_POINT ( 'NONE', #1574 ) ;
#1010 = DIRECTION ( 'NONE',  ( 1.000000000000000000, -2.645508165367081712E-33, 0.000000000000000000 ) ) ;
#1011 = CARTESIAN_POINT ( 'NONE',  ( 27.49616766069157237, 28.96897751287805889, -18.43495812349505059 ) ) ;
#1012 = CARTESIAN_POINT ( 'NONE',  ( 21.71947908554916395, -16.98141670795424929, -27.71067459645853148 ) ) ;
#1013 = CARTESIAN_POINT ( 'NONE',  ( 9.199999999999999289, 23.00000000000000000, -1.399999999999999911 ) ) ;
#1014 = DIRECTION ( 'NONE',  ( -5.605588677367239158E-49, -2.118908098924512695E-16, 1.000000000000000000 ) ) ;
#1015 = CYLINDRICAL_SURFACE ( 'NONE', #126, 2.249999999999995115 ) ;
#1016 = AXIS2_PLACEMENT_3D ( 'NONE', #282, #1861, #2015 ) ;
#1017 = CARTESIAN_POINT ( 'NONE',  ( 26.23089214755635012, -33.49999999999999289, -2.249999999999995115 ) ) ;
#1018 = EDGE_CURVE ( 'NONE', #1088, #963, #2266, .T. ) ;
#1019 = ORIENTED_EDGE ( 'NONE', *, *, #2148, .T. ) ;
#1020 = CARTESIAN_POINT ( 'NONE',  ( 9.199999999999999289, 20.95328136593406754, 1.399999999999999911 ) ) ;
#1021 = EDGE_CURVE ( 'NONE', #2216, #958, #1530, .T. ) ;
#1022 = CIRCLE ( 'NONE', #23, 2.249999999999995115 ) ;
#1023 = PRESENTATION_LAYER_ASSIGNMENT (  '', '', ( #1681 ) ) ;
#1024 = CIRCLE ( 'NONE', #317, 1.399999999999998579 ) ;
#1025 = CARTESIAN_POINT ( 'NONE',  ( 26.68750000000000000, -32.43936567164182350, 1.984327296971991839 ) ) ;
#1026 = AXIS2_PLACEMENT_3D ( 'NONE', #918, #1445, #384 ) ;
#1027 = EDGE_LOOP ( 'NONE', ( #1202, #1334, #2205, #653 ) ) ;
#1028 = PLANE ( 'NONE',  #422 ) ;
#1029 = B_SPLINE_CURVE_WITH_KNOTS ( 'NONE', 3,
 ( #2125, #1651, #377, #1111, #1969, #61, #1786, #747, #549, #724 ),
 .UNSPECIFIED., .F., .F.,
 ( 4, 2, 2, 2, 4 ),
 ( 0.005027380639347507792, 0.005603691961784475900, 0.006180003284221443141, 0.006756314606658411250, 0.007332625929095379358 ),
 .UNSPECIFIED. ) ;
#1030 = VERTEX_POINT ( 'NONE', #311 ) ;
#1031 = DIRECTION ( 'NONE',  ( 1.000000000000000000, 0.000000000000000000, 0.000000000000000000 ) ) ;
#1032 = DIRECTION ( 'NONE',  ( 1.000000000000000000, -2.645508165367081712E-33, 0.000000000000000000 ) ) ;
#1033 = VERTEX_POINT ( 'NONE', #143 ) ;
#1034 = CYLINDRICAL_SURFACE ( 'NONE', #96, 37.10000000000000142 ) ;
#1035 = FACE_OUTER_BOUND ( 'NONE', #37, .T. ) ;
#1036 = EDGE_CURVE ( 'NONE', #1551, #707, #500, .T. ) ;
#1037 = DIRECTION ( 'NONE',  ( -1.000000000000000000, -0.000000000000000000, -0.000000000000000000 ) ) ;
#1038 = CARTESIAN_POINT ( 'NONE',  ( 41.39999999999999858, -33.50000000000000000, 0.000000000000000000 ) ) ;
#1039 = CARTESIAN_POINT ( 'NONE',  ( 27.79999999999999716, 0.000000000000000000, 0.000000000000000000 ) ) ;
#1040 = ORIENTED_EDGE ( 'NONE', *, *, #812, .T. ) ;
#1041 = LINE ( 'NONE', #485, #315 ) ;
#1042 = DIRECTION ( 'NONE',  ( -1.000000000000000000, -0.000000000000000000, -0.000000000000000000 ) ) ;
#1043 = AXIS2_PLACEMENT_3D ( 'NONE', #473, #1200, #1899 ) ;
#1044 = ORIENTED_EDGE ( 'NONE', *, *, #512, .T. ) ;
#1045 = DIRECTION ( 'NONE',  ( 1.000000000000000000, 0.000000000000000000, 0.000000000000000000 ) ) ;
#1046 = CIRCLE ( 'NONE', #133, 2.274999999999999467 ) ;
#1047 = DIRECTION ( 'NONE',  ( 1.000000000000000000, 0.000000000000000000, 0.000000000000000000 ) ) ;
#1048 = DIRECTION ( 'NONE',  ( 0.000000000000000000, 1.000000000000000000, 0.000000000000000000 ) ) ;
#1049 = AXIS2_PLACEMENT_3D ( 'NONE', #1774, #1412, #1986 ) ;
#1050 = ORIENTED_EDGE ( 'NONE', *, *, #2065, .T. ) ;
#1051 = DIRECTION ( 'NONE',  ( 0.000000000000000000, 0.000000000000000000, -1.000000000000000000 ) ) ;
#1052 = CIRCLE ( 'NONE', #60, 28.70000000000000995 ) ;
#1053 = CARTESIAN_POINT ( 'NONE',  ( 21.71947908554916395, 27.41035643598284821, -17.46202622986157138 ) ) ;
#1054 = ORIENTED_EDGE ( 'NONE', *, *, #619, .T. ) ;
#1055 = EDGE_CURVE ( 'NONE', #995, #1009, #1581, .T. ) ;
#1056 = DIRECTION ( 'NONE',  ( 0.000000000000000000, 0.000000000000000000, -1.000000000000000000 ) ) ;
#1057 = EDGE_CURVE ( 'NONE', #424, #980, #472, .T. ) ;
#1058 = CARTESIAN_POINT ( 'NONE',  ( 26.68750000000000000, -16.98141670795427416, 27.71067459645854569 ) ) ;
#1059 = CARTESIAN_POINT ( 'NONE',  ( 29.24070307379714961, -17.50608848839749143, 30.96639174138131168 ) ) ;
#1060 = ORIENTED_EDGE ( 'NONE', *, *, #1876, .F. ) ;
#1061 = ORIENTED_EDGE ( 'NONE', *, *, #1880, .F. ) ;
#1062 = CARTESIAN_POINT ( 'NONE',  ( 41.39999999999999858, 27.10206931156056598, -19.69080595179809023 ) ) ;
#1063 = EDGE_CURVE ( 'NONE', #585, #1947, #1723, .T. ) ;
#1064 = ORIENTED_EDGE ( 'NONE', *, *, #1635, .F. ) ;
#1065 = FACE_OUTER_BOUND ( 'NONE', #1999, .T. ) ;
#1066 = ORIENTED_EDGE ( 'NONE', *, *, #110, .F. ) ;
#1067 = ORIENTED_EDGE ( 'NONE', *, *, #2017, .T. ) ;
#1068 = EDGE_CURVE ( 'NONE', #9, #1947, #1636, .T. ) ;
#1069 = DIRECTION ( 'NONE',  ( 1.000000000000000000, 0.000000000000000000, 0.000000000000000000 ) ) ;
#1070 = CARTESIAN_POINT ( 'NONE',  ( 29.39694858532982735, -35.67797706231657173, -0.5826117280006996024 ) ) ;
#1071 = CARTESIAN_POINT ( 'NONE',  ( 22.23730703578893042, -13.47730268734291137, -29.57384507083474645 ) ) ;
#1072 = EDGE_LOOP ( 'NONE', ( #1643, #798, #1779, #79 ) ) ;
#1073 = CARTESIAN_POINT ( 'NONE',  ( 21.71947908554916395, -16.98141670795424929, 27.71067459645853148 ) ) ;
#1074 = ORIENTED_EDGE ( 'NONE', *, *, #2179, .F. ) ;
#1075 = LINE ( 'NONE', #1260, #57 ) ;
#1076 = CARTESIAN_POINT ( 'NONE',  ( 41.37499999999999289, 27.10206931156085375, 19.69080595179769944 ) ) ;
#1077 = EDGE_LOOP ( 'NONE', ( #1728, #1257 ) ) ;
#1078 = DIRECTION ( 'NONE',  ( -2.645508165367081712E-33, -1.000000000000000000, 0.000000000000000000 ) ) ;
#1079 = ORIENTED_EDGE ( 'NONE', *, *, #2084, .T. ) ;
#1080 = CARTESIAN_POINT ( 'NONE',  ( 41.37499999999999289, 27.10206931156085375, 21.94080595179769233 ) ) ;
#1081 = CARTESIAN_POINT ( 'NONE',  ( 28.60109185085809713, -35.08253174213123771, 1.614872234696496767 ) ) ;
#1082 = DIRECTION ( 'NONE',  ( 0.000000000000000000, 0.000000000000000000, 1.000000000000000000 ) ) ;
#1083 = ORIENTED_EDGE ( 'NONE', *, *, #2219, .F. ) ;
#1084 = FACE_OUTER_BOUND ( 'NONE', #122, .T. ) ;
#1085 = EDGE_CURVE ( 'NONE', #266, #419, #86, .T. ) ;
#1086 = CARTESIAN_POINT ( 'NONE',  ( 12.00000000000000000, 25.07763979421980594, -20.67273524116644623 ) ) ;
#1087 = DIRECTION ( 'NONE',  ( -1.000000000000000000, -0.000000000000000000, -0.000000000000000000 ) ) ;
#1088 = VERTEX_POINT ( 'NONE', #557 ) ;
#1089 = ADVANCED_FACE ( 'NONE', ( #363 ), #758, .F. ) ;
#1090 = AXIS2_PLACEMENT_3D ( 'NONE', #1962, #421, #1105 ) ;
#1091 = CARTESIAN_POINT ( 'NONE',  ( 41.39999999999999858, -15.72729735332727152, 31.85374436077409399 ) ) ;
#1092 = EDGE_CURVE ( 'NONE', #1114, #178, #1821, .T. ) ;
#1093 = ORIENTED_EDGE ( 'NONE', *, *, #2017, .F. ) ;
#1094 = DIRECTION ( 'NONE',  ( 1.000000000000000000, 0.000000000000000000, 0.000000000000000000 ) ) ;
#1095 = VECTOR ( 'NONE', #1710, 1000.000000000000000 ) ;
#1096 = VECTOR ( 'NONE', #132, 1000.000000000000000 ) ;
#1097 = CIRCLE ( 'NONE', #649, 2.249999999999998668 ) ;
#1098 = DIRECTION ( 'NONE',  ( -1.000000000000000000, 0.000000000000000000, 0.000000000000000000 ) ) ;
#1099 = ORIENTED_EDGE ( 'NONE', *, *, #1490, .T. ) ;
#1100 = VECTOR ( 'NONE', #56, 1000.000000000000000 ) ;
#1101 = AXIS2_PLACEMENT_3D ( 'NONE', #693, #1455, #2162 ) ;
#1102 = CARTESIAN_POINT ( 'NONE',  ( 27.64997719023867973, -17.97217517689793098, -29.38604402945724203 ) ) ;
#1103 = DIRECTION ( 'NONE',  ( -1.000000000000000000, -0.000000000000000000, -0.000000000000000000 ) ) ;
#1104 = ORIENTED_EDGE ( 'NONE', *, *, #121, .F. ) ;
#1105 = DIRECTION ( 'NONE',  ( 0.000000000000000000, 0.000000000000000000, -1.000000000000000000 ) ) ;
#1106 = LINE ( 'NONE', #927, #1342 ) ;
#1107 = ADVANCED_FACE ( 'NONE', ( #1797 ), #20, .T. ) ;
#1108 = CARTESIAN_POINT ( 'NONE',  ( 9.199999999999999289, -2.433867512137714929E-32, 0.000000000000000000 ) ) ;
#1109 = CARTESIAN_POINT ( 'NONE',  ( 21.71947908554916395, 27.41035643598310045, 17.46202622986117703 ) ) ;
#1110 = ORIENTED_EDGE ( 'NONE', *, *, #1807, .T. ) ;
#1111 = CARTESIAN_POINT ( 'NONE',  ( 28.66440836059329200, -15.11646254630389663, 31.74927005078317777 ) ) ;
#1112 = CARTESIAN_POINT ( 'NONE',  ( 22.23730703578893042, -16.98141670795421021, 27.71067459645851017 ) ) ;
#1113 = CARTESIAN_POINT ( 'NONE',  ( 28.91808701860414388, -15.40402685298159824, -31.81033861122390505 ) ) ;
#1114 = VERTEX_POINT ( 'NONE', #907 ) ;
#1115 = PRODUCT_RELATED_PRODUCT_CATEGORY ( 'part', '', ( #203 ) ) ;
#1116 = ORIENTED_EDGE ( 'NONE', *, *, #845, .F. ) ;
#1117 = CARTESIAN_POINT ( 'NONE',  ( 56.00000000000000000, 0.000000000000000000, 0.000000000000000000 ) ) ;
#1118 = AXIS2_PLACEMENT_3D ( 'NONE', #1253, #1069, #1592 ) ;
#1119 = CARTESIAN_POINT ( 'NONE',  ( 9.199999999999999289, -2.433867512137714929E-32, 0.000000000000000000 ) ) ;
#1120 = AXIS2_PLACEMENT_3D ( 'NONE', #426, #448, #1878 ) ;
#1121 = DIRECTION ( 'NONE',  ( 0.000000000000000000, 0.000000000000000000, -1.000000000000000000 ) ) ;
#1122 = EDGE_LOOP ( 'NONE', ( #1556, #2187 ) ) ;
#1123 = FACE_OUTER_BOUND ( 'NONE', #1217, .T. ) ;
#1124 = CARTESIAN_POINT ( 'NONE',  ( 21.71947908554916395, -13.47730268734291137, -29.57384507083479619 ) ) ;
#1125 = CYLINDRICAL_SURFACE ( 'NONE', #248, 28.70000000000000995 ) ;
#1126 = ORIENTED_EDGE ( 'NONE', *, *, #2065, .F. ) ;
#1127 = TOROIDAL_SURFACE ( 'NONE', #709, 42.49999999999999289, 10.00000000000000000 ) ;
#1128 = ORIENTED_EDGE ( 'NONE', *, *, #1055, .T. ) ;
#1129 = DIRECTION ( 'NONE',  ( -1.000000000000000000, 0.000000000000000000, 0.000000000000000000 ) ) ;
#1130 = EDGE_CURVE ( 'NONE', #665, #69, #98, .T. ) ;
#1131 = EDGE_CURVE ( 'NONE', #2112, #1725, #1308, .T. ) ;
#1132 = DIRECTION ( 'NONE',  ( 0.000000000000000000, 0.000000000000000000, -1.000000000000000000 ) ) ;
#1133 = AXIS2_PLACEMENT_3D ( 'NONE', #1062, #2073, #678 ) ;
#1134 = EDGE_LOOP ( 'NONE', ( #1419, #1846, #2196, #2128 ) ) ;
#1135 = CARTESIAN_POINT ( 'NONE',  ( 24.25636693685331480, -13.49602085042672250, 29.90947758209151175 ) ) ;
#1136 = DIRECTION ( 'NONE',  ( 1.000000000000000000, 0.000000000000000000, 0.000000000000000000 ) ) ;
#1137 = CARTESIAN_POINT ( 'NONE',  ( 29.49695738476427209, 28.91704313933163917, 21.02650362268844830 ) ) ;
#1138 = CIRCLE ( 'NONE', #141, 27.79999999999999716 ) ;
#1139 = ORIENTED_EDGE ( 'NONE', *, *, #1417, .T. ) ;
#1140 = DIRECTION ( 'NONE',  ( -1.000000000000000000, 0.000000000000000000, 0.000000000000000000 ) ) ;
#1141 = EDGE_CURVE ( 'NONE', #43, #2156, #390, .T. ) ;
#1142 = CARTESIAN_POINT ( 'NONE',  ( 41.39999999999999858, 0.000000000000000000, -37.10000000000000142 ) ) ;
#1143 = ORIENTED_EDGE ( 'NONE', *, *, #1494, .F. ) ;
#1144 = DIRECTION ( 'NONE',  ( -1.000000000000000000, 2.645508165367081712E-33, 0.000000000000000000 ) ) ;
#1145 = DIRECTION ( 'NONE',  ( 0.000000000000000000, 0.000000000000000000, -1.000000000000000000 ) ) ;
#1146 = ORIENTED_EDGE ( 'NONE', *, *, #2035, .T. ) ;
#1147 = CARTESIAN_POINT ( 'NONE',  ( 26.63272626616184624, 25.95439696359543191, -21.63083267505173168 ) ) ;
#1148 = CARTESIAN_POINT ( 'NONE',  ( 27.49616766069157592, 26.48459341212318918, 21.85441948328007200 ) ) ;
#1149 = CARTESIAN_POINT ( 'NONE',  ( 29.16581553466985355, 29.32776045147512534, -20.03702249975280480 ) ) ;
#1150 = CARTESIAN_POINT ( 'NONE',  ( 56.00000000000000000, 0.000000000000000000, 0.000000000000000000 ) ) ;
#1151 = ORIENTED_EDGE ( 'NONE', *, *, #1662, .T. ) ;
#1152 = EDGE_LOOP ( 'NONE', ( #1608, #1376, #324, #1347 ) ) ;
#1153 = CARTESIAN_POINT ( 'NONE',  ( 26.68750000000000000, -32.43936567164182350, -1.984327296971991839 ) ) ;
#1154 = AXIS2_PLACEMENT_3D ( 'NONE', #1742, #1732, #2093 ) ;
#1155 = VERTEX_POINT ( 'NONE', #1142 ) ;
#1156 = EDGE_CURVE ( 'NONE', #1286, #1030, #875, .T. ) ;
#1157 = CARTESIAN_POINT ( 'NONE',  ( 24.41288864255291102, -32.79211165233557068, 2.137814799101098728 ) ) ;
#1158 = CARTESIAN_POINT ( 'NONE',  ( 26.23089214756576482, -33.50000000000476774, 2.249999999999995115 ) ) ;
#1159 = ADVANCED_FACE ( 'NONE', ( #78 ), #1832, .T. ) ;
#1160 = DIRECTION ( 'NONE',  ( 0.000000000000000000, 0.000000000000000000, -1.000000000000000000 ) ) ;
#1161 = CONICAL_SURFACE ( 'NONE', #1049, 37.10000000000000142, 0.6158699519395272048 ) ;
#1162 = EDGE_CURVE ( 'NONE', #261, #151, #273, .T. ) ;
#1163 = CARTESIAN_POINT ( 'NONE',  ( 0.5000000000000004441, 30.00000000000000000, 0.000000000000000000 ) ) ;
#1164 = AXIS2_PLACEMENT_3D ( 'NONE', #780, #1316, #1485 ) ;
#1165 = EDGE_CURVE ( 'NONE', #1302, #217, #215, .T. ) ;
#1166 = VERTEX_POINT ( 'NONE', #784 ) ;
#1167 = CARTESIAN_POINT ( 'NONE',  ( 12.00000000000000000, -13.47730268734291137, -29.57384507083482816 ) ) ;
#1168 = CARTESIAN_POINT ( 'NONE',  ( 27.69476322994331596, 29.05458311202699306, 18.56221700910761285 ) ) ;
#1169 = ORIENTED_EDGE ( 'NONE', *, *, #410, .F. ) ;
#1170 = EDGE_LOOP ( 'NONE', ( #1892, #1984 ) ) ;
#1171 = CARTESIAN_POINT ( 'NONE',  ( 27.49616766069157237, 28.96897751287805889, -18.43495812349505059 ) ) ;
#1172 = VECTOR ( 'NONE', #1736, 1000.000000000000000 ) ;
#1173 = DIRECTION ( 'NONE',  ( 0.000000000000000000, 0.000000000000000000, -1.000000000000000000 ) ) ;
#1174 = EDGE_CURVE ( 'NONE', #1615, #2260, #2001, .T. ) ;
#1175 = CARTESIAN_POINT ( 'NONE',  ( 56.00000000000000000, 3.992348565220371194E-15, 32.59999999999999432 ) ) ;
#1176 = CARTESIAN_POINT ( 'NONE',  ( 43.90033132979046115, 0.000000000000000000, -16.59999999999999787 ) ) ;
#1177 = AXIS2_PLACEMENT_3D ( 'NONE', #1653, #992, #2214 ) ;
#1178 = ORIENTED_EDGE ( 'NONE', *, *, #753, .F. ) ;
#1179 = CARTESIAN_POINT ( 'NONE',  ( 41.37499999999999289, -33.50000000000000000, 2.249999999999995115 ) ) ;
#1180 = CARTESIAN_POINT ( 'NONE',  ( 41.39999999999999858, 3.514736313552904747E-15, 28.70000000000000995 ) ) ;
#1181 = ORIENTED_EDGE ( 'NONE', *, *, #545, .T. ) ;
#1182 = EDGE_LOOP ( 'NONE', ( #292, #105, #994, #870 ) ) ;
#1183 = CARTESIAN_POINT ( 'NONE',  ( 27.75407437209976180, 26.67612390664509903, -21.90908056884587296 ) ) ;
#1184 = CARTESIAN_POINT ( 'NONE',  ( 41.39999999999999858, -15.72729735332727152, 29.57874436077409186 ) ) ;
#1185 = CARTESIAN_POINT ( 'NONE',  ( 41.39999999999999858, -33.50000000000000000, 0.000000000000000000 ) ) ;
#1186 = LINE ( 'NONE', #2067, #240 ) ;
#1187 = ORIENTED_EDGE ( 'NONE', *, *, #2267, .T. ) ;
#1188 = FACE_OUTER_BOUND ( 'NONE', #2020, .T. ) ;
#1189 = CARTESIAN_POINT ( 'NONE',  ( 23.28235101451766198, -32.55119663905110627, -2.040774027252794998 ) ) ;
#1190 = ORIENTED_EDGE ( 'NONE', *, *, #15, .T. ) ;
#1191 = DIRECTION ( 'NONE',  ( 0.000000000000000000, 1.000000000000000000, 0.000000000000000000 ) ) ;
#1192 = ORIENTED_EDGE ( 'NONE', *, *, #47, .F. ) ;
#1193 = DIRECTION ( 'NONE',  ( 1.000000000000000000, 0.000000000000000000, 0.000000000000000000 ) ) ;
#1194 = EDGE_LOOP ( 'NONE', ( #1650, #1425, #1595, #1220 ) ) ;
#1195 = DIRECTION ( 'NONE',  ( 1.000000000000000000, 0.000000000000000000, 0.000000000000000000 ) ) ;
#1196 = DIRECTION ( 'NONE',  ( 0.000000000000000000, 0.000000000000000000, -1.000000000000000000 ) ) ;
#1197 = ORIENTED_EDGE ( 'NONE', *, *, #1559, .T. ) ;
#1198 = DIRECTION ( 'NONE',  ( 1.000000000000000000, 0.000000000000000000, 0.000000000000000000 ) ) ;
#1199 = AXIS2_PLACEMENT_3D ( 'NONE', #1251, #1129, #951 ) ;
#1200 = DIRECTION ( 'NONE',  ( 1.000000000000000000, 0.000000000000000000, 0.000000000000000000 ) ) ;
#1201 = EDGE_CURVE ( 'NONE', #1370, #370, #906, .T. ) ;
#1202 = ORIENTED_EDGE ( 'NONE', *, *, #1834, .F. ) ;
#1203 = CARTESIAN_POINT ( 'NONE',  ( 41.37499999999999289, -15.72729735332727152, 29.57874436077409186 ) ) ;
#1204 = AXIS2_PLACEMENT_3D ( 'NONE', #1960, #1788, #551 ) ;
#1205 = AXIS2_PLACEMENT_3D ( 'NONE', #2265, #1047, #353 ) ;
#1206 = CONICAL_SURFACE ( 'NONE', #212, 2.274999999999999467, 0.7853981633974482790 ) ;
#1207 = AXIS2_PLACEMENT_3D ( 'NONE', #1185, #1195, #835 ) ;
#1208 = DIRECTION ( 'NONE',  ( -1.000000000000000000, -0.000000000000000000, -0.000000000000000000 ) ) ;
#1209 = AXIS2_PLACEMENT_3D ( 'NONE', #1519, #1685, #813 ) ;
#1210 = ORIENTED_EDGE ( 'NONE', *, *, #416, .F. ) ;
#1211 = ORIENTED_EDGE ( 'NONE', *, *, #176, .F. ) ;
#1212 = DIRECTION ( 'NONE',  ( 0.000000000000000000, 0.000000000000000000, -1.000000000000000000 ) ) ;
#1213 = ORIENTED_EDGE ( 'NONE', *, *, #728, .T. ) ;
#1214 = CARTESIAN_POINT ( 'NONE',  ( 56.00000000000000000, 0.000000000000000000, 0.000000000000000000 ) ) ;
#1215 = VECTOR ( 'NONE', #329, 1000.000000000000000 ) ;
#1216 = CARTESIAN_POINT ( 'NONE',  ( 41.39999999999999858, 0.000000000000000000, -28.70000000000000995 ) ) ;
#1217 = EDGE_LOOP ( 'NONE', ( #474, #628, #435, #359 ) ) ;
#1218 = DIRECTION ( 'NONE',  ( 1.000000000000000000, 0.000000000000000000, 0.000000000000000000 ) ) ;
#1219 = DIRECTION ( 'NONE',  ( -1.000000000000000000, 0.000000000000000000, 0.000000000000000000 ) ) ;
#1220 = ORIENTED_EDGE ( 'NONE', *, *, #1849, .T. ) ;
#1221 = FACE_BOUND ( 'NONE', #860, .T. ) ;
#1222 = DIRECTION ( 'NONE',  ( 0.000000000000000000, 0.000000000000000000, -1.000000000000000000 ) ) ;
#1223 = DIRECTION ( 'NONE',  ( 0.000000000000000000, 0.000000000000000000, -1.000000000000000000 ) ) ;
#1224 = AXIS2_PLACEMENT_3D ( 'NONE', #1933, #501, #1212 ) ;
#1225 = ORIENTED_EDGE ( 'NONE', *, *, #408, .F. ) ;
#1226 = CARTESIAN_POINT ( 'NONE',  ( 28.24899868476143538, 27.10206931156085375, 21.94080595179769233 ) ) ;
#1227 = AXIS2_PLACEMENT_3D ( 'NONE', #2005, #1696, #80 ) ;
#1228 = EDGE_CURVE ( 'NONE', #804, #1430, #1569, .T. ) ;
#1229 = ADVANCED_FACE ( 'NONE', ( #243 ), #1480, .F. ) ;
#1230 = FACE_BOUND ( 'NONE', #2134, .T. ) ;
#1231 = ORIENTED_EDGE ( 'NONE', *, *, #1806, .F. ) ;
#1232 = ADVANCED_FACE ( 'NONE', ( #1852 ), #2226, .F. ) ;
#1233 = DIRECTION ( 'NONE',  ( 1.000000000000000000, 0.000000000000000000, 0.000000000000000000 ) ) ;
#1234 = DIRECTION ( 'NONE',  ( 0.7071067811865721087, 0.000000000000000000, -0.7071067811865230368 ) ) ;
#1235 = DIRECTION ( 'NONE',  ( 1.000000000000000000, 0.000000000000000000, 0.000000000000000000 ) ) ;
#1236 = ADVANCED_FACE ( 'NONE', ( #2195 ), #67, .F. ) ;
#1237 = ORIENTED_EDGE ( 'NONE', *, *, #1568, .F. ) ;
#1238 = DIRECTION ( 'NONE',  ( -1.000000000000000000, 2.645508165367081712E-33, 0.000000000000000000 ) ) ;
#1239 = CIRCLE ( 'NONE', #1680, 32.49999999999999289 ) ;
#1240 = CARTESIAN_POINT ( 'NONE',  ( 31.39999999999999858, 0.000000000000000000, 0.000000000000000000 ) ) ;
#1241 = AXIS2_PLACEMENT_3D ( 'NONE', #85, #833, #1872 ) ;
#1242 = EDGE_CURVE ( 'NONE', #173, #9, #834, .T. ) ;
#1243 = CARTESIAN_POINT ( 'NONE',  ( 29.34393933943992394, -35.63801941063875489, -0.7129954570597470953 ) ) ;
#1244 = CARTESIAN_POINT ( 'NONE',  ( 29.42408647537886424, -17.19025786124640476, 31.29076381904417303 ) ) ;
#1245 = ORIENTED_EDGE ( 'NONE', *, *, #523, .T. ) ;
#1246 = SURFACE_STYLE_USAGE ( .BOTH. , #401 ) ;
#1247 = ORIENTED_EDGE ( 'NONE', *, *, #1508, .T. ) ;
#1248 = CARTESIAN_POINT ( 'NONE',  ( 29.48377981988100416, -16.60739128776092599, -31.65170527508908549 ) ) ;
#1249 = CARTESIAN_POINT ( 'NONE',  ( 36.60000000000000142, 0.000000000000000000, -28.70000000000000995 ) ) ;
#1250 = EDGE_LOOP ( 'NONE', ( #274, #2072, #508, #1591 ) ) ;
#1251 = CARTESIAN_POINT ( 'NONE',  ( 0.000000000000000000, 30.00000000000000000, 0.000000000000000000 ) ) ;
#1252 = EDGE_LOOP ( 'NONE', ( #1713, #164, #2064, #484 ) ) ;
#1253 = CARTESIAN_POINT ( 'NONE',  ( -54.53910524340094668, 0.000000000000000000, 0.000000000000000000 ) ) ;
#1254 = EDGE_CURVE ( 'NONE', #1793, #1663, #2031, .T. ) ;
#1255 = CARTESIAN_POINT ( 'NONE',  ( 29.21544365362797180, -35.54138500150046553, -0.9551108824135818853 ) ) ;
#1256 = CARTESIAN_POINT ( 'NONE',  ( 22.75466333958404874, -13.47604188091625765, -29.61885197879113107 ) ) ;
#1257 = ORIENTED_EDGE ( 'NONE', *, *, #728, .F. ) ;
#1258 = EDGE_CURVE ( 'NONE', #606, #2254, #2259, .T. ) ;
#1259 = CARTESIAN_POINT ( 'NONE',  ( 21.71947908554916395, 0.000000000000000000, 0.000000000000000000 ) ) ;
#1260 = CARTESIAN_POINT ( 'NONE',  ( 31.39999999999999858, 0.000000000000000000, -37.10000000000000142 ) ) ;
#1261 = DIRECTION ( 'NONE',  ( 0.7071067811865474617, 8.659560562354932858E-17, 0.7071067811865474617 ) ) ;
#1262 = ORIENTED_EDGE ( 'NONE', *, *, #343, .T. ) ;
#1263 = CARTESIAN_POINT ( 'NONE',  ( 21.71947908554916395, 25.07763979422009371, 20.67273524116604833 ) ) ;
#1264 = ORIENTED_EDGE ( 'NONE', *, *, #183, .F. ) ;
#1265 = DIRECTION ( 'NONE',  ( 0.000000000000000000, 1.000000000000000000, 0.000000000000000000 ) ) ;
#1266 = AXIS2_PLACEMENT_3D ( 'NONE', #323, #1032, #1048 ) ;
#1267 = CARTESIAN_POINT ( 'NONE',  ( 29.49319608548427851, -16.61706021208504680, 31.65462003535173707 ) ) ;
#1268 = EDGE_LOOP ( 'NONE', ( #802, #381, #595, #569 ) ) ;
#1269 = PLANE ( 'NONE',  #1043 ) ;
#1270 = CARTESIAN_POINT ( 'NONE',  ( 24.99817296738574868, -17.41504157165344324, 28.08868290491087549 ) ) ;
#1271 = AXIS2_PLACEMENT_3D ( 'NONE', #837, #1540, #2237 ) ;
#1272 = CARTESIAN_POINT ( 'NONE',  ( 41.39999999999999858, 27.10206931156085375, 21.96580595179769801 ) ) ;
#1273 = ADVANCED_FACE ( 'NONE', ( #1515 ), #2042, .F. ) ;
#1274 = ORIENTED_EDGE ( 'NONE', *, *, #2179, .T. ) ;
#1275 = AXIS2_PLACEMENT_3D ( 'NONE', #1605, #730, #2008 ) ;
#1276 = CARTESIAN_POINT ( 'NONE',  ( 9.199999999999999289, 23.00000000000000000, 1.400000000000000355 ) ) ;
#1277 = DIRECTION ( 'NONE',  ( -1.000000000000000000, -0.000000000000000000, -0.000000000000000000 ) ) ;
#1278 = CARTESIAN_POINT ( 'NONE',  ( 56.00000000000000000, 0.000000000000000000, 0.000000000000000000 ) ) ;
#1279 = AXIS2_PLACEMENT_3D ( 'NONE', #1428, #2127, #214 ) ;
#1280 = AXIS2_PLACEMENT_3D ( 'NONE', #1184, #659, #305 ) ;
#1281 = B_SPLINE_CURVE_WITH_KNOTS ( 'NONE', 3,
 ( #228, #1632, #293, #442, #1691, #2206, #645, #94, #1147, #465, #630, #819 ),
 .UNSPECIFIED., .F., .F.,
 ( 4, 2, 2, 2, 2, 4 ),
 ( 1.971677659311625925E-07, 0.001534533626625390066, 0.003068870085484849252, 0.004603206544344307788, 0.005370374773774029900, 0.006137543003203752880 ),
 .UNSPECIFIED. ) ;
#1282 = CARTESIAN_POINT ( 'NONE',  ( 28.51918896575681828, -17.90974910789677566, 30.14202515128358684 ) ) ;
#1283 = ORIENTED_EDGE ( 'NONE', *, *, #439, .T. ) ;
#1284 = FACE_OUTER_BOUND ( 'NONE', #376, .T. ) ;
#1285 = CARTESIAN_POINT ( 'NONE',  ( 27.49616766069157592, -14.22384794617517123, -31.25270370321164748 ) ) ;
#1286 = VERTEX_POINT ( 'NONE', #1012 ) ;
#1287 = ORIENTED_EDGE ( 'NONE', *, *, #856, .T. ) ;
#1288 = DIRECTION ( 'NONE',  ( 0.000000000000000000, 0.000000000000000000, -1.000000000000000000 ) ) ;
#1289 = DIRECTION ( 'NONE',  ( 1.000000000000000000, -2.645508165367081712E-33, 0.000000000000000000 ) ) ;
#1290 = LINE ( 'NONE', #2142, #2085 ) ;
#1291 = CARTESIAN_POINT ( 'NONE',  ( 27.08384180587623291, 26.17838589062876409, 21.76703060259591282 ) ) ;
#1292 = ORIENTED_EDGE ( 'NONE', *, *, #591, .F. ) ;
#1293 = DIRECTION ( 'NONE',  ( 0.000000000000000000, 0.000000000000000000, -1.000000000000000000 ) ) ;
#1294 = DIRECTION ( 'NONE',  ( 0.000000000000000000, 0.000000000000000000, -1.000000000000000000 ) ) ;
#1295 = CARTESIAN_POINT ( 'NONE',  ( 27.80344654708371976, -14.40040018253959353, -31.41127228272502236 ) ) ;
#1296 = ORIENTED_EDGE ( 'NONE', *, *, #713, .F. ) ;
#1297 = CYLINDRICAL_SURFACE ( 'NONE', #1868, 2.249999999999995115 ) ;
#1298 = AXIS2_PLACEMENT_3D ( 'NONE', #2264, #1233, #525 ) ;
#1299 = ADVANCED_FACE ( 'NONE', ( #306 ), #1886, .F. ) ;
#1300 = AXIS2_PLACEMENT_3D ( 'NONE', #1890, #1198, #1222 ) ;
#1301 = CARTESIAN_POINT ( 'NONE',  ( 27.79999999999999716, 0.000000000000000000, 0.000000000000000000 ) ) ;
#1302 = VERTEX_POINT ( 'NONE', #650 ) ;
#1303 = DIRECTION ( 'NONE',  ( -1.000000000000000000, 0.000000000000000000, 0.000000000000000000 ) ) ;
#1304 = DIRECTION ( 'NONE',  ( -1.000000000000000000, 0.000000000000000000, 0.000000000000000000 ) ) ;
#1305 = ORIENTED_EDGE ( 'NONE', *, *, #1902, .F. ) ;
#1306 = DIRECTION ( 'NONE',  ( 0.000000000000000000, 0.000000000000000000, -1.000000000000000000 ) ) ;
#1307 = ADVANCED_FACE ( 'NONE', ( #138 ), #1754, .F. ) ;
#1308 = LINE ( 'NONE', #412, #790 ) ;
#1309 = VECTOR ( 'NONE', #1845, 1000.000000000000000 ) ;
#1310 =( GEOMETRIC_REPRESENTATION_CONTEXT ( 3 ) GLOBAL_UNCERTAINTY_ASSIGNED_CONTEXT ( ( #1808 ) ) GLOBAL_UNIT_ASSIGNED_CONTEXT ( ( #1449, #366, #570 ) ) REPRESENTATION_CONTEXT ( 'NONE', 'WORKASPACE' ) );
#1311 = ORIENTED_EDGE ( 'NONE', *, *, #1063, .T. ) ;
#1312 = AXIS2_PLACEMENT_3D ( 'NONE', #2186, #423, #1679 ) ;
#1313 = DIRECTION ( 'NONE',  ( 0.7071067811865721087, 0.000000000000000000, -0.7071067811865230368 ) ) ;
#1314 = CIRCLE ( 'NONE', #1611, 34.33728788295096024 ) ;
#1315 = VERTEX_POINT ( 'NONE', #1704 ) ;
#1316 = DIRECTION ( 'NONE',  ( 1.000000000000000000, 0.000000000000000000, 0.000000000000000000 ) ) ;
#1317 = CARTESIAN_POINT ( 'NONE',  ( 28.95626930213287764, 29.36165229283677292, -19.72324888959518674 ) ) ;
#1318 = CARTESIAN_POINT ( 'NONE',  ( 41.39999999999999858, -15.72729735332727152, -29.57874436077409186 ) ) ;
#1319 = ORIENTED_EDGE ( 'NONE', *, *, #652, .F. ) ;
#1320 = EDGE_CURVE ( 'NONE', #954, #2217, #1351, .T. ) ;
#1321 = ORIENTED_EDGE ( 'NONE', *, *, #337, .T. ) ;
#1322 = CARTESIAN_POINT ( 'NONE',  ( 12.00000000000000000, -16.98141670795427416, 27.71067459645854569 ) ) ;
#1323 = ADVANCED_FACE ( 'NONE', ( #823 ), #1794, .F. ) ;
#1324 = EDGE_CURVE ( 'NONE', #2188, #1932, #1097, .T. ) ;
#1325 = EDGE_LOOP ( 'NONE', ( #1828, #1712, #1764, #28 ) ) ;
#1326 = DIRECTION ( 'NONE',  ( 0.000000000000000000, 0.000000000000000000, -1.000000000000000000 ) ) ;
#1327 = DIRECTION ( 'NONE',  ( 0.000000000000000000, 0.000000000000000000, -1.000000000000000000 ) ) ;
#1328 = DIRECTION ( 'NONE',  ( 1.000000000000000000, 0.000000000000000000, 0.000000000000000000 ) ) ;
#1329 = DIRECTION ( 'NONE',  ( 0.000000000000000000, 0.000000000000000000, -1.000000000000000000 ) ) ;
#1330 = ORIENTED_EDGE ( 'NONE', *, *, #642, .F. ) ;
#1331 = DIRECTION ( 'NONE',  ( 1.000000000000000000, 0.000000000000000000, 0.000000000000000000 ) ) ;
#1332 = AXIS2_PLACEMENT_3D ( 'NONE', #22, #537, #38 ) ;
#1333 = ORIENTED_EDGE ( 'NONE', *, *, #309, .T. ) ;
#1334 = ORIENTED_EDGE ( 'NONE', *, *, #1443, .F. ) ;
#1335 = CARTESIAN_POINT ( 'NONE',  ( 12.00000000000000000, -15.72729735332727152, -27.32874436077409541 ) ) ;
#1336 = CIRCLE ( 'NONE', #344, 32.49999999999999289 ) ;
#1337 = EDGE_CURVE ( 'NONE', #346, #336, #1840, .T. ) ;
#1338 = CYLINDRICAL_SURFACE ( 'NONE', #1280, 2.249999999999995115 ) ;
#1339 = CIRCLE ( 'NONE', #457, 28.70000000000000995 ) ;
#1340 = CARTESIAN_POINT ( 'NONE',  ( 21.71947908554916395, 0.000000000000000000, 0.000000000000000000 ) ) ;
#1341 = DIRECTION ( 'NONE',  ( 1.000000000000000000, -2.645508165367081712E-33, 0.000000000000000000 ) ) ;
#1342 = VECTOR ( 'NONE', #1938, 1000.000000000000114 ) ;
#1343 = ORIENTED_EDGE ( 'NONE', *, *, #2044, .T. ) ;
#1344 = CYLINDRICAL_SURFACE ( 'NONE', #1587, 1.399999999999998579 ) ;
#1345 = CARTESIAN_POINT ( 'NONE',  ( 29.49097612281149594, 28.83771582648885357, 21.12799897969119201 ) ) ;
#1346 = ORIENTED_EDGE ( 'NONE', *, *, #1368, .T. ) ;
#1347 = ORIENTED_EDGE ( 'NONE', *, *, #1021, .F. ) ;
#1348 = AXIS2_PLACEMENT_3D ( 'NONE', #2223, #468, #634 ) ;
#1349 = CARTESIAN_POINT ( 'NONE',  ( 27.79999999999999716, 0.000000000000000000, 0.000000000000000000 ) ) ;
#1350 = CARTESIAN_POINT ( 'NONE',  ( 28.24899868476146025, 27.10206931156055887, -21.94080595179809379 ) ) ;
#1351 = LINE ( 'NONE', #1175, #502 ) ;
#1352 = DIRECTION ( 'NONE',  ( 0.000000000000000000, 1.776356839400250465E-15, -1.000000000000000000 ) ) ;
#1353 = VERTEX_POINT ( 'NONE', #1488 ) ;
#1354 = DIRECTION ( 'NONE',  ( 1.000000000000000000, 0.000000000000000000, 0.000000000000000000 ) ) ;
#1355 = CARTESIAN_POINT ( 'NONE',  ( 56.00000000000000000, 4.543439624836680150E-15, 37.10000000000000142 ) ) ;
#1356 = VERTEX_POINT ( 'NONE', #444 ) ;
#1357 = DIRECTION ( 'NONE',  ( 1.000000000000000000, 0.000000000000000000, 0.000000000000000000 ) ) ;
#1358 = DIRECTION ( 'NONE',  ( 0.000000000000000000, 0.000000000000000000, -1.000000000000000000 ) ) ;
#1359 = EDGE_CURVE ( 'NONE', #1033, #873, #610, .T. ) ;
#1360 = ORIENTED_EDGE ( 'NONE', *, *, #1647, .T. ) ;
#1361 = CARTESIAN_POINT ( 'NONE',  ( 24.26831836516982221, 25.24367035083931654, 20.96905008253314406 ) ) ;
#1362 = CARTESIAN_POINT ( 'NONE',  ( 21.71947908554916395, 27.41035643598310045, 17.46202622986117703 ) ) ;
#1363 = ORIENTED_EDGE ( 'NONE', *, *, #1018, .T. ) ;
#1364 = DIRECTION ( 'NONE',  ( 2.645508165367081712E-33, 1.000000000000000000, 0.000000000000000000 ) ) ;
#1365 = CARTESIAN_POINT ( 'NONE',  ( 22.50341452395955244, -32.46171769795189732, -1.996736414580349450 ) ) ;
#1366 = ORIENTED_EDGE ( 'NONE', *, *, #1141, .F. ) ;
#1367 = LINE ( 'NONE', #1020, #2080 ) ;
#1368 = EDGE_CURVE ( 'NONE', #266, #1669, #127, .T. ) ;
#1369 = CARTESIAN_POINT ( 'NONE',  ( 25.23887344578465530, 28.04666771531650227, -17.64639111525916348 ) ) ;
#1370 = VERTEX_POINT ( 'NONE', #1502 ) ;
#1371 = DIRECTION ( 'NONE',  ( -0.000000000000000000, 1.000000000000000000, -2.118908098924512695E-16 ) ) ;
#1372 = EDGE_LOOP ( 'NONE', ( #1523, #394, #847, #519 ) ) ;
#1373 = DIRECTION ( 'NONE',  ( 1.000000000000000000, 0.000000000000000000, 0.000000000000000000 ) ) ;
#1374 = VECTOR ( 'NONE', #1990, 1000.000000000000000 ) ;
#1375 = FACE_OUTER_BOUND ( 'NONE', #297, .T. ) ;
#1376 = ORIENTED_EDGE ( 'NONE', *, *, #781, .T. ) ;
#1377 = CARTESIAN_POINT ( 'NONE',  ( 7.199999999999998401, -1.904765879064298176E-32, 0.000000000000000000 ) ) ;
#1378 = CONICAL_SURFACE ( 'NONE', #1205, 2.274999999999999467, 0.7853981633974482790 ) ;
#1379 = AXIS2_PLACEMENT_3D ( 'NONE', #1936, #1945, #1435 ) ;
#1380 = AXIS2_PLACEMENT_3D ( 'NONE', #2096, #1208, #1 ) ;
#1381 = CARTESIAN_POINT ( 'NONE',  ( 0.5000000000000004441, 30.00000000000000000, 0.000000000000000000 ) ) ;
#1382 = ORIENTED_EDGE ( 'NONE', *, *, #1739, .T. ) ;
#1383 = AXIS2_PLACEMENT_3D ( 'NONE', #1240, #1940, #158 ) ;
#1384 = DIRECTION ( 'NONE',  ( 1.000000000000000000, -2.645508165367081712E-33, 0.000000000000000000 ) ) ;
#1385 = CARTESIAN_POINT ( 'NONE',  ( 7.199999999999998401, 27.79999999999999716, 0.000000000000000000 ) ) ;
#1386 = DIRECTION ( 'NONE',  ( 0.000000000000000000, 0.000000000000000000, -1.000000000000000000 ) ) ;
#1387 = EDGE_CURVE ( 'NONE', #1789, #1946, #2176, .T. ) ;
#1388 = ORIENTED_EDGE ( 'NONE', *, *, #1057, .F. ) ;
#1389 = CARTESIAN_POINT ( 'NONE',  ( 56.00000000000000000, 0.000000000000000000, 0.000000000000000000 ) ) ;
#1390 = ADVANCED_FACE ( 'NONE', ( #960 ), #455, .F. ) ;
#1391 = EDGE_CURVE ( 'NONE', #21, #69, #613, .T. ) ;
#1392 = LINE ( 'NONE', #1025, #1687 ) ;
#1393 = EDGE_CURVE ( 'NONE', #364, #995, #2049, .T. ) ;
#1394 = CARTESIAN_POINT ( 'NONE',  ( 21.71947908554916395, 0.000000000000000000, 0.000000000000000000 ) ) ;
#1395 = PLANE ( 'NONE',  #389 ) ;
#1396 = CARTESIAN_POINT ( 'NONE',  ( 24.79033500877009644, -32.90353941872536581, -2.173685895206868057 ) ) ;
#1397 = AXIS2_PLACEMENT_3D ( 'NONE', #179, #2097, #1433 ) ;
#1398 = B_SPLINE_CURVE_WITH_KNOTS ( 'NONE', 3,
 ( #1017, #2248, #331, #1396, #849, #1924, #1189, #1365, #493, #1751 ),
 .UNSPECIFIED., .F., .F.,
 ( 4, 2, 2, 2, 4 ),
 ( 0.001488398759253767648, 0.002657582583969462543, 0.003826766408685157873, 0.004995950233400853202, 0.006165134058116548098 ),
 .UNSPECIFIED. ) ;
#1399 = ORIENTED_EDGE ( 'NONE', *, *, #2013, .T. ) ;
#1400 = CYLINDRICAL_SURFACE ( 'NONE', #1865, 16.59999999999999787 ) ;
#1401 = CIRCLE ( 'NONE', #304, 2.274999999999999467 ) ;
#1402 = CARTESIAN_POINT ( 'NONE',  ( 56.00000000000000000, 0.000000000000000000, 0.000000000000000000 ) ) ;
#1403 = EDGE_CURVE ( 'NONE', #1843, #419, #251, .T. ) ;
#1404 = ORIENTED_EDGE ( 'NONE', *, *, #2035, .F. ) ;
#1405 = DIRECTION ( 'NONE',  ( 0.000000000000000000, 1.000000000000000000, 0.000000000000000000 ) ) ;
#1406 = AXIS2_PLACEMENT_3D ( 'NONE', #1825, #947, #1887 ) ;
#1407 = CARTESIAN_POINT ( 'NONE',  ( 12.00000000000000355, 0.000000000000000000, 0.000000000000000000 ) ) ;
#1408 = CARTESIAN_POINT ( 'NONE',  ( -54.53910524340094668, 0.000000000000000000, -26.00000000000000355 ) ) ;
#1409 = ORIENTED_EDGE ( 'NONE', *, *, #1174, .T. ) ;
#1410 = DIRECTION ( 'NONE',  ( 0.000000000000000000, 0.000000000000000000, -1.000000000000000000 ) ) ;
#1411 = ORIENTED_EDGE ( 'NONE', *, *, #2267, .F. ) ;
#1412 = DIRECTION ( 'NONE',  ( 1.000000000000000000, 0.000000000000000000, 0.000000000000000000 ) ) ;
#1413 = CARTESIAN_POINT ( 'NONE',  ( 12.00000000000000000, 27.10206931156085375, 17.44080595179770299 ) ) ;
#1414 = ORIENTED_EDGE ( 'NONE', *, *, #1972, .T. ) ;
#1415 = CIRCLE ( 'NONE', #1204, 32.49999999999999289 ) ;
#1416 = CARTESIAN_POINT ( 'NONE',  ( 41.39999999999999858, 27.10206931156085375, 17.41580595179770086 ) ) ;
#1417 = EDGE_CURVE ( 'NONE', #1843, #237, #1645, .T. ) ;
#1418 = VECTOR ( 'NONE', #655, 1000.000000000000000 ) ;
#1419 = ORIENTED_EDGE ( 'NONE', *, *, #2084, .F. ) ;
#1420 = VECTOR ( 'NONE', #398, 1000.000000000000000 ) ;
#1421 = DIRECTION ( 'NONE',  ( 0.000000000000000000, -1.000000000000000000, 0.000000000000000000 ) ) ;
#1422 = ADVANCED_FACE ( 'NONE', ( #476 ), #1338, .F. ) ;
#1423 = CARTESIAN_POINT ( 'NONE',  ( 29.41503482954581017, -35.69149911422277199, 0.5746942601957777397 ) ) ;
#1424 = DIRECTION ( 'NONE',  ( 0.000000000000000000, 0.000000000000000000, -1.000000000000000000 ) ) ;
#1425 = ORIENTED_EDGE ( 'NONE', *, *, #1130, .T. ) ;
#1426 = CYLINDRICAL_SURFACE ( 'NONE', #2027, 26.00000000000000355 ) ;
#1427 = CARTESIAN_POINT ( 'NONE',  ( 29.33270167287416541, -17.38883324395408891, -31.10716617683474894 ) ) ;
#1428 = CARTESIAN_POINT ( 'NONE',  ( 56.00000000000000000, 14.99999999999999822, 0.000000000000000000 ) ) ;
#1429 = AXIS2_PLACEMENT_3D ( 'NONE', #778, #438, #2190 ) ;
#1430 = VERTEX_POINT ( 'NONE', #2041 ) ;
#1431 = CARTESIAN_POINT ( 'NONE',  ( 41.39999999999999858, -33.50000000000000000, 0.000000000000000000 ) ) ;
#1432 = EDGE_LOOP ( 'NONE', ( #1816, #64, #1169, #620 ) ) ;
#1433 = DIRECTION ( 'NONE',  ( -0.000000000000000000, 0.000000000000000000, -1.000000000000000000 ) ) ;
#1434 = CARTESIAN_POINT ( 'NONE',  ( 56.00000000000000000, 0.000000000000000000, 0.000000000000000000 ) ) ;
#1435 = DIRECTION ( 'NONE',  ( 0.000000000000000000, 0.000000000000000000, -1.000000000000000000 ) ) ;
#1436 = VERTEX_POINT ( 'NONE', #2063 ) ;
#1437 = EDGE_CURVE ( 'NONE', #881, #1881, #101, .T. ) ;
#1438 = DIRECTION ( 'NONE',  ( 1.000000000000000000, 0.000000000000000000, 0.000000000000000000 ) ) ;
#1439 = CARTESIAN_POINT ( 'NONE',  ( 29.49242747384248631, -16.69789670363632084, -31.61098108325893108 ) ) ;
#1440 = DIRECTION ( 'NONE',  ( 1.000000000000000000, 0.000000000000000000, 0.000000000000000000 ) ) ;
#1441 = EDGE_LOOP ( 'NONE', ( #1827, #538, #41, #1484, #1187, #16, #913 ) ) ;
#1442 = CARTESIAN_POINT ( 'NONE',  ( 41.39999999999999858, 27.10206931156085375, 19.69080595179769944 ) ) ;
#1443 = EDGE_CURVE ( 'NONE', #657, #226, #1684, .T. ) ;
#1444 = CARTESIAN_POINT ( 'NONE',  ( 36.60000000000000142, 3.514736313552904747E-15, 28.70000000000000995 ) ) ;
#1445 = DIRECTION ( 'NONE',  ( 1.000000000000000000, 0.000000000000000000, 0.000000000000000000 ) ) ;
#1446 = CIRCLE ( 'NONE', #454, 2.274999999999999467 ) ;
#1447 = CARTESIAN_POINT ( 'NONE',  ( 28.09750214949932356, -17.98678041429991481, 29.74833191072895744 ) ) ;
#1448 = ORIENTED_EDGE ( 'NONE', *, *, #1589, .T. ) ;
#1449 =( LENGTH_UNIT ( ) NAMED_UNIT ( * ) SI_UNIT ( .MILLI., .METRE. ) );
#1450 = CARTESIAN_POINT ( 'NONE',  ( 29.24334114167567122, -17.50304356884952384, -30.97025708677623612 ) ) ;
#1451 = VECTOR ( 'NONE', #2136, 1000.000000000000114 ) ;
#1452 = LINE ( 'NONE', #2114, #2111 ) ;
#1453 = ORIENTED_EDGE ( 'NONE', *, *, #1337, .T. ) ;
#1454 = AXIS2_PLACEMENT_3D ( 'NONE', #1675, #1140, #84 ) ;
#1455 = DIRECTION ( 'NONE',  ( 1.000000000000000000, 0.000000000000000000, 0.000000000000000000 ) ) ;
#1456 = CARTESIAN_POINT ( 'NONE',  ( 21.71947908554916395, 25.07763979421979172, -20.67273524116641781 ) ) ;
#1457 = DIRECTION ( 'NONE',  ( 1.000000000000000000, 0.000000000000000000, 0.000000000000000000 ) ) ;
#1458 = VECTOR ( 'NONE', #1471, 1000.000000000000000 ) ;
#1459 = PRODUCT_DEFINITION_CONTEXT ( 'detailed design', #593, 'design' ) ;
#1460 = CARTESIAN_POINT ( 'NONE',  ( 24.25636693685330414, -17.24920160639458544, -27.91387597541303123 ) ) ;
#1461 = VERTEX_POINT ( 'NONE', #852 ) ;
#1462 = CONICAL_SURFACE ( 'NONE', #1101, 2.274999999999999467, 0.7853981633974136400 ) ;
#1463 = CARTESIAN_POINT ( 'NONE',  ( 12.00000000000000355, 0.000000000000000000, 0.000000000000000000 ) ) ;
#1464 = DIRECTION ( 'NONE',  ( 0.000000000000000000, 0.000000000000000000, -1.000000000000000000 ) ) ;
#1465 = FACE_OUTER_BOUND ( 'NONE', #1027, .T. ) ;
#1466 = ADVANCED_FACE ( 'NONE', ( #1230, #314, #358, #1727, #2118, #680, #1035 ), #1755, .T. ) ;
#1467 = ORIENTED_EDGE ( 'NONE', *, *, #440, .F. ) ;
#1468 = ORIENTED_EDGE ( 'NONE', *, *, #574, .T. ) ;
#1469 = CARTESIAN_POINT ( 'NONE',  ( 12.00000000000000000, 27.41035643598309335, 17.46202622986117703 ) ) ;
#1470 = ADVANCED_FACE ( 'NONE', ( #1065 ), #872, .T. ) ;
#1471 = DIRECTION ( 'NONE',  ( 1.000000000000000000, -2.645508165367081712E-33, 0.000000000000000000 ) ) ;
#1472 = ORIENTED_EDGE ( 'NONE', *, *, #714, .T. ) ;
#1473 = CARTESIAN_POINT ( 'NONE',  ( 56.00000000000000000, 2.032913686584605668E-15, 16.59999999999999787 ) ) ;
#1474 = DIRECTION ( 'NONE',  ( 1.000000000000000000, 0.000000000000000000, 0.000000000000000000 ) ) ;
#1475 = CARTESIAN_POINT ( 'NONE',  ( 28.61315333998545185, 27.44821244186639575, 21.92209378936787445 ) ) ;
#1476 = ORIENTED_EDGE ( 'NONE', *, *, #478, .T. ) ;
#1477 = B_SPLINE_CURVE_WITH_KNOTS ( 'NONE', 3,
 ( #1285, #1295, #186, #1987, #403, #1113, #1814, #936 ),
 .UNSPECIFIED., .F., .F.,
 ( 4, 2, 2, 4 ),
 ( 0.0004140405599151625337, 0.001572670190185075992, 0.002151985005320032965, 0.002731299820454989504 ),
 .UNSPECIFIED. ) ;
#1478 = ORIENTED_EDGE ( 'NONE', *, *, #1880, .T. ) ;
#1479 = CARTESIAN_POINT ( 'NONE',  ( 7.199999999999998401, -27.79999999999999716, 3.404518101629641773E-15 ) ) ;
#1480 = CYLINDRICAL_SURFACE ( 'NONE', #467, 0.5999999999999999778 ) ;
#1481 = ORIENTED_EDGE ( 'NONE', *, *, #2138, .T. ) ;
#1482 = CARTESIAN_POINT ( 'NONE',  ( 56.00000000000000000, 1.836970198721029589E-15, 14.99999999999999822 ) ) ;
#1483 = CARTESIAN_POINT ( 'NONE',  ( 29.45197342580422273, 28.66860003527777678, 21.31067450074182190 ) ) ;
#1484 = ORIENTED_EDGE ( 'NONE', *, *, #750, .F. ) ;
#1485 = DIRECTION ( 'NONE',  ( 0.000000000000000000, 0.000000000000000000, -1.000000000000000000 ) ) ;
#1486 = AXIS2_PLACEMENT_3D ( 'NONE', #959, #601, #1664 ) ;
#1487 = EDGE_CURVE ( 'NONE', #2216, #1810, #1796, .T. ) ;
#1488 = CARTESIAN_POINT ( 'NONE',  ( 31.39999999999999858, 4.543439624836680150E-15, 37.10000000000000142 ) ) ;
#1489 = CARTESIAN_POINT ( 'NONE',  ( 27.29012163258691714, -17.93384195101633338, -29.11078905931881522 ) ) ;
#1490 = EDGE_CURVE ( 'NONE', #1033, #43, #1392, .T. ) ;
#1491 = AXIS2_PLACEMENT_3D ( 'NONE', #325, #495, #1051 ) ;
#1492 = AXIS2_PLACEMENT_3D ( 'NONE', #1407, #2107, #209 ) ;
#1493 = ORIENTED_EDGE ( 'NONE', *, *, #1324, .T. ) ;
#1494 = EDGE_CURVE ( 'NONE', #59, #1937, #843, .T. ) ;
#1495 = ORIENTED_EDGE ( 'NONE', *, *, #319, .F. ) ;
#1496 = B_SPLINE_CURVE_WITH_KNOTS ( 'NONE', 3,
 ( #2052, #475, #1183, #1500 ),
 .UNSPECIFIED., .F., .F.,
 ( 4, 4 ),
 ( 0.006368192119068746999, 0.007332625929095368950 ),
 .UNSPECIFIED. ) ;
#1497 = CARTESIAN_POINT ( 'NONE',  ( 28.24899868476143538, 27.10206931156085375, 21.94080595179769233 ) ) ;
#1498 = CARTESIAN_POINT ( 'NONE',  ( 41.39999999999999858, -33.50000000000000000, 2.274999999999999467 ) ) ;
#1499 = EDGE_LOOP ( 'NONE', ( #197, #1988, #1493, #1178, #291, #1798, #1190 ) ) ;
#1500 = CARTESIAN_POINT ( 'NONE',  ( 27.49616766069157237, 26.48459341212287654, -21.85441948328045569 ) ) ;
#1501 = DIRECTION ( 'NONE',  ( 1.000000000000000000, 0.000000000000000000, 0.000000000000000000 ) ) ;
#1502 = CARTESIAN_POINT ( 'NONE',  ( 56.00000000000000000, 1.836970198721029589E-15, 14.99999999999999822 ) ) ;
#1503 = DIRECTION ( 'NONE',  ( 1.000000000000000000, 0.000000000000000000, 0.000000000000000000 ) ) ;
#1504 = ORIENTED_EDGE ( 'NONE', *, *, #652, .T. ) ;
#1505 = ORIENTED_EDGE ( 'NONE', *, *, #352, .F. ) ;
#1506 = CARTESIAN_POINT ( 'NONE',  ( 41.39999999999999858, -33.50000000000000000, 0.000000000000000000 ) ) ;
#1507 = CARTESIAN_POINT ( 'NONE',  ( 28.96164008723091499, 29.36145168935145477, 19.73035744608762343 ) ) ;
#1508 = EDGE_CURVE ( 'NONE', #1843, #1356, #1777, .T. ) ;
#1509 = ORIENTED_EDGE ( 'NONE', *, *, #1437, .T. ) ;
#1510 = ORIENTED_EDGE ( 'NONE', *, *, #1494, .T. ) ;
#1511 = ORIENTED_EDGE ( 'NONE', *, *, #1837, .F. ) ;
#1512 = FACE_BOUND ( 'NONE', #1565, .T. ) ;
#1513 = CARTESIAN_POINT ( 'NONE',  ( 29.09610318018852837, 28.01049523945458120, -21.76102329850052186 ) ) ;
#1514 = AXIS2_PLACEMENT_3D ( 'NONE', #1757, #1384, #204 ) ;
#1515 = FACE_OUTER_BOUND ( 'NONE', #2168, .T. ) ;
#1516 = CARTESIAN_POINT ( 'NONE',  ( 41.39999999999999858, 27.10206931156056598, -19.69080595179809023 ) ) ;
#1517 = AXIS2_PLACEMENT_3D ( 'NONE', #1003, #1303, #964 ) ;
#1518 = ORIENTED_EDGE ( 'NONE', *, *, #815, .F. ) ;
#1519 = CARTESIAN_POINT ( 'NONE',  ( 0.000000000000000000, 0.000000000000000000, 0.000000000000000000 ) ) ;
#1520 = B_SPLINE_CURVE_WITH_KNOTS ( 'NONE', 3,
 ( #1959, #62, #185, #378, #1762, #1248, #1439, #213, #726, #1427, #1450, #748, #391, #224, #911, #2146, #1617, #561, #1102, #1799 ),
 .UNSPECIFIED., .F., .F.,
 ( 4, 2, 2, 2, 2, 2, 2, 2, 2, 4 ),
 ( 0.002731299820454989504, 0.003306465584035021919, 0.003594048465825038126, 0.003881631347615054333, 0.004456797111195105396, 0.005031962874775156025, 0.005607128638355207521, 0.006182294401935258150, 0.006757460165515309647, 0.007332625929095360276 ),
 .UNSPECIFIED. ) ;
#1521 = LINE ( 'NONE', #978, #1309 ) ;
#1522 = ORIENTED_EDGE ( 'NONE', *, *, #270, .F. ) ;
#1523 = ORIENTED_EDGE ( 'NONE', *, *, #1662, .F. ) ;
#1524 = DIRECTION ( 'NONE',  ( 1.000000000000000000, 0.000000000000000000, 0.000000000000000000 ) ) ;
#1525 = CARTESIAN_POINT ( 'NONE',  ( 27.88648413511134194, 29.12820036142851876, -18.69898189250418952 ) ) ;
#1526 = CARTESIAN_POINT ( 'NONE',  ( 22.75466333958406295, 25.09623631876453231, 20.71373988323868431 ) ) ;
#1527 = CARTESIAN_POINT ( 'NONE',  ( -7.354512699720487200E-32, -27.79999999999999716, 3.404518101629641773E-15 ) ) ;
#1528 = PLANE ( 'NONE',  #2034 ) ;
#1529 = FACE_OUTER_BOUND ( 'NONE', #1920, .T. ) ;
#1530 = LINE ( 'NONE', #2071, #1418 ) ;
#1531 = VECTOR ( 'NONE', #1261, 1000.000000000000114 ) ;
#1532 = EDGE_CURVE ( 'NONE', #2112, #2068, #395, .T. ) ;
#1533 = EDGE_CURVE ( 'NONE', #1353, #962, #1981, .T. ) ;
#1534 = VERTEX_POINT ( 'NONE', #188 ) ;
#1535 = AXIS2_PLACEMENT_3D ( 'NONE', #2054, #2194, #1358 ) ;
#1536 = DIRECTION ( 'NONE',  ( 0.000000000000000000, 0.000000000000000000, -1.000000000000000000 ) ) ;
#1537 = DIRECTION ( 'NONE',  ( 1.000000000000000000, 0.000000000000000000, 0.000000000000000000 ) ) ;
#1538 = DIRECTION ( 'NONE',  ( 1.000000000000000000, 0.000000000000000000, 0.000000000000000000 ) ) ;
#1539 = FACE_OUTER_BOUND ( 'NONE', #937, .T. ) ;
#1540 = DIRECTION ( 'NONE',  ( 1.000000000000000000, 0.000000000000000000, 0.000000000000000000 ) ) ;
#1541 = CARTESIAN_POINT ( 'NONE',  ( 27.79999999999999716, 2.032913686584605668E-15, 16.59999999999999787 ) ) ;
#1542 = DIRECTION ( 'NONE',  ( 1.000000000000000000, 0.000000000000000000, 0.000000000000000000 ) ) ;
#1543 = EDGE_CURVE ( 'NONE', #1166, #541, #2089, .T. ) ;
#1544 = EDGE_LOOP ( 'NONE', ( #677, #1583, #2169, #372 ) ) ;
#1545 = CARTESIAN_POINT ( 'NONE',  ( 41.39999999999999858, -15.72729735332727152, -27.32874436077409541 ) ) ;
#1546 = CARTESIAN_POINT ( 'NONE',  ( 27.08384180587622225, 28.79124242050443172, -18.17074211408998963 ) ) ;
#1547 = CARTESIAN_POINT ( 'NONE',  ( 43.90033132979046115, 0.000000000000000000, 0.000000000000000000 ) ) ;
#1548 = VERTEX_POINT ( 'NONE', #513 ) ;
#1549 = CARTESIAN_POINT ( 'NONE',  ( 41.39999999999999858, -15.72729735332727152, -31.85374436077409399 ) ) ;
#1550 = FACE_OUTER_BOUND ( 'NONE', #1372, .T. ) ;
#1551 = VERTEX_POINT ( 'NONE', #1416 ) ;
#1552 = CARTESIAN_POINT ( 'NONE',  ( 0.000000000000000000, 0.000000000000000000, 0.000000000000000000 ) ) ;
#1553 = AXIS2_PLACEMENT_3D ( 'NONE', #1463, #388, #1293 ) ;
#1554 = CARTESIAN_POINT ( 'NONE',  ( 18.20000000000000284, -20.99999999999999645, 2.571758278209441267E-15 ) ) ;
#1555 = B_SPLINE_CURVE_WITH_KNOTS ( 'NONE', 3,
 ( #1855, #277, #977, #596, #1135, #108, #1835, #777, #2174, #607, #2012, #800 ),
 .UNSPECIFIED., .F., .F.,
 ( 4, 2, 2, 2, 2, 4 ),
 ( 1.971677659278746223E-07, 0.001534533626625380742, 0.003068870085484833640, 0.004603206544344286971, 0.005370374773774018624, 0.006137543003203749410 ),
 .UNSPECIFIED. ) ;
#1556 = ORIENTED_EDGE ( 'NONE', *, *, #2055, .F. ) ;
#1557 = CIRCLE ( 'NONE', #2251, 32.49999999999999289 ) ;
#1558 = CARTESIAN_POINT ( 'NONE',  ( 12.00000000000000355, 0.000000000000000000, 0.000000000000000000 ) ) ;
#1559 = EDGE_CURVE ( 'NONE', #450, #370, #1590, .T. ) ;
#1560 = LINE ( 'NONE', #1549, #597 ) ;
#1561 = EDGE_CURVE ( 'NONE', #1669, #2161, #175, .T. ) ;
#1562 = CIRCLE ( 'NONE', #567, 32.49999999999999289 ) ;
#1563 = DIRECTION ( 'NONE',  ( -1.000000000000000000, -0.000000000000000000, -0.000000000000000000 ) ) ;
#1564 = ADVANCED_FACE ( 'NONE', ( #863 ), #1462, .F. ) ;
#1565 = EDGE_LOOP ( 'NONE', ( #2109, #93, #2, #776, #2014 ) ) ;
#1566 = DIRECTION ( 'NONE',  ( 1.000000000000000000, 0.000000000000000000, 0.000000000000000000 ) ) ;
#1567 = AXIS2_PLACEMENT_3D ( 'NONE', #666, #146, #1536 ) ;
#1568 = EDGE_CURVE ( 'NONE', #536, #1551, #2129, .T. ) ;
#1569 = CIRCLE ( 'NONE', #1648, 2.275000000000002576 ) ;
#1570 = DIRECTION ( 'NONE',  ( 0.000000000000000000, 0.000000000000000000, -1.000000000000000000 ) ) ;
#1571 = VECTOR ( 'NONE', #335, 1000.000000000000000 ) ;
#1572 = FACE_OUTER_BOUND ( 'NONE', #1952, .T. ) ;
#1573 = PLANE ( 'NONE',  #789 ) ;
#1574 = CARTESIAN_POINT ( 'NONE',  ( 41.37499999999999289, -33.50000000000000000, -2.249999999999995115 ) ) ;
#1575 = EDGE_CURVE ( 'NONE', #647, #1916, #1802, .T. ) ;
#1576 = EDGE_LOOP ( 'NONE', ( #785, #548 ) ) ;
#1577 = CARTESIAN_POINT ( 'NONE',  ( 12.00000000000000000, 25.07763979422009015, 20.67273524116604833 ) ) ;
#1578 = CARTESIAN_POINT ( 'NONE',  ( 24.26831836516981156, 27.74347486032085897, -17.52836435097044188 ) ) ;
#1579 = DIRECTION ( 'NONE',  ( 0.000000000000000000, 0.000000000000000000, -1.000000000000000000 ) ) ;
#1580 = CARTESIAN_POINT ( 'NONE',  ( 27.72877911769842996, -34.44092335914605485, 2.051690687908874100 ) ) ;
#1581 = LINE ( 'NONE', #7, #1903 ) ;
#1582 = CIRCLE ( 'NONE', #1298, 2.249999999999998668 ) ;
#1583 = ORIENTED_EDGE ( 'NONE', *, *, #425, .T. ) ;
#1584 = ORIENTED_EDGE ( 'NONE', *, *, #1908, .F. ) ;
#1585 = CARTESIAN_POINT ( 'NONE',  ( 0.000000000000000000, 30.00000000000000000, 0.000000000000000000 ) ) ;
#1586 = CARTESIAN_POINT ( 'NONE',  ( 26.68750000000000000, -13.47730268734291137, 29.57384507083482816 ) ) ;
#1587 = AXIS2_PLACEMENT_3D ( 'NONE', #2047, #1144, #459 ) ;
#1588 = ORIENTED_EDGE ( 'NONE', *, *, #555, .F. ) ;
#1589 = EDGE_CURVE ( 'NONE', #735, #217, #542, .T. ) ;
#1590 = LINE ( 'NONE', #1918, #1571 ) ;
#1591 = ORIENTED_EDGE ( 'NONE', *, *, #183, .T. ) ;
#1592 = DIRECTION ( 'NONE',  ( 0.000000000000000000, 0.000000000000000000, -1.000000000000000000 ) ) ;
#1593 = DIRECTION ( 'NONE',  ( 1.000000000000000000, 0.000000000000000000, 0.000000000000000000 ) ) ;
#1594 = CARTESIAN_POINT ( 'NONE',  ( 21.71947908554916395, -13.47730268734291137, -29.57384507083479619 ) ) ;
#1595 = ORIENTED_EDGE ( 'NONE', *, *, #2104, .F. ) ;
#1596 = PRODUCT_DEFINITION_SHAPE ( 'NONE', 'NONE',  #941 ) ;
#1597 = CONICAL_SURFACE ( 'NONE', #605, 2.275000000000002576, 0.7853981633974136400 ) ;
#1598 = CARTESIAN_POINT ( 'NONE',  ( 12.00000000000000000, -13.47730268734291137, 29.57384507083482816 ) ) ;
#1599 = VERTEX_POINT ( 'NONE', #382 ) ;
#1600 = CARTESIAN_POINT ( 'NONE',  ( 12.00000000000000000, 27.10206931156056598, -17.44080595179809379 ) ) ;
#1601 = CARTESIAN_POINT ( 'NONE',  ( 21.71947908554916395, 0.000000000000000000, 0.000000000000000000 ) ) ;
#1602 = ADVANCED_FACE ( 'NONE', ( #227 ), #1297, .F. ) ;
#1603 = VERTEX_POINT ( 'NONE', #1276 ) ;
#1604 = AXIS2_PLACEMENT_3D ( 'NONE', #1377, #1744, #1191 ) ;
#1605 = CARTESIAN_POINT ( 'NONE',  ( 18.20000000000000284, -4.814824860968089633E-32, 0.000000000000000000 ) ) ;
#1606 = AXIS2_PLACEMENT_3D ( 'NONE', #838, #826, #857 ) ;
#1607 = AXIS2_PLACEMENT_3D ( 'NONE', #839, #1542, #2239 ) ;
#1608 = ORIENTED_EDGE ( 'NONE', *, *, #1783, .F. ) ;
#1609 = AXIS2_PLACEMENT_3D ( 'NONE', #295, #1538, #1716 ) ;
#1610 = ADVANCED_FACE ( 'NONE', ( #553 ), #1976, .F. ) ;
#1611 = AXIS2_PLACEMENT_3D ( 'NONE', #44, #1633, #2189 ) ;
#1612 = DIRECTION ( 'NONE',  ( 1.000000000000000000, 0.000000000000000000, 0.000000000000000000 ) ) ;
#1613 = CARTESIAN_POINT ( 'NONE',  ( 27.49616766069157592, -34.27219162920374629, -2.113343343564327181 ) ) ;
#1614 = CARTESIAN_POINT ( 'NONE',  ( 29.44886072541464017, -17.11699028614093976, 31.35089411930922054 ) ) ;
#1615 = VERTEX_POINT ( 'NONE', #29 ) ;
#1616 = SURFACE_STYLE_FILL_AREA ( #195 ) ;
#1617 = CARTESIAN_POINT ( 'NONE',  ( 28.09948961251585686, -17.97368022061495907, -29.75743163590136220 ) ) ;
#1618 = CARTESIAN_POINT ( 'NONE',  ( 18.20000000000000284, -4.814824860968089633E-32, 0.000000000000000000 ) ) ;
#1619 = AXIS2_PLACEMENT_3D ( 'NONE', #814, #264, #2175 ) ;
#1620 = ADVANCED_FACE ( 'NONE', ( #239 ), #2000, .T. ) ;
#1621 = ORIENTED_EDGE ( 'NONE', *, *, #1005, .T. ) ;
#1622 = CARTESIAN_POINT ( 'NONE',  ( 41.39999999999999858, -15.72729735332727152, -27.30374436077409328 ) ) ;
#1623 = EDGE_LOOP ( 'NONE', ( #1404, #1752, #2051, #1854 ) ) ;
#1624 = FACE_OUTER_BOUND ( 'NONE', #968, .T. ) ;
#1625 = CARTESIAN_POINT ( 'NONE',  ( 27.08384180587623291, -13.98693921276608521, -31.03992655518701582 ) ) ;
#1626 = ORIENTED_EDGE ( 'NONE', *, *, #1228, .T. ) ;
#1627 = FILL_AREA_STYLE_COLOUR ( '', #499 ) ;
#1628 = DIRECTION ( 'NONE',  ( 0.000000000000000000, 0.000000000000000000, 1.000000000000000000 ) ) ;
#1629 = CARTESIAN_POINT ( 'NONE',  ( 12.00000000000000000, -32.43936567164178797, -1.984327296971972743 ) ) ;
#1630 = ORIENTED_EDGE ( 'NONE', *, *, #1575, .T. ) ;
#1631 = CYLINDRICAL_SURFACE ( 'NONE', #1862, 37.10000000000000142 ) ;
#1632 = CARTESIAN_POINT ( 'NONE',  ( 22.23827031267033050, 25.07763979421979172, -20.67273524116641070 ) ) ;
#1633 = DIRECTION ( 'NONE',  ( 1.000000000000000000, 0.000000000000000000, 0.000000000000000000 ) ) ;
#1634 = AXIS2_PLACEMENT_3D ( 'NONE', #934, #1438, #233 ) ;
#1635 = EDGE_CURVE ( 'NONE', #2188, #1430, #77, .T. ) ;
#1636 = LINE ( 'NONE', #1408, #429 ) ;
#1637 = ORIENTED_EDGE ( 'NONE', *, *, #2235, .T. ) ;
#1638 = AXIS2_PLACEMENT_3D ( 'NONE', #1705, #1304, #661 ) ;
#1639 = ADVANCED_FACE ( 'NONE', ( #406 ), #167, .F. ) ;
#1640 = CARTESIAN_POINT ( 'NONE',  ( 25.71530305194644583, -17.58847429523679295, 28.31070707459394598 ) ) ;
#1641 = CIRCLE ( 'NONE', #1672, 0.5999999999999999778 ) ;
#1642 = DIRECTION ( 'NONE',  ( 0.000000000000000000, 0.000000000000000000, -1.000000000000000000 ) ) ;
#1643 = ORIENTED_EDGE ( 'NONE', *, *, #1130, .F. ) ;
#1644 = CIRCLE ( 'NONE', #92, 26.00000000000000355 ) ;
#1645 = B_SPLINE_CURVE_WITH_KNOTS ( 'NONE', 3,
 ( #1011, #623, #1525, #99, #487, #1850, #1317, #1149, #1692, #115, #2221, #2233, #806, #648, #998, #1513, #2209, #632, #1884, #1350 ),
 .UNSPECIFIED., .F., .F.,
 ( 4, 2, 2, 2, 2, 2, 2, 2, 2, 4 ),
 ( 0.0004140405599151611243, 0.001158309504809362659, 0.001902578449703564139, 0.002646847394597765836, 0.003018981867044865167, 0.003391116339491964497, 0.004135385284386159689, 0.004879654229280355748, 0.005623923174174551808, 0.006368192119068746999 ),
 .UNSPECIFIED. ) ;
#1646 = DIRECTION ( 'NONE',  ( 0.7071067811865474617, 0.000000000000000000, -0.7071067811865474617 ) ) ;
#1647 = EDGE_CURVE ( 'NONE', #69, #178, #1935, .T. ) ;
#1648 = AXIS2_PLACEMENT_3D ( 'NONE', #1318, #2010, #1820 ) ;
#1649 = DIRECTION ( 'NONE',  ( 0.000000000000000000, 0.000000000000000000, -1.000000000000000000 ) ) ;
#1650 = ORIENTED_EDGE ( 'NONE', *, *, #512, .F. ) ;
#1651 = CARTESIAN_POINT ( 'NONE',  ( 29.03913473836733061, -15.56224716179384515, 31.82874436077409186 ) ) ;
#1652 = DIRECTION ( 'NONE',  ( 0.000000000000000000, 0.000000000000000000, -1.000000000000000000 ) ) ;
#1653 = CARTESIAN_POINT ( 'NONE',  ( 12.00000000000000000, 27.10206931156085375, 19.69080595179769944 ) ) ;
#1654 = EDGE_LOOP ( 'NONE', ( #2117, #1074, #576, #328 ) ) ;
#1655 = ADVANCED_FACE ( 'NONE', ( #1778 ), #1631, .T. ) ;
#1656 = ORIENTED_EDGE ( 'NONE', *, *, #842, .F. ) ;
#1657 = DIRECTION ( 'NONE',  ( 1.000000000000000000, 0.000000000000000000, 0.000000000000000000 ) ) ;
#1658 = CARTESIAN_POINT ( 'NONE',  ( 27.07471475029575103, -17.89710902777776980, -28.96819313225974923 ) ) ;
#1659 = ORIENTED_EDGE ( 'NONE', *, *, #1320, .T. ) ;
#1660 = CARTESIAN_POINT ( 'NONE',  ( 41.39999999999999858, -33.50000000000000000, -2.274999999999999467 ) ) ;
#1661 =( NAMED_UNIT ( * ) SI_UNIT ( $, .STERADIAN. ) SOLID_ANGLE_UNIT ( ) );
#1662 = EDGE_CURVE ( 'NONE', #226, #657, #899, .T. ) ;
#1663 = VERTEX_POINT ( 'NONE', #1263 ) ;
#1664 = DIRECTION ( 'NONE',  ( 0.000000000000000000, 0.000000000000000000, -1.000000000000000000 ) ) ;
#1665 = ADVANCED_FACE ( 'NONE', ( #752 ), #1785, .T. ) ;
#1666 = CARTESIAN_POINT ( 'NONE',  ( 26.23089214755635012, -33.49999999999999289, -2.249999999999995115 ) ) ;
#1667 = DIRECTION ( 'NONE',  ( 0.000000000000000000, 0.000000000000000000, -1.000000000000000000 ) ) ;
#1668 = ORIENTED_EDGE ( 'NONE', *, *, #2208, .T. ) ;
#1669 = VERTEX_POINT ( 'NONE', #1469 ) ;
#1670 = CARTESIAN_POINT ( 'NONE',  ( 41.37499999999999289, 27.10206931156085375, 17.44080595179770299 ) ) ;
#1671 = CARTESIAN_POINT ( 'NONE',  ( 29.33149417974784257, 28.39010987621891857, 21.53947285568449033 ) ) ;
#1672 = AXIS2_PLACEMENT_3D ( 'NONE', #1585, #550, #1628 ) ;
#1673 = ORIENTED_EDGE ( 'NONE', *, *, #1559, .F. ) ;
#1674 = CARTESIAN_POINT ( 'NONE',  ( 9.199999999999999289, 23.00000000000000000, 1.400000000000000355 ) ) ;
#1675 = CARTESIAN_POINT ( 'NONE',  ( 0.5000000000000004441, 30.00000000000000000, 0.000000000000000000 ) ) ;
#1676 = CIRCLE ( 'NONE', #679, 2.249999999999995115 ) ;
#1677 = CARTESIAN_POINT ( 'NONE',  ( 27.49616766069157237, -34.27219162920374629, 2.113343343564326293 ) ) ;
#1678 = EDGE_CURVE ( 'NONE', #854, #1725, #640, .T. ) ;
#1679 = DIRECTION ( 'NONE',  ( 0.000000000000000000, -3.083952846180997183E-15, -1.000000000000000000 ) ) ;
#1680 = AXIS2_PLACEMENT_3D ( 'NONE', #1601, #1971, #392 ) ;
#1681 = STYLED_ITEM ( 'NONE', ( #910 ), #828 ) ;
#1682 = ORIENTED_EDGE ( 'NONE', *, *, #988, .T. ) ;
#1683 = EDGE_LOOP ( 'NONE', ( #637, #1656 ) ) ;
#1684 = CIRCLE ( 'NONE', #575, 27.79999999999999716 ) ;
#1685 = DIRECTION ( 'NONE',  ( 1.000000000000000000, 0.000000000000000000, 0.000000000000000000 ) ) ;
#1686 = DIRECTION ( 'NONE',  ( 1.000000000000000000, 0.000000000000000000, 0.000000000000000000 ) ) ;
#1687 = VECTOR ( 'NONE', #147, 1000.000000000000000 ) ;
#1688 = ORIENTED_EDGE ( 'NONE', *, *, #352, .T. ) ;
#1689 = EDGE_LOOP ( 'NONE', ( #1083, #1079, #1019, #1237 ) ) ;
#1690 = EDGE_LOOP ( 'NONE', ( #1784, #1247, #1522, #244 ) ) ;
#1691 = CARTESIAN_POINT ( 'NONE',  ( 24.25636693685331480, 25.24159517661647101, -20.96619424141153942 ) ) ;
#1692 = CARTESIAN_POINT ( 'NONE',  ( 29.22888723914561382, 29.30891218300657286, -20.14355387893531812 ) ) ;
#1693 = DIRECTION ( 'NONE',  ( -1.000000000000000000, 0.000000000000000000, 0.000000000000000000 ) ) ;
#1694 = FACE_OUTER_BOUND ( 'NONE', #1122, .T. ) ;
#1695 = ORIENTED_EDGE ( 'NONE', *, *, #439, .F. ) ;
#1696 = DIRECTION ( 'NONE',  ( 1.000000000000000000, 0.000000000000000000, 0.000000000000000000 ) ) ;
#1697 = CARTESIAN_POINT ( 'NONE',  ( 18.19999999999999929, 21.00000000000000000, 0.000000000000000000 ) ) ;
#1698 = VERTEX_POINT ( 'NONE', #1479 ) ;
#1699 = ORIENTED_EDGE ( 'NONE', *, *, #171, .T. ) ;
#1700 = LINE ( 'NONE', #281, #974 ) ;
#1701 = ORIENTED_EDGE ( 'NONE', *, *, #103, .T. ) ;
#1702 = DIRECTION ( 'NONE',  ( -1.000000000000000000, -0.000000000000000000, -0.000000000000000000 ) ) ;
#1703 = CONICAL_SURFACE ( 'NONE', #1001, 2.275000000000002576, 0.7853981633974136400 ) ;
#1704 = CARTESIAN_POINT ( 'NONE',  ( 41.39999999999999858, 4.543439624836680150E-15, 37.10000000000000142 ) ) ;
#1705 = CARTESIAN_POINT ( 'NONE',  ( 0.000000000000000000, 0.000000000000000000, 0.000000000000000000 ) ) ;
#1706 = AXIS2_PLACEMENT_3D ( 'NONE', #2256, #1031, #2059 ) ;
#1707 = CARTESIAN_POINT ( 'NONE',  ( 43.90033132979046115, 16.59999999999999787, 0.000000000000000000 ) ) ;
#1708 = EDGE_CURVE ( 'NONE', #1947, #585, #1644, .T. ) ;
#1709 = ADVANCED_FACE ( 'NONE', ( #371 ), #900, .F. ) ;
#1710 = DIRECTION ( 'NONE',  ( 1.000000000000000000, 0.000000000000000000, 0.000000000000000000 ) ) ;
#1711 = CARTESIAN_POINT ( 'NONE',  ( 21.71947908554916395, -13.47730268734291137, 29.57384507083478908 ) ) ;
#1712 = ORIENTED_EDGE ( 'NONE', *, *, #1487, .F. ) ;
#1713 = ORIENTED_EDGE ( 'NONE', *, *, #15, .F. ) ;
#1714 = PLANE ( 'NONE',  #2040 ) ;
#1715 = CARTESIAN_POINT ( 'NONE',  ( 21.71947908554916395, 0.000000000000000000, 0.000000000000000000 ) ) ;
#1716 = DIRECTION ( 'NONE',  ( 0.000000000000000000, 0.000000000000000000, -1.000000000000000000 ) ) ;
#1717 = FACE_OUTER_BOUND ( 'NONE', #1432, .T. ) ;
#1718 = ADVANCED_FACE ( 'NONE', ( #611 ), #622, .F. ) ;
#1719 = CARTESIAN_POINT ( 'NONE',  ( 12.00000000000000355, 0.000000000000000000, -32.49999999999999289 ) ) ;
#1720 = CARTESIAN_POINT ( 'NONE',  ( 41.39999999999999858, 27.10206931156056598, -19.69080595179809023 ) ) ;
#1721 = LINE ( 'NONE', #1355, #933 ) ;
#1722 = AXIS2_PLACEMENT_3D ( 'NONE', #2137, #63, #761 ) ;
#1723 = CIRCLE ( 'NONE', #1379, 26.00000000000000355 ) ;
#1724 = CONICAL_SURFACE ( 'NONE', #723, 2.274999999999999467, 0.7853981633973787790 ) ;
#1725 = VERTEX_POINT ( 'NONE', #2178 ) ;
#1726 = CARTESIAN_POINT ( 'NONE',  ( 27.49616766069157237, -34.27219162920374629, 2.113343343564326293 ) ) ;
#1727 = FACE_BOUND ( 'NONE', #1730, .T. ) ;
#1728 = ORIENTED_EDGE ( 'NONE', *, *, #242, .F. ) ;
#1729 = DIRECTION ( 'NONE',  ( 1.000000000000000000, 0.000000000000000000, 0.000000000000000000 ) ) ;
#1730 = EDGE_LOOP ( 'NONE', ( #1264, #1296 ) ) ;
#1731 = CARTESIAN_POINT ( 'NONE',  ( 41.39999999999999858, 27.10206931156085375, 17.44080595179770299 ) ) ;
#1732 = DIRECTION ( 'NONE',  ( 1.000000000000000000, -2.645508165367081712E-33, 0.000000000000000000 ) ) ;
#1733 = ORIENTED_EDGE ( 'NONE', *, *, #1739, .F. ) ;
#1734 = LINE ( 'NONE', #157, #944 ) ;
#1735 = ADVANCED_FACE ( 'NONE', ( #2193 ), #431, .F. ) ;
#1736 = DIRECTION ( 'NONE',  ( 1.000000000000000000, 0.000000000000000000, 0.000000000000000000 ) ) ;
#1737 = EDGE_CURVE ( 'NONE', #364, #1030, #942, .T. ) ;
#1738 = ORIENTED_EDGE ( 'NONE', *, *, #2138, .F. ) ;
#1739 = EDGE_CURVE ( 'NONE', #2068, #2112, #18, .T. ) ;
#1740 = CARTESIAN_POINT ( 'NONE',  ( 27.49616766069157237, -17.95579078234429460, 29.26839449879905075 ) ) ;
#1741 = CARTESIAN_POINT ( 'NONE',  ( 41.37499999999999289, -15.72729735332727152, 31.82874436077409186 ) ) ;
#1742 = CARTESIAN_POINT ( 'NONE',  ( 18.19999999999999929, -4.814824860968088538E-32, 0.000000000000000000 ) ) ;
#1743 = ORIENTED_EDGE ( 'NONE', *, *, #1972, .F. ) ;
#1744 = DIRECTION ( 'NONE',  ( 1.000000000000000000, -2.645508165367081712E-33, 0.000000000000000000 ) ) ;
#1745 = AXIS2_PLACEMENT_3D ( 'NONE', #1259, #2157, #1772 ) ;
#1746 = CARTESIAN_POINT ( 'NONE',  ( 27.49616766069157237, 28.96897751287805889, -18.43495812349505059 ) ) ;
#1747 = VECTOR ( 'NONE', #882, 1000.000000000000000 ) ;
#1748 = DIRECTION ( 'NONE',  ( 0.000000000000000000, 0.000000000000000000, -1.000000000000000000 ) ) ;
#1749 = ADVANCED_FACE ( 'NONE', ( #268 ), #1597, .F. ) ;
#1750 = LINE ( 'NONE', #2098, #1095 ) ;
#1751 = CARTESIAN_POINT ( 'NONE',  ( 21.71947908554916395, -32.43936567164178797, -1.984327296971974963 ) ) ;
#1752 = ORIENTED_EDGE ( 'NONE', *, *, #1242, .T. ) ;
#1753 = DIRECTION ( 'NONE',  ( 1.000000000000000000, 0.000000000000000000, 0.000000000000000000 ) ) ;
#1754 = CONICAL_SURFACE ( 'NONE', #1609, 2.274999999999999467, 0.7853981633974482790 ) ;
#1755 = PLANE ( 'NONE',  #866 ) ;
#1756 = AXIS2_PLACEMENT_3D ( 'NONE', #1381, #1219, #1765 ) ;
#1757 = CARTESIAN_POINT ( 'NONE',  ( 7.200000000000004619, -1.904765879064298723E-32, 0.000000000000000000 ) ) ;
#1758 = CARTESIAN_POINT ( 'NONE',  ( 27.95210892959226712, -34.60412868281731846, -1.969800627518935476 ) ) ;
#1759 = CARTESIAN_POINT ( 'NONE',  ( 26.64532544945832271, -13.83573148565703725, -30.81881663618878520 ) ) ;
#1760 = ORIENTED_EDGE ( 'NONE', *, *, #1063, .F. ) ;
#1761 = ORIENTED_EDGE ( 'NONE', *, *, #656, .F. ) ;
#1762 = CARTESIAN_POINT ( 'NONE',  ( 29.45080941856949153, -16.42746054360523189, -31.71918912593023165 ) ) ;
#1763 = CARTESIAN_POINT ( 'NONE',  ( 9.199999999999999289, 23.00000000000000000, -1.399999999999999911 ) ) ;
#1764 = ORIENTED_EDGE ( 'NONE', *, *, #1021, .T. ) ;
#1765 = DIRECTION ( 'NONE',  ( 0.000000000000000000, 0.000000000000000000, 1.000000000000000000 ) ) ;
#1766 = VERTEX_POINT ( 'NONE', #1839 ) ;
#1767 = LINE ( 'NONE', #855, #592 ) ;
#1768 = LINE ( 'NONE', #1058, #97 ) ;
#1769 = CARTESIAN_POINT ( 'NONE',  ( 26.63272626616186045, 28.59249410900255484, 17.99980345966679707 ) ) ;
#1770 = ORIENTED_EDGE ( 'NONE', *, *, #2055, .T. ) ;
#1771 = ADVANCED_FACE ( 'NONE', ( #258 ), #443, .T. ) ;
#1772 = DIRECTION ( 'NONE',  ( 0.000000000000000000, 0.000000000000000000, -1.000000000000000000 ) ) ;
#1773 = ORIENTED_EDGE ( 'NONE', *, *, #1533, .F. ) ;
#1774 = CARTESIAN_POINT ( 'NONE',  ( 31.39999999999999858, 0.000000000000000000, 0.000000000000000000 ) ) ;
#1775 = DIRECTION ( 'NONE',  ( 0.000000000000000000, 0.000000000000000000, -1.000000000000000000 ) ) ;
#1776 = ORIENTED_EDGE ( 'NONE', *, *, #815, .T. ) ;
#1777 = B_SPLINE_CURVE_WITH_KNOTS ( 'NONE', 3,
 ( #1746, #1546, #1910, #2242, #667, #1369, #327, #1578, #886, #2074, #2105, #1053 ),
 .UNSPECIFIED., .F., .F.,
 ( 4, 2, 2, 2, 2, 4 ),
 ( 2.491940430996526570E-07, 0.001541470410061463380, 0.002312081018070645359, 0.003082691626079827121, 0.004623912842098191513, 0.006165134058116555037 ),
 .UNSPECIFIED. ) ;
#1778 = FACE_OUTER_BOUND ( 'NONE', #771, .T. ) ;
#1779 = ORIENTED_EDGE ( 'NONE', *, *, #1092, .T. ) ;
#1780 = DIRECTION ( 'NONE',  ( 1.000000000000000000, -2.645508165367081712E-33, 0.000000000000000000 ) ) ;
#1781 = DIRECTION ( 'NONE',  ( 0.000000000000000000, 0.000000000000000000, -1.000000000000000000 ) ) ;
#1782 = CARTESIAN_POINT ( 'NONE',  ( 25.71530305194645294, -13.63528986166400969, -30.41265252302191868 ) ) ;
#1783 = EDGE_CURVE ( 'NONE', #1810, #2216, #205, .T. ) ;
#1784 = ORIENTED_EDGE ( 'NONE', *, *, #1403, .F. ) ;
#1785 = CONICAL_SURFACE ( 'NONE', #1090, 37.10000000000000142, 0.6158699519395272048 ) ;
#1786 = CARTESIAN_POINT ( 'NONE',  ( 28.10066614687811537, -14.62015110958904884, 31.54151257556423005 ) ) ;
#1787 = CARTESIAN_POINT ( 'NONE',  ( 41.39999999999999858, 0.000000000000000000, 0.000000000000000000 ) ) ;
#1788 = DIRECTION ( 'NONE',  ( 1.000000000000000000, 0.000000000000000000, 0.000000000000000000 ) ) ;
#1789 = VERTEX_POINT ( 'NONE', #1158 ) ;
#1790 = CIRCLE ( 'NONE', #1567, 2.249999999999991562 ) ;
#1791 = CARTESIAN_POINT ( 'NONE',  ( 36.60000000000000142, 0.000000000000000000, 0.000000000000000000 ) ) ;
#1792 = AXIS2_PLACEMENT_3D ( 'NONE', #744, #797, #253 ) ;
#1793 = VERTEX_POINT ( 'NONE', #1148 ) ;
#1794 = TOROIDAL_SURFACE ( 'NONE', #355, 42.49999999999999289, 10.00000000000000000 ) ;
#1795 = CARTESIAN_POINT ( 'NONE',  ( 41.39999999999999858, -33.50000000000000000, 2.249999999999995115 ) ) ;
#1796 = CIRCLE ( 'NONE', #868, 28.70000000000000995 ) ;
#1797 = FACE_OUTER_BOUND ( 'NONE', #1822, .T. ) ;
#1798 = ORIENTED_EDGE ( 'NONE', *, *, #1156, .F. ) ;
#1799 = CARTESIAN_POINT ( 'NONE',  ( 27.49616766069157237, -17.95579078234429460, -29.26839449879905075 ) ) ;
#1800 = CARTESIAN_POINT ( 'NONE',  ( 36.60000000000000142, 0.000000000000000000, 0.000000000000000000 ) ) ;
#1801 = ORIENTED_EDGE ( 'NONE', *, *, #407, .T. ) ;
#1802 = LINE ( 'NONE', #201, #288 ) ;
#1803 = ADVANCED_FACE ( 'NONE', ( #1848 ), #660, .F. ) ;
#1804 = DIRECTION ( 'NONE',  ( 2.645508165367081712E-33, 1.000000000000000000, 0.000000000000000000 ) ) ;
#1805 = DIRECTION ( 'NONE',  ( 1.000000000000000000, -2.645508165367081712E-33, -0.000000000000000000 ) ) ;
#1806 = EDGE_CURVE ( 'NONE', #1033, #1789, #1006, .T. ) ;
#1807 = EDGE_CURVE ( 'NONE', #529, #1669, #350, .T. ) ;
#1808 = UNCERTAINTY_MEASURE_WITH_UNIT (LENGTH_MEASURE( 1.000000000000000082E-05 ), #1449, 'distance_accuracy_value', 'NONE');
#1809 = CARTESIAN_POINT ( 'NONE',  ( 24.25636693685331124, 27.74011752991151170, 17.52727324644317619 ) ) ;
#1810 = VERTEX_POINT ( 'NONE', #1444 ) ;
#1811 = CARTESIAN_POINT ( 'NONE',  ( 0.000000000000000000, 30.00000000000000000, 0.5999999999999999778 ) ) ;
#1812 = ADVANCED_FACE ( 'NONE', ( #2218, #1512 ), #1714, .F. ) ;
#1813 = CARTESIAN_POINT ( 'NONE',  ( 0.5000000000000004441, 30.00000000000000000, 0.5999999999999999778 ) ) ;
#1814 = CARTESIAN_POINT ( 'NONE',  ( 29.03863872443695726, -15.56145476747917122, -31.82874436077409541 ) ) ;
#1815 = CIRCLE ( 'NONE', #321, 1.399999999999998579 ) ;
#1816 = ORIENTED_EDGE ( 'NONE', *, *, #507, .T. ) ;
#1817 = CIRCLE ( 'NONE', #1227, 37.10000000000000142 ) ;
#1818 = CARTESIAN_POINT ( 'NONE',  ( 9.199999999999999289, 23.00000000000000000, 1.224646799147354440E-16 ) ) ;
#1819 = CARTESIAN_POINT ( 'NONE',  ( 7.199999999999998401, -1.904765879064298176E-32, 0.000000000000000000 ) ) ;
#1820 = DIRECTION ( 'NONE',  ( 0.000000000000000000, 0.000000000000000000, -1.000000000000000000 ) ) ;
#1821 = B_SPLINE_CURVE_WITH_KNOTS ( 'NONE', 3,
 ( #45, #1625, #1759, #386, #1782, #2099, #181, #547, #877, #1256, #1071, #1594 ),
 .UNSPECIFIED., .F., .F.,
 ( 4, 2, 2, 2, 2, 4 ),
 ( 2.491940430975306277E-07, 0.001541470410061467934, 0.002312081018070652298, 0.003082691626079837096, 0.004623912842098195849, 0.006165134058116555904 ),
 .UNSPECIFIED. ) ;
#1822 = EDGE_LOOP ( 'NONE', ( #1319, #113, #745, #10 ) ) ;
#1823 = CIRCLE ( 'NONE', #938, 14.99999999999999822 ) ;
#1824 = EDGE_CURVE ( 'NONE', #2156, #1599, #462, .T. ) ;
#1825 = CARTESIAN_POINT ( 'NONE',  ( 56.00000000000000000, 0.000000000000000000, 0.000000000000000000 ) ) ;
#1826 = CARTESIAN_POINT ( 'NONE',  ( 28.45433892348789939, 29.29941836950733958, 19.17391491002188531 ) ) ;
#1827 = ORIENTED_EDGE ( 'NONE', *, *, #1982, .T. ) ;
#1828 = ORIENTED_EDGE ( 'NONE', *, *, #781, .F. ) ;
#1829 = DIRECTION ( 'NONE',  ( 1.000000000000000000, 0.000000000000000000, 0.000000000000000000 ) ) ;
#1830 = CIRCLE ( 'NONE', #831, 2.249999999999995115 ) ;
#1831 = AXIS2_PLACEMENT_3D ( 'NONE', #1715, #1702, #1173 ) ;
#1832 = CYLINDRICAL_SURFACE ( 'NONE', #686, 32.49999999999999289 ) ;
#1833 = EDGE_LOOP ( 'NONE', ( #1050, #702, #1360, #458 ) ) ;
#1834 = EDGE_CURVE ( 'NONE', #226, #1698, #1700, .T. ) ;
#1835 = CARTESIAN_POINT ( 'NONE',  ( 25.71822035671205953, -13.62306867473437855, 30.40774009066545602 ) ) ;
#1836 = CARTESIAN_POINT ( 'NONE',  ( 27.79999999999999716, 0.000000000000000000, -16.59999999999999787 ) ) ;
#1837 = EDGE_CURVE ( 'NONE', #764, #1603, #969, .T. ) ;
#1838 = EDGE_LOOP ( 'NONE', ( #1941, #76, #2204, #741, #844 ) ) ;
#1839 = CARTESIAN_POINT ( 'NONE',  ( 43.90033132979046115, 2.032913686584605668E-15, 16.59999999999999787 ) ) ;
#1840 = LINE ( 'NONE', #283, #1939 ) ;
#1841 = CARTESIAN_POINT ( 'NONE',  ( 26.40733047702257608, -17.75620910463977253, -28.59938479024662428 ) ) ;
#1842 = EDGE_LOOP ( 'NONE', ( #262, #1468, #2268, #1673 ) ) ;
#1843 = VERTEX_POINT ( 'NONE', #1171 ) ;
#1844 = PLANE ( 'NONE',  #1517 ) ;
#1845 = DIRECTION ( 'NONE',  ( 0.7071067811865966446, 0.000000000000000000, -0.7071067811864983899 ) ) ;
#1846 = ORIENTED_EDGE ( 'NONE', *, *, #343, .F. ) ;
#1847 = CARTESIAN_POINT ( 'NONE',  ( 26.23089214756576482, -33.50000000000476774, 2.249999999999995115 ) ) ;
#1848 = FACE_OUTER_BOUND ( 'NONE', #420, .T. ) ;
#1849 = EDGE_CURVE ( 'NONE', #1858, #1534, #1281, .T. ) ;
#1850 = CARTESIAN_POINT ( 'NONE',  ( 28.79379797243007388, 29.35365412919815498, -19.52791733728250634 ) ) ;
#1851 = CIRCLE ( 'NONE', #1553, 32.59999999999999432 ) ;
#1852 = FACE_OUTER_BOUND ( 'NONE', #1961, .T. ) ;
#1853 = ORIENTED_EDGE ( 'NONE', *, *, #110, .T. ) ;
#1854 = ORIENTED_EDGE ( 'NONE', *, *, #1708, .T. ) ;
#1855 = CARTESIAN_POINT ( 'NONE',  ( 21.71947908554916395, -13.47730268734291137, 29.57384507083478908 ) ) ;
#1856 = DIRECTION ( 'NONE',  ( -1.000000000000000000, -0.000000000000000000, -0.000000000000000000 ) ) ;
#1857 = AXIS2_PLACEMENT_3D ( 'NONE', #1707, #2197, #276 ) ;
#1858 = VERTEX_POINT ( 'NONE', #1456 ) ;
#1859 = VERTEX_POINT ( 'NONE', #1335 ) ;
#1860 = DIRECTION ( 'NONE',  ( 0.000000000000000000, 0.000000000000000000, -1.000000000000000000 ) ) ;
#1861 = DIRECTION ( 'NONE',  ( 1.000000000000000000, 0.000000000000000000, 0.000000000000000000 ) ) ;
#1862 = AXIS2_PLACEMENT_3D ( 'NONE', #1117, #773, #940 ) ;
#1863 = CARTESIAN_POINT ( 'NONE',  ( 26.68750000000000000, 27.41035643598313243, 17.46202622986118058 ) ) ;
#1864 = CARTESIAN_POINT ( 'NONE',  ( 27.49616766069157237, -17.95579078234429460, -29.26839449879905075 ) ) ;
#1865 = AXIS2_PLACEMENT_3D ( 'NONE', #1389, #1753, #841 ) ;
#1866 = PLANE ( 'NONE',  #1857 ) ;
#1867 = FACE_OUTER_BOUND ( 'NONE', #289, .T. ) ;
#1868 = AXIS2_PLACEMENT_3D ( 'NONE', #1431, #590, #42 ) ;
#1869 = ORIENTED_EDGE ( 'NONE', *, *, #486, .F. ) ;
#1870 = ORIENTED_EDGE ( 'NONE', *, *, #1258, .F. ) ;
#1871 = DIRECTION ( 'NONE',  ( 0.000000000000000000, 0.000000000000000000, -1.000000000000000000 ) ) ;
#1872 = DIRECTION ( 'NONE',  ( 0.000000000000000000, 0.000000000000000000, -1.000000000000000000 ) ) ;
#1873 = EDGE_CURVE ( 'NONE', #552, #1009, #1676, .T. ) ;
#1874 = DIRECTION ( 'NONE',  ( 1.000000000000000000, 0.000000000000000000, 0.000000000000000000 ) ) ;
#1875 = CARTESIAN_POINT ( 'NONE',  ( 41.39999999999999858, 27.10206931156056598, -21.94080595179808668 ) ) ;
#1876 = EDGE_CURVE ( 'NONE', #729, #261, #1968, .T. ) ;
#1877 = ORIENTED_EDGE ( 'NONE', *, *, #1806, .T. ) ;
#1878 = DIRECTION ( 'NONE',  ( 0.000000000000000000, 0.000000000000000000, -1.000000000000000000 ) ) ;
#1879 = CYLINDRICAL_SURFACE ( 'NONE', #1266, 27.79999999999999716 ) ;
#1880 = EDGE_CURVE ( 'NONE', #237, #1534, #1496, .T. ) ;
#1881 = VERTEX_POINT ( 'NONE', #2192 ) ;
#1882 = EDGE_LOOP ( 'NONE', ( #514, #1869 ) ) ;
#1883 = CARTESIAN_POINT ( 'NONE',  ( 41.39999999999999858, 0.000000000000000000, 0.000000000000000000 ) ) ;
#1884 = CARTESIAN_POINT ( 'NONE',  ( 28.43564800850089824, 27.27201930274312147, -21.94080595179809023 ) ) ;
#1885 = CIRCLE ( 'NONE', #809, 32.49999999999999289 ) ;
#1886 = CYLINDRICAL_SURFACE ( 'NONE', #284, 2.249999999999991562 ) ;
#1887 = DIRECTION ( 'NONE',  ( 0.000000000000000000, 0.000000000000000000, -1.000000000000000000 ) ) ;
#1888 = CIRCLE ( 'NONE', #929, 2.249999999999998668 ) ;
#1889 = CARTESIAN_POINT ( 'NONE',  ( 9.199999999999999289, 23.00000000000000000, 1.400000000000000355 ) ) ;
#1890 = CARTESIAN_POINT ( 'NONE',  ( 56.00000000000000000, 0.000000000000000000, 0.000000000000000000 ) ) ;
#1891 = DIRECTION ( 'NONE',  ( -1.000000000000000000, 2.645508165367081712E-33, 0.000000000000000000 ) ) ;
#1892 = ORIENTED_EDGE ( 'NONE', *, *, #1926, .F. ) ;
#1893 = CARTESIAN_POINT ( 'NONE',  ( 36.60000000000000142, 0.000000000000000000, -26.00000000000000355 ) ) ;
#1894 = DIRECTION ( 'NONE',  ( 0.000000000000000000, 0.000000000000000000, -1.000000000000000000 ) ) ;
#1895 = AXIS2_PLACEMENT_3D ( 'NONE', #970, #1501, #1327 ) ;
#1896 = DIRECTION ( 'NONE',  ( 1.000000000000000000, 0.000000000000000000, 0.000000000000000000 ) ) ;
#1897 = ORIENTED_EDGE ( 'NONE', *, *, #1162, .F. ) ;
#1898 = CARTESIAN_POINT ( 'NONE',  ( 41.37499999999999289, -15.72729735332727152, 29.57874436077409186 ) ) ;
#1899 = DIRECTION ( 'NONE',  ( 0.000000000000000000, 0.000000000000000000, -1.000000000000000000 ) ) ;
#1900 = VECTOR ( 'NONE', #1928, 1000.000000000000000 ) ;
#1901 = AXIS2_PLACEMENT_3D ( 'NONE', #1214, #1914, #19 ) ;
#1902 = EDGE_CURVE ( 'NONE', #958, #922, #1052, .T. ) ;
#1903 = VECTOR ( 'NONE', #1235, 1000.000000000000000 ) ;
#1904 = VECTOR ( 'NONE', #1537, 1000.000000000000000 ) ;
#1905 = VECTOR ( 'NONE', #2030, 1000.000000000000000 ) ;
#1906 = ORIENTED_EDGE ( 'NONE', *, *, #1417, .F. ) ;
#1907 = FACE_OUTER_BOUND ( 'NONE', #908, .T. ) ;
#1908 = EDGE_CURVE ( 'NONE', #1286, #332, #1562, .T. ) ;
#1909 = EDGE_CURVE ( 'NONE', #552, #2254, #1106, .T. ) ;
#1910 = CARTESIAN_POINT ( 'NONE',  ( 26.64532544945831916, 28.59332837630934065, -17.99023337710691095 ) ) ;
#1911 = CIRCLE ( 'NONE', #914, 34.33728788295096024 ) ;
#1912 = ORIENTED_EDGE ( 'NONE', *, *, #988, .F. ) ;
#1913 = DIRECTION ( 'NONE',  ( 0.000000000000000000, 0.000000000000000000, -1.000000000000000000 ) ) ;
#1914 = DIRECTION ( 'NONE',  ( 1.000000000000000000, 0.000000000000000000, 0.000000000000000000 ) ) ;
#1915 = CARTESIAN_POINT ( 'NONE',  ( 12.00000000000000355, 0.000000000000000000, -32.59999999999999432 ) ) ;
#1916 = VERTEX_POINT ( 'NONE', #2087 ) ;
#1917 = FACE_OUTER_BOUND ( 'NONE', #257, .T. ) ;
#1918 = CARTESIAN_POINT ( 'NONE',  ( 56.00000000000000000, 0.000000000000000000, -14.99999999999999822 ) ) ;
#1919 = EDGE_CURVE ( 'NONE', #735, #1548, #571, .T. ) ;
#1920 = EDGE_LOOP ( 'NONE', ( #558, #888, #2077, #441 ) ) ;
#1921 = AXIS2_PLACEMENT_3D ( 'NONE', #1394, #1954, #169 ) ;
#1922 = CARTESIAN_POINT ( 'NONE',  ( 41.39999999999999858, 27.10206931156085375, 21.94080595179769233 ) ) ;
#1923 = FACE_OUTER_BOUND ( 'NONE', #1170, .T. ) ;
#1924 = CARTESIAN_POINT ( 'NONE',  ( 23.66594310229010034, -32.61788171862390584, -2.072010521138396566 ) ) ;
#1925 = CIRCLE ( 'NONE', #1120, 16.59999999999999787 ) ;
#1926 = EDGE_CURVE ( 'NONE', #2260, #541, #719, .T. ) ;
#1927 = ORIENTED_EDGE ( 'NONE', *, *, #669, .T. ) ;
#1928 = DIRECTION ( 'NONE',  ( 1.000000000000000000, 0.000000000000000000, 0.000000000000000000 ) ) ;
#1929 = CIRCLE ( 'NONE', #1634, 34.33728788295096024 ) ;
#1930 = DIRECTION ( 'NONE',  ( 1.000000000000000000, 0.000000000000000000, 0.000000000000000000 ) ) ;
#1931 = CIRCLE ( 'NONE', #2215, 32.49999999999999289 ) ;
#1932 = VERTEX_POINT ( 'NONE', #2250 ) ;
#1933 = CARTESIAN_POINT ( 'NONE',  ( 12.00000000000000000, 27.10206931156056598, -19.69080595179809023 ) ) ;
#1934 = DIRECTION ( 'NONE',  ( 1.000000000000000000, 0.000000000000000000, 0.000000000000000000 ) ) ;
#1935 = CIRCLE ( 'NONE', #2220, 32.49999999999999289 ) ;
#1936 = CARTESIAN_POINT ( 'NONE',  ( 36.60000000000000142, 0.000000000000000000, 0.000000000000000000 ) ) ;
#1937 = VERTEX_POINT ( 'NONE', #530 ) ;
#1938 = DIRECTION ( 'NONE',  ( 0.7071067811865474617, 8.659560562354932858E-17, 0.7071067811865474617 ) ) ;
#1939 = VECTOR ( 'NONE', #466, 1000.000000000000000 ) ;
#1940 = DIRECTION ( 'NONE',  ( 1.000000000000000000, 0.000000000000000000, 0.000000000000000000 ) ) ;
#1941 = ORIENTED_EDGE ( 'NONE', *, *, #148, .F. ) ;
#1942 = DIRECTION ( 'NONE',  ( 1.000000000000000000, 0.000000000000000000, 0.000000000000000000 ) ) ;
#1943 = EDGE_CURVE ( 'NONE', #768, #1698, #864, .T. ) ;
#1944 = CARTESIAN_POINT ( 'NONE',  ( 29.47158323376098821, -35.73427807507346898, -0.3016985131336717418 ) ) ;
#1945 = DIRECTION ( 'NONE',  ( 1.000000000000000000, 0.000000000000000000, 0.000000000000000000 ) ) ;
#1946 = VERTEX_POINT ( 'NONE', #1726 ) ;
#1947 = VERTEX_POINT ( 'NONE', #1893 ) ;
#1948 = CARTESIAN_POINT ( 'NONE',  ( 25.23887344578465886, -17.47250925117298337, 28.15532116303683807 ) ) ;
#1949 = CARTESIAN_POINT ( 'NONE',  ( 12.00000000000000355, 3.992348565220371194E-15, 32.59999999999999432 ) ) ;
#1950 = ORIENTED_EDGE ( 'NONE', *, *, #1678, .T. ) ;
#1951 = DIRECTION ( 'NONE',  ( -1.000000000000000000, 2.645508165367081712E-33, 0.000000000000000000 ) ) ;
#1952 = EDGE_LOOP ( 'NONE', ( #2253, #2230 ) ) ;
#1953 = EDGE_CURVE ( 'NONE', #1859, #2188, #313, .T. ) ;
#1954 = DIRECTION ( 'NONE',  ( 1.000000000000000000, 0.000000000000000000, 0.000000000000000000 ) ) ;
#1955 = CARTESIAN_POINT ( 'NONE',  ( 28.98533974882235498, -35.36870848552459279, 1.272850205395349876 ) ) ;
#1956 = CARTESIAN_POINT ( 'NONE',  ( 29.45880428913288540, -16.43187841346857425, 31.72364327417993124 ) ) ;
#1957 = ORIENTED_EDGE ( 'NONE', *, *, #1141, .T. ) ;
#1958 = CYLINDRICAL_SURFACE ( 'NONE', #631, 32.49999999999999289 ) ;
#1959 = CARTESIAN_POINT ( 'NONE',  ( 29.14245096956193848, -15.72729735332726797, -31.82874436077409186 ) ) ;
#1960 = CARTESIAN_POINT ( 'NONE',  ( 12.00000000000000355, 0.000000000000000000, 0.000000000000000000 ) ) ;
#1961 = EDGE_LOOP ( 'NONE', ( #625, #1448, #2090, #1994 ) ) ;
#1962 = CARTESIAN_POINT ( 'NONE',  ( 31.39999999999999858, 0.000000000000000000, 0.000000000000000000 ) ) ;
#1963 = ORIENTED_EDGE ( 'NONE', *, *, #1393, .T. ) ;
#1964 = DIRECTION ( 'NONE',  ( 1.000000000000000000, -2.645508165367081712E-33, 0.000000000000000000 ) ) ;
#1965 = CIRCLE ( 'NONE', #675, 37.10000000000000142 ) ;
#1966 = CARTESIAN_POINT ( 'NONE',  ( 29.49196663976482924, -16.87628311508193235, 31.51573717427833543 ) ) ;
#1967 = VERTEX_POINT ( 'NONE', #1763 ) ;
#1968 = CIRCLE ( 'NONE', #278, 16.59999999999999787 ) ;
#1969 = CARTESIAN_POINT ( 'NONE',  ( 28.52949982444297916, -14.98360567666858678, 31.70653308766825518 ) ) ;
#1970 = CARTESIAN_POINT ( 'NONE',  ( 26.64532544945831205, -17.81311407197855701, 28.70400480171552005 ) ) ;
#1971 = DIRECTION ( 'NONE',  ( -1.000000000000000000, -0.000000000000000000, -0.000000000000000000 ) ) ;
#1972 = EDGE_CURVE ( 'NONE', #1603, #336, #165, .T. ) ;
#1973 = ORIENTED_EDGE ( 'NONE', *, *, #820, .F. ) ;
#1974 = EDGE_CURVE ( 'NONE', #554, #178, #1041, .T. ) ;
#1975 = VECTOR ( 'NONE', #1103, 1000.000000000000000 ) ;
#1976 = CYLINDRICAL_SURFACE ( 'NONE', #2088, 2.249999999999995115 ) ;
#1977 = VECTOR ( 'NONE', #2247, 1000.000000000000000 ) ;
#1978 = EDGE_CURVE ( 'NONE', #1599, #1859, #1790, .T. ) ;
#1979 = CARTESIAN_POINT ( 'NONE',  ( 25.52498592234664798, -33.16925554226217798, 2.229709273259499636 ) ) ;
#1980 = FACE_OUTER_BOUND ( 'NONE', #1250, .T. ) ;
#1981 = CIRCLE ( 'NONE', #1383, 37.10000000000000142 ) ;
#1982 = EDGE_CURVE ( 'NONE', #1793, #589, #154, .T. ) ;
#1983 = CARTESIAN_POINT ( 'NONE',  ( 29.03277903049801978, -17.68930731243261079, 30.69237808668307110 ) ) ;
#1984 = ORIENTED_EDGE ( 'NONE', *, *, #932, .F. ) ;
#1985 = DIRECTION ( 'NONE',  ( 1.000000000000000000, 0.000000000000000000, 0.000000000000000000 ) ) ;
#1986 = DIRECTION ( 'NONE',  ( 0.000000000000000000, 0.000000000000000000, -1.000000000000000000 ) ) ;
#1987 = CARTESIAN_POINT ( 'NONE',  ( 28.52363611395328391, -14.97802682586441669, -31.70457889225480841 ) ) ;
#1988 = ORIENTED_EDGE ( 'NONE', *, *, #1953, .T. ) ;
#1989 = DIRECTION ( 'NONE',  ( -1.000000000000000000, -0.000000000000000000, -0.000000000000000000 ) ) ;
#1990 = DIRECTION ( 'NONE',  ( 0.000000000000000000, 1.000000000000000000, 2.118908098924512695E-16 ) ) ;
#1991 = ADVANCED_FACE ( 'NONE', ( #1907 ), #1400, .T. ) ;
#1992 = DIRECTION ( 'NONE',  ( 0.000000000000000000, -1.000000000000000000, 2.131628207280300873E-14 ) ) ;
#1993 = DIRECTION ( 'NONE',  ( 1.000000000000000000, 0.000000000000000000, 0.000000000000000000 ) ) ;
#1994 = ORIENTED_EDGE ( 'NONE', *, *, #602, .F. ) ;
#1995 = FACE_OUTER_BOUND ( 'NONE', #51, .T. ) ;
#1996 = CARTESIAN_POINT ( 'NONE',  ( 27.08384180587622581, -17.91186821454337874, 28.95300478634037233 ) ) ;
#1997 = CARTESIAN_POINT ( 'NONE',  ( 26.68750000000000000, 25.07763979421980594, -20.67273524116644623 ) ) ;
#1998 = AXIS2_PLACEMENT_3D ( 'NONE', #532, #1037, #544 ) ;
#1999 = EDGE_LOOP ( 'NONE', ( #1770, #1659, #772, #629 ) ) ;
#2000 = PLANE ( 'NONE',  #104 ) ;
#2001 = LINE ( 'NONE', #2155, #1458 ) ;
#2002 = EDGE_CURVE ( 'NONE', #529, #1356, #2231, .T. ) ;
#2003 = ORIENTED_EDGE ( 'NONE', *, *, #1543, .T. ) ;
#2004 = VECTOR ( 'NONE', #1341, 1000.000000000000000 ) ;
#2005 = CARTESIAN_POINT ( 'NONE',  ( 41.39999999999999858, 0.000000000000000000, 0.000000000000000000 ) ) ;
#2006 = SHAPE_DEFINITION_REPRESENTATION ( #1596, #515 ) ;
#2007 = EDGE_LOOP ( 'NONE', ( #1870, #1292 ) ) ;
#2008 = DIRECTION ( 'NONE',  ( 0.000000000000000000, 1.000000000000000000, 0.000000000000000000 ) ) ;
#2009 = CIRCLE ( 'NONE', #2258, 2.249999999999991562 ) ;
#2010 = DIRECTION ( 'NONE',  ( 1.000000000000000000, 0.000000000000000000, 0.000000000000000000 ) ) ;
#2011 = ORIENTED_EDGE ( 'NONE', *, *, #1387, .F. ) ;
#2012 = CARTESIAN_POINT ( 'NONE',  ( 27.29012163258691359, -14.10546074592508781, 31.14637545406135644 ) ) ;
#2013 = EDGE_CURVE ( 'NONE', #1932, #2188, #979, .T. ) ;
#2014 = ORIENTED_EDGE ( 'NONE', *, *, #507, .F. ) ;
#2015 = DIRECTION ( 'NONE',  ( 0.000000000000000000, 0.000000000000000000, -1.000000000000000000 ) ) ;
#2016 = CARTESIAN_POINT ( 'NONE',  ( 27.09804016595478160, -33.98339785357060094, -2.218865305619932116 ) ) ;
#2017 = EDGE_CURVE ( 'NONE', #764, #346, #1367, .T. ) ;
#2018 = CARTESIAN_POINT ( 'NONE',  ( 21.71947908554916395, -16.98141670795424929, -27.71067459645853148 ) ) ;
#2019 = VERTEX_POINT ( 'NONE', #1577 ) ;
#2020 = EDGE_LOOP ( 'NONE', ( #349, #1231, #1099, #1957, #2033, #1912, #1128, #1274 ) ) ;
#2021 = LINE ( 'NONE', #626, #816 ) ;
#2022 = PRODUCT_CONTEXT ( 'NONE', #345, 'mechanical' ) ;
#2023 = ORIENTED_EDGE ( 'NONE', *, *, #73, .F. ) ;
#2024 = CARTESIAN_POINT ( 'NONE',  ( 7.199999999999998401, 27.79999999999999716, 0.000000000000000000 ) ) ;
#2025 = CARTESIAN_POINT ( 'NONE',  ( 41.39999999999999858, -15.72729735332727152, -29.57874436077409186 ) ) ;
#2026 = CARTESIAN_POINT ( 'NONE',  ( 26.45106288476537060, -33.61154867537992175, 2.249999999999758415 ) ) ;
#2027 = AXIS2_PLACEMENT_3D ( 'NONE', #2135, #245, #414 ) ;
#2028 = CARTESIAN_POINT ( 'NONE',  ( 26.63272626616185335, -17.80816898942313031, -28.71224061622719859 ) ) ;
#2029 = ORIENTED_EDGE ( 'NONE', *, *, #932, .T. ) ;
#2030 = DIRECTION ( 'NONE',  ( 1.000000000000000000, 0.000000000000000000, 0.000000000000000000 ) ) ;
#2031 = B_SPLINE_CURVE_WITH_KNOTS ( 'NONE', 3,
 ( #584, #1291, #2163, #943, #68, #767, #999, #1361, #489, #1526, #2056, #2066 ),
 .UNSPECIFIED., .F., .F.,
 ( 4, 2, 2, 2, 2, 4 ),
 ( 2.491940430943861767E-07, 0.001541470410061463164, 0.002312081018070646660, 0.003082691626079830591, 0.004623912842098189778, 0.006165134058116549833 ),
 .UNSPECIFIED. ) ;
#2032 = CARTESIAN_POINT ( 'NONE',  ( 29.41901241018806346, 28.57765244514057557, 21.39353089541780406 ) ) ;
#2033 = ORIENTED_EDGE ( 'NONE', *, *, #643, .T. ) ;
#2034 = AXIS2_PLACEMENT_3D ( 'NONE', #1889, #1014, #140 ) ;
#2035 = EDGE_CURVE ( 'NONE', #173, #585, #871, .T. ) ;
#2036 = ADVANCED_FACE ( 'NONE', ( #1917 ), #2102, .F. ) ;
#2037 = EDGE_LOOP ( 'NONE', ( #1245, #668, #488, #2094, #1044, #1061, #1906, #2240, #219, #2160 ) ) ;
#2038 = DIRECTION ( 'NONE',  ( 1.000000000000000000, 0.000000000000000000, 0.000000000000000000 ) ) ;
#2039 = ADVANCED_FACE ( 'NONE', ( #830 ), #1034, .T. ) ;
#2040 = AXIS2_PLACEMENT_3D ( 'NONE', #2024, #114, #1804 ) ;
#2041 = CARTESIAN_POINT ( 'NONE',  ( 41.39999999999999858, -15.72729735332727152, -27.30374436077409328 ) ) ;
#2042 = CYLINDRICAL_SURFACE ( 'NONE', #1348, 2.249999999999995115 ) ;
#2043 = FACE_OUTER_BOUND ( 'NONE', #1252, .T. ) ;
#2044 = EDGE_CURVE ( 'NONE', #1937, #543, #1734, .T. ) ;
#2045 = EDGE_LOOP ( 'NONE', ( #223, #1733, #1701, #1950 ) ) ;
#2046 = AXIS2_PLACEMENT_3D ( 'NONE', #775, #286, #1667 ) ;
#2047 = CARTESIAN_POINT ( 'NONE',  ( 9.199999999999999289, 23.00000000000000000, 1.224646799147354440E-16 ) ) ;
#2048 = CARTESIAN_POINT ( 'NONE',  ( 29.48051317485347056, 29.05419998990288377, 20.81659637554086117 ) ) ;
#2049 = B_SPLINE_CURVE_WITH_KNOTS ( 'NONE', 3,
 ( #821, #2016, #796, #1666 ),
 .UNSPECIFIED., .F., .F.,
 ( 4, 4 ),
 ( 2.491940430853663875E-07, 0.001488398759253767648 ),
 .UNSPECIFIED. ) ;
#2050 = ORIENTED_EDGE ( 'NONE', *, *, #2246, .T. ) ;
#2051 = ORIENTED_EDGE ( 'NONE', *, *, #1068, .T. ) ;
#2052 = CARTESIAN_POINT ( 'NONE',  ( 28.24899868476146025, 27.10206931156055887, -21.94080595179809379 ) ) ;
#2053 = ORIENTED_EDGE ( 'NONE', *, *, #1824, .F. ) ;
#2054 = CARTESIAN_POINT ( 'NONE',  ( 27.49616766069157237, 0.000000000000000000, 0.000000000000000000 ) ) ;
#2055 = EDGE_CURVE ( 'NONE', #1088, #954, #428, .T. ) ;
#2056 = CARTESIAN_POINT ( 'NONE',  ( 22.23730703578893397, 25.07763979422007239, 20.67273524116601635 ) ) ;
#2057 = CARTESIAN_POINT ( 'NONE',  ( 21.71947908554916395, 0.000000000000000000, 0.000000000000000000 ) ) ;
#2058 = ORIENTED_EDGE ( 'NONE', *, *, #1953, .F. ) ;
#2059 = DIRECTION ( 'NONE',  ( 0.000000000000000000, 0.000000000000000000, -1.000000000000000000 ) ) ;
#2060 = DIRECTION ( 'NONE',  ( 1.000000000000000000, 0.000000000000000000, 0.000000000000000000 ) ) ;
#2061 = ORIENTED_EDGE ( 'NONE', *, *, #1387, .T. ) ;
#2062 = DIRECTION ( 'NONE',  ( 0.000000000000000000, 0.000000000000000000, -1.000000000000000000 ) ) ;
#2063 = CARTESIAN_POINT ( 'NONE',  ( 27.49616766069157237, -14.22384794617517301, 31.25270370321164748 ) ) ;
#2064 = ORIENTED_EDGE ( 'NONE', *, *, #643, .F. ) ;
#2065 = EDGE_CURVE ( 'NONE', #554, #21, #1415, .T. ) ;
#2066 = CARTESIAN_POINT ( 'NONE',  ( 21.71947908554916395, 25.07763979422009371, 20.67273524116604833 ) ) ;
#2067 = CARTESIAN_POINT ( 'NONE',  ( 41.39999999999999858, -15.72729735332727152, 31.82874436077408475 ) ) ;
#2068 = VERTEX_POINT ( 'NONE', #712 ) ;
#2069 = CARTESIAN_POINT ( 'NONE',  ( 41.39999999999999858, -15.72729735332727152, -31.82874436077408475 ) ) ;
#2070 = ADVANCED_FACE ( 'NONE', ( #1465 ), #912, .F. ) ;
#2071 = CARTESIAN_POINT ( 'NONE',  ( 36.60000000000000142, 0.000000000000000000, -28.70000000000000995 ) ) ;
#2072 = ORIENTED_EDGE ( 'NONE', *, *, #989, .F. ) ;
#2073 = DIRECTION ( 'NONE',  ( 1.000000000000000000, 0.000000000000000000, 0.000000000000000000 ) ) ;
#2074 = CARTESIAN_POINT ( 'NONE',  ( 22.75466333958405230, 27.45510081014491632, -17.46704144446130158 ) ) ;
#2075 = AXIS2_PLACEMENT_3D ( 'NONE', #805, #1524, #1860 ) ;
#2076 = CYLINDRICAL_SURFACE ( 'NONE', #1406, 14.99999999999999822 ) ;
#2077 = ORIENTED_EDGE ( 'NONE', *, *, #2115, .F. ) ;
#2078 = CARTESIAN_POINT ( 'NONE',  ( 36.60000000000000142, 0.000000000000000000, 0.000000000000000000 ) ) ;
#2079 = CARTESIAN_POINT ( 'NONE',  ( 26.23089214755635012, -33.49999999999999289, -2.249999999999995115 ) ) ;
#2080 = VECTOR ( 'NONE', #174, 1000.000000000000000 ) ;
#2081 = MECHANICAL_DESIGN_GEOMETRIC_PRESENTATION_REPRESENTATION (  '', ( #1681 ), #1310 ) ;
#2082 = AXIS2_PLACEMENT_3D ( 'NONE', #689, #172, #1386 ) ;
#2083 = AXIS2_PLACEMENT_3D ( 'NONE', #434, #1503, #594 ) ;
#2084 = EDGE_CURVE ( 'NONE', #413, #707, #2159, .T. ) ;
#2085 = VECTOR ( 'NONE', #409, 1000.000000000000000 ) ;
#2086 = ORIENTED_EDGE ( 'NONE', *, *, #2013, .F. ) ;
#2087 = CARTESIAN_POINT ( 'NONE',  ( 7.199999999999998401, 20.95328136593406754, -1.399999999999999467 ) ) ;
#2088 = AXIS2_PLACEMENT_3D ( 'NONE', #52, #1829, #66 ) ;
#2089 = LINE ( 'NONE', #1554, #2154 ) ;
#2090 = ORIENTED_EDGE ( 'NONE', *, *, #842, .T. ) ;
#2091 = CYLINDRICAL_SURFACE ( 'NONE', #1118, 26.00000000000000355 ) ;
#2092 = FACE_OUTER_BOUND ( 'NONE', #1654, .T. ) ;
#2093 = DIRECTION ( 'NONE',  ( 0.000000000000000000, 1.000000000000000000, 0.000000000000000000 ) ) ;
#2094 = ORIENTED_EDGE ( 'NONE', *, *, #81, .F. ) ;
#2095 = DIRECTION ( 'NONE',  ( 0.000000000000000000, 1.000000000000000000, 0.000000000000000000 ) ) ;
#2096 = CARTESIAN_POINT ( 'NONE',  ( 12.00000000000000000, -15.72729735332727152, 29.57874436077409186 ) ) ;
#2097 = DIRECTION ( 'NONE',  ( 1.000000000000000000, 0.000000000000000000, 0.000000000000000000 ) ) ;
#2098 = CARTESIAN_POINT ( 'NONE',  ( 36.60000000000000142, 3.514736313552904747E-15, 28.70000000000000995 ) ) ;
#2099 = CARTESIAN_POINT ( 'NONE',  ( 25.23887344578466241, -13.57131593242860568, -30.22962244534794607 ) ) ;
#2100 = AXIS2_PLACEMENT_3D ( 'NONE', #1506, #263, #617 ) ;
#2101 = ORIENTED_EDGE ( 'NONE', *, *, #2203, .T. ) ;
#2102 = CYLINDRICAL_SURFACE ( 'NONE', #1133, 2.249999999999995115 ) ;
#2103 = EDGE_CURVE ( 'NONE', #1008, #881, #49, .T. ) ;
#2104 = EDGE_CURVE ( 'NONE', #1858, #69, #1239, .T. ) ;
#2105 = CARTESIAN_POINT ( 'NONE',  ( 22.23730703578893397, 27.41035643598279847, -17.46202622986156427 ) ) ;
#2106 = CARTESIAN_POINT ( 'NONE',  ( 7.199999999999998401, 23.00000000000000000, 1.400000000000000355 ) ) ;
#2107 = DIRECTION ( 'NONE',  ( 1.000000000000000000, 0.000000000000000000, 0.000000000000000000 ) ) ;
#2108 = CARTESIAN_POINT ( 'NONE',  ( 27.29012163258692425, 28.88016035671238768, 18.30292502718535985 ) ) ;
#2109 = ORIENTED_EDGE ( 'NONE', *, *, #1005, .F. ) ;
#2110 = CARTESIAN_POINT ( 'NONE',  ( 41.39999999999999858, -15.72729735332727152, 29.57874436077409186 ) ) ;
#2111 = VECTOR ( 'NONE', #588, 1000.000000000000000 ) ;
#2112 = VERTEX_POINT ( 'NONE', #369 ) ;
#2113 = CARTESIAN_POINT ( 'NONE',  ( 25.95219946391026866, -17.64728539853031464, 28.39998608348642506 ) ) ;
#2114 = CARTESIAN_POINT ( 'NONE',  ( 9.199999999999999289, 23.00000000000000000, -1.399999999999999911 ) ) ;
#2115 = EDGE_CURVE ( 'NONE', #1858, #65, #26, .T. ) ;
#2116 = AXIS2_PLACEMENT_3D ( 'NONE', #1119, #2153, #1992 ) ;
#2117 = ORIENTED_EDGE ( 'NONE', *, *, #1909, .F. ) ;
#2118 = FACE_BOUND ( 'NONE', #662, .T. ) ;
#2119 = EDGE_LOOP ( 'NONE', ( #2101, #404 ) ) ;
#2120 = FACE_OUTER_BOUND ( 'NONE', #1690, .T. ) ;
#2121 = CARTESIAN_POINT ( 'NONE',  ( 29.15727631125649566, -35.49762845848952963, 1.068841616973221109 ) ) ;
#2122 = CARTESIAN_POINT ( 'NONE',  ( 26.40733047702258673, 28.49632013605594238, 17.92114702946479454 ) ) ;
#2123 = PRODUCT_DEFINITION_FORMATION_WITH_SPECIFIED_SOURCE ( 'ANY', '', #203, .NOT_KNOWN. ) ;
#2124 = ORIENTED_EDGE ( 'NONE', *, *, #53, .F. ) ;
#2125 = CARTESIAN_POINT ( 'NONE',  ( 29.14245096956193848, -15.72729735332727152, 31.82874436077409186 ) ) ;
#2126 = DIRECTION ( 'NONE',  ( 1.000000000000000000, 0.000000000000000000, 0.000000000000000000 ) ) ;
#2127 = DIRECTION ( 'NONE',  ( 1.000000000000000000, 0.000000000000000000, 0.000000000000000000 ) ) ;
#2128 = ORIENTED_EDGE ( 'NONE', *, *, #1036, .T. ) ;
#2129 = LINE ( 'NONE', #564, #578 ) ;
#2130 = ORIENTED_EDGE ( 'NONE', *, *, #2148, .F. ) ;
#2131 = CARTESIAN_POINT ( 'NONE',  ( 41.39999999999999858, 27.10206931156056598, -19.69080595179809023 ) ) ;
#2132 = ADVANCED_FACE ( 'NONE', ( #418 ), #1125, .F. ) ;
#2133 = DIRECTION ( 'NONE',  ( 1.000000000000000000, 0.000000000000000000, 0.000000000000000000 ) ) ;
#2134 = EDGE_LOOP ( 'NONE', ( #1305, #751 ) ) ;
#2135 = CARTESIAN_POINT ( 'NONE',  ( -54.53910524340094668, 0.000000000000000000, 0.000000000000000000 ) ) ;
#2136 = DIRECTION ( 'NONE',  ( 0.7071067811865474617, 0.000000000000000000, -0.7071067811865474617 ) ) ;
#2137 = CARTESIAN_POINT ( 'NONE',  ( 41.39999999999999858, 27.10206931156085375, 19.69080595179769944 ) ) ;
#2138 = EDGE_CURVE ( 'NONE', #1859, #554, #2009, .T. ) ;
#2139 = ORIENTED_EDGE ( 'NONE', *, *, #591, .T. ) ;
#2140 = DIRECTION ( 'NONE',  ( 0.000000000000000000, 0.000000000000000000, -1.000000000000000000 ) ) ;
#2141 = DIRECTION ( 'NONE',  ( 0.000000000000000000, 1.000000000000000000, 0.000000000000000000 ) ) ;
#2142 = CARTESIAN_POINT ( 'NONE',  ( 56.00000000000000000, 0.000000000000000000, -37.10000000000000142 ) ) ;
#2143 = DIRECTION ( 'NONE',  ( 1.000000000000000000, 0.000000000000000000, 0.000000000000000000 ) ) ;
#2144 = ORIENTED_EDGE ( 'NONE', *, *, #408, .T. ) ;
#2145 = AXIS2_PLACEMENT_3D ( 'NONE', #396, #766, #915 ) ;
#2146 = CARTESIAN_POINT ( 'NONE',  ( 28.24655131453294743, -17.96008610744663514, -29.88718352746455409 ) ) ;
#2147 = CARTESIAN_POINT ( 'NONE',  ( 56.00000000000000000, 0.000000000000000000, 0.000000000000000000 ) ) ;
#2148 = EDGE_CURVE ( 'NONE', #707, #1551, #533, .T. ) ;
#2149 = ORIENTED_EDGE ( 'NONE', *, *, #511, .T. ) ;
#2150 = VECTOR ( 'NONE', #1238, 1000.000000000000000 ) ;
#2151 = DIRECTION ( 'NONE',  ( 0.7071067811865721087, 8.659560562354634570E-17, 0.7071067811865230368 ) ) ;
#2152 = CARTESIAN_POINT ( 'NONE',  ( 23.27857274923200137, -32.52801636616202785, 2.037935211828417525 ) ) ;
#2153 = DIRECTION ( 'NONE',  ( 1.000000000000000000, -2.645508165367081712E-33, -0.000000000000000000 ) ) ;
#2154 = VECTOR ( 'NONE', #2252, 1000.000000000000000 ) ;
#2155 = CARTESIAN_POINT ( 'NONE',  ( 18.20000000000000284, 20.99999999999999645, 0.000000000000000000 ) ) ;
#2156 = VERTEX_POINT ( 'NONE', #1629 ) ;
#2157 = DIRECTION ( 'NONE',  ( 1.000000000000000000, 0.000000000000000000, 0.000000000000000000 ) ) ;
#2158 = CARTESIAN_POINT ( 'NONE',  ( 27.49616766069157237, -17.95579078234429460, 29.26839449879905075 ) ) ;
#2159 = LINE ( 'NONE', #1272, #1531 ) ;
#2160 = ORIENTED_EDGE ( 'NONE', *, *, #1982, .F. ) ;
#2161 = VERTEX_POINT ( 'NONE', #1413 ) ;
#2162 = DIRECTION ( 'NONE',  ( 0.000000000000000000, 0.000000000000000000, -1.000000000000000000 ) ) ;
#2163 = CARTESIAN_POINT ( 'NONE',  ( 26.64532544945832626, 25.94555307699103253, 21.63458342855877703 ) ) ;
#2164 = ORIENTED_EDGE ( 'NONE', *, *, #1978, .F. ) ;
#2165 = DIRECTION ( 'NONE',  ( 1.000000000000000000, 0.000000000000000000, 0.000000000000000000 ) ) ;
#2166 = DIRECTION ( 'NONE',  ( 0.000000000000000000, 0.000000000000000000, -1.000000000000000000 ) ) ;
#2167 = CARTESIAN_POINT ( 'NONE',  ( 28.94305857800233284, 27.81678763335996152, 21.83268321280753099 ) ) ;
#2168 = EDGE_LOOP ( 'NONE', ( #1495, #88, #446, #1346, #189, #124, #1262 ) ) ;
#2169 = ORIENTED_EDGE ( 'NONE', *, *, #1490, .F. ) ;
#2170 = CARTESIAN_POINT ( 'NONE',  ( 36.60000000000000142, 0.000000000000000000, 0.000000000000000000 ) ) ;
#2171 = ADVANCED_FACE ( 'NONE', ( #225 ), #40, .T. ) ;
#2172 = CARTESIAN_POINT ( 'NONE',  ( 25.23992172415931634, -17.46899846277656465, -28.14540680757101043 ) ) ;
#2173 = ORIENTED_EDGE ( 'NONE', *, *, #1543, .F. ) ;
#2174 = CARTESIAN_POINT ( 'NONE',  ( 26.63272626616186045, -13.84532454039988103, 30.81932238598017548 ) ) ;
#2175 = DIRECTION ( 'NONE',  ( 0.000000000000000000, 0.000000000000000000, -1.000000000000000000 ) ) ;
#2176 = B_SPLINE_CURVE_WITH_KNOTS ( 'NONE', 3,
 ( #984, #2026, #971, #782, #259, #1677 ),
 .UNSPECIFIED., .F., .F.,
 ( 4, 2, 4 ),
 ( 0.004662591460733107700, 0.005400067231968428555, 0.006137543003203749410 ),
 .UNSPECIFIED. ) ;
#2177 = ORIENTED_EDGE ( 'NONE', *, *, #2229, .F. ) ;
#2178 = CARTESIAN_POINT ( 'NONE',  ( 0.000000000000000000, 30.00000000000000000, -0.5999999999999999778 ) ) ;
#2179 = EDGE_CURVE ( 'NONE', #1009, #552, #1830, .T. ) ;
#2180 = AXIS2_PLACEMENT_3D ( 'NONE', #357, #509, #2095 ) ;
#2181 = CIRCLE ( 'NONE', #1492, 32.49999999999999289 ) ;
#2182 = AXIS2_PLACEMENT_3D ( 'NONE', #721, #2143, #1424 ) ;
#2183 = DIRECTION ( 'NONE',  ( 0.000000000000000000, 0.000000000000000000, -1.000000000000000000 ) ) ;
#2184 = AXIS2_PLACEMENT_3D ( 'NONE', #456, #624, #1329 ) ;
#2185 = CIRCLE ( 'NONE', #1026, 34.33728788295096024 ) ;
#2186 = CARTESIAN_POINT ( 'NONE',  ( 12.00000000000000000, -33.50000000000000000, 0.000000000000000000 ) ) ;
#2187 = ORIENTED_EDGE ( 'NONE', *, *, #545, .F. ) ;
#2188 = VERTEX_POINT ( 'NONE', #562 ) ;
#2189 = DIRECTION ( 'NONE',  ( 0.000000000000000000, 0.000000000000000000, -1.000000000000000000 ) ) ;
#2190 = DIRECTION ( 'NONE',  ( 1.000000000000000000, 0.000000000000000000, 0.000000000000000000 ) ) ;
#2191 = VERTEX_POINT ( 'NONE', #540 ) ;
#2192 = CARTESIAN_POINT ( 'NONE',  ( 12.00000000000000000, -15.72729735332727152, 27.32874436077409541 ) ) ;
#2193 = FACE_OUTER_BOUND ( 'NONE', #1152, .T. ) ;
#2194 = DIRECTION ( 'NONE',  ( 1.000000000000000000, 0.000000000000000000, 0.000000000000000000 ) ) ;
#2195 = FACE_OUTER_BOUND ( 'NONE', #717, .T. ) ;
#2196 = ORIENTED_EDGE ( 'NONE', *, *, #1568, .T. ) ;
#2197 = DIRECTION ( 'NONE',  ( 1.000000000000000000, 0.000000000000000000, 0.000000000000000000 ) ) ;
#2198 = EDGE_CURVE ( 'NONE', #1967, #1461, #1452, .T. ) ;
#2199 = CARTESIAN_POINT ( 'NONE',  ( 12.00000000000000000, -15.72729735332727152, 29.57874436077409186 ) ) ;
#2200 = CARTESIAN_POINT ( 'NONE',  ( 28.27033953680263778, 29.25220928383034646, 19.00768229188721392 ) ) ;
#2201 = ORIENTED_EDGE ( 'NONE', *, *, #1561, .F. ) ;
#2202 = CIRCLE ( 'NONE', #1998, 26.00000000000000355 ) ;
#2203 = EDGE_CURVE ( 'NONE', #370, #1370, #608, .T. ) ;
#2204 = ORIENTED_EDGE ( 'NONE', *, *, #337, .F. ) ;
#2205 = ORIENTED_EDGE ( 'NONE', *, *, #155, .T. ) ;
#2206 = CARTESIAN_POINT ( 'NONE',  ( 25.23992172415932345, 25.44028295654772620, -21.21607491377569588 ) ) ;
#2207 = CIRCLE ( 'NONE', #1606, 14.99999999999999822 ) ;
#2208 = EDGE_CURVE ( 'NONE', #1114, #491, #1477, .T. ) ;
#2209 = CARTESIAN_POINT ( 'NONE',  ( 28.94345380462135964, 27.81724781274702352, -21.83255131483993949 ) ) ;
#2210 = DIRECTION ( 'NONE',  ( 0.000000000000000000, 0.000000000000000000, -1.000000000000000000 ) ) ;
#2211 = DIRECTION ( 'NONE',  ( 1.000000000000000000, 0.000000000000000000, 0.000000000000000000 ) ) ;
#2212 = DIRECTION ( 'NONE',  ( -1.000000000000000000, -0.000000000000000000, -0.000000000000000000 ) ) ;
#2213 = DIRECTION ( 'NONE',  ( -1.000000000000000000, -0.000000000000000000, -0.000000000000000000 ) ) ;
#2214 = DIRECTION ( 'NONE',  ( 0.000000000000000000, 0.000000000000000000, -1.000000000000000000 ) ) ;
#2215 = AXIS2_PLACEMENT_3D ( 'NONE', #2057, #129, #1196 ) ;
#2216 = VERTEX_POINT ( 'NONE', #1249 ) ;
#2217 = VERTEX_POINT ( 'NONE', #1949 ) ;
#2218 = FACE_OUTER_BOUND ( 'NONE', #1882, .T. ) ;
#2219 = EDGE_CURVE ( 'NONE', #413, #536, #1022, .T. ) ;
#2220 = AXIS2_PLACEMENT_3D ( 'NONE', #250, #1989, #926 ) ;
#2221 = CARTESIAN_POINT ( 'NONE',  ( 29.38589888059043176, 29.21485976776986959, -20.47402830762693426 ) ) ;
#2222 = AXIS2_PLACEMENT_3D ( 'NONE', #1618, #379, #236 ) ;
#2223 = CARTESIAN_POINT ( 'NONE',  ( 41.39999999999999858, 27.10206931156085375, 19.69080595179769944 ) ) ;
#2224 = DIRECTION ( 'NONE',  ( -5.605588677367239158E-49, -2.118908098924512695E-16, -1.000000000000000000 ) ) ;
#2225 = ORIENTED_EDGE ( 'NONE', *, *, #1055, .F. ) ;
#2226 = CONICAL_SURFACE ( 'NONE', #2083, 2.274999999999999467, 0.7853981633974136400 ) ;
#2227 = CYLINDRICAL_SURFACE ( 'NONE', #1901, 32.49999999999999289 ) ;
#2228 = DIRECTION ( 'NONE',  ( 0.000000000000000000, 0.000000000000000000, -1.000000000000000000 ) ) ;
#2229 = EDGE_CURVE ( 'NONE', #975, #681, #1521, .T. ) ;
#2230 = ORIENTED_EDGE ( 'NONE', *, *, #33, .T. ) ;
#2231 = LINE ( 'NONE', #347, #788 ) ;
#2232 = CIRCLE ( 'NONE', #1177, 2.249999999999995115 ) ;
#2233 = CARTESIAN_POINT ( 'NONE',  ( 29.49123501931494573, 29.06959581087501832, -20.80911832165388020 ) ) ;
#2234 = ORIENTED_EDGE ( 'NONE', *, *, #1487, .T. ) ;
#2235 = EDGE_CURVE ( 'NONE', #962, #1353, #210, .T. ) ;
#2236 = PLANE ( 'NONE',  #1638 ) ;
#2237 = DIRECTION ( 'NONE',  ( 0.000000000000000000, 0.000000000000000000, -1.000000000000000000 ) ) ;
#2238 = DIRECTION ( 'NONE',  ( 0.000000000000000000, 0.000000000000000000, -1.000000000000000000 ) ) ;
#2239 = DIRECTION ( 'NONE',  ( 0.000000000000000000, 0.000000000000000000, -1.000000000000000000 ) ) ;
#2240 = ORIENTED_EDGE ( 'NONE', *, *, #1403, .T. ) ;
#2241 = CARTESIAN_POINT ( 'NONE',  ( 27.49616766069157592, 26.48459341212318918, 21.85441948328007200 ) ) ;
#2242 = CARTESIAN_POINT ( 'NONE',  ( 25.95219946391026511, 28.31100951775294305, -17.78967766894911051 ) ) ;
#2243 = ORIENTED_EDGE ( 'NONE', *, *, #1068, .F. ) ;
#2244 = DIRECTION ( 'NONE',  ( 1.000000000000000000, 0.000000000000000000, 0.000000000000000000 ) ) ;
#2245 = ORIENTED_EDGE ( 'NONE', *, *, #511, .F. ) ;
#2246 = EDGE_CURVE ( 'NONE', #59, #529, #255, .T. ) ;
#2247 = DIRECTION ( 'NONE',  ( 1.000000000000000000, 0.000000000000000000, 0.000000000000000000 ) ) ;
#2248 = CARTESIAN_POINT ( 'NONE',  ( 25.88159457358058901, -33.32302969875003384, -2.249999999999995115 ) ) ;
#2249 = ORIENTED_EDGE ( 'NONE', *, *, #1057, .T. ) ;
#2250 = CARTESIAN_POINT ( 'NONE',  ( 41.37499999999999289, -15.72729735332727152, -31.82874436077409186 ) ) ;
#2251 = AXIS2_PLACEMENT_3D ( 'NONE', #635, #670, #1352 ) ;
#2252 = DIRECTION ( 'NONE',  ( 1.000000000000000000, -2.645508165367081712E-33, 0.000000000000000000 ) ) ;
#2253 = ORIENTED_EDGE ( 'NONE', *, *, #880, .T. ) ;
#2254 = VERTEX_POINT ( 'NONE', #1498 ) ;
#2255 = DIRECTION ( 'NONE',  ( 1.000000000000000000, 0.000000000000000000, 0.000000000000000000 ) ) ;
#2256 = CARTESIAN_POINT ( 'NONE',  ( 43.90033132979046115, 0.000000000000000000, 0.000000000000000000 ) ) ;
#2257 = CYLINDRICAL_SURFACE ( 'NONE', #269, 2.249999999999991562 ) ;
#2258 = AXIS2_PLACEMENT_3D ( 'NONE', #749, #1087, #1775 ) ;
#2259 = CIRCLE ( 'NONE', #1207, 2.274999999999999467 ) ;
#2260 = VERTEX_POINT ( 'NONE', #1697 ) ;
#2261 = CARTESIAN_POINT ( 'NONE',  ( 9.199999999999999289, 23.00000000000000000, 1.400000000000000355 ) ) ;
#2262 = AXIS2_PLACEMENT_3D ( 'NONE', #1402, #1193, #1894 ) ;
#2263 = CARTESIAN_POINT ( 'NONE',  ( 41.39999999999999858, 37.10000000000000142, 0.000000000000000000 ) ) ;
#2264 = CARTESIAN_POINT ( 'NONE',  ( 41.37499999999999289, 27.10206931156056598, -19.69080595179809023 ) ) ;
#2265 = CARTESIAN_POINT ( 'NONE',  ( 41.39999999999999858, -33.50000000000000000, 0.000000000000000000 ) ) ;
#2266 = LINE ( 'NONE', #697, #1096 ) ;
#2267 = EDGE_CURVE ( 'NONE', #2161, #2019, #2232, .T. ) ;
#2268 = ORIENTED_EDGE ( 'NONE', *, *, #2203, .F. ) ;
#2269 = CARTESIAN_POINT ( 'NONE',  ( -54.53910524340094668, 3.184081677783118585E-15, 26.00000000000000355 ) ) ;
#2270 = EDGE_CURVE ( 'NONE', #589, #419, #953, .T. ) ;
ENDSEC;
END-ISO-10303-21;
